chunk_index,document_name,content,chapter_title,section_title,subsection_title,subsubsection_title,header_path,source_markdown,source_document,source_type,source_pdf,embedding_model,vector_dimensions
0,Mạng máy tính và truyền thông dữ liệu,"Mạng máy tính và truyền thông dữ liệu > BỘ GIAO THÔNG VẬN TẢI TRƯỜNG ĐH GIAO THÔNG VẬN TẢI TP. HỒ CHÍ MINH
CỘNG HOÀ XÃ HỘI CHỦ NGHĨA VIỆT NAM
Độc lập - Tự do - Hạnh phúc",BỘ GIAO THÔNG VẬN TẢI TRƯỜNG ĐH GIAO THÔNG VẬN TẢI TP. HỒ CHÍ MINH,,,,Mạng máy tính và truyền thông dữ liệu > BỘ GIAO THÔNG VẬN TẢI TRƯỜNG ĐH GIAO THÔNG VẬN TẢI TP. HỒ CHÍ MINH,data/processed/Mạng máy tính và truyền thông dữ liệu.md,Mạng máy tính và truyền thông dữ liệu,markdown,data/processed/Mạng máy tính và truyền thông dữ liệu.md,sentence-transformers,1024
1,Mạng máy tính và truyền thông dữ liệu,"Mạng máy tính và truyền thông dữ liệu > I. GIỚI THIỆU CHƯƠNG TRÌNH > 1. Giới thiệu chung > Tên chương trình đào tạo (tiếng Việt):
Mạng máy tính và truyền thông dữ liệu",I. GIỚI THIỆU CHƯƠNG TRÌNH,1. Giới thiệu chung,Tên chương trình đào tạo (tiếng Việt):,,Mạng máy tính và truyền thông dữ liệu > I. GIỚI THIỆU CHƯƠNG TRÌNH > 1. Giới thiệu chung > Tên chương trình đào tạo (tiếng Việt):,data/processed/Mạng máy tính và truyền thông dữ liệu.md,Mạng máy tính và truyền thông dữ liệu,markdown,data/processed/Mạng máy tính và truyền thông dữ liệu.md,sentence-transformers,1024
2,Mạng máy tính và truyền thông dữ liệu,"Mạng máy tính và truyền thông dữ liệu > I. GIỚI THIỆU CHƯƠNG TRÌNH > 1. Giới thiệu chung > Tên chương trình đào tạo (tiếng Anh):
Computer networks and Data communication",I. GIỚI THIỆU CHƯƠNG TRÌNH,1. Giới thiệu chung,Tên chương trình đào tạo (tiếng Anh):,,Mạng máy tính và truyền thông dữ liệu > I. GIỚI THIỆU CHƯƠNG TRÌNH > 1. Giới thiệu chung > Tên chương trình đào tạo (tiếng Anh):,data/processed/Mạng máy tính và truyền thông dữ liệu.md,Mạng máy tính và truyền thông dữ liệu,markdown,data/processed/Mạng máy tính và truyền thông dữ liệu.md,sentence-transformers,1024
3,Mạng máy tính và truyền thông dữ liệu,"Mạng máy tính và truyền thông dữ liệu > I. GIỚI THIỆU CHƯƠNG TRÌNH > 1. Giới thiệu chung > Trình độ đào tạo:
Đại học chính quy",I. GIỚI THIỆU CHƯƠNG TRÌNH,1. Giới thiệu chung,Trình độ đào tạo:,,Mạng máy tính và truyền thông dữ liệu > I. GIỚI THIỆU CHƯƠNG TRÌNH > 1. Giới thiệu chung > Trình độ đào tạo:,data/processed/Mạng máy tính và truyền thông dữ liệu.md,Mạng máy tính và truyền thông dữ liệu,markdown,data/processed/Mạng máy tính và truyền thông dữ liệu.md,sentence-transformers,1024
4,Mạng máy tính và truyền thông dữ liệu,"Mạng máy tính và truyền thông dữ liệu > I. GIỚI THIỆU CHƯƠNG TRÌNH > 1. Giới thiệu chung > Mã ngành đào tạo:
7480102",I. GIỚI THIỆU CHƯƠNG TRÌNH,1. Giới thiệu chung,Mã ngành đào tạo:,,Mạng máy tính và truyền thông dữ liệu > I. GIỚI THIỆU CHƯƠNG TRÌNH > 1. Giới thiệu chung > Mã ngành đào tạo:,data/processed/Mạng máy tính và truyền thông dữ liệu.md,Mạng máy tính và truyền thông dữ liệu,markdown,data/processed/Mạng máy tính và truyền thông dữ liệu.md,sentence-transformers,1024
5,Mạng máy tính và truyền thông dữ liệu,"Mạng máy tính và truyền thông dữ liệu > I. GIỚI THIỆU CHƯƠNG TRÌNH > 1. Giới thiệu chung > Loại hình đào tạo:
Đại trà",I. GIỚI THIỆU CHƯƠNG TRÌNH,1. Giới thiệu chung,Loại hình đào tạo:,,Mạng máy tính và truyền thông dữ liệu > I. GIỚI THIỆU CHƯƠNG TRÌNH > 1. Giới thiệu chung > Loại hình đào tạo:,data/processed/Mạng máy tính và truyền thông dữ liệu.md,Mạng máy tính và truyền thông dữ liệu,markdown,data/processed/Mạng máy tính và truyền thông dữ liệu.md,sentence-transformers,1024
6,Mạng máy tính và truyền thông dữ liệu,"Mạng máy tính và truyền thông dữ liệu > I. GIỚI THIỆU CHƯƠNG TRÌNH > 1. Giới thiệu chung > Thời gian đào tạo:
4 năm",I. GIỚI THIỆU CHƯƠNG TRÌNH,1. Giới thiệu chung,Thời gian đào tạo:,,Mạng máy tính và truyền thông dữ liệu > I. GIỚI THIỆU CHƯƠNG TRÌNH > 1. Giới thiệu chung > Thời gian đào tạo:,data/processed/Mạng máy tính và truyền thông dữ liệu.md,Mạng máy tính và truyền thông dữ liệu,markdown,data/processed/Mạng máy tính và truyền thông dữ liệu.md,sentence-transformers,1024
7,Mạng máy tính và truyền thông dữ liệu,"Mạng máy tính và truyền thông dữ liệu > I. GIỚI THIỆU CHƯƠNG TRÌNH > 1. Giới thiệu chung > Tổng số tín chỉ:
120 tín chỉ (Không bao gồm: Giáo dục Quốc phòng và An ninh, Giáo dục thể chất, kỹ năng mềm, kiến thức bổ trợ khác)",I. GIỚI THIỆU CHƯƠNG TRÌNH,1. Giới thiệu chung,Tổng số tín chỉ:,,Mạng máy tính và truyền thông dữ liệu > I. GIỚI THIỆU CHƯƠNG TRÌNH > 1. Giới thiệu chung > Tổng số tín chỉ:,data/processed/Mạng máy tính và truyền thông dữ liệu.md,Mạng máy tính và truyền thông dữ liệu,markdown,data/processed/Mạng máy tính và truyền thông dữ liệu.md,sentence-transformers,1024
8,Mạng máy tính và truyền thông dữ liệu,"Mạng máy tính và truyền thông dữ liệu > I. GIỚI THIỆU CHƯƠNG TRÌNH > 2. Mục tiêu đào tạo > 2.1. Mục tiêu chung
Chương trình đào tạo ngành Mạng máy tính và truyền thông dữ liệu được xây dựng và triển khai nhằm mục tiêu đào tạo cử nhân ngành Mạng máy tính và truyền thông dữ liệu trình độ cao, phục vụ yêu cầu phát triển kinh tế - xã hội Việt Nam, sự nghiệp công nghiệp hóa – hiện đại hóa đất nước, bảo vệ Tổ quốc với bản lĩnh chính trị vững vàng trong bối cảnh cách mạng công nghiệp 4.0, đáp ứng nhu cầu nguồn nhân lực trong lĩnh vực hệ thống kết nối và truyền thông dữ liệu cho xã hội nói chung và cho ngành Giao thông vận tải nói riêng, và hội nhập quốc tế.

Đào tạo người học ở trình độ cử nhân, có kiến thức chuyên môn toàn diện cả về lý thuyết lẫn thực tiễn, áp dụng các hiểu biết về nguyên lý, quy luật tự nhiên – xã hội, pháp luật, các kỹ năng thực hành cơ bản để quản lý, điều hành chuyên môn, có khả năng làm việc độc lập hoặc trong môi trường hoạt động nhóm một cách tự chủ, sáng tạo, có tinh thần khởi nghiệp nhằm khẳng định bản thân.",I. GIỚI THIỆU CHƯƠNG TRÌNH,2. Mục tiêu đào tạo,2.1. Mục tiêu chung,,Mạng máy tính và truyền thông dữ liệu > I. GIỚI THIỆU CHƯƠNG TRÌNH > 2. Mục tiêu đào tạo > 2.1. Mục tiêu chung,data/processed/Mạng máy tính và truyền thông dữ liệu.md,Mạng máy tính và truyền thông dữ liệu,markdown,data/processed/Mạng máy tính và truyền thông dữ liệu.md,sentence-transformers,1024
9,Mạng máy tính và truyền thông dữ liệu,"Mạng máy tính và truyền thông dữ liệu > I. GIỚI THIỆU CHƯƠNG TRÌNH > 2. Mục tiêu đào tạo > 2.2. Mục tiêu cụ thể
Sinh viên sau khi tốt nghiệp có các khả năng:",I. GIỚI THIỆU CHƯƠNG TRÌNH,2. Mục tiêu đào tạo,2.2. Mục tiêu cụ thể,,Mạng máy tính và truyền thông dữ liệu > I. GIỚI THIỆU CHƯƠNG TRÌNH > 2. Mục tiêu đào tạo > 2.2. Mục tiêu cụ thể,data/processed/Mạng máy tính và truyền thông dữ liệu.md,Mạng máy tính và truyền thông dữ liệu,markdown,data/processed/Mạng máy tính và truyền thông dữ liệu.md,sentence-transformers,1024
10,Mạng máy tính và truyền thông dữ liệu,"Mạng máy tính và truyền thông dữ liệu > I. GIỚI THIỆU CHƯƠNG TRÌNH > 2. Mục tiêu đào tạo > 2.3. Định hướng nghề nghiệp của sinh viên tốt nghiệp
Sinh viên tốt nghiệp ngành MMT&TTDL có thể đạt các vị trí phù hợp, hoạt động trong nền công nghiệp tri thức đang phát triển mạnh mẽ, cả trong các cơ quan quản lý nhà nước lẫn các công ty đa quốc gia:

- Thiết kế và xây dựng, vận hành, kiểm tu, bảo dưỡng, lắp đặt, xử lý ứng cứu thông tin trong các hệ thống mạng truyền thông gồm mạng lõi, mạng vô tuyến.
- Chuyên viên điều hành khai thác/vận hành khai thác mạng viễn thông.
- Chuyên viên IT, quản trị và giám sát an ninh mạng.
- Tư vấn, giám sát thi công các dự án hệ thống mạng thông tin.
- Quản trị dự án hệ thống mạng thông tin.
- Cán bộ chuyên trách tại các cơ quan nhà nước.
- Cán bộ nghiên cứu, cán bộ giảng dạy về công nghệ thông tin tại các Viện, Trung tâm nghiên cứu và các Cơ sở đào tạo.",I. GIỚI THIỆU CHƯƠNG TRÌNH,2. Mục tiêu đào tạo,2.3. Định hướng nghề nghiệp của sinh viên tốt nghiệp,,Mạng máy tính và truyền thông dữ liệu > I. GIỚI THIỆU CHƯƠNG TRÌNH > 2. Mục tiêu đào tạo > 2.3. Định hướng nghề nghiệp của sinh viên tốt nghiệp,data/processed/Mạng máy tính và truyền thông dữ liệu.md,Mạng máy tính và truyền thông dữ liệu,markdown,data/processed/Mạng máy tính và truyền thông dữ liệu.md,sentence-transformers,1024
11,Mạng máy tính và truyền thông dữ liệu,"Mạng máy tính và truyền thông dữ liệu > II. CHUẨN ĐẦU RA CỦA CHƯƠNG TRÌNH
Chuẩn đầu ra theo Quyết định số 1982/QĐ-TTg, phê duyệt Khung trình độ quốc gia Việt Nam gồm:",II. CHUẨN ĐẦU RA CỦA CHƯƠNG TRÌNH,,,,Mạng máy tính và truyền thông dữ liệu > II. CHUẨN ĐẦU RA CỦA CHƯƠNG TRÌNH,data/processed/Mạng máy tính và truyền thông dữ liệu.md,Mạng máy tính và truyền thông dữ liệu,markdown,data/processed/Mạng máy tính và truyền thông dữ liệu.md,sentence-transformers,1024
12,Mạng máy tính và truyền thông dữ liệu,"Mạng máy tính và truyền thông dữ liệu > III. CHƯƠNG TRÌNH CHI TIẾT
Định hướng chương trình khung của trường như sau:",III. CHƯƠNG TRÌNH CHI TIẾT,,,,Mạng máy tính và truyền thông dữ liệu > III. CHƯƠNG TRÌNH CHI TIẾT,data/processed/Mạng máy tính và truyền thông dữ liệu.md,Mạng máy tính và truyền thông dữ liệu,markdown,data/processed/Mạng máy tính và truyền thông dữ liệu.md,sentence-transformers,1024
13,Mạng máy tính và truyền thông dữ liệu,"Mạng máy tính và truyền thông dữ liệu > III. CHƯƠNG TRÌNH CHI TIẾT > 1. Kiến thức khoa học cơ bản: 29 tín chỉ
- Bắt buộc: 29 tín chỉ
- Tự chọn: 0 tín chỉ",III. CHƯƠNG TRÌNH CHI TIẾT,1. Kiến thức khoa học cơ bản: 29 tín chỉ,,,Mạng máy tính và truyền thông dữ liệu > III. CHƯƠNG TRÌNH CHI TIẾT > 1. Kiến thức khoa học cơ bản: 29 tín chỉ,data/processed/Mạng máy tính và truyền thông dữ liệu.md,Mạng máy tính và truyền thông dữ liệu,markdown,data/processed/Mạng máy tính và truyền thông dữ liệu.md,sentence-transformers,1024
14,Mạng máy tính và truyền thông dữ liệu,"Mạng máy tính và truyền thông dữ liệu > III. CHƯƠNG TRÌNH CHI TIẾT > 1. Kiến thức khoa học cơ bản: 29 tín chỉ > Toán và khoa học tự nhiên – 14 tín chỉ > Đại số
- Mã học phần: 001201
- Số tín chỉ: 2
- Ghi chú: Học phần bắt buộc",III. CHƯƠNG TRÌNH CHI TIẾT,1. Kiến thức khoa học cơ bản: 29 tín chỉ,Toán và khoa học tự nhiên – 14 tín chỉ,Đại số,Mạng máy tính và truyền thông dữ liệu > III. CHƯƠNG TRÌNH CHI TIẾT > 1. Kiến thức khoa học cơ bản: 29 tín chỉ > Toán và khoa học tự nhiên – 14 tín chỉ > Đại số,data/processed/Mạng máy tính và truyền thông dữ liệu.md,Mạng máy tính và truyền thông dữ liệu,markdown,data/processed/Mạng máy tính và truyền thông dữ liệu.md,sentence-transformers,1024
15,Mạng máy tính và truyền thông dữ liệu,"Mạng máy tính và truyền thông dữ liệu > III. CHƯƠNG TRÌNH CHI TIẾT > 1. Kiến thức khoa học cơ bản: 29 tín chỉ > Toán và khoa học tự nhiên – 14 tín chỉ > Giải tích 1
- Mã học phần: 001202
- Số tín chỉ: 3
- Ghi chú: Học phần bắt buộc",III. CHƯƠNG TRÌNH CHI TIẾT,1. Kiến thức khoa học cơ bản: 29 tín chỉ,Toán và khoa học tự nhiên – 14 tín chỉ,Giải tích 1,Mạng máy tính và truyền thông dữ liệu > III. CHƯƠNG TRÌNH CHI TIẾT > 1. Kiến thức khoa học cơ bản: 29 tín chỉ > Toán và khoa học tự nhiên – 14 tín chỉ > Giải tích 1,data/processed/Mạng máy tính và truyền thông dữ liệu.md,Mạng máy tính và truyền thông dữ liệu,markdown,data/processed/Mạng máy tính và truyền thông dữ liệu.md,sentence-transformers,1024
16,Mạng máy tính và truyền thông dữ liệu,"Mạng máy tính và truyền thông dữ liệu > III. CHƯƠNG TRÌNH CHI TIẾT > 1. Kiến thức khoa học cơ bản: 29 tín chỉ > Toán và khoa học tự nhiên – 14 tín chỉ > Giải tích 2
- Mã học phần: 001203
- Số tín chỉ: 3
- Ghi chú: Học phần bắt buộc",III. CHƯƠNG TRÌNH CHI TIẾT,1. Kiến thức khoa học cơ bản: 29 tín chỉ,Toán và khoa học tự nhiên – 14 tín chỉ,Giải tích 2,Mạng máy tính và truyền thông dữ liệu > III. CHƯƠNG TRÌNH CHI TIẾT > 1. Kiến thức khoa học cơ bản: 29 tín chỉ > Toán và khoa học tự nhiên – 14 tín chỉ > Giải tích 2,data/processed/Mạng máy tính và truyền thông dữ liệu.md,Mạng máy tính và truyền thông dữ liệu,markdown,data/processed/Mạng máy tính và truyền thông dữ liệu.md,sentence-transformers,1024
17,Mạng máy tính và truyền thông dữ liệu,"Mạng máy tính và truyền thông dữ liệu > III. CHƯƠNG TRÌNH CHI TIẾT > 1. Kiến thức khoa học cơ bản: 29 tín chỉ > Toán và khoa học tự nhiên – 14 tín chỉ > Toán chuyên đề 1
- Mã học phần: 001205
- Số tín chỉ: 3
- Ghi chú: Học phần bắt buộc",III. CHƯƠNG TRÌNH CHI TIẾT,1. Kiến thức khoa học cơ bản: 29 tín chỉ,Toán và khoa học tự nhiên – 14 tín chỉ,Toán chuyên đề 1,Mạng máy tính và truyền thông dữ liệu > III. CHƯƠNG TRÌNH CHI TIẾT > 1. Kiến thức khoa học cơ bản: 29 tín chỉ > Toán và khoa học tự nhiên – 14 tín chỉ > Toán chuyên đề 1,data/processed/Mạng máy tính và truyền thông dữ liệu.md,Mạng máy tính và truyền thông dữ liệu,markdown,data/processed/Mạng máy tính và truyền thông dữ liệu.md,sentence-transformers,1024
18,Mạng máy tính và truyền thông dữ liệu,"Mạng máy tính và truyền thông dữ liệu > III. CHƯƠNG TRÌNH CHI TIẾT > 1. Kiến thức khoa học cơ bản: 29 tín chỉ > Toán và khoa học tự nhiên – 14 tín chỉ > Nhập môn ngành mạng máy tính và truyền thông dữ liệu
- Mã học phần: 125015
- Số tín chỉ: 3
- Ghi chú: Học phần bắt buộc",III. CHƯƠNG TRÌNH CHI TIẾT,1. Kiến thức khoa học cơ bản: 29 tín chỉ,Toán và khoa học tự nhiên – 14 tín chỉ,Nhập môn ngành mạng máy tính và truyền thông dữ liệu,Mạng máy tính và truyền thông dữ liệu > III. CHƯƠNG TRÌNH CHI TIẾT > 1. Kiến thức khoa học cơ bản: 29 tín chỉ > Toán và khoa học tự nhiên – 14 tín chỉ > Nhập môn ngành mạng máy tính và truyền thông dữ liệu,data/processed/Mạng máy tính và truyền thông dữ liệu.md,Mạng máy tính và truyền thông dữ liệu,markdown,data/processed/Mạng máy tính và truyền thông dữ liệu.md,sentence-transformers,1024
19,Mạng máy tính và truyền thông dữ liệu,"Mạng máy tính và truyền thông dữ liệu > III. CHƯƠNG TRÌNH CHI TIẾT > 1. Kiến thức khoa học cơ bản: 29 tín chỉ > Pháp luật và khoa học xã hội – 13 tín chỉ > Pháp luật đại cương
- Mã học phần: 005004
- Số tín chỉ: 2
- Ghi chú: Học phần bắt buộc",III. CHƯƠNG TRÌNH CHI TIẾT,1. Kiến thức khoa học cơ bản: 29 tín chỉ,Pháp luật và khoa học xã hội – 13 tín chỉ,Pháp luật đại cương,Mạng máy tính và truyền thông dữ liệu > III. CHƯƠNG TRÌNH CHI TIẾT > 1. Kiến thức khoa học cơ bản: 29 tín chỉ > Pháp luật và khoa học xã hội – 13 tín chỉ > Pháp luật đại cương,data/processed/Mạng máy tính và truyền thông dữ liệu.md,Mạng máy tính và truyền thông dữ liệu,markdown,data/processed/Mạng máy tính và truyền thông dữ liệu.md,sentence-transformers,1024
20,Mạng máy tính và truyền thông dữ liệu,"Mạng máy tính và truyền thông dữ liệu > III. CHƯƠNG TRÌNH CHI TIẾT > 1. Kiến thức khoa học cơ bản: 29 tín chỉ > Pháp luật và khoa học xã hội – 13 tín chỉ > Tư tưởng Hồ Chí Minh
- Mã học phần: 005102
- Số tín chỉ: 2
- Ghi chú: Học phần bắt buộc",III. CHƯƠNG TRÌNH CHI TIẾT,1. Kiến thức khoa học cơ bản: 29 tín chỉ,Pháp luật và khoa học xã hội – 13 tín chỉ,Tư tưởng Hồ Chí Minh,Mạng máy tính và truyền thông dữ liệu > III. CHƯƠNG TRÌNH CHI TIẾT > 1. Kiến thức khoa học cơ bản: 29 tín chỉ > Pháp luật và khoa học xã hội – 13 tín chỉ > Tư tưởng Hồ Chí Minh,data/processed/Mạng máy tính và truyền thông dữ liệu.md,Mạng máy tính và truyền thông dữ liệu,markdown,data/processed/Mạng máy tính và truyền thông dữ liệu.md,sentence-transformers,1024
21,Mạng máy tính và truyền thông dữ liệu,"Mạng máy tính và truyền thông dữ liệu > III. CHƯƠNG TRÌNH CHI TIẾT > 1. Kiến thức khoa học cơ bản: 29 tín chỉ > Pháp luật và khoa học xã hội – 13 tín chỉ > Triết học Mác – Lênin
- Mã học phần: 005105
- Số tín chỉ: 3
- Ghi chú: Học phần bắt buộc",III. CHƯƠNG TRÌNH CHI TIẾT,1. Kiến thức khoa học cơ bản: 29 tín chỉ,Pháp luật và khoa học xã hội – 13 tín chỉ,Triết học Mác – Lênin,Mạng máy tính và truyền thông dữ liệu > III. CHƯƠNG TRÌNH CHI TIẾT > 1. Kiến thức khoa học cơ bản: 29 tín chỉ > Pháp luật và khoa học xã hội – 13 tín chỉ > Triết học Mác – Lênin,data/processed/Mạng máy tính và truyền thông dữ liệu.md,Mạng máy tính và truyền thông dữ liệu,markdown,data/processed/Mạng máy tính và truyền thông dữ liệu.md,sentence-transformers,1024
22,Mạng máy tính và truyền thông dữ liệu,"Mạng máy tính và truyền thông dữ liệu > III. CHƯƠNG TRÌNH CHI TIẾT > 1. Kiến thức khoa học cơ bản: 29 tín chỉ > Pháp luật và khoa học xã hội – 13 tín chỉ > Kinh tế chính trị Mác – Lênin
- Mã học phần: 005106
- Số tín chỉ: 2
- Ghi chú: Học phần bắt buộc",III. CHƯƠNG TRÌNH CHI TIẾT,1. Kiến thức khoa học cơ bản: 29 tín chỉ,Pháp luật và khoa học xã hội – 13 tín chỉ,Kinh tế chính trị Mác – Lênin,Mạng máy tính và truyền thông dữ liệu > III. CHƯƠNG TRÌNH CHI TIẾT > 1. Kiến thức khoa học cơ bản: 29 tín chỉ > Pháp luật và khoa học xã hội – 13 tín chỉ > Kinh tế chính trị Mác – Lênin,data/processed/Mạng máy tính và truyền thông dữ liệu.md,Mạng máy tính và truyền thông dữ liệu,markdown,data/processed/Mạng máy tính và truyền thông dữ liệu.md,sentence-transformers,1024
23,Mạng máy tính và truyền thông dữ liệu,"Mạng máy tính và truyền thông dữ liệu > III. CHƯƠNG TRÌNH CHI TIẾT > 1. Kiến thức khoa học cơ bản: 29 tín chỉ > Pháp luật và khoa học xã hội – 13 tín chỉ > Chủ nghĩa xã hội khoa học
- Mã học phần: 005107
- Số tín chỉ: 2
- Ghi chú: Học phần bắt buộc",III. CHƯƠNG TRÌNH CHI TIẾT,1. Kiến thức khoa học cơ bản: 29 tín chỉ,Pháp luật và khoa học xã hội – 13 tín chỉ,Chủ nghĩa xã hội khoa học,Mạng máy tính và truyền thông dữ liệu > III. CHƯƠNG TRÌNH CHI TIẾT > 1. Kiến thức khoa học cơ bản: 29 tín chỉ > Pháp luật và khoa học xã hội – 13 tín chỉ > Chủ nghĩa xã hội khoa học,data/processed/Mạng máy tính và truyền thông dữ liệu.md,Mạng máy tính và truyền thông dữ liệu,markdown,data/processed/Mạng máy tính và truyền thông dữ liệu.md,sentence-transformers,1024
24,Mạng máy tính và truyền thông dữ liệu,"Mạng máy tính và truyền thông dữ liệu > III. CHƯƠNG TRÌNH CHI TIẾT > 1. Kiến thức khoa học cơ bản: 29 tín chỉ > Pháp luật và khoa học xã hội – 13 tín chỉ > Lịch sử Đảng cộng sản Việt Nam
- Mã học phần: 005108
- Số tín chỉ: 2
- Ghi chú: Học phần bắt buộc",III. CHƯƠNG TRÌNH CHI TIẾT,1. Kiến thức khoa học cơ bản: 29 tín chỉ,Pháp luật và khoa học xã hội – 13 tín chỉ,Lịch sử Đảng cộng sản Việt Nam,Mạng máy tính và truyền thông dữ liệu > III. CHƯƠNG TRÌNH CHI TIẾT > 1. Kiến thức khoa học cơ bản: 29 tín chỉ > Pháp luật và khoa học xã hội – 13 tín chỉ > Lịch sử Đảng cộng sản Việt Nam,data/processed/Mạng máy tính và truyền thông dữ liệu.md,Mạng máy tính và truyền thông dữ liệu,markdown,data/processed/Mạng máy tính và truyền thông dữ liệu.md,sentence-transformers,1024
25,Mạng máy tính và truyền thông dữ liệu,"Mạng máy tính và truyền thông dữ liệu > III. CHƯƠNG TRÌNH CHI TIẾT > 1. Kiến thức khoa học cơ bản: 29 tín chỉ > Ngoại ngữ
(theo Quyết định 1203/QĐ-ĐHGTVT ngày 31/12/2019)
Chuẩn đầu ra và chương trình ngoại ngữ trình độ đại học tại Trường Đại học Giao thông vận tải TP. Hồ Chí Minh ban hành kèm theo Quyết định số 670/QĐ-ĐHGTVT ngày 25/9/2020 của Hiệu trưởng Trường",III. CHƯƠNG TRÌNH CHI TIẾT,1. Kiến thức khoa học cơ bản: 29 tín chỉ,Ngoại ngữ,,Mạng máy tính và truyền thông dữ liệu > III. CHƯƠNG TRÌNH CHI TIẾT > 1. Kiến thức khoa học cơ bản: 29 tín chỉ > Ngoại ngữ,data/processed/Mạng máy tính và truyền thông dữ liệu.md,Mạng máy tính và truyền thông dữ liệu,markdown,data/processed/Mạng máy tính và truyền thông dữ liệu.md,sentence-transformers,1024
26,Mạng máy tính và truyền thông dữ liệu,"Mạng máy tính và truyền thông dữ liệu > III. CHƯƠNG TRÌNH CHI TIẾT > 1. Kiến thức khoa học cơ bản: 29 tín chỉ > Tin học
_(theo Quyết định 1201/QĐ-ĐHGTVT ngày 31/12/2019)_",III. CHƯƠNG TRÌNH CHI TIẾT,1. Kiến thức khoa học cơ bản: 29 tín chỉ,Tin học,,Mạng máy tính và truyền thông dữ liệu > III. CHƯƠNG TRÌNH CHI TIẾT > 1. Kiến thức khoa học cơ bản: 29 tín chỉ > Tin học,data/processed/Mạng máy tính và truyền thông dữ liệu.md,Mạng máy tính và truyền thông dữ liệu,markdown,data/processed/Mạng máy tính và truyền thông dữ liệu.md,sentence-transformers,1024
27,Mạng máy tính và truyền thông dữ liệu,"Mạng máy tính và truyền thông dữ liệu > III. CHƯƠNG TRÌNH CHI TIẾT > 1. Kiến thức khoa học cơ bản: 29 tín chỉ > Tin học > Tin học cơ bản
- Mã học phần: 124012
- Số tín chỉ: 2",III. CHƯƠNG TRÌNH CHI TIẾT,1. Kiến thức khoa học cơ bản: 29 tín chỉ,Tin học,Tin học cơ bản,Mạng máy tính và truyền thông dữ liệu > III. CHƯƠNG TRÌNH CHI TIẾT > 1. Kiến thức khoa học cơ bản: 29 tín chỉ > Tin học > Tin học cơ bản,data/processed/Mạng máy tính và truyền thông dữ liệu.md,Mạng máy tính và truyền thông dữ liệu,markdown,data/processed/Mạng máy tính và truyền thông dữ liệu.md,sentence-transformers,1024
28,Mạng máy tính và truyền thông dữ liệu,"Mạng máy tính và truyền thông dữ liệu > III. CHƯƠNG TRÌNH CHI TIẾT > 2. Kiến thức nền tảng kỹ thuật/Kinh tế cốt lõi: 63 tín chỉ
- Bắt buộc: 54 tín chỉ
- Tự chọn: 9 tín chỉ",III. CHƯƠNG TRÌNH CHI TIẾT,2. Kiến thức nền tảng kỹ thuật/Kinh tế cốt lõi: 63 tín chỉ,,,Mạng máy tính và truyền thông dữ liệu > III. CHƯƠNG TRÌNH CHI TIẾT > 2. Kiến thức nền tảng kỹ thuật/Kinh tế cốt lõi: 63 tín chỉ,data/processed/Mạng máy tính và truyền thông dữ liệu.md,Mạng máy tính và truyền thông dữ liệu,markdown,data/processed/Mạng máy tính và truyền thông dữ liệu.md,sentence-transformers,1024
29,Mạng máy tính và truyền thông dữ liệu,"Mạng máy tính và truyền thông dữ liệu > III. CHƯƠNG TRÌNH CHI TIẾT > 2. Kiến thức nền tảng kỹ thuật/Kinh tế cốt lõi: 63 tín chỉ > Kiến thức chung của nhóm ngành: cơ sở ngành – 29 tín chỉ > Cơ sở dữ liệu
- Mã học phần: 121000
- Số tín chỉ: 3
- Ghi chú: Học phần bắt buộc",III. CHƯƠNG TRÌNH CHI TIẾT,2. Kiến thức nền tảng kỹ thuật/Kinh tế cốt lõi: 63 tín chỉ,Kiến thức chung của nhóm ngành: cơ sở ngành – 29 tín chỉ,Cơ sở dữ liệu,Mạng máy tính và truyền thông dữ liệu > III. CHƯƠNG TRÌNH CHI TIẾT > 2. Kiến thức nền tảng kỹ thuật/Kinh tế cốt lõi: 63 tín chỉ > Kiến thức chung của nhóm ngành: cơ sở ngành – 29 tín chỉ > Cơ sở dữ liệu,data/processed/Mạng máy tính và truyền thông dữ liệu.md,Mạng máy tính và truyền thông dữ liệu,markdown,data/processed/Mạng máy tính và truyền thông dữ liệu.md,sentence-transformers,1024
30,Mạng máy tính và truyền thông dữ liệu,"Mạng máy tính và truyền thông dữ liệu > III. CHƯƠNG TRÌNH CHI TIẾT > 2. Kiến thức nền tảng kỹ thuật/Kinh tế cốt lõi: 63 tín chỉ > Kiến thức chung của nhóm ngành: cơ sở ngành – 29 tín chỉ > Quản trị doanh nghiệp CNTT
- Mã học phần: 121037
- Số tín chỉ: 2
- Ghi chú: Học phần bắt buộc",III. CHƯƠNG TRÌNH CHI TIẾT,2. Kiến thức nền tảng kỹ thuật/Kinh tế cốt lõi: 63 tín chỉ,Kiến thức chung của nhóm ngành: cơ sở ngành – 29 tín chỉ,Quản trị doanh nghiệp CNTT,Mạng máy tính và truyền thông dữ liệu > III. CHƯƠNG TRÌNH CHI TIẾT > 2. Kiến thức nền tảng kỹ thuật/Kinh tế cốt lõi: 63 tín chỉ > Kiến thức chung của nhóm ngành: cơ sở ngành – 29 tín chỉ > Quản trị doanh nghiệp CNTT,data/processed/Mạng máy tính và truyền thông dữ liệu.md,Mạng máy tính và truyền thông dữ liệu,markdown,data/processed/Mạng máy tính và truyền thông dữ liệu.md,sentence-transformers,1024
31,Mạng máy tính và truyền thông dữ liệu,"Mạng máy tính và truyền thông dữ liệu > III. CHƯƠNG TRÌNH CHI TIẾT > 2. Kiến thức nền tảng kỹ thuật/Kinh tế cốt lõi: 63 tín chỉ > Kiến thức chung của nhóm ngành: cơ sở ngành – 29 tín chỉ > Toán rời rạc
- Mã học phần: 122002
- Số tín chỉ: 2
- Ghi chú: Học phần bắt buộc",III. CHƯƠNG TRÌNH CHI TIẾT,2. Kiến thức nền tảng kỹ thuật/Kinh tế cốt lõi: 63 tín chỉ,Kiến thức chung của nhóm ngành: cơ sở ngành – 29 tín chỉ,Toán rời rạc,Mạng máy tính và truyền thông dữ liệu > III. CHƯƠNG TRÌNH CHI TIẾT > 2. Kiến thức nền tảng kỹ thuật/Kinh tế cốt lõi: 63 tín chỉ > Kiến thức chung của nhóm ngành: cơ sở ngành – 29 tín chỉ > Toán rời rạc,data/processed/Mạng máy tính và truyền thông dữ liệu.md,Mạng máy tính và truyền thông dữ liệu,markdown,data/processed/Mạng máy tính và truyền thông dữ liệu.md,sentence-transformers,1024
32,Mạng máy tính và truyền thông dữ liệu,"Mạng máy tính và truyền thông dữ liệu > III. CHƯƠNG TRÌNH CHI TIẾT > 2. Kiến thức nền tảng kỹ thuật/Kinh tế cốt lõi: 63 tín chỉ > Kiến thức chung của nhóm ngành: cơ sở ngành – 29 tín chỉ > Lập trình hướng đối tượng
- Mã học phần: 122003
- Số tín chỉ: 3
- Ghi chú: Học phần bắt buộc",III. CHƯƠNG TRÌNH CHI TIẾT,2. Kiến thức nền tảng kỹ thuật/Kinh tế cốt lõi: 63 tín chỉ,Kiến thức chung của nhóm ngành: cơ sở ngành – 29 tín chỉ,Lập trình hướng đối tượng,Mạng máy tính và truyền thông dữ liệu > III. CHƯƠNG TRÌNH CHI TIẾT > 2. Kiến thức nền tảng kỹ thuật/Kinh tế cốt lõi: 63 tín chỉ > Kiến thức chung của nhóm ngành: cơ sở ngành – 29 tín chỉ > Lập trình hướng đối tượng,data/processed/Mạng máy tính và truyền thông dữ liệu.md,Mạng máy tính và truyền thông dữ liệu,markdown,data/processed/Mạng máy tính và truyền thông dữ liệu.md,sentence-transformers,1024
33,Mạng máy tính và truyền thông dữ liệu,"Mạng máy tính và truyền thông dữ liệu > III. CHƯƠNG TRÌNH CHI TIẾT > 2. Kiến thức nền tảng kỹ thuật/Kinh tế cốt lõi: 63 tín chỉ > Kiến thức chung của nhóm ngành: cơ sở ngành – 29 tín chỉ > Lý thuyết đồ thị
- Mã học phần: 122004
- Số tín chỉ: 2
- Ghi chú: Học phần bắt buộc",III. CHƯƠNG TRÌNH CHI TIẾT,2. Kiến thức nền tảng kỹ thuật/Kinh tế cốt lõi: 63 tín chỉ,Kiến thức chung của nhóm ngành: cơ sở ngành – 29 tín chỉ,Lý thuyết đồ thị,Mạng máy tính và truyền thông dữ liệu > III. CHƯƠNG TRÌNH CHI TIẾT > 2. Kiến thức nền tảng kỹ thuật/Kinh tế cốt lõi: 63 tín chỉ > Kiến thức chung của nhóm ngành: cơ sở ngành – 29 tín chỉ > Lý thuyết đồ thị,data/processed/Mạng máy tính và truyền thông dữ liệu.md,Mạng máy tính và truyền thông dữ liệu,markdown,data/processed/Mạng máy tính và truyền thông dữ liệu.md,sentence-transformers,1024
34,Mạng máy tính và truyền thông dữ liệu,"Mạng máy tính và truyền thông dữ liệu > III. CHƯƠNG TRÌNH CHI TIẾT > 2. Kiến thức nền tảng kỹ thuật/Kinh tế cốt lõi: 63 tín chỉ > Kiến thức chung của nhóm ngành: cơ sở ngành – 29 tín chỉ > Chuyên đề thực tế 1
- Mã học phần: 122043
- Số tín chỉ: 1
- Ghi chú: Học phần bắt buộc",III. CHƯƠNG TRÌNH CHI TIẾT,2. Kiến thức nền tảng kỹ thuật/Kinh tế cốt lõi: 63 tín chỉ,Kiến thức chung của nhóm ngành: cơ sở ngành – 29 tín chỉ,Chuyên đề thực tế 1,Mạng máy tính và truyền thông dữ liệu > III. CHƯƠNG TRÌNH CHI TIẾT > 2. Kiến thức nền tảng kỹ thuật/Kinh tế cốt lõi: 63 tín chỉ > Kiến thức chung của nhóm ngành: cơ sở ngành – 29 tín chỉ > Chuyên đề thực tế 1,data/processed/Mạng máy tính và truyền thông dữ liệu.md,Mạng máy tính và truyền thông dữ liệu,markdown,data/processed/Mạng máy tính và truyền thông dữ liệu.md,sentence-transformers,1024
35,Mạng máy tính và truyền thông dữ liệu,"Mạng máy tính và truyền thông dữ liệu > III. CHƯƠNG TRÌNH CHI TIẾT > 2. Kiến thức nền tảng kỹ thuật/Kinh tế cốt lõi: 63 tín chỉ > Kiến thức chung của nhóm ngành: cơ sở ngành – 29 tín chỉ > Mạng máy tính
- Mã học phần: 123002
- Số tín chỉ: 3
- Ghi chú: Học phần bắt buộc",III. CHƯƠNG TRÌNH CHI TIẾT,2. Kiến thức nền tảng kỹ thuật/Kinh tế cốt lõi: 63 tín chỉ,Kiến thức chung của nhóm ngành: cơ sở ngành – 29 tín chỉ,Mạng máy tính,Mạng máy tính và truyền thông dữ liệu > III. CHƯƠNG TRÌNH CHI TIẾT > 2. Kiến thức nền tảng kỹ thuật/Kinh tế cốt lõi: 63 tín chỉ > Kiến thức chung của nhóm ngành: cơ sở ngành – 29 tín chỉ > Mạng máy tính,data/processed/Mạng máy tính và truyền thông dữ liệu.md,Mạng máy tính và truyền thông dữ liệu,markdown,data/processed/Mạng máy tính và truyền thông dữ liệu.md,sentence-transformers,1024
36,Mạng máy tính và truyền thông dữ liệu,"Mạng máy tính và truyền thông dữ liệu > III. CHƯƠNG TRÌNH CHI TIẾT > 2. Kiến thức nền tảng kỹ thuật/Kinh tế cốt lõi: 63 tín chỉ > Kiến thức chung của nhóm ngành: cơ sở ngành – 29 tín chỉ > Chuyên đề thực tế 2
- Mã học phần: 123042
- Số tín chỉ: 1
- Ghi chú: Học phần bắt buộc",III. CHƯƠNG TRÌNH CHI TIẾT,2. Kiến thức nền tảng kỹ thuật/Kinh tế cốt lõi: 63 tín chỉ,Kiến thức chung của nhóm ngành: cơ sở ngành – 29 tín chỉ,Chuyên đề thực tế 2,Mạng máy tính và truyền thông dữ liệu > III. CHƯƠNG TRÌNH CHI TIẾT > 2. Kiến thức nền tảng kỹ thuật/Kinh tế cốt lõi: 63 tín chỉ > Kiến thức chung của nhóm ngành: cơ sở ngành – 29 tín chỉ > Chuyên đề thực tế 2,data/processed/Mạng máy tính và truyền thông dữ liệu.md,Mạng máy tính và truyền thông dữ liệu,markdown,data/processed/Mạng máy tính và truyền thông dữ liệu.md,sentence-transformers,1024
37,Mạng máy tính và truyền thông dữ liệu,"Mạng máy tính và truyền thông dữ liệu > III. CHƯƠNG TRÌNH CHI TIẾT > 2. Kiến thức nền tảng kỹ thuật/Kinh tế cốt lõi: 63 tín chỉ > Kiến thức chung của nhóm ngành: cơ sở ngành – 29 tín chỉ > Kỹ thuật lập trình
- Mã học phần: 124001
- Số tín chỉ: 3
- Ghi chú: Học phần bắt buộc",III. CHƯƠNG TRÌNH CHI TIẾT,2. Kiến thức nền tảng kỹ thuật/Kinh tế cốt lõi: 63 tín chỉ,Kiến thức chung của nhóm ngành: cơ sở ngành – 29 tín chỉ,Kỹ thuật lập trình,Mạng máy tính và truyền thông dữ liệu > III. CHƯƠNG TRÌNH CHI TIẾT > 2. Kiến thức nền tảng kỹ thuật/Kinh tế cốt lõi: 63 tín chỉ > Kiến thức chung của nhóm ngành: cơ sở ngành – 29 tín chỉ > Kỹ thuật lập trình,data/processed/Mạng máy tính và truyền thông dữ liệu.md,Mạng máy tính và truyền thông dữ liệu,markdown,data/processed/Mạng máy tính và truyền thông dữ liệu.md,sentence-transformers,1024
38,Mạng máy tính và truyền thông dữ liệu,"Mạng máy tính và truyền thông dữ liệu > III. CHƯƠNG TRÌNH CHI TIẾT > 2. Kiến thức nền tảng kỹ thuật/Kinh tế cốt lõi: 63 tín chỉ > Kiến thức chung của nhóm ngành: cơ sở ngành – 29 tín chỉ > Cấu trúc dữ liệu và giải thuật
- Mã học phần: 124002
- Số tín chỉ: 3
- Ghi chú: Học phần bắt buộc",III. CHƯƠNG TRÌNH CHI TIẾT,2. Kiến thức nền tảng kỹ thuật/Kinh tế cốt lõi: 63 tín chỉ,Kiến thức chung của nhóm ngành: cơ sở ngành – 29 tín chỉ,Cấu trúc dữ liệu và giải thuật,Mạng máy tính và truyền thông dữ liệu > III. CHƯƠNG TRÌNH CHI TIẾT > 2. Kiến thức nền tảng kỹ thuật/Kinh tế cốt lõi: 63 tín chỉ > Kiến thức chung của nhóm ngành: cơ sở ngành – 29 tín chỉ > Cấu trúc dữ liệu và giải thuật,data/processed/Mạng máy tính và truyền thông dữ liệu.md,Mạng máy tính và truyền thông dữ liệu,markdown,data/processed/Mạng máy tính và truyền thông dữ liệu.md,sentence-transformers,1024
39,Mạng máy tính và truyền thông dữ liệu,"Mạng máy tính và truyền thông dữ liệu > III. CHƯƠNG TRÌNH CHI TIẾT > 2. Kiến thức nền tảng kỹ thuật/Kinh tế cốt lõi: 63 tín chỉ > Kiến thức chung của nhóm ngành: cơ sở ngành – 29 tín chỉ > Kiến trúc máy tính
- Mã học phần: 125000
- Số tín chỉ: 3
- Ghi chú: Học phần bắt buộc",III. CHƯƠNG TRÌNH CHI TIẾT,2. Kiến thức nền tảng kỹ thuật/Kinh tế cốt lõi: 63 tín chỉ,Kiến thức chung của nhóm ngành: cơ sở ngành – 29 tín chỉ,Kiến trúc máy tính,Mạng máy tính và truyền thông dữ liệu > III. CHƯƠNG TRÌNH CHI TIẾT > 2. Kiến thức nền tảng kỹ thuật/Kinh tế cốt lõi: 63 tín chỉ > Kiến thức chung của nhóm ngành: cơ sở ngành – 29 tín chỉ > Kiến trúc máy tính,data/processed/Mạng máy tính và truyền thông dữ liệu.md,Mạng máy tính và truyền thông dữ liệu,markdown,data/processed/Mạng máy tính và truyền thông dữ liệu.md,sentence-transformers,1024
40,Mạng máy tính và truyền thông dữ liệu,"Mạng máy tính và truyền thông dữ liệu > III. CHƯƠNG TRÌNH CHI TIẾT > 2. Kiến thức nền tảng kỹ thuật/Kinh tế cốt lõi: 63 tín chỉ > Kiến thức chung của nhóm ngành: cơ sở ngành – 29 tín chỉ > Hệ điều hành
- Mã học phần: 125001
- Số tín chỉ: 3
- Ghi chú: Học phần bắt buộc",III. CHƯƠNG TRÌNH CHI TIẾT,2. Kiến thức nền tảng kỹ thuật/Kinh tế cốt lõi: 63 tín chỉ,Kiến thức chung của nhóm ngành: cơ sở ngành – 29 tín chỉ,Hệ điều hành,Mạng máy tính và truyền thông dữ liệu > III. CHƯƠNG TRÌNH CHI TIẾT > 2. Kiến thức nền tảng kỹ thuật/Kinh tế cốt lõi: 63 tín chỉ > Kiến thức chung của nhóm ngành: cơ sở ngành – 29 tín chỉ > Hệ điều hành,data/processed/Mạng máy tính và truyền thông dữ liệu.md,Mạng máy tính và truyền thông dữ liệu,markdown,data/processed/Mạng máy tính và truyền thông dữ liệu.md,sentence-transformers,1024
41,Mạng máy tính và truyền thông dữ liệu,"Mạng máy tính và truyền thông dữ liệu > III. CHƯƠNG TRÌNH CHI TIẾT > 2. Kiến thức nền tảng kỹ thuật/Kinh tế cốt lõi: 63 tín chỉ > Kiến thức chung của ngành – 34 tín chỉ > Quản trị mạng
- Mã học phần: 123005
- Số tín chỉ: 3
- Ghi chú: Học phần bắt buộc",III. CHƯƠNG TRÌNH CHI TIẾT,2. Kiến thức nền tảng kỹ thuật/Kinh tế cốt lõi: 63 tín chỉ,Kiến thức chung của ngành – 34 tín chỉ,Quản trị mạng,Mạng máy tính và truyền thông dữ liệu > III. CHƯƠNG TRÌNH CHI TIẾT > 2. Kiến thức nền tảng kỹ thuật/Kinh tế cốt lõi: 63 tín chỉ > Kiến thức chung của ngành – 34 tín chỉ > Quản trị mạng,data/processed/Mạng máy tính và truyền thông dữ liệu.md,Mạng máy tính và truyền thông dữ liệu,markdown,data/processed/Mạng máy tính và truyền thông dữ liệu.md,sentence-transformers,1024
42,Mạng máy tính và truyền thông dữ liệu,"Mạng máy tính và truyền thông dữ liệu > III. CHƯƠNG TRÌNH CHI TIẾT > 2. Kiến thức nền tảng kỹ thuật/Kinh tế cốt lõi: 63 tín chỉ > Kiến thức chung của ngành – 34 tín chỉ > Thiết kế mạng
- Mã học phần: 123032
- Số tín chỉ: 2
- Ghi chú: Học phần bắt buộc",III. CHƯƠNG TRÌNH CHI TIẾT,2. Kiến thức nền tảng kỹ thuật/Kinh tế cốt lõi: 63 tín chỉ,Kiến thức chung của ngành – 34 tín chỉ,Thiết kế mạng,Mạng máy tính và truyền thông dữ liệu > III. CHƯƠNG TRÌNH CHI TIẾT > 2. Kiến thức nền tảng kỹ thuật/Kinh tế cốt lõi: 63 tín chỉ > Kiến thức chung của ngành – 34 tín chỉ > Thiết kế mạng,data/processed/Mạng máy tính và truyền thông dữ liệu.md,Mạng máy tính và truyền thông dữ liệu,markdown,data/processed/Mạng máy tính và truyền thông dữ liệu.md,sentence-transformers,1024
43,Mạng máy tính và truyền thông dữ liệu,"Mạng máy tính và truyền thông dữ liệu > III. CHƯƠNG TRÌNH CHI TIẾT > 2. Kiến thức nền tảng kỹ thuật/Kinh tế cốt lõi: 63 tín chỉ > Kiến thức chung của ngành – 34 tín chỉ > An ninh mạng
- Mã học phần: 123038
- Số tín chỉ: 3
- Ghi chú: Học phần bắt buộc",III. CHƯƠNG TRÌNH CHI TIẾT,2. Kiến thức nền tảng kỹ thuật/Kinh tế cốt lõi: 63 tín chỉ,Kiến thức chung của ngành – 34 tín chỉ,An ninh mạng,Mạng máy tính và truyền thông dữ liệu > III. CHƯƠNG TRÌNH CHI TIẾT > 2. Kiến thức nền tảng kỹ thuật/Kinh tế cốt lõi: 63 tín chỉ > Kiến thức chung của ngành – 34 tín chỉ > An ninh mạng,data/processed/Mạng máy tính và truyền thông dữ liệu.md,Mạng máy tính và truyền thông dữ liệu,markdown,data/processed/Mạng máy tính và truyền thông dữ liệu.md,sentence-transformers,1024
44,Mạng máy tính và truyền thông dữ liệu,"Mạng máy tính và truyền thông dữ liệu > III. CHƯƠNG TRÌNH CHI TIẾT > 2. Kiến thức nền tảng kỹ thuật/Kinh tế cốt lõi: 63 tín chỉ > Kiến thức chung của ngành – 34 tín chỉ > Kỹ thuật truyền số liệu
- Mã học phần: 125003
- Số tín chỉ: 2
- Ghi chú: Học phần bắt buộc",III. CHƯƠNG TRÌNH CHI TIẾT,2. Kiến thức nền tảng kỹ thuật/Kinh tế cốt lõi: 63 tín chỉ,Kiến thức chung của ngành – 34 tín chỉ,Kỹ thuật truyền số liệu,Mạng máy tính và truyền thông dữ liệu > III. CHƯƠNG TRÌNH CHI TIẾT > 2. Kiến thức nền tảng kỹ thuật/Kinh tế cốt lõi: 63 tín chỉ > Kiến thức chung của ngành – 34 tín chỉ > Kỹ thuật truyền số liệu,data/processed/Mạng máy tính và truyền thông dữ liệu.md,Mạng máy tính và truyền thông dữ liệu,markdown,data/processed/Mạng máy tính và truyền thông dữ liệu.md,sentence-transformers,1024
45,Mạng máy tính và truyền thông dữ liệu,"Mạng máy tính và truyền thông dữ liệu > III. CHƯƠNG TRÌNH CHI TIẾT > 2. Kiến thức nền tảng kỹ thuật/Kinh tế cốt lõi: 63 tín chỉ > Kiến thức chung của ngành – 34 tín chỉ > Kỹ thuật thông tin vô tuyến
- Mã học phần: 125004
- Số tín chỉ: 3
- Ghi chú: Học phần bắt buộc",III. CHƯƠNG TRÌNH CHI TIẾT,2. Kiến thức nền tảng kỹ thuật/Kinh tế cốt lõi: 63 tín chỉ,Kiến thức chung của ngành – 34 tín chỉ,Kỹ thuật thông tin vô tuyến,Mạng máy tính và truyền thông dữ liệu > III. CHƯƠNG TRÌNH CHI TIẾT > 2. Kiến thức nền tảng kỹ thuật/Kinh tế cốt lõi: 63 tín chỉ > Kiến thức chung của ngành – 34 tín chỉ > Kỹ thuật thông tin vô tuyến,data/processed/Mạng máy tính và truyền thông dữ liệu.md,Mạng máy tính và truyền thông dữ liệu,markdown,data/processed/Mạng máy tính và truyền thông dữ liệu.md,sentence-transformers,1024
46,Mạng máy tính và truyền thông dữ liệu,"Mạng máy tính và truyền thông dữ liệu > III. CHƯƠNG TRÌNH CHI TIẾT > 2. Kiến thức nền tảng kỹ thuật/Kinh tế cốt lõi: 63 tín chỉ > Kiến thức chung của ngành – 34 tín chỉ > Tín hiệu và hệ thống
- Mã học phần: 125006
- Số tín chỉ: 3
- Ghi chú: Học phần bắt buộc",III. CHƯƠNG TRÌNH CHI TIẾT,2. Kiến thức nền tảng kỹ thuật/Kinh tế cốt lõi: 63 tín chỉ,Kiến thức chung của ngành – 34 tín chỉ,Tín hiệu và hệ thống,Mạng máy tính và truyền thông dữ liệu > III. CHƯƠNG TRÌNH CHI TIẾT > 2. Kiến thức nền tảng kỹ thuật/Kinh tế cốt lõi: 63 tín chỉ > Kiến thức chung của ngành – 34 tín chỉ > Tín hiệu và hệ thống,data/processed/Mạng máy tính và truyền thông dữ liệu.md,Mạng máy tính và truyền thông dữ liệu,markdown,data/processed/Mạng máy tính và truyền thông dữ liệu.md,sentence-transformers,1024
47,Mạng máy tính và truyền thông dữ liệu,"Mạng máy tính và truyền thông dữ liệu > III. CHƯƠNG TRÌNH CHI TIẾT > 2. Kiến thức nền tảng kỹ thuật/Kinh tế cốt lõi: 63 tín chỉ > Kiến thức chung của ngành – 34 tín chỉ > Mô phỏng hệ thống truyền thông
- Mã học phần: 125008
- Số tín chỉ: 3
- Ghi chú: Học phần bắt buộc",III. CHƯƠNG TRÌNH CHI TIẾT,2. Kiến thức nền tảng kỹ thuật/Kinh tế cốt lõi: 63 tín chỉ,Kiến thức chung của ngành – 34 tín chỉ,Mô phỏng hệ thống truyền thông,Mạng máy tính và truyền thông dữ liệu > III. CHƯƠNG TRÌNH CHI TIẾT > 2. Kiến thức nền tảng kỹ thuật/Kinh tế cốt lõi: 63 tín chỉ > Kiến thức chung của ngành – 34 tín chỉ > Mô phỏng hệ thống truyền thông,data/processed/Mạng máy tính và truyền thông dữ liệu.md,Mạng máy tính và truyền thông dữ liệu,markdown,data/processed/Mạng máy tính và truyền thông dữ liệu.md,sentence-transformers,1024
48,Mạng máy tính và truyền thông dữ liệu,"Mạng máy tính và truyền thông dữ liệu > III. CHƯƠNG TRÌNH CHI TIẾT > 2. Kiến thức nền tảng kỹ thuật/Kinh tế cốt lõi: 63 tín chỉ > Kiến thức chung của ngành – 34 tín chỉ > Hệ thống thông tin di động tích hợp
- Mã học phần: 125009
- Số tín chỉ: 3
- Ghi chú: Học phần bắt buộc",III. CHƯƠNG TRÌNH CHI TIẾT,2. Kiến thức nền tảng kỹ thuật/Kinh tế cốt lõi: 63 tín chỉ,Kiến thức chung của ngành – 34 tín chỉ,Hệ thống thông tin di động tích hợp,Mạng máy tính và truyền thông dữ liệu > III. CHƯƠNG TRÌNH CHI TIẾT > 2. Kiến thức nền tảng kỹ thuật/Kinh tế cốt lõi: 63 tín chỉ > Kiến thức chung của ngành – 34 tín chỉ > Hệ thống thông tin di động tích hợp,data/processed/Mạng máy tính và truyền thông dữ liệu.md,Mạng máy tính và truyền thông dữ liệu,markdown,data/processed/Mạng máy tính và truyền thông dữ liệu.md,sentence-transformers,1024
49,Mạng máy tính và truyền thông dữ liệu,"Mạng máy tính và truyền thông dữ liệu > III. CHƯƠNG TRÌNH CHI TIẾT > 2. Kiến thức nền tảng kỹ thuật/Kinh tế cốt lõi: 63 tín chỉ > Kiến thức chung của ngành – 34 tín chỉ > Thực tập tốt nghiệp
- Mã học phần: 126000
- Số tín chỉ: 3
- Ghi chú: Học phần bắt buộc",III. CHƯƠNG TRÌNH CHI TIẾT,2. Kiến thức nền tảng kỹ thuật/Kinh tế cốt lõi: 63 tín chỉ,Kiến thức chung của ngành – 34 tín chỉ,Thực tập tốt nghiệp,Mạng máy tính và truyền thông dữ liệu > III. CHƯƠNG TRÌNH CHI TIẾT > 2. Kiến thức nền tảng kỹ thuật/Kinh tế cốt lõi: 63 tín chỉ > Kiến thức chung của ngành – 34 tín chỉ > Thực tập tốt nghiệp,data/processed/Mạng máy tính và truyền thông dữ liệu.md,Mạng máy tính và truyền thông dữ liệu,markdown,data/processed/Mạng máy tính và truyền thông dữ liệu.md,sentence-transformers,1024
50,Mạng máy tính và truyền thông dữ liệu,"Mạng máy tính và truyền thông dữ liệu > III. CHƯƠNG TRÌNH CHI TIẾT > 2. Kiến thức nền tảng kỹ thuật/Kinh tế cốt lõi: 63 tín chỉ > Kiến thức chung của ngành – 34 tín chỉ > Tối ưu hóa
- Mã học phần: 001210
- Số tín chỉ: 2
- Ghi chú: Học phần tự chọn 1 (TC1)",III. CHƯƠNG TRÌNH CHI TIẾT,2. Kiến thức nền tảng kỹ thuật/Kinh tế cốt lõi: 63 tín chỉ,Kiến thức chung của ngành – 34 tín chỉ,Tối ưu hóa,Mạng máy tính và truyền thông dữ liệu > III. CHƯƠNG TRÌNH CHI TIẾT > 2. Kiến thức nền tảng kỹ thuật/Kinh tế cốt lõi: 63 tín chỉ > Kiến thức chung của ngành – 34 tín chỉ > Tối ưu hóa,data/processed/Mạng máy tính và truyền thông dữ liệu.md,Mạng máy tính và truyền thông dữ liệu,markdown,data/processed/Mạng máy tính và truyền thông dữ liệu.md,sentence-transformers,1024
51,Mạng máy tính và truyền thông dữ liệu,"Mạng máy tính và truyền thông dữ liệu > III. CHƯƠNG TRÌNH CHI TIẾT > 2. Kiến thức nền tảng kỹ thuật/Kinh tế cốt lõi: 63 tín chỉ > Kiến thức chung của ngành – 34 tín chỉ > Thiết kế cơ sở dữ liệu
- Mã học phần: 121001
- Số tín chỉ: 3
- Ghi chú: Học phần tự chọn 1 (TC1)",III. CHƯƠNG TRÌNH CHI TIẾT,2. Kiến thức nền tảng kỹ thuật/Kinh tế cốt lõi: 63 tín chỉ,Kiến thức chung của ngành – 34 tín chỉ,Thiết kế cơ sở dữ liệu,Mạng máy tính và truyền thông dữ liệu > III. CHƯƠNG TRÌNH CHI TIẾT > 2. Kiến thức nền tảng kỹ thuật/Kinh tế cốt lõi: 63 tín chỉ > Kiến thức chung của ngành – 34 tín chỉ > Thiết kế cơ sở dữ liệu,data/processed/Mạng máy tính và truyền thông dữ liệu.md,Mạng máy tính và truyền thông dữ liệu,markdown,data/processed/Mạng máy tính và truyền thông dữ liệu.md,sentence-transformers,1024
52,Mạng máy tính và truyền thông dữ liệu,"Mạng máy tính và truyền thông dữ liệu > III. CHƯƠNG TRÌNH CHI TIẾT > 2. Kiến thức nền tảng kỹ thuật/Kinh tế cốt lõi: 63 tín chỉ > Kiến thức chung của ngành – 34 tín chỉ > Xử lý ảnh và thị giác máy tính
- Mã học phần: 121036
- Số tín chỉ: 3
- Ghi chú: Học phần tự chọn 1 (TC1)",III. CHƯƠNG TRÌNH CHI TIẾT,2. Kiến thức nền tảng kỹ thuật/Kinh tế cốt lõi: 63 tín chỉ,Kiến thức chung của ngành – 34 tín chỉ,Xử lý ảnh và thị giác máy tính,Mạng máy tính và truyền thông dữ liệu > III. CHƯƠNG TRÌNH CHI TIẾT > 2. Kiến thức nền tảng kỹ thuật/Kinh tế cốt lõi: 63 tín chỉ > Kiến thức chung của ngành – 34 tín chỉ > Xử lý ảnh và thị giác máy tính,data/processed/Mạng máy tính và truyền thông dữ liệu.md,Mạng máy tính và truyền thông dữ liệu,markdown,data/processed/Mạng máy tính và truyền thông dữ liệu.md,sentence-transformers,1024
53,Mạng máy tính và truyền thông dữ liệu,"Mạng máy tính và truyền thông dữ liệu > III. CHƯƠNG TRÌNH CHI TIẾT > 2. Kiến thức nền tảng kỹ thuật/Kinh tế cốt lõi: 63 tín chỉ > Kiến thức chung của ngành – 34 tín chỉ > Lập trình Java
- Mã học phần: 122036
- Số tín chỉ: 2
- Ghi chú: Học phần tự chọn 1 (TC1)",III. CHƯƠNG TRÌNH CHI TIẾT,2. Kiến thức nền tảng kỹ thuật/Kinh tế cốt lõi: 63 tín chỉ,Kiến thức chung của ngành – 34 tín chỉ,Lập trình Java,Mạng máy tính và truyền thông dữ liệu > III. CHƯƠNG TRÌNH CHI TIẾT > 2. Kiến thức nền tảng kỹ thuật/Kinh tế cốt lõi: 63 tín chỉ > Kiến thức chung của ngành – 34 tín chỉ > Lập trình Java,data/processed/Mạng máy tính và truyền thông dữ liệu.md,Mạng máy tính và truyền thông dữ liệu,markdown,data/processed/Mạng máy tính và truyền thông dữ liệu.md,sentence-transformers,1024
54,Mạng máy tính và truyền thông dữ liệu,"Mạng máy tính và truyền thông dữ liệu > III. CHƯƠNG TRÌNH CHI TIẾT > 2. Kiến thức nền tảng kỹ thuật/Kinh tế cốt lõi: 63 tín chỉ > Kiến thức chung của ngành – 34 tín chỉ > Kỹ năng làm việc
- Mã học phần: 123016
- Số tín chỉ: 3
- Ghi chú: Học phần tự chọn 1 (TC1)",III. CHƯƠNG TRÌNH CHI TIẾT,2. Kiến thức nền tảng kỹ thuật/Kinh tế cốt lõi: 63 tín chỉ,Kiến thức chung của ngành – 34 tín chỉ,Kỹ năng làm việc,Mạng máy tính và truyền thông dữ liệu > III. CHƯƠNG TRÌNH CHI TIẾT > 2. Kiến thức nền tảng kỹ thuật/Kinh tế cốt lõi: 63 tín chỉ > Kiến thức chung của ngành – 34 tín chỉ > Kỹ năng làm việc,data/processed/Mạng máy tính và truyền thông dữ liệu.md,Mạng máy tính và truyền thông dữ liệu,markdown,data/processed/Mạng máy tính và truyền thông dữ liệu.md,sentence-transformers,1024
55,Mạng máy tính và truyền thông dữ liệu,"Mạng máy tính và truyền thông dữ liệu > III. CHƯƠNG TRÌNH CHI TIẾT > 2. Kiến thức nền tảng kỹ thuật/Kinh tế cốt lõi: 63 tín chỉ > Kiến thức chung của ngành – 34 tín chỉ > Luật Công nghệ thông tin
- Mã học phần: 124005
- Số tín chỉ: 2
- Ghi chú: Học phần tự chọn 1 (TC1)",III. CHƯƠNG TRÌNH CHI TIẾT,2. Kiến thức nền tảng kỹ thuật/Kinh tế cốt lõi: 63 tín chỉ,Kiến thức chung của ngành – 34 tín chỉ,Luật Công nghệ thông tin,Mạng máy tính và truyền thông dữ liệu > III. CHƯƠNG TRÌNH CHI TIẾT > 2. Kiến thức nền tảng kỹ thuật/Kinh tế cốt lõi: 63 tín chỉ > Kiến thức chung của ngành – 34 tín chỉ > Luật Công nghệ thông tin,data/processed/Mạng máy tính và truyền thông dữ liệu.md,Mạng máy tính và truyền thông dữ liệu,markdown,data/processed/Mạng máy tính và truyền thông dữ liệu.md,sentence-transformers,1024
56,Mạng máy tính và truyền thông dữ liệu,"Mạng máy tính và truyền thông dữ liệu > III. CHƯƠNG TRÌNH CHI TIẾT > 2. Kiến thức nền tảng kỹ thuật/Kinh tế cốt lõi: 63 tín chỉ > Kiến thức chung của ngành – 34 tín chỉ > Thương mại điện tử
- Mã học phần: 124006
- Số tín chỉ: 3
- Ghi chú: Học phần tự chọn 1 (TC1)",III. CHƯƠNG TRÌNH CHI TIẾT,2. Kiến thức nền tảng kỹ thuật/Kinh tế cốt lõi: 63 tín chỉ,Kiến thức chung của ngành – 34 tín chỉ,Thương mại điện tử,Mạng máy tính và truyền thông dữ liệu > III. CHƯƠNG TRÌNH CHI TIẾT > 2. Kiến thức nền tảng kỹ thuật/Kinh tế cốt lõi: 63 tín chỉ > Kiến thức chung của ngành – 34 tín chỉ > Thương mại điện tử,data/processed/Mạng máy tính và truyền thông dữ liệu.md,Mạng máy tính và truyền thông dữ liệu,markdown,data/processed/Mạng máy tính và truyền thông dữ liệu.md,sentence-transformers,1024
57,Mạng máy tính và truyền thông dữ liệu,"Mạng máy tính và truyền thông dữ liệu > III. CHƯƠNG TRÌNH CHI TIẾT > 2. Kiến thức nền tảng kỹ thuật/Kinh tế cốt lõi: 63 tín chỉ > Kiến thức chung của ngành – 34 tín chỉ > Internet vạn vật (IoT)
- Mã học phần: 124011
- Số tín chỉ: 2
- Ghi chú: Học phần tự chọn 1 (TC1)",III. CHƯƠNG TRÌNH CHI TIẾT,2. Kiến thức nền tảng kỹ thuật/Kinh tế cốt lõi: 63 tín chỉ,Kiến thức chung của ngành – 34 tín chỉ,Internet vạn vật (IoT),Mạng máy tính và truyền thông dữ liệu > III. CHƯƠNG TRÌNH CHI TIẾT > 2. Kiến thức nền tảng kỹ thuật/Kinh tế cốt lõi: 63 tín chỉ > Kiến thức chung của ngành – 34 tín chỉ > Internet vạn vật (IoT),data/processed/Mạng máy tính và truyền thông dữ liệu.md,Mạng máy tính và truyền thông dữ liệu,markdown,data/processed/Mạng máy tính và truyền thông dữ liệu.md,sentence-transformers,1024
58,Mạng máy tính và truyền thông dữ liệu,"Mạng máy tính và truyền thông dữ liệu > III. CHƯƠNG TRÌNH CHI TIẾT > 2. Kiến thức nền tảng kỹ thuật/Kinh tế cốt lõi: 63 tín chỉ > Kiến thức chung của ngành – 34 tín chỉ > Môi trường và phát triển KT bền vững
- Mã học phần: 154008
- Số tín chỉ: 2
- Ghi chú: Học phần tự chọn 1 (TC1)",III. CHƯƠNG TRÌNH CHI TIẾT,2. Kiến thức nền tảng kỹ thuật/Kinh tế cốt lõi: 63 tín chỉ,Kiến thức chung của ngành – 34 tín chỉ,Môi trường và phát triển KT bền vững,Mạng máy tính và truyền thông dữ liệu > III. CHƯƠNG TRÌNH CHI TIẾT > 2. Kiến thức nền tảng kỹ thuật/Kinh tế cốt lõi: 63 tín chỉ > Kiến thức chung của ngành – 34 tín chỉ > Môi trường và phát triển KT bền vững,data/processed/Mạng máy tính và truyền thông dữ liệu.md,Mạng máy tính và truyền thông dữ liệu,markdown,data/processed/Mạng máy tính và truyền thông dữ liệu.md,sentence-transformers,1024
59,Mạng máy tính và truyền thông dữ liệu,"Mạng máy tính và truyền thông dữ liệu > III. CHƯƠNG TRÌNH CHI TIẾT > 3. Kiến thức chuyên ngành: 28 tín chỉ
- Bắt buộc: 0 tín chỉ
- Tự chọn: 28 tín chỉ",III. CHƯƠNG TRÌNH CHI TIẾT,3. Kiến thức chuyên ngành: 28 tín chỉ,,,Mạng máy tính và truyền thông dữ liệu > III. CHƯƠNG TRÌNH CHI TIẾT > 3. Kiến thức chuyên ngành: 28 tín chỉ,data/processed/Mạng máy tính và truyền thông dữ liệu.md,Mạng máy tính và truyền thông dữ liệu,markdown,data/processed/Mạng máy tính và truyền thông dữ liệu.md,sentence-transformers,1024
60,Mạng máy tính và truyền thông dữ liệu,"Mạng máy tính và truyền thông dữ liệu > III. CHƯƠNG TRÌNH CHI TIẾT > 3. Kiến thức chuyên ngành: 28 tín chỉ > TC2: Sinh viên chọn 19 tín chỉ
Tổng số tín chỉ: 19",III. CHƯƠNG TRÌNH CHI TIẾT,3. Kiến thức chuyên ngành: 28 tín chỉ,TC2: Sinh viên chọn 19 tín chỉ,,Mạng máy tính và truyền thông dữ liệu > III. CHƯƠNG TRÌNH CHI TIẾT > 3. Kiến thức chuyên ngành: 28 tín chỉ > TC2: Sinh viên chọn 19 tín chỉ,data/processed/Mạng máy tính và truyền thông dữ liệu.md,Mạng máy tính và truyền thông dữ liệu,markdown,data/processed/Mạng máy tính và truyền thông dữ liệu.md,sentence-transformers,1024
61,Mạng máy tính và truyền thông dữ liệu,"Mạng máy tính và truyền thông dữ liệu > III. CHƯƠNG TRÌNH CHI TIẾT > 3. Kiến thức chuyên ngành: 28 tín chỉ > TC2: Sinh viên chọn 19 tín chỉ > Lập trình web
- Mã học phần: 121031
- Số tín chỉ: 3
- Ghi chú: Học phần tự chọn 2 (TC2)",III. CHƯƠNG TRÌNH CHI TIẾT,3. Kiến thức chuyên ngành: 28 tín chỉ,TC2: Sinh viên chọn 19 tín chỉ,Lập trình web,Mạng máy tính và truyền thông dữ liệu > III. CHƯƠNG TRÌNH CHI TIẾT > 3. Kiến thức chuyên ngành: 28 tín chỉ > TC2: Sinh viên chọn 19 tín chỉ > Lập trình web,data/processed/Mạng máy tính và truyền thông dữ liệu.md,Mạng máy tính và truyền thông dữ liệu,markdown,data/processed/Mạng máy tính và truyền thông dữ liệu.md,sentence-transformers,1024
62,Mạng máy tính và truyền thông dữ liệu,"Mạng máy tính và truyền thông dữ liệu > III. CHƯƠNG TRÌNH CHI TIẾT > 3. Kiến thức chuyên ngành: 28 tín chỉ > TC2: Sinh viên chọn 19 tín chỉ > Lập trình thiết bị di động
- Mã học phần: 121034
- Số tín chỉ: 3
- Ghi chú: Học phần tự chọn 2 (TC2)",III. CHƯƠNG TRÌNH CHI TIẾT,3. Kiến thức chuyên ngành: 28 tín chỉ,TC2: Sinh viên chọn 19 tín chỉ,Lập trình thiết bị di động,Mạng máy tính và truyền thông dữ liệu > III. CHƯƠNG TRÌNH CHI TIẾT > 3. Kiến thức chuyên ngành: 28 tín chỉ > TC2: Sinh viên chọn 19 tín chỉ > Lập trình thiết bị di động,data/processed/Mạng máy tính và truyền thông dữ liệu.md,Mạng máy tính và truyền thông dữ liệu,markdown,data/processed/Mạng máy tính và truyền thông dữ liệu.md,sentence-transformers,1024
63,Mạng máy tính và truyền thông dữ liệu,"Mạng máy tính và truyền thông dữ liệu > III. CHƯƠNG TRÌNH CHI TIẾT > 3. Kiến thức chuyên ngành: 28 tín chỉ > TC2: Sinh viên chọn 19 tín chỉ > Công nghệ phần mềm
- Mã học phần: 122005
- Số tín chỉ: 3
- Ghi chú: Học phần tự chọn 2 (TC2)",III. CHƯƠNG TRÌNH CHI TIẾT,3. Kiến thức chuyên ngành: 28 tín chỉ,TC2: Sinh viên chọn 19 tín chỉ,Công nghệ phần mềm,Mạng máy tính và truyền thông dữ liệu > III. CHƯƠNG TRÌNH CHI TIẾT > 3. Kiến thức chuyên ngành: 28 tín chỉ > TC2: Sinh viên chọn 19 tín chỉ > Công nghệ phần mềm,data/processed/Mạng máy tính và truyền thông dữ liệu.md,Mạng máy tính và truyền thông dữ liệu,markdown,data/processed/Mạng máy tính và truyền thông dữ liệu.md,sentence-transformers,1024
64,Mạng máy tính và truyền thông dữ liệu,"Mạng máy tính và truyền thông dữ liệu > III. CHƯƠNG TRÌNH CHI TIẾT > 3. Kiến thức chuyên ngành: 28 tín chỉ > TC2: Sinh viên chọn 19 tín chỉ > Chuyên đề hệ thống giao thông thông minh
- Mã học phần: 122038
- Số tín chỉ: 3
- Ghi chú: Học phần tự chọn 2 (TC2)",III. CHƯƠNG TRÌNH CHI TIẾT,3. Kiến thức chuyên ngành: 28 tín chỉ,TC2: Sinh viên chọn 19 tín chỉ,Chuyên đề hệ thống giao thông thông minh,Mạng máy tính và truyền thông dữ liệu > III. CHƯƠNG TRÌNH CHI TIẾT > 3. Kiến thức chuyên ngành: 28 tín chỉ > TC2: Sinh viên chọn 19 tín chỉ > Chuyên đề hệ thống giao thông thông minh,data/processed/Mạng máy tính và truyền thông dữ liệu.md,Mạng máy tính và truyền thông dữ liệu,markdown,data/processed/Mạng máy tính và truyền thông dữ liệu.md,sentence-transformers,1024
65,Mạng máy tính và truyền thông dữ liệu,"Mạng máy tính và truyền thông dữ liệu > III. CHƯƠNG TRÌNH CHI TIẾT > 3. Kiến thức chuyên ngành: 28 tín chỉ > TC2: Sinh viên chọn 19 tín chỉ > Thiết bị truyền thông và mạng
- Mã học phần: 123009
- Số tín chỉ: 3
- Ghi chú: Học phần tự chọn 2 (TC2)",III. CHƯƠNG TRÌNH CHI TIẾT,3. Kiến thức chuyên ngành: 28 tín chỉ,TC2: Sinh viên chọn 19 tín chỉ,Thiết bị truyền thông và mạng,Mạng máy tính và truyền thông dữ liệu > III. CHƯƠNG TRÌNH CHI TIẾT > 3. Kiến thức chuyên ngành: 28 tín chỉ > TC2: Sinh viên chọn 19 tín chỉ > Thiết bị truyền thông và mạng,data/processed/Mạng máy tính và truyền thông dữ liệu.md,Mạng máy tính và truyền thông dữ liệu,markdown,data/processed/Mạng máy tính và truyền thông dữ liệu.md,sentence-transformers,1024
66,Mạng máy tính và truyền thông dữ liệu,"Mạng máy tính và truyền thông dữ liệu > III. CHƯƠNG TRÌNH CHI TIẾT > 3. Kiến thức chuyên ngành: 28 tín chỉ > TC2: Sinh viên chọn 19 tín chỉ > Quản trị dự án CNTT
- Mã học phần: 123015
- Số tín chỉ: 3
- Ghi chú: Học phần tự chọn 2 (TC2)",III. CHƯƠNG TRÌNH CHI TIẾT,3. Kiến thức chuyên ngành: 28 tín chỉ,TC2: Sinh viên chọn 19 tín chỉ,Quản trị dự án CNTT,Mạng máy tính và truyền thông dữ liệu > III. CHƯƠNG TRÌNH CHI TIẾT > 3. Kiến thức chuyên ngành: 28 tín chỉ > TC2: Sinh viên chọn 19 tín chỉ > Quản trị dự án CNTT,data/processed/Mạng máy tính và truyền thông dữ liệu.md,Mạng máy tính và truyền thông dữ liệu,markdown,data/processed/Mạng máy tính và truyền thông dữ liệu.md,sentence-transformers,1024
67,Mạng máy tính và truyền thông dữ liệu,"Mạng máy tính và truyền thông dữ liệu > III. CHƯƠNG TRÌNH CHI TIẾT > 3. Kiến thức chuyên ngành: 28 tín chỉ > TC2: Sinh viên chọn 19 tín chỉ > Mạng máy tính nâng cao
- Mã học phần: 123036
- Số tín chỉ: 2
- Ghi chú: Học phần tự chọn 2 (TC2)",III. CHƯƠNG TRÌNH CHI TIẾT,3. Kiến thức chuyên ngành: 28 tín chỉ,TC2: Sinh viên chọn 19 tín chỉ,Mạng máy tính nâng cao,Mạng máy tính và truyền thông dữ liệu > III. CHƯƠNG TRÌNH CHI TIẾT > 3. Kiến thức chuyên ngành: 28 tín chỉ > TC2: Sinh viên chọn 19 tín chỉ > Mạng máy tính nâng cao,data/processed/Mạng máy tính và truyền thông dữ liệu.md,Mạng máy tính và truyền thông dữ liệu,markdown,data/processed/Mạng máy tính và truyền thông dữ liệu.md,sentence-transformers,1024
68,Mạng máy tính và truyền thông dữ liệu,"Mạng máy tính và truyền thông dữ liệu > III. CHƯƠNG TRÌNH CHI TIẾT > 3. Kiến thức chuyên ngành: 28 tín chỉ > TC2: Sinh viên chọn 19 tín chỉ > Mạng không dây
- Mã học phần: 123037
- Số tín chỉ: 2
- Ghi chú: Học phần tự chọn 2 (TC2)",III. CHƯƠNG TRÌNH CHI TIẾT,3. Kiến thức chuyên ngành: 28 tín chỉ,TC2: Sinh viên chọn 19 tín chỉ,Mạng không dây,Mạng máy tính và truyền thông dữ liệu > III. CHƯƠNG TRÌNH CHI TIẾT > 3. Kiến thức chuyên ngành: 28 tín chỉ > TC2: Sinh viên chọn 19 tín chỉ > Mạng không dây,data/processed/Mạng máy tính và truyền thông dữ liệu.md,Mạng máy tính và truyền thông dữ liệu,markdown,data/processed/Mạng máy tính và truyền thông dữ liệu.md,sentence-transformers,1024
69,Mạng máy tính và truyền thông dữ liệu,"Mạng máy tính và truyền thông dữ liệu > III. CHƯƠNG TRÌNH CHI TIẾT > 3. Kiến thức chuyên ngành: 28 tín chỉ > TC2: Sinh viên chọn 19 tín chỉ > Hệ điều hành Linux
- Mã học phần: 123041
- Số tín chỉ: 3
- Ghi chú: Học phần tự chọn 2 (TC2)",III. CHƯƠNG TRÌNH CHI TIẾT,3. Kiến thức chuyên ngành: 28 tín chỉ,TC2: Sinh viên chọn 19 tín chỉ,Hệ điều hành Linux,Mạng máy tính và truyền thông dữ liệu > III. CHƯƠNG TRÌNH CHI TIẾT > 3. Kiến thức chuyên ngành: 28 tín chỉ > TC2: Sinh viên chọn 19 tín chỉ > Hệ điều hành Linux,data/processed/Mạng máy tính và truyền thông dữ liệu.md,Mạng máy tính và truyền thông dữ liệu,markdown,data/processed/Mạng máy tính và truyền thông dữ liệu.md,sentence-transformers,1024
70,Mạng máy tính và truyền thông dữ liệu,"Mạng máy tính và truyền thông dữ liệu > III. CHƯƠNG TRÌNH CHI TIẾT > 3. Kiến thức chuyên ngành: 28 tín chỉ > TC2: Sinh viên chọn 19 tín chỉ > Hệ thống số
- Mã học phần: 125002
- Số tín chỉ: 3
- Ghi chú: Học phần tự chọn 2 (TC2)",III. CHƯƠNG TRÌNH CHI TIẾT,3. Kiến thức chuyên ngành: 28 tín chỉ,TC2: Sinh viên chọn 19 tín chỉ,Hệ thống số,Mạng máy tính và truyền thông dữ liệu > III. CHƯƠNG TRÌNH CHI TIẾT > 3. Kiến thức chuyên ngành: 28 tín chỉ > TC2: Sinh viên chọn 19 tín chỉ > Hệ thống số,data/processed/Mạng máy tính và truyền thông dữ liệu.md,Mạng máy tính và truyền thông dữ liệu,markdown,data/processed/Mạng máy tính và truyền thông dữ liệu.md,sentence-transformers,1024
71,Mạng máy tính và truyền thông dữ liệu,"Mạng máy tính và truyền thông dữ liệu > III. CHƯƠNG TRÌNH CHI TIẾT > 3. Kiến thức chuyên ngành: 28 tín chỉ > TC2: Sinh viên chọn 19 tín chỉ > Kỹ thuật chuyển mạch
- Mã học phần: 125005
- Số tín chỉ: 2
- Ghi chú: Học phần tự chọn 2 (TC2)",III. CHƯƠNG TRÌNH CHI TIẾT,3. Kiến thức chuyên ngành: 28 tín chỉ,TC2: Sinh viên chọn 19 tín chỉ,Kỹ thuật chuyển mạch,Mạng máy tính và truyền thông dữ liệu > III. CHƯƠNG TRÌNH CHI TIẾT > 3. Kiến thức chuyên ngành: 28 tín chỉ > TC2: Sinh viên chọn 19 tín chỉ > Kỹ thuật chuyển mạch,data/processed/Mạng máy tính và truyền thông dữ liệu.md,Mạng máy tính và truyền thông dữ liệu,markdown,data/processed/Mạng máy tính và truyền thông dữ liệu.md,sentence-transformers,1024
72,Mạng máy tính và truyền thông dữ liệu,"Mạng máy tính và truyền thông dữ liệu > III. CHƯƠNG TRÌNH CHI TIẾT > 3. Kiến thức chuyên ngành: 28 tín chỉ > TC2: Sinh viên chọn 19 tín chỉ > Lý thuyết truyền tin
- Mã học phần: 125007
- Số tín chỉ: 3
- Ghi chú: Học phần tự chọn 2 (TC2)",III. CHƯƠNG TRÌNH CHI TIẾT,3. Kiến thức chuyên ngành: 28 tín chỉ,TC2: Sinh viên chọn 19 tín chỉ,Lý thuyết truyền tin,Mạng máy tính và truyền thông dữ liệu > III. CHƯƠNG TRÌNH CHI TIẾT > 3. Kiến thức chuyên ngành: 28 tín chỉ > TC2: Sinh viên chọn 19 tín chỉ > Lý thuyết truyền tin,data/processed/Mạng máy tính và truyền thông dữ liệu.md,Mạng máy tính và truyền thông dữ liệu,markdown,data/processed/Mạng máy tính và truyền thông dữ liệu.md,sentence-transformers,1024
73,Mạng máy tính và truyền thông dữ liệu,"Mạng máy tính và truyền thông dữ liệu > III. CHƯƠNG TRÌNH CHI TIẾT > 3. Kiến thức chuyên ngành: 28 tín chỉ > TC2: Sinh viên chọn 19 tín chỉ > Kỹ thuật định tuyến
- Mã học phần: 125010
- Số tín chỉ: 3
- Ghi chú: Học phần tự chọn 2 (TC2)",III. CHƯƠNG TRÌNH CHI TIẾT,3. Kiến thức chuyên ngành: 28 tín chỉ,TC2: Sinh viên chọn 19 tín chỉ,Kỹ thuật định tuyến,Mạng máy tính và truyền thông dữ liệu > III. CHƯƠNG TRÌNH CHI TIẾT > 3. Kiến thức chuyên ngành: 28 tín chỉ > TC2: Sinh viên chọn 19 tín chỉ > Kỹ thuật định tuyến,data/processed/Mạng máy tính và truyền thông dữ liệu.md,Mạng máy tính và truyền thông dữ liệu,markdown,data/processed/Mạng máy tính và truyền thông dữ liệu.md,sentence-transformers,1024
74,Mạng máy tính và truyền thông dữ liệu,"Mạng máy tính và truyền thông dữ liệu > III. CHƯƠNG TRÌNH CHI TIẾT > 3. Kiến thức chuyên ngành: 28 tín chỉ > TC2: Sinh viên chọn 19 tín chỉ > Hệ thống thông tin quang
- Mã học phần: 125013
- Số tín chỉ: 2
- Ghi chú: Học phần tự chọn 2 (TC2)",III. CHƯƠNG TRÌNH CHI TIẾT,3. Kiến thức chuyên ngành: 28 tín chỉ,TC2: Sinh viên chọn 19 tín chỉ,Hệ thống thông tin quang,Mạng máy tính và truyền thông dữ liệu > III. CHƯƠNG TRÌNH CHI TIẾT > 3. Kiến thức chuyên ngành: 28 tín chỉ > TC2: Sinh viên chọn 19 tín chỉ > Hệ thống thông tin quang,data/processed/Mạng máy tính và truyền thông dữ liệu.md,Mạng máy tính và truyền thông dữ liệu,markdown,data/processed/Mạng máy tính và truyền thông dữ liệu.md,sentence-transformers,1024
75,Mạng máy tính và truyền thông dữ liệu,"Mạng máy tính và truyền thông dữ liệu > III. CHƯƠNG TRÌNH CHI TIẾT > 4. Danh sách chuyên ngành nhóm tự chọn TC3
Sinh viên chọn 9 tín chỉ (nếu không làm Luận văn tốt nghiệp)
Hoặc chọn thêm 3 tín chỉ tự chọn (nếu có làm Luận văn tốt nghiệp)",III. CHƯƠNG TRÌNH CHI TIẾT,4. Danh sách chuyên ngành nhóm tự chọn TC3,,,Mạng máy tính và truyền thông dữ liệu > III. CHƯƠNG TRÌNH CHI TIẾT > 4. Danh sách chuyên ngành nhóm tự chọn TC3,data/processed/Mạng máy tính và truyền thông dữ liệu.md,Mạng máy tính và truyền thông dữ liệu,markdown,data/processed/Mạng máy tính và truyền thông dữ liệu.md,sentence-transformers,1024
76,Mạng máy tính và truyền thông dữ liệu,"Mạng máy tính và truyền thông dữ liệu > III. CHƯƠNG TRÌNH CHI TIẾT > 4. Danh sách chuyên ngành nhóm tự chọn TC3 > Luận văn tốt nghiệp
- Mã học phần: 126001
- Số tín chỉ: 6
- Ghi chú: Học phần tự chọn 3 (TC3)",III. CHƯƠNG TRÌNH CHI TIẾT,4. Danh sách chuyên ngành nhóm tự chọn TC3,Luận văn tốt nghiệp,,Mạng máy tính và truyền thông dữ liệu > III. CHƯƠNG TRÌNH CHI TIẾT > 4. Danh sách chuyên ngành nhóm tự chọn TC3 > Luận văn tốt nghiệp,data/processed/Mạng máy tính và truyền thông dữ liệu.md,Mạng máy tính và truyền thông dữ liệu,markdown,data/processed/Mạng máy tính và truyền thông dữ liệu.md,sentence-transformers,1024
77,Mạng máy tính và truyền thông dữ liệu,"Mạng máy tính và truyền thông dữ liệu > III. CHƯƠNG TRÌNH CHI TIẾT > 4. Danh sách chuyên ngành nhóm tự chọn TC3 > Trí tuệ nhân tạo
- Mã học phần: 121033
- Số tín chỉ: 3
- Ghi chú: Học phần tự chọn 3 (TC3)",III. CHƯƠNG TRÌNH CHI TIẾT,4. Danh sách chuyên ngành nhóm tự chọn TC3,Trí tuệ nhân tạo,,Mạng máy tính và truyền thông dữ liệu > III. CHƯƠNG TRÌNH CHI TIẾT > 4. Danh sách chuyên ngành nhóm tự chọn TC3 > Trí tuệ nhân tạo,data/processed/Mạng máy tính và truyền thông dữ liệu.md,Mạng máy tính và truyền thông dữ liệu,markdown,data/processed/Mạng máy tính và truyền thông dữ liệu.md,sentence-transformers,1024
78,Mạng máy tính và truyền thông dữ liệu,"Mạng máy tính và truyền thông dữ liệu > III. CHƯƠNG TRÌNH CHI TIẾT > 4. Danh sách chuyên ngành nhóm tự chọn TC3 > Khai thác dữ liệu
- Mã học phần: 122041
- Số tín chỉ: 3
- Ghi chú: Học phần tự chọn 3 (TC3)",III. CHƯƠNG TRÌNH CHI TIẾT,4. Danh sách chuyên ngành nhóm tự chọn TC3,Khai thác dữ liệu,,Mạng máy tính và truyền thông dữ liệu > III. CHƯƠNG TRÌNH CHI TIẾT > 4. Danh sách chuyên ngành nhóm tự chọn TC3 > Khai thác dữ liệu,data/processed/Mạng máy tính và truyền thông dữ liệu.md,Mạng máy tính và truyền thông dữ liệu,markdown,data/processed/Mạng máy tính và truyền thông dữ liệu.md,sentence-transformers,1024
79,Mạng máy tính và truyền thông dữ liệu,"Mạng máy tính và truyền thông dữ liệu > III. CHƯƠNG TRÌNH CHI TIẾT > 4. Danh sách chuyên ngành nhóm tự chọn TC3 > Lập trình mạng
- Mã học phần: 123013
- Số tín chỉ: 3
- Ghi chú: Học phần tự chọn 3 (TC3)",III. CHƯƠNG TRÌNH CHI TIẾT,4. Danh sách chuyên ngành nhóm tự chọn TC3,Lập trình mạng,,Mạng máy tính và truyền thông dữ liệu > III. CHƯƠNG TRÌNH CHI TIẾT > 4. Danh sách chuyên ngành nhóm tự chọn TC3 > Lập trình mạng,data/processed/Mạng máy tính và truyền thông dữ liệu.md,Mạng máy tính và truyền thông dữ liệu,markdown,data/processed/Mạng máy tính và truyền thông dữ liệu.md,sentence-transformers,1024
80,Mạng máy tính và truyền thông dữ liệu,"Mạng máy tính và truyền thông dữ liệu > III. CHƯƠNG TRÌNH CHI TIẾT > 4. Danh sách chuyên ngành nhóm tự chọn TC3 > Điện toán đám mây
- Mã học phần: 123039
- Số tín chỉ: 3
- Ghi chú: Học phần tự chọn 3 (TC3)",III. CHƯƠNG TRÌNH CHI TIẾT,4. Danh sách chuyên ngành nhóm tự chọn TC3,Điện toán đám mây,,Mạng máy tính và truyền thông dữ liệu > III. CHƯƠNG TRÌNH CHI TIẾT > 4. Danh sách chuyên ngành nhóm tự chọn TC3 > Điện toán đám mây,data/processed/Mạng máy tính và truyền thông dữ liệu.md,Mạng máy tính và truyền thông dữ liệu,markdown,data/processed/Mạng máy tính và truyền thông dữ liệu.md,sentence-transformers,1024
81,Mạng máy tính và truyền thông dữ liệu,"Mạng máy tính và truyền thông dữ liệu > III. CHƯƠNG TRÌNH CHI TIẾT > 4. Danh sách chuyên ngành nhóm tự chọn TC3 > Hệ thống viễn thông thế hệ mới
- Mã học phần: 125011
- Số tín chỉ: 3
- Ghi chú: Học phần tự chọn 3 (TC3)",III. CHƯƠNG TRÌNH CHI TIẾT,4. Danh sách chuyên ngành nhóm tự chọn TC3,Hệ thống viễn thông thế hệ mới,,Mạng máy tính và truyền thông dữ liệu > III. CHƯƠNG TRÌNH CHI TIẾT > 4. Danh sách chuyên ngành nhóm tự chọn TC3 > Hệ thống viễn thông thế hệ mới,data/processed/Mạng máy tính và truyền thông dữ liệu.md,Mạng máy tính và truyền thông dữ liệu,markdown,data/processed/Mạng máy tính và truyền thông dữ liệu.md,sentence-transformers,1024
82,Mạng máy tính và truyền thông dữ liệu,"Mạng máy tính và truyền thông dữ liệu > III. CHƯƠNG TRÌNH CHI TIẾT > 4. Danh sách chuyên ngành nhóm tự chọn TC3 > Quản lý mạng viễn thông
- Mã học phần: 125014
- Số tín chỉ: 3
- Ghi chú: Học phần tự chọn 3 (TC3)",III. CHƯƠNG TRÌNH CHI TIẾT,4. Danh sách chuyên ngành nhóm tự chọn TC3,Quản lý mạng viễn thông,,Mạng máy tính và truyền thông dữ liệu > III. CHƯƠNG TRÌNH CHI TIẾT > 4. Danh sách chuyên ngành nhóm tự chọn TC3 > Quản lý mạng viễn thông,data/processed/Mạng máy tính và truyền thông dữ liệu.md,Mạng máy tính và truyền thông dữ liệu,markdown,data/processed/Mạng máy tính và truyền thông dữ liệu.md,sentence-transformers,1024
83,Mạng máy tính và truyền thông dữ liệu,"Mạng máy tính và truyền thông dữ liệu > III. CHƯƠNG TRÌNH CHI TIẾT > 5. Kiến thức bổ trợ:
(không tính điểm tích lũy vào chương trình học)",III. CHƯƠNG TRÌNH CHI TIẾT,5. Kiến thức bổ trợ:,,,Mạng máy tính và truyền thông dữ liệu > III. CHƯƠNG TRÌNH CHI TIẾT > 5. Kiến thức bổ trợ:,data/processed/Mạng máy tính và truyền thông dữ liệu.md,Mạng máy tính và truyền thông dữ liệu,markdown,data/processed/Mạng máy tính và truyền thông dữ liệu.md,sentence-transformers,1024
84,Mạng máy tính và truyền thông dữ liệu,"Mạng máy tính và truyền thông dữ liệu > III. CHƯƠNG TRÌNH CHI TIẾT > 5. Kiến thức bổ trợ: > Giáo dục thể chất
(theo Quyết định 490/ĐHGTVT-ĐT ngày 06/6/2016)",III. CHƯƠNG TRÌNH CHI TIẾT,5. Kiến thức bổ trợ:,Giáo dục thể chất,,Mạng máy tính và truyền thông dữ liệu > III. CHƯƠNG TRÌNH CHI TIẾT > 5. Kiến thức bổ trợ: > Giáo dục thể chất,data/processed/Mạng máy tính và truyền thông dữ liệu.md,Mạng máy tính và truyền thông dữ liệu,markdown,data/processed/Mạng máy tính và truyền thông dữ liệu.md,sentence-transformers,1024
85,Mạng máy tính và truyền thông dữ liệu,"Mạng máy tính và truyền thông dữ liệu > III. CHƯƠNG TRÌNH CHI TIẾT > 5. Kiến thức bổ trợ: > Giáo dục thể chất > Lý thuyết GDTC
- Mã học phần: 004101
- Số tín chỉ: 1
- Ghi chú: Học phần bắt buộc",III. CHƯƠNG TRÌNH CHI TIẾT,5. Kiến thức bổ trợ:,Giáo dục thể chất,Lý thuyết GDTC,Mạng máy tính và truyền thông dữ liệu > III. CHƯƠNG TRÌNH CHI TIẾT > 5. Kiến thức bổ trợ: > Giáo dục thể chất > Lý thuyết GDTC,data/processed/Mạng máy tính và truyền thông dữ liệu.md,Mạng máy tính và truyền thông dữ liệu,markdown,data/processed/Mạng máy tính và truyền thông dữ liệu.md,sentence-transformers,1024
86,Mạng máy tính và truyền thông dữ liệu,"Mạng máy tính và truyền thông dữ liệu > III. CHƯƠNG TRÌNH CHI TIẾT > 5. Kiến thức bổ trợ: > Giáo dục thể chất > Điền kinh
- Mã học phần: 004105
- Số tín chỉ: 1
- Ghi chú: Học phần bắt buộc",III. CHƯƠNG TRÌNH CHI TIẾT,5. Kiến thức bổ trợ:,Giáo dục thể chất,Điền kinh,Mạng máy tính và truyền thông dữ liệu > III. CHƯƠNG TRÌNH CHI TIẾT > 5. Kiến thức bổ trợ: > Giáo dục thể chất > Điền kinh,data/processed/Mạng máy tính và truyền thông dữ liệu.md,Mạng máy tính và truyền thông dữ liệu,markdown,data/processed/Mạng máy tính và truyền thông dữ liệu.md,sentence-transformers,1024
87,Mạng máy tính và truyền thông dữ liệu,"Mạng máy tính và truyền thông dữ liệu > III. CHƯƠNG TRÌNH CHI TIẾT > 5. Kiến thức bổ trợ: > Giáo dục thể chất > Bơi 1 (50m)
- Mã học phần: 004103
- Số tín chỉ: 1
- Ghi chú: Học phần tự chọn",III. CHƯƠNG TRÌNH CHI TIẾT,5. Kiến thức bổ trợ:,Giáo dục thể chất,Bơi 1 (50m),Mạng máy tính và truyền thông dữ liệu > III. CHƯƠNG TRÌNH CHI TIẾT > 5. Kiến thức bổ trợ: > Giáo dục thể chất > Bơi 1 (50m),data/processed/Mạng máy tính và truyền thông dữ liệu.md,Mạng máy tính và truyền thông dữ liệu,markdown,data/processed/Mạng máy tính và truyền thông dữ liệu.md,sentence-transformers,1024
88,Mạng máy tính và truyền thông dữ liệu,"Mạng máy tính và truyền thông dữ liệu > III. CHƯƠNG TRÌNH CHI TIẾT > 5. Kiến thức bổ trợ: > Giáo dục thể chất > Bơi 2 (200m)
- Mã học phần: 004104
- Số tín chỉ: 1
- Ghi chú: Học phần tự chọn",III. CHƯƠNG TRÌNH CHI TIẾT,5. Kiến thức bổ trợ:,Giáo dục thể chất,Bơi 2 (200m),Mạng máy tính và truyền thông dữ liệu > III. CHƯƠNG TRÌNH CHI TIẾT > 5. Kiến thức bổ trợ: > Giáo dục thể chất > Bơi 2 (200m),data/processed/Mạng máy tính và truyền thông dữ liệu.md,Mạng máy tính và truyền thông dữ liệu,markdown,data/processed/Mạng máy tính và truyền thông dữ liệu.md,sentence-transformers,1024
89,Mạng máy tính và truyền thông dữ liệu,"Mạng máy tính và truyền thông dữ liệu > III. CHƯƠNG TRÌNH CHI TIẾT > 5. Kiến thức bổ trợ: > Giáo dục thể chất > Bóng chuyền
- Mã học phần: 004106
- Số tín chỉ: 1
- Ghi chú: Học phần tự chọn",III. CHƯƠNG TRÌNH CHI TIẾT,5. Kiến thức bổ trợ:,Giáo dục thể chất,Bóng chuyền,Mạng máy tính và truyền thông dữ liệu > III. CHƯƠNG TRÌNH CHI TIẾT > 5. Kiến thức bổ trợ: > Giáo dục thể chất > Bóng chuyền,data/processed/Mạng máy tính và truyền thông dữ liệu.md,Mạng máy tính và truyền thông dữ liệu,markdown,data/processed/Mạng máy tính và truyền thông dữ liệu.md,sentence-transformers,1024
90,Mạng máy tính và truyền thông dữ liệu,"Mạng máy tính và truyền thông dữ liệu > III. CHƯƠNG TRÌNH CHI TIẾT > 5. Kiến thức bổ trợ: > Giáo dục thể chất > Bóng đá
- Mã học phần: 004107
- Số tín chỉ: 1
- Ghi chú: Học phần tự chọn",III. CHƯƠNG TRÌNH CHI TIẾT,5. Kiến thức bổ trợ:,Giáo dục thể chất,Bóng đá,Mạng máy tính và truyền thông dữ liệu > III. CHƯƠNG TRÌNH CHI TIẾT > 5. Kiến thức bổ trợ: > Giáo dục thể chất > Bóng đá,data/processed/Mạng máy tính và truyền thông dữ liệu.md,Mạng máy tính và truyền thông dữ liệu,markdown,data/processed/Mạng máy tính và truyền thông dữ liệu.md,sentence-transformers,1024
91,Mạng máy tính và truyền thông dữ liệu,"Mạng máy tính và truyền thông dữ liệu > III. CHƯƠNG TRÌNH CHI TIẾT > 5. Kiến thức bổ trợ: > Giáo dục thể chất > Bóng rổ
- Mã học phần: 004108
- Số tín chỉ: 1
- Ghi chú: Học phần tự chọn",III. CHƯƠNG TRÌNH CHI TIẾT,5. Kiến thức bổ trợ:,Giáo dục thể chất,Bóng rổ,Mạng máy tính và truyền thông dữ liệu > III. CHƯƠNG TRÌNH CHI TIẾT > 5. Kiến thức bổ trợ: > Giáo dục thể chất > Bóng rổ,data/processed/Mạng máy tính và truyền thông dữ liệu.md,Mạng máy tính và truyền thông dữ liệu,markdown,data/processed/Mạng máy tính và truyền thông dữ liệu.md,sentence-transformers,1024
92,Mạng máy tính và truyền thông dữ liệu,"Mạng máy tính và truyền thông dữ liệu > III. CHƯƠNG TRÌNH CHI TIẾT > 5. Kiến thức bổ trợ: > Giáo dục thể chất > Bóng bàn
- Mã học phần: 004109
- Số tín chỉ: 1
- Ghi chú: Học phần tự chọn",III. CHƯƠNG TRÌNH CHI TIẾT,5. Kiến thức bổ trợ:,Giáo dục thể chất,Bóng bàn,Mạng máy tính và truyền thông dữ liệu > III. CHƯƠNG TRÌNH CHI TIẾT > 5. Kiến thức bổ trợ: > Giáo dục thể chất > Bóng bàn,data/processed/Mạng máy tính và truyền thông dữ liệu.md,Mạng máy tính và truyền thông dữ liệu,markdown,data/processed/Mạng máy tính và truyền thông dữ liệu.md,sentence-transformers,1024
93,Mạng máy tính và truyền thông dữ liệu,"Mạng máy tính và truyền thông dữ liệu > III. CHƯƠNG TRÌNH CHI TIẾT > 5. Kiến thức bổ trợ: > Giáo dục thể chất > Cờ vua
- Mã học phần: 004110
- Số tín chỉ: 1
- Ghi chú: Học phần tự chọn",III. CHƯƠNG TRÌNH CHI TIẾT,5. Kiến thức bổ trợ:,Giáo dục thể chất,Cờ vua,Mạng máy tính và truyền thông dữ liệu > III. CHƯƠNG TRÌNH CHI TIẾT > 5. Kiến thức bổ trợ: > Giáo dục thể chất > Cờ vua,data/processed/Mạng máy tính và truyền thông dữ liệu.md,Mạng máy tính và truyền thông dữ liệu,markdown,data/processed/Mạng máy tính và truyền thông dữ liệu.md,sentence-transformers,1024
94,Mạng máy tính và truyền thông dữ liệu,"Mạng máy tính và truyền thông dữ liệu > III. CHƯƠNG TRÌNH CHI TIẾT > 5. Kiến thức bổ trợ: > Giáo dục Quốc phòng và An ninh
_(theo Thông tư 05/2020/TT-BGDĐT ngày 18/3/2020)_  
Tổng thời lượng: 165 tiết (BB)",III. CHƯƠNG TRÌNH CHI TIẾT,5. Kiến thức bổ trợ:,Giáo dục Quốc phòng và An ninh,,Mạng máy tính và truyền thông dữ liệu > III. CHƯƠNG TRÌNH CHI TIẾT > 5. Kiến thức bổ trợ: > Giáo dục Quốc phòng và An ninh,data/processed/Mạng máy tính và truyền thông dữ liệu.md,Mạng máy tính và truyền thông dữ liệu,markdown,data/processed/Mạng máy tính và truyền thông dữ liệu.md,sentence-transformers,1024
95,Mạng máy tính và truyền thông dữ liệu,"Mạng máy tính và truyền thông dữ liệu > III. CHƯƠNG TRÌNH CHI TIẾT > 5. Kiến thức bổ trợ: > Giáo dục Quốc phòng và An ninh > Đường lối quốc phòng và an ninh của Đảng
- Mã học phần: 007201
- Số tiết: 45 tiết",III. CHƯƠNG TRÌNH CHI TIẾT,5. Kiến thức bổ trợ:,Giáo dục Quốc phòng và An ninh,Đường lối quốc phòng và an ninh của Đảng,Mạng máy tính và truyền thông dữ liệu > III. CHƯƠNG TRÌNH CHI TIẾT > 5. Kiến thức bổ trợ: > Giáo dục Quốc phòng và An ninh > Đường lối quốc phòng và an ninh của Đảng,data/processed/Mạng máy tính và truyền thông dữ liệu.md,Mạng máy tính và truyền thông dữ liệu,markdown,data/processed/Mạng máy tính và truyền thông dữ liệu.md,sentence-transformers,1024
96,Mạng máy tính và truyền thông dữ liệu,"Mạng máy tính và truyền thông dữ liệu > III. CHƯƠNG TRÌNH CHI TIẾT > 5. Kiến thức bổ trợ: > Giáo dục Quốc phòng và An ninh > Công tác quốc phòng và an ninh
- Mã học phần: 007202
- Số tiết: 30 tiết",III. CHƯƠNG TRÌNH CHI TIẾT,5. Kiến thức bổ trợ:,Giáo dục Quốc phòng và An ninh,Công tác quốc phòng và an ninh,Mạng máy tính và truyền thông dữ liệu > III. CHƯƠNG TRÌNH CHI TIẾT > 5. Kiến thức bổ trợ: > Giáo dục Quốc phòng và An ninh > Công tác quốc phòng và an ninh,data/processed/Mạng máy tính và truyền thông dữ liệu.md,Mạng máy tính và truyền thông dữ liệu,markdown,data/processed/Mạng máy tính và truyền thông dữ liệu.md,sentence-transformers,1024
97,Mạng máy tính và truyền thông dữ liệu,"Mạng máy tính và truyền thông dữ liệu > III. CHƯƠNG TRÌNH CHI TIẾT > 5. Kiến thức bổ trợ: > Giáo dục Quốc phòng và An ninh > Quân sự chung
- Mã học phần: 007203
- Số tiết: 60 tiết",III. CHƯƠNG TRÌNH CHI TIẾT,5. Kiến thức bổ trợ:,Giáo dục Quốc phòng và An ninh,Quân sự chung,Mạng máy tính và truyền thông dữ liệu > III. CHƯƠNG TRÌNH CHI TIẾT > 5. Kiến thức bổ trợ: > Giáo dục Quốc phòng và An ninh > Quân sự chung,data/processed/Mạng máy tính và truyền thông dữ liệu.md,Mạng máy tính và truyền thông dữ liệu,markdown,data/processed/Mạng máy tính và truyền thông dữ liệu.md,sentence-transformers,1024
98,Mạng máy tính và truyền thông dữ liệu,"Mạng máy tính và truyền thông dữ liệu > III. CHƯƠNG TRÌNH CHI TIẾT > 5. Kiến thức bổ trợ: > Giáo dục Quốc phòng và An ninh > Kỹ thuật chiến đấu bộ binh và chiến thuật
- Mã học phần: 007204
- Số tiết: 30 tiết",III. CHƯƠNG TRÌNH CHI TIẾT,5. Kiến thức bổ trợ:,Giáo dục Quốc phòng và An ninh,Kỹ thuật chiến đấu bộ binh và chiến thuật,Mạng máy tính và truyền thông dữ liệu > III. CHƯƠNG TRÌNH CHI TIẾT > 5. Kiến thức bổ trợ: > Giáo dục Quốc phòng và An ninh > Kỹ thuật chiến đấu bộ binh và chiến thuật,data/processed/Mạng máy tính và truyền thông dữ liệu.md,Mạng máy tính và truyền thông dữ liệu,markdown,data/processed/Mạng máy tính và truyền thông dữ liệu.md,sentence-transformers,1024
99,Mạng máy tính và truyền thông dữ liệu,"Mạng máy tính và truyền thông dữ liệu > IV. KẾ HOẠCH HỌC TẬP > Học kỳ 1
_(Bắt buộc 6 học phần, tự chọn 0 học phần) — 15 tín chỉ_",IV. KẾ HOẠCH HỌC TẬP,Học kỳ 1,,,Mạng máy tính và truyền thông dữ liệu > IV. KẾ HOẠCH HỌC TẬP > Học kỳ 1,data/processed/Mạng máy tính và truyền thông dữ liệu.md,Mạng máy tính và truyền thông dữ liệu,markdown,data/processed/Mạng máy tính và truyền thông dữ liệu.md,sentence-transformers,1024
100,Mạng máy tính và truyền thông dữ liệu,"Mạng máy tính và truyền thông dữ liệu > IV. KẾ HOẠCH HỌC TẬP > Học kỳ 1 > Đại số
- Mã học phần: 001201
- Số tín chỉ: 2
- Loại học phần: Học phần bắt buộc",IV. KẾ HOẠCH HỌC TẬP,Học kỳ 1,Đại số,,Mạng máy tính và truyền thông dữ liệu > IV. KẾ HOẠCH HỌC TẬP > Học kỳ 1 > Đại số,data/processed/Mạng máy tính và truyền thông dữ liệu.md,Mạng máy tính và truyền thông dữ liệu,markdown,data/processed/Mạng máy tính và truyền thông dữ liệu.md,sentence-transformers,1024
101,Mạng máy tính và truyền thông dữ liệu,"Mạng máy tính và truyền thông dữ liệu > IV. KẾ HOẠCH HỌC TẬP > Học kỳ 1 > Giải tích
- Mã học phần: 001202
- Số tín chỉ: 3
- Loại học phần: Học phần bắt buộc",IV. KẾ HOẠCH HỌC TẬP,Học kỳ 1,Giải tích,,Mạng máy tính và truyền thông dữ liệu > IV. KẾ HOẠCH HỌC TẬP > Học kỳ 1 > Giải tích,data/processed/Mạng máy tính và truyền thông dữ liệu.md,Mạng máy tính và truyền thông dữ liệu,markdown,data/processed/Mạng máy tính và truyền thông dữ liệu.md,sentence-transformers,1024
102,Mạng máy tính và truyền thông dữ liệu,"Mạng máy tính và truyền thông dữ liệu > IV. KẾ HOẠCH HỌC TẬP > Học kỳ 1 > Quản trị doanh nghiệp CNTT
- Mã học phần: 121037
- Số tín chỉ: 2
- Loại học phần: Học phần bắt buộc",IV. KẾ HOẠCH HỌC TẬP,Học kỳ 1,Quản trị doanh nghiệp CNTT,,Mạng máy tính và truyền thông dữ liệu > IV. KẾ HOẠCH HỌC TẬP > Học kỳ 1 > Quản trị doanh nghiệp CNTT,data/processed/Mạng máy tính và truyền thông dữ liệu.md,Mạng máy tính và truyền thông dữ liệu,markdown,data/processed/Mạng máy tính và truyền thông dữ liệu.md,sentence-transformers,1024
103,Mạng máy tính và truyền thông dữ liệu,"Mạng máy tính và truyền thông dữ liệu > IV. KẾ HOẠCH HỌC TẬP > Học kỳ 1 > Tin học cơ bản
- Mã học phần: 124012
- Số tín chỉ: 2
- Loại học phần: Học phần bắt buộc",IV. KẾ HOẠCH HỌC TẬP,Học kỳ 1,Tin học cơ bản,,Mạng máy tính và truyền thông dữ liệu > IV. KẾ HOẠCH HỌC TẬP > Học kỳ 1 > Tin học cơ bản,data/processed/Mạng máy tính và truyền thông dữ liệu.md,Mạng máy tính và truyền thông dữ liệu,markdown,data/processed/Mạng máy tính và truyền thông dữ liệu.md,sentence-transformers,1024
104,Mạng máy tính và truyền thông dữ liệu,"Mạng máy tính và truyền thông dữ liệu > IV. KẾ HOẠCH HỌC TẬP > Học kỳ 1 > Kiến trúc máy tính
- Mã học phần: 125000
- Số tín chỉ: 3
- Loại học phần: Học phần bắt buộc",IV. KẾ HOẠCH HỌC TẬP,Học kỳ 1,Kiến trúc máy tính,,Mạng máy tính và truyền thông dữ liệu > IV. KẾ HOẠCH HỌC TẬP > Học kỳ 1 > Kiến trúc máy tính,data/processed/Mạng máy tính và truyền thông dữ liệu.md,Mạng máy tính và truyền thông dữ liệu,markdown,data/processed/Mạng máy tính và truyền thông dữ liệu.md,sentence-transformers,1024
105,Mạng máy tính và truyền thông dữ liệu,"Mạng máy tính và truyền thông dữ liệu > IV. KẾ HOẠCH HỌC TẬP > Học kỳ 1 > Nhập môn ngành MMT&TTDL
- Mã học phần: 125015
- Số tín chỉ: 3
- Loại học phần: Học phần bắt buộc",IV. KẾ HOẠCH HỌC TẬP,Học kỳ 1,Nhập môn ngành MMT&TTDL,,Mạng máy tính và truyền thông dữ liệu > IV. KẾ HOẠCH HỌC TẬP > Học kỳ 1 > Nhập môn ngành MMT&TTDL,data/processed/Mạng máy tính và truyền thông dữ liệu.md,Mạng máy tính và truyền thông dữ liệu,markdown,data/processed/Mạng máy tính và truyền thông dữ liệu.md,sentence-transformers,1024
106,Mạng máy tính và truyền thông dữ liệu,"Mạng máy tính và truyền thông dữ liệu > IV. KẾ HOẠCH HỌC TẬP > Học kỳ 2
_(Bắt buộc 6 học phần, tự chọn 0 học phần) — 16 tín chỉ_",IV. KẾ HOẠCH HỌC TẬP,Học kỳ 2,,,Mạng máy tính và truyền thông dữ liệu > IV. KẾ HOẠCH HỌC TẬP > Học kỳ 2,data/processed/Mạng máy tính và truyền thông dữ liệu.md,Mạng máy tính và truyền thông dữ liệu,markdown,data/processed/Mạng máy tính và truyền thông dữ liệu.md,sentence-transformers,1024
107,Mạng máy tính và truyền thông dữ liệu,"Mạng máy tính và truyền thông dữ liệu > IV. KẾ HOẠCH HỌC TẬP > Học kỳ 2 > Giải tích 2
- Mã học phần: 001203
- Số tín chỉ: 3
- Loại học phần: Học phần bắt buộc
- Học phần học trước: 001202",IV. KẾ HOẠCH HỌC TẬP,Học kỳ 2,Giải tích 2,,Mạng máy tính và truyền thông dữ liệu > IV. KẾ HOẠCH HỌC TẬP > Học kỳ 2 > Giải tích 2,data/processed/Mạng máy tính và truyền thông dữ liệu.md,Mạng máy tính và truyền thông dữ liệu,markdown,data/processed/Mạng máy tính và truyền thông dữ liệu.md,sentence-transformers,1024
108,Mạng máy tính và truyền thông dữ liệu,"Mạng máy tính và truyền thông dữ liệu > IV. KẾ HOẠCH HỌC TẬP > Học kỳ 2 > Pháp luật đại cương
- Mã học phần: 005004
- Số tín chỉ: 2
- Loại học phần: Học phần bắt buộc",IV. KẾ HOẠCH HỌC TẬP,Học kỳ 2,Pháp luật đại cương,,Mạng máy tính và truyền thông dữ liệu > IV. KẾ HOẠCH HỌC TẬP > Học kỳ 2 > Pháp luật đại cương,data/processed/Mạng máy tính và truyền thông dữ liệu.md,Mạng máy tính và truyền thông dữ liệu,markdown,data/processed/Mạng máy tính và truyền thông dữ liệu.md,sentence-transformers,1024
109,Mạng máy tính và truyền thông dữ liệu,"Mạng máy tính và truyền thông dữ liệu > IV. KẾ HOẠCH HỌC TẬP > Học kỳ 2 > Triết học Mác - Lênin
- Mã học phần: 005105
- Số tín chỉ: 3
- Loại học phần: Học phần bắt buộc",IV. KẾ HOẠCH HỌC TẬP,Học kỳ 2,Triết học Mác - Lênin,,Mạng máy tính và truyền thông dữ liệu > IV. KẾ HOẠCH HỌC TẬP > Học kỳ 2 > Triết học Mác - Lênin,data/processed/Mạng máy tính và truyền thông dữ liệu.md,Mạng máy tính và truyền thông dữ liệu,markdown,data/processed/Mạng máy tính và truyền thông dữ liệu.md,sentence-transformers,1024
110,Mạng máy tính và truyền thông dữ liệu,"Mạng máy tính và truyền thông dữ liệu > IV. KẾ HOẠCH HỌC TẬP > Học kỳ 2 > Kỹ thuật lập trình
- Mã học phần: 124001
- Số tín chỉ: 3
- Loại học phần: Học phần bắt buộc",IV. KẾ HOẠCH HỌC TẬP,Học kỳ 2,Kỹ thuật lập trình,,Mạng máy tính và truyền thông dữ liệu > IV. KẾ HOẠCH HỌC TẬP > Học kỳ 2 > Kỹ thuật lập trình,data/processed/Mạng máy tính và truyền thông dữ liệu.md,Mạng máy tính và truyền thông dữ liệu,markdown,data/processed/Mạng máy tính và truyền thông dữ liệu.md,sentence-transformers,1024
111,Mạng máy tính và truyền thông dữ liệu,"Mạng máy tính và truyền thông dữ liệu > IV. KẾ HOẠCH HỌC TẬP > Học kỳ 2 > Kỹ thuật truyền số liệu
- Mã học phần: 125003
- Số tín chỉ: 3
- Loại học phần: Học phần bắt buộc
- Học phần học trước: 125015",IV. KẾ HOẠCH HỌC TẬP,Học kỳ 2,Kỹ thuật truyền số liệu,,Mạng máy tính và truyền thông dữ liệu > IV. KẾ HOẠCH HỌC TẬP > Học kỳ 2 > Kỹ thuật truyền số liệu,data/processed/Mạng máy tính và truyền thông dữ liệu.md,Mạng máy tính và truyền thông dữ liệu,markdown,data/processed/Mạng máy tính và truyền thông dữ liệu.md,sentence-transformers,1024
112,Mạng máy tính và truyền thông dữ liệu,"Mạng máy tính và truyền thông dữ liệu > IV. KẾ HOẠCH HỌC TẬP > Học kỳ 2 > Tín hiệu và hệ thống
- Mã học phần: 125006
- Số tín chỉ: 3
- Loại học phần: Học phần bắt buộc
- Học phần học trước: 125015",IV. KẾ HOẠCH HỌC TẬP,Học kỳ 2,Tín hiệu và hệ thống,,Mạng máy tính và truyền thông dữ liệu > IV. KẾ HOẠCH HỌC TẬP > Học kỳ 2 > Tín hiệu và hệ thống,data/processed/Mạng máy tính và truyền thông dữ liệu.md,Mạng máy tính và truyền thông dữ liệu,markdown,data/processed/Mạng máy tính và truyền thông dữ liệu.md,sentence-transformers,1024
113,Mạng máy tính và truyền thông dữ liệu,"Mạng máy tính và truyền thông dữ liệu > IV. KẾ HOẠCH HỌC TẬP > Học kỳ 3
_(Bắt buộc 7 học phần, tự chọn 0 học phần) — 16 tín chỉ_",IV. KẾ HOẠCH HỌC TẬP,Học kỳ 3,,,Mạng máy tính và truyền thông dữ liệu > IV. KẾ HOẠCH HỌC TẬP > Học kỳ 3,data/processed/Mạng máy tính và truyền thông dữ liệu.md,Mạng máy tính và truyền thông dữ liệu,markdown,data/processed/Mạng máy tính và truyền thông dữ liệu.md,sentence-transformers,1024
114,Mạng máy tính và truyền thông dữ liệu,"Mạng máy tính và truyền thông dữ liệu > IV. KẾ HOẠCH HỌC TẬP > Học kỳ 3 > Toán chuyên đề 1
- Mã học phần: 001205
- Số tín chỉ: 3
- Loại học phần: Học phần bắt buộc",IV. KẾ HOẠCH HỌC TẬP,Học kỳ 3,Toán chuyên đề 1,,Mạng máy tính và truyền thông dữ liệu > IV. KẾ HOẠCH HỌC TẬP > Học kỳ 3 > Toán chuyên đề 1,data/processed/Mạng máy tính và truyền thông dữ liệu.md,Mạng máy tính và truyền thông dữ liệu,markdown,data/processed/Mạng máy tính và truyền thông dữ liệu.md,sentence-transformers,1024
115,Mạng máy tính và truyền thông dữ liệu,"Mạng máy tính và truyền thông dữ liệu > IV. KẾ HOẠCH HỌC TẬP > Học kỳ 3 > Kinh tế chính trị Mác - Lênin
- Mã học phần: 005106
- Số tín chỉ: 2
- Loại học phần: Học phần bắt buộc
- Học phần tiên quyết: 005105",IV. KẾ HOẠCH HỌC TẬP,Học kỳ 3,Kinh tế chính trị Mác - Lênin,,Mạng máy tính và truyền thông dữ liệu > IV. KẾ HOẠCH HỌC TẬP > Học kỳ 3 > Kinh tế chính trị Mác - Lênin,data/processed/Mạng máy tính và truyền thông dữ liệu.md,Mạng máy tính và truyền thông dữ liệu,markdown,data/processed/Mạng máy tính và truyền thông dữ liệu.md,sentence-transformers,1024
116,Mạng máy tính và truyền thông dữ liệu,"Mạng máy tính và truyền thông dữ liệu > IV. KẾ HOẠCH HỌC TẬP > Học kỳ 3 > Cơ sở dữ liệu
- Mã học phần: 121000
- Số tín chỉ: 3
- Loại học phần: Học phần bắt buộc",IV. KẾ HOẠCH HỌC TẬP,Học kỳ 3,Cơ sở dữ liệu,,Mạng máy tính và truyền thông dữ liệu > IV. KẾ HOẠCH HỌC TẬP > Học kỳ 3 > Cơ sở dữ liệu,data/processed/Mạng máy tính và truyền thông dữ liệu.md,Mạng máy tính và truyền thông dữ liệu,markdown,data/processed/Mạng máy tính và truyền thông dữ liệu.md,sentence-transformers,1024
117,Mạng máy tính và truyền thông dữ liệu,"Mạng máy tính và truyền thông dữ liệu > IV. KẾ HOẠCH HỌC TẬP > Học kỳ 3 > Toán rời rạc
- Mã học phần: 122002
- Số tín chỉ: 2
- Loại học phần: Học phần bắt buộc",IV. KẾ HOẠCH HỌC TẬP,Học kỳ 3,Toán rời rạc,,Mạng máy tính và truyền thông dữ liệu > IV. KẾ HOẠCH HỌC TẬP > Học kỳ 3 > Toán rời rạc,data/processed/Mạng máy tính và truyền thông dữ liệu.md,Mạng máy tính và truyền thông dữ liệu,markdown,data/processed/Mạng máy tính và truyền thông dữ liệu.md,sentence-transformers,1024
118,Mạng máy tính và truyền thông dữ liệu,"Mạng máy tính và truyền thông dữ liệu > IV. KẾ HOẠCH HỌC TẬP > Học kỳ 3 > Lý thuyết đồ thị
- Mã học phần: 122004
- Số tín chỉ: 2
- Loại học phần: Học phần bắt buộc
- Học phần học trước: 124001",IV. KẾ HOẠCH HỌC TẬP,Học kỳ 3,Lý thuyết đồ thị,,Mạng máy tính và truyền thông dữ liệu > IV. KẾ HOẠCH HỌC TẬP > Học kỳ 3 > Lý thuyết đồ thị,data/processed/Mạng máy tính và truyền thông dữ liệu.md,Mạng máy tính và truyền thông dữ liệu,markdown,data/processed/Mạng máy tính và truyền thông dữ liệu.md,sentence-transformers,1024
119,Mạng máy tính và truyền thông dữ liệu,"Mạng máy tính và truyền thông dữ liệu > IV. KẾ HOẠCH HỌC TẬP > Học kỳ 3 > Chuyên đề thực tế 1
- Mã học phần: 122043
- Số tín chỉ: 1
- Loại học phần: Học phần bắt buộc",IV. KẾ HOẠCH HỌC TẬP,Học kỳ 3,Chuyên đề thực tế 1,,Mạng máy tính và truyền thông dữ liệu > IV. KẾ HOẠCH HỌC TẬP > Học kỳ 3 > Chuyên đề thực tế 1,data/processed/Mạng máy tính và truyền thông dữ liệu.md,Mạng máy tính và truyền thông dữ liệu,markdown,data/processed/Mạng máy tính và truyền thông dữ liệu.md,sentence-transformers,1024
120,Mạng máy tính và truyền thông dữ liệu,"Mạng máy tính và truyền thông dữ liệu > IV. KẾ HOẠCH HỌC TẬP > Học kỳ 3 > Mạng máy tính
- Mã học phần: 123002
- Số tín chỉ: 3
- Loại học phần: Học phần bắt buộc",IV. KẾ HOẠCH HỌC TẬP,Học kỳ 3,Mạng máy tính,,Mạng máy tính và truyền thông dữ liệu > IV. KẾ HOẠCH HỌC TẬP > Học kỳ 3 > Mạng máy tính,data/processed/Mạng máy tính và truyền thông dữ liệu.md,Mạng máy tính và truyền thông dữ liệu,markdown,data/processed/Mạng máy tính và truyền thông dữ liệu.md,sentence-transformers,1024
121,Mạng máy tính và truyền thông dữ liệu,"Mạng máy tính và truyền thông dữ liệu > IV. KẾ HOẠCH HỌC TẬP > Học kỳ 4
_(Bắt buộc 6 học phần, tự chọn 0 học phần) — 17 tín chỉ_",IV. KẾ HOẠCH HỌC TẬP,Học kỳ 4,,,Mạng máy tính và truyền thông dữ liệu > IV. KẾ HOẠCH HỌC TẬP > Học kỳ 4,data/processed/Mạng máy tính và truyền thông dữ liệu.md,Mạng máy tính và truyền thông dữ liệu,markdown,data/processed/Mạng máy tính và truyền thông dữ liệu.md,sentence-transformers,1024
122,Mạng máy tính và truyền thông dữ liệu,"Mạng máy tính và truyền thông dữ liệu > IV. KẾ HOẠCH HỌC TẬP > Học kỳ 4 > Chủ nghĩa xã hội khoa học
- Mã học phần: 005107
- Số tín chỉ: 2
- Loại học phần: Học phần bắt buộc
- Học phần tiên quyết: 005105, 005106",IV. KẾ HOẠCH HỌC TẬP,Học kỳ 4,Chủ nghĩa xã hội khoa học,,Mạng máy tính và truyền thông dữ liệu > IV. KẾ HOẠCH HỌC TẬP > Học kỳ 4 > Chủ nghĩa xã hội khoa học,data/processed/Mạng máy tính và truyền thông dữ liệu.md,Mạng máy tính và truyền thông dữ liệu,markdown,data/processed/Mạng máy tính và truyền thông dữ liệu.md,sentence-transformers,1024
123,Mạng máy tính và truyền thông dữ liệu,"Mạng máy tính và truyền thông dữ liệu > IV. KẾ HOẠCH HỌC TẬP > Học kỳ 4 > Lập trình hướng đối tượng
- Mã học phần: 122003
- Số tín chỉ: 3
- Loại học phần: Học phần bắt buộc
- Học phần học trước: 124001",IV. KẾ HOẠCH HỌC TẬP,Học kỳ 4,Lập trình hướng đối tượng,,Mạng máy tính và truyền thông dữ liệu > IV. KẾ HOẠCH HỌC TẬP > Học kỳ 4 > Lập trình hướng đối tượng,data/processed/Mạng máy tính và truyền thông dữ liệu.md,Mạng máy tính và truyền thông dữ liệu,markdown,data/processed/Mạng máy tính và truyền thông dữ liệu.md,sentence-transformers,1024
124,Mạng máy tính và truyền thông dữ liệu,"Mạng máy tính và truyền thông dữ liệu > IV. KẾ HOẠCH HỌC TẬP > Học kỳ 4 > Quản trị mạng
- Mã học phần: 123005
- Số tín chỉ: 3
- Loại học phần: Học phần bắt buộc
- Học phần học trước: 123002",IV. KẾ HOẠCH HỌC TẬP,Học kỳ 4,Quản trị mạng,,Mạng máy tính và truyền thông dữ liệu > IV. KẾ HOẠCH HỌC TẬP > Học kỳ 4 > Quản trị mạng,data/processed/Mạng máy tính và truyền thông dữ liệu.md,Mạng máy tính và truyền thông dữ liệu,markdown,data/processed/Mạng máy tính và truyền thông dữ liệu.md,sentence-transformers,1024
125,Mạng máy tính và truyền thông dữ liệu,"Mạng máy tính và truyền thông dữ liệu > IV. KẾ HOẠCH HỌC TẬP > Học kỳ 4 > Cấu trúc dữ liệu và GT
- Mã học phần: 124002
- Số tín chỉ: 3
- Loại học phần: Học phần bắt buộc
- Học phần học trước: 124001",IV. KẾ HOẠCH HỌC TẬP,Học kỳ 4,Cấu trúc dữ liệu và GT,,Mạng máy tính và truyền thông dữ liệu > IV. KẾ HOẠCH HỌC TẬP > Học kỳ 4 > Cấu trúc dữ liệu và GT,data/processed/Mạng máy tính và truyền thông dữ liệu.md,Mạng máy tính và truyền thông dữ liệu,markdown,data/processed/Mạng máy tính và truyền thông dữ liệu.md,sentence-transformers,1024
126,Mạng máy tính và truyền thông dữ liệu,"Mạng máy tính và truyền thông dữ liệu > IV. KẾ HOẠCH HỌC TẬP > Học kỳ 4 > Hệ điều hành
- Mã học phần: 125001
- Số tín chỉ: 3
- Loại học phần: Học phần bắt buộc
- Học phần học trước: 125000",IV. KẾ HOẠCH HỌC TẬP,Học kỳ 4,Hệ điều hành,,Mạng máy tính và truyền thông dữ liệu > IV. KẾ HOẠCH HỌC TẬP > Học kỳ 4 > Hệ điều hành,data/processed/Mạng máy tính và truyền thông dữ liệu.md,Mạng máy tính và truyền thông dữ liệu,markdown,data/processed/Mạng máy tính và truyền thông dữ liệu.md,sentence-transformers,1024
127,Mạng máy tính và truyền thông dữ liệu,"Mạng máy tính và truyền thông dữ liệu > IV. KẾ HOẠCH HỌC TẬP > Học kỳ 4 > Hệ thống thông tin di động tích hợp
- Mã học phần: 125009
- Số tín chỉ: 3
- Loại học phần: Học phần bắt buộc
- Học phần tiên quyết: 125003, 125006",IV. KẾ HOẠCH HỌC TẬP,Học kỳ 4,Hệ thống thông tin di động tích hợp,,Mạng máy tính và truyền thông dữ liệu > IV. KẾ HOẠCH HỌC TẬP > Học kỳ 4 > Hệ thống thông tin di động tích hợp,data/processed/Mạng máy tính và truyền thông dữ liệu.md,Mạng máy tính và truyền thông dữ liệu,markdown,data/processed/Mạng máy tính và truyền thông dữ liệu.md,sentence-transformers,1024
128,Mạng máy tính và truyền thông dữ liệu,"Mạng máy tính và truyền thông dữ liệu > IV. KẾ HOẠCH HỌC TẬP > Học kỳ 5
_(Bắt buộc 3 học phần, tự chọn 9 học phần) — 16 tín chỉ_

---",IV. KẾ HOẠCH HỌC TẬP,Học kỳ 5,,,Mạng máy tính và truyền thông dữ liệu > IV. KẾ HOẠCH HỌC TẬP > Học kỳ 5,data/processed/Mạng máy tính và truyền thông dữ liệu.md,Mạng máy tính và truyền thông dữ liệu,markdown,data/processed/Mạng máy tính và truyền thông dữ liệu.md,sentence-transformers,1024
129,Mạng máy tính và truyền thông dữ liệu,"Mạng máy tính và truyền thông dữ liệu > IV. KẾ HOẠCH HỌC TẬP > Học kỳ 5 > Học phần bắt buộc > Tư tưởng Hồ Chí Minh
- Mã học phần: 005102
- Số tín chỉ: 2
- Loại học phần: Học phần bắt buộc
- Học phần tiên quyết: 005105, 005106, 005107",IV. KẾ HOẠCH HỌC TẬP,Học kỳ 5,Học phần bắt buộc,Tư tưởng Hồ Chí Minh,Mạng máy tính và truyền thông dữ liệu > IV. KẾ HOẠCH HỌC TẬP > Học kỳ 5 > Học phần bắt buộc > Tư tưởng Hồ Chí Minh,data/processed/Mạng máy tính và truyền thông dữ liệu.md,Mạng máy tính và truyền thông dữ liệu,markdown,data/processed/Mạng máy tính và truyền thông dữ liệu.md,sentence-transformers,1024
130,Mạng máy tính và truyền thông dữ liệu,"Mạng máy tính và truyền thông dữ liệu > IV. KẾ HOẠCH HỌC TẬP > Học kỳ 5 > Học phần bắt buộc > Thiết kế mạng
- Mã học phần: 123032
- Số tín chỉ: 2
- Loại học phần: Học phần bắt buộc
- Học phần học trước: 123002",IV. KẾ HOẠCH HỌC TẬP,Học kỳ 5,Học phần bắt buộc,Thiết kế mạng,Mạng máy tính và truyền thông dữ liệu > IV. KẾ HOẠCH HỌC TẬP > Học kỳ 5 > Học phần bắt buộc > Thiết kế mạng,data/processed/Mạng máy tính và truyền thông dữ liệu.md,Mạng máy tính và truyền thông dữ liệu,markdown,data/processed/Mạng máy tính và truyền thông dữ liệu.md,sentence-transformers,1024
131,Mạng máy tính và truyền thông dữ liệu,"Mạng máy tính và truyền thông dữ liệu > IV. KẾ HOẠCH HỌC TẬP > Học kỳ 5 > Học phần bắt buộc > Kỹ thuật thông tin vô tuyến
- Mã học phần: 125004
- Số tín chỉ: 3
- Loại học phần: Học phần bắt buộc
- Học phần tiên quyết: 125003, 001205, 001203

---",IV. KẾ HOẠCH HỌC TẬP,Học kỳ 5,Học phần bắt buộc,Kỹ thuật thông tin vô tuyến,Mạng máy tính và truyền thông dữ liệu > IV. KẾ HOẠCH HỌC TẬP > Học kỳ 5 > Học phần bắt buộc > Kỹ thuật thông tin vô tuyến,data/processed/Mạng máy tính và truyền thông dữ liệu.md,Mạng máy tính và truyền thông dữ liệu,markdown,data/processed/Mạng máy tính và truyền thông dữ liệu.md,sentence-transformers,1024
132,Mạng máy tính và truyền thông dữ liệu,"Mạng máy tính và truyền thông dữ liệu > IV. KẾ HOẠCH HỌC TẬP > Học kỳ 5 > Học phần tự chọn
_(Sinh viên chọn tối thiểu 09 tín chỉ)_",IV. KẾ HOẠCH HỌC TẬP,Học kỳ 5,Học phần tự chọn,,Mạng máy tính và truyền thông dữ liệu > IV. KẾ HOẠCH HỌC TẬP > Học kỳ 5 > Học phần tự chọn,data/processed/Mạng máy tính và truyền thông dữ liệu.md,Mạng máy tính và truyền thông dữ liệu,markdown,data/processed/Mạng máy tính và truyền thông dữ liệu.md,sentence-transformers,1024
133,Mạng máy tính và truyền thông dữ liệu,"Mạng máy tính và truyền thông dữ liệu > IV. KẾ HOẠCH HỌC TẬP > Học kỳ 5 > Học phần tự chọn > Tối ưu hóa
- Mã học phần: 001210
- Số tín chỉ: 2
- Loại học phần: Học phần tự chọn",IV. KẾ HOẠCH HỌC TẬP,Học kỳ 5,Học phần tự chọn,Tối ưu hóa,Mạng máy tính và truyền thông dữ liệu > IV. KẾ HOẠCH HỌC TẬP > Học kỳ 5 > Học phần tự chọn > Tối ưu hóa,data/processed/Mạng máy tính và truyền thông dữ liệu.md,Mạng máy tính và truyền thông dữ liệu,markdown,data/processed/Mạng máy tính và truyền thông dữ liệu.md,sentence-transformers,1024
134,Mạng máy tính và truyền thông dữ liệu,"Mạng máy tính và truyền thông dữ liệu > IV. KẾ HOẠCH HỌC TẬP > Học kỳ 5 > Học phần tự chọn > Thiết kế cơ sở dữ liệu
- Mã học phần: 121002
- Số tín chỉ: 3
- Loại học phần: Học phần tự chọn
- Học phần học trước: 121000, 122002, 124001",IV. KẾ HOẠCH HỌC TẬP,Học kỳ 5,Học phần tự chọn,Thiết kế cơ sở dữ liệu,Mạng máy tính và truyền thông dữ liệu > IV. KẾ HOẠCH HỌC TẬP > Học kỳ 5 > Học phần tự chọn > Thiết kế cơ sở dữ liệu,data/processed/Mạng máy tính và truyền thông dữ liệu.md,Mạng máy tính và truyền thông dữ liệu,markdown,data/processed/Mạng máy tính và truyền thông dữ liệu.md,sentence-transformers,1024
135,Mạng máy tính và truyền thông dữ liệu,"Mạng máy tính và truyền thông dữ liệu > IV. KẾ HOẠCH HỌC TẬP > Học kỳ 5 > Học phần tự chọn > Xử lý ảnh và thị giác máy tính
- Mã học phần: 121036
- Số tín chỉ: 3
- Loại học phần: Học phần tự chọn
- Học phần tiên quyết: 124001",IV. KẾ HOẠCH HỌC TẬP,Học kỳ 5,Học phần tự chọn,Xử lý ảnh và thị giác máy tính,Mạng máy tính và truyền thông dữ liệu > IV. KẾ HOẠCH HỌC TẬP > Học kỳ 5 > Học phần tự chọn > Xử lý ảnh và thị giác máy tính,data/processed/Mạng máy tính và truyền thông dữ liệu.md,Mạng máy tính và truyền thông dữ liệu,markdown,data/processed/Mạng máy tính và truyền thông dữ liệu.md,sentence-transformers,1024
136,Mạng máy tính và truyền thông dữ liệu,"Mạng máy tính và truyền thông dữ liệu > IV. KẾ HOẠCH HỌC TẬP > Học kỳ 5 > Học phần tự chọn > Lập trình Java
- Mã học phần: 122036
- Số tín chỉ: 3
- Loại học phần: Học phần tự chọn
- Học phần học trước: 122003, 124001",IV. KẾ HOẠCH HỌC TẬP,Học kỳ 5,Học phần tự chọn,Lập trình Java,Mạng máy tính và truyền thông dữ liệu > IV. KẾ HOẠCH HỌC TẬP > Học kỳ 5 > Học phần tự chọn > Lập trình Java,data/processed/Mạng máy tính và truyền thông dữ liệu.md,Mạng máy tính và truyền thông dữ liệu,markdown,data/processed/Mạng máy tính và truyền thông dữ liệu.md,sentence-transformers,1024
137,Mạng máy tính và truyền thông dữ liệu,"Mạng máy tính và truyền thông dữ liệu > IV. KẾ HOẠCH HỌC TẬP > Học kỳ 5 > Học phần tự chọn > Kỹ năng làm việc
- Mã học phần: 123016
- Số tín chỉ: 3
- Loại học phần: Học phần tự chọn",IV. KẾ HOẠCH HỌC TẬP,Học kỳ 5,Học phần tự chọn,Kỹ năng làm việc,Mạng máy tính và truyền thông dữ liệu > IV. KẾ HOẠCH HỌC TẬP > Học kỳ 5 > Học phần tự chọn > Kỹ năng làm việc,data/processed/Mạng máy tính và truyền thông dữ liệu.md,Mạng máy tính và truyền thông dữ liệu,markdown,data/processed/Mạng máy tính và truyền thông dữ liệu.md,sentence-transformers,1024
138,Mạng máy tính và truyền thông dữ liệu,"Mạng máy tính và truyền thông dữ liệu > IV. KẾ HOẠCH HỌC TẬP > Học kỳ 5 > Học phần tự chọn > Luật Công nghệ thông tin
- Mã học phần: 124005
- Số tín chỉ: 2
- Loại học phần: Học phần tự chọn",IV. KẾ HOẠCH HỌC TẬP,Học kỳ 5,Học phần tự chọn,Luật Công nghệ thông tin,Mạng máy tính và truyền thông dữ liệu > IV. KẾ HOẠCH HỌC TẬP > Học kỳ 5 > Học phần tự chọn > Luật Công nghệ thông tin,data/processed/Mạng máy tính và truyền thông dữ liệu.md,Mạng máy tính và truyền thông dữ liệu,markdown,data/processed/Mạng máy tính và truyền thông dữ liệu.md,sentence-transformers,1024
139,Mạng máy tính và truyền thông dữ liệu,"Mạng máy tính và truyền thông dữ liệu > IV. KẾ HOẠCH HỌC TẬP > Học kỳ 5 > Học phần tự chọn > Thương mại điện tử
- Mã học phần: 124006
- Số tín chỉ: 3
- Loại học phần: Học phần tự chọn",IV. KẾ HOẠCH HỌC TẬP,Học kỳ 5,Học phần tự chọn,Thương mại điện tử,Mạng máy tính và truyền thông dữ liệu > IV. KẾ HOẠCH HỌC TẬP > Học kỳ 5 > Học phần tự chọn > Thương mại điện tử,data/processed/Mạng máy tính và truyền thông dữ liệu.md,Mạng máy tính và truyền thông dữ liệu,markdown,data/processed/Mạng máy tính và truyền thông dữ liệu.md,sentence-transformers,1024
140,Mạng máy tính và truyền thông dữ liệu,"Mạng máy tính và truyền thông dữ liệu > IV. KẾ HOẠCH HỌC TẬP > Học kỳ 5 > Học phần tự chọn > Internet vạn vật (IoT)
- Mã học phần: 124011
- Số tín chỉ: 2
- Loại học phần: Học phần tự chọn
- Học phần học trước: 124001",IV. KẾ HOẠCH HỌC TẬP,Học kỳ 5,Học phần tự chọn,Internet vạn vật (IoT),Mạng máy tính và truyền thông dữ liệu > IV. KẾ HOẠCH HỌC TẬP > Học kỳ 5 > Học phần tự chọn > Internet vạn vật (IoT),data/processed/Mạng máy tính và truyền thông dữ liệu.md,Mạng máy tính và truyền thông dữ liệu,markdown,data/processed/Mạng máy tính và truyền thông dữ liệu.md,sentence-transformers,1024
141,Mạng máy tính và truyền thông dữ liệu,"Mạng máy tính và truyền thông dữ liệu > IV. KẾ HOẠCH HỌC TẬP > Học kỳ 5 > Học phần tự chọn > Môi trường và phát triển kinh tế bền vững
- Mã học phần: 154008
- Số tín chỉ: 2
- Loại học phần: Học phần tự chọn",IV. KẾ HOẠCH HỌC TẬP,Học kỳ 5,Học phần tự chọn,Môi trường và phát triển kinh tế bền vững,Mạng máy tính và truyền thông dữ liệu > IV. KẾ HOẠCH HỌC TẬP > Học kỳ 5 > Học phần tự chọn > Môi trường và phát triển kinh tế bền vững,data/processed/Mạng máy tính và truyền thông dữ liệu.md,Mạng máy tính và truyền thông dữ liệu,markdown,data/processed/Mạng máy tính và truyền thông dữ liệu.md,sentence-transformers,1024
142,Mạng máy tính và truyền thông dữ liệu,"Mạng máy tính và truyền thông dữ liệu > IV. KẾ HOẠCH HỌC TẬP > Học kỳ 6
_(Bắt buộc 4 học phần, tự chọn 6 học phần) — 16 tín chỉ_",IV. KẾ HOẠCH HỌC TẬP,Học kỳ 6,,,Mạng máy tính và truyền thông dữ liệu > IV. KẾ HOẠCH HỌC TẬP > Học kỳ 6,data/processed/Mạng máy tính và truyền thông dữ liệu.md,Mạng máy tính và truyền thông dữ liệu,markdown,data/processed/Mạng máy tính và truyền thông dữ liệu.md,sentence-transformers,1024
143,Mạng máy tính và truyền thông dữ liệu,"Mạng máy tính và truyền thông dữ liệu > IV. KẾ HOẠCH HỌC TẬP > Học kỳ 6 > Học phần bắt buộc > Lịch sử Đảng cộng sản VN
- Mã học phần: 005108
- Số tín chỉ: 2
- Loại học phần: Học phần bắt buộc
- Học phần học trước: 005102
- Học phần tiên quyết: 005105, 005106, 005107",IV. KẾ HOẠCH HỌC TẬP,Học kỳ 6,Học phần bắt buộc,Lịch sử Đảng cộng sản VN,Mạng máy tính và truyền thông dữ liệu > IV. KẾ HOẠCH HỌC TẬP > Học kỳ 6 > Học phần bắt buộc > Lịch sử Đảng cộng sản VN,data/processed/Mạng máy tính và truyền thông dữ liệu.md,Mạng máy tính và truyền thông dữ liệu,markdown,data/processed/Mạng máy tính và truyền thông dữ liệu.md,sentence-transformers,1024
144,Mạng máy tính và truyền thông dữ liệu,"Mạng máy tính và truyền thông dữ liệu > IV. KẾ HOẠCH HỌC TẬP > Học kỳ 6 > Học phần bắt buộc > An ninh mạng
- Mã học phần: 123038
- Số tín chỉ: 3
- Loại học phần: Học phần bắt buộc
- Học phần học trước: 123002",IV. KẾ HOẠCH HỌC TẬP,Học kỳ 6,Học phần bắt buộc,An ninh mạng,Mạng máy tính và truyền thông dữ liệu > IV. KẾ HOẠCH HỌC TẬP > Học kỳ 6 > Học phần bắt buộc > An ninh mạng,data/processed/Mạng máy tính và truyền thông dữ liệu.md,Mạng máy tính và truyền thông dữ liệu,markdown,data/processed/Mạng máy tính và truyền thông dữ liệu.md,sentence-transformers,1024
145,Mạng máy tính và truyền thông dữ liệu,"Mạng máy tính và truyền thông dữ liệu > IV. KẾ HOẠCH HỌC TẬP > Học kỳ 6 > Học phần bắt buộc > Chuyên đề thực tế 2
- Mã học phần: 123042
- Số tín chỉ: 1
- Loại học phần: Học phần bắt buộc
- Học phần học trước: 122043",IV. KẾ HOẠCH HỌC TẬP,Học kỳ 6,Học phần bắt buộc,Chuyên đề thực tế 2,Mạng máy tính và truyền thông dữ liệu > IV. KẾ HOẠCH HỌC TẬP > Học kỳ 6 > Học phần bắt buộc > Chuyên đề thực tế 2,data/processed/Mạng máy tính và truyền thông dữ liệu.md,Mạng máy tính và truyền thông dữ liệu,markdown,data/processed/Mạng máy tính và truyền thông dữ liệu.md,sentence-transformers,1024
146,Mạng máy tính và truyền thông dữ liệu,"Mạng máy tính và truyền thông dữ liệu > IV. KẾ HOẠCH HỌC TẬP > Học kỳ 6 > Học phần bắt buộc > Mô phỏng hệ thống truyền thông
- Mã học phần: 125008
- Số tín chỉ: 3
- Loại học phần: Học phần bắt buộc
- Học phần tiên quyết: 125004, 125009",IV. KẾ HOẠCH HỌC TẬP,Học kỳ 6,Học phần bắt buộc,Mô phỏng hệ thống truyền thông,Mạng máy tính và truyền thông dữ liệu > IV. KẾ HOẠCH HỌC TẬP > Học kỳ 6 > Học phần bắt buộc > Mô phỏng hệ thống truyền thông,data/processed/Mạng máy tính và truyền thông dữ liệu.md,Mạng máy tính và truyền thông dữ liệu,markdown,data/processed/Mạng máy tính và truyền thông dữ liệu.md,sentence-transformers,1024
147,Mạng máy tính và truyền thông dữ liệu,"Mạng máy tính và truyền thông dữ liệu > IV. KẾ HOẠCH HỌC TẬP > Học kỳ 6 > Học phần tự chọn
Sinh viên chọn tối thiểu 07 tín chỉ",IV. KẾ HOẠCH HỌC TẬP,Học kỳ 6,Học phần tự chọn,,Mạng máy tính và truyền thông dữ liệu > IV. KẾ HOẠCH HỌC TẬP > Học kỳ 6 > Học phần tự chọn,data/processed/Mạng máy tính và truyền thông dữ liệu.md,Mạng máy tính và truyền thông dữ liệu,markdown,data/processed/Mạng máy tính và truyền thông dữ liệu.md,sentence-transformers,1024
148,Mạng máy tính và truyền thông dữ liệu,"Mạng máy tính và truyền thông dữ liệu > IV. KẾ HOẠCH HỌC TẬP > Học kỳ 6 > Học phần tự chọn > Lập trình thiết bị di động
- Mã học phần: 121034
- Số tín chỉ: 3
- Loại học phần: Học phần tự chọn
- Học phần học trước: 121000, 124001, 122003",IV. KẾ HOẠCH HỌC TẬP,Học kỳ 6,Học phần tự chọn,Lập trình thiết bị di động,Mạng máy tính và truyền thông dữ liệu > IV. KẾ HOẠCH HỌC TẬP > Học kỳ 6 > Học phần tự chọn > Lập trình thiết bị di động,data/processed/Mạng máy tính và truyền thông dữ liệu.md,Mạng máy tính và truyền thông dữ liệu,markdown,data/processed/Mạng máy tính và truyền thông dữ liệu.md,sentence-transformers,1024
149,Mạng máy tính và truyền thông dữ liệu,"Mạng máy tính và truyền thông dữ liệu > IV. KẾ HOẠCH HỌC TẬP > Học kỳ 6 > Học phần tự chọn > Công nghệ phần mềm
- Mã học phần: 122005
- Số tín chỉ: 2
- Loại học phần: Học phần tự chọn",IV. KẾ HOẠCH HỌC TẬP,Học kỳ 6,Học phần tự chọn,Công nghệ phần mềm,Mạng máy tính và truyền thông dữ liệu > IV. KẾ HOẠCH HỌC TẬP > Học kỳ 6 > Học phần tự chọn > Công nghệ phần mềm,data/processed/Mạng máy tính và truyền thông dữ liệu.md,Mạng máy tính và truyền thông dữ liệu,markdown,data/processed/Mạng máy tính và truyền thông dữ liệu.md,sentence-transformers,1024
150,Mạng máy tính và truyền thông dữ liệu,"Mạng máy tính và truyền thông dữ liệu > IV. KẾ HOẠCH HỌC TẬP > Học kỳ 6 > Học phần tự chọn > Mạng máy tính nâng cao
- Mã học phần: 123036
- Số tín chỉ: 2
- Loại học phần: Học phần tự chọn
- Học phần học trước: 123002",IV. KẾ HOẠCH HỌC TẬP,Học kỳ 6,Học phần tự chọn,Mạng máy tính nâng cao,Mạng máy tính và truyền thông dữ liệu > IV. KẾ HOẠCH HỌC TẬP > Học kỳ 6 > Học phần tự chọn > Mạng máy tính nâng cao,data/processed/Mạng máy tính và truyền thông dữ liệu.md,Mạng máy tính và truyền thông dữ liệu,markdown,data/processed/Mạng máy tính và truyền thông dữ liệu.md,sentence-transformers,1024
151,Mạng máy tính và truyền thông dữ liệu,"Mạng máy tính và truyền thông dữ liệu > IV. KẾ HOẠCH HỌC TẬP > Học kỳ 6 > Học phần tự chọn > Quản trị dự án CNTT
- Mã học phần: 123015
- Số tín chỉ: 3
- Loại học phần: Học phần tự chọn",IV. KẾ HOẠCH HỌC TẬP,Học kỳ 6,Học phần tự chọn,Quản trị dự án CNTT,Mạng máy tính và truyền thông dữ liệu > IV. KẾ HOẠCH HỌC TẬP > Học kỳ 6 > Học phần tự chọn > Quản trị dự án CNTT,data/processed/Mạng máy tính và truyền thông dữ liệu.md,Mạng máy tính và truyền thông dữ liệu,markdown,data/processed/Mạng máy tính và truyền thông dữ liệu.md,sentence-transformers,1024
152,Mạng máy tính và truyền thông dữ liệu,"Mạng máy tính và truyền thông dữ liệu > IV. KẾ HOẠCH HỌC TẬP > Học kỳ 6 > Học phần tự chọn > Mạng không dây
- Mã học phần: 123037
- Số tín chỉ: 2
- Loại học phần: Học phần tự chọn
- Học phần học trước: 123036
- Học phần tiên quyết: 123002",IV. KẾ HOẠCH HỌC TẬP,Học kỳ 6,Học phần tự chọn,Mạng không dây,Mạng máy tính và truyền thông dữ liệu > IV. KẾ HOẠCH HỌC TẬP > Học kỳ 6 > Học phần tự chọn > Mạng không dây,data/processed/Mạng máy tính và truyền thông dữ liệu.md,Mạng máy tính và truyền thông dữ liệu,markdown,data/processed/Mạng máy tính và truyền thông dữ liệu.md,sentence-transformers,1024
153,Mạng máy tính và truyền thông dữ liệu,"Mạng máy tính và truyền thông dữ liệu > IV. KẾ HOẠCH HỌC TẬP > Học kỳ 6 > Học phần tự chọn > Thiết bị truyền thông và mạng
- Mã học phần: 123009
- Số tín chỉ: 3
- Loại học phần: Học phần tự chọn
- Học phần học trước: 123036
- Học phần tiên quyết: 123002",IV. KẾ HOẠCH HỌC TẬP,Học kỳ 6,Học phần tự chọn,Thiết bị truyền thông và mạng,Mạng máy tính và truyền thông dữ liệu > IV. KẾ HOẠCH HỌC TẬP > Học kỳ 6 > Học phần tự chọn > Thiết bị truyền thông và mạng,data/processed/Mạng máy tính và truyền thông dữ liệu.md,Mạng máy tính và truyền thông dữ liệu,markdown,data/processed/Mạng máy tính và truyền thông dữ liệu.md,sentence-transformers,1024
154,Mạng máy tính và truyền thông dữ liệu,"Mạng máy tính và truyền thông dữ liệu > IV. KẾ HOẠCH HỌC TẬP > Học kỳ 7
_(Bắt buộc 1 học phần, tự chọn 8 học phần) — 15 tín chỉ_

---",IV. KẾ HOẠCH HỌC TẬP,Học kỳ 7,,,Mạng máy tính và truyền thông dữ liệu > IV. KẾ HOẠCH HỌC TẬP > Học kỳ 7,data/processed/Mạng máy tính và truyền thông dữ liệu.md,Mạng máy tính và truyền thông dữ liệu,markdown,data/processed/Mạng máy tính và truyền thông dữ liệu.md,sentence-transformers,1024
155,Mạng máy tính và truyền thông dữ liệu,"Mạng máy tính và truyền thông dữ liệu > IV. KẾ HOẠCH HỌC TẬP > Học kỳ 7 > Học phần bắt buộc > Thực tập tốt nghiệp
- Mã học phần: 126000
- Số tín chỉ: 3
- Loại học phần: Học phần bắt buộc
- Học phần học trước: Tất cả các học phần bắt buộc",IV. KẾ HOẠCH HỌC TẬP,Học kỳ 7,Học phần bắt buộc,Thực tập tốt nghiệp,Mạng máy tính và truyền thông dữ liệu > IV. KẾ HOẠCH HỌC TẬP > Học kỳ 7 > Học phần bắt buộc > Thực tập tốt nghiệp,data/processed/Mạng máy tính và truyền thông dữ liệu.md,Mạng máy tính và truyền thông dữ liệu,markdown,data/processed/Mạng máy tính và truyền thông dữ liệu.md,sentence-transformers,1024
156,Mạng máy tính và truyền thông dữ liệu,"Mạng máy tính và truyền thông dữ liệu > IV. KẾ HOẠCH HỌC TẬP > Học kỳ 7 > Học phần tự chọn
_(Sinh viên chọn tối thiểu 12 tín chỉ)_",IV. KẾ HOẠCH HỌC TẬP,Học kỳ 7,Học phần tự chọn,,Mạng máy tính và truyền thông dữ liệu > IV. KẾ HOẠCH HỌC TẬP > Học kỳ 7 > Học phần tự chọn,data/processed/Mạng máy tính và truyền thông dữ liệu.md,Mạng máy tính và truyền thông dữ liệu,markdown,data/processed/Mạng máy tính và truyền thông dữ liệu.md,sentence-transformers,1024
157,Mạng máy tính và truyền thông dữ liệu,"Mạng máy tính và truyền thông dữ liệu > IV. KẾ HOẠCH HỌC TẬP > Học kỳ 7 > Học phần tự chọn > Lập trình web
- Mã học phần: 121031
- Số tín chỉ: 3
- Loại học phần: Học phần tự chọn
- Học phần học trước: 121000, 124001",IV. KẾ HOẠCH HỌC TẬP,Học kỳ 7,Học phần tự chọn,Lập trình web,Mạng máy tính và truyền thông dữ liệu > IV. KẾ HOẠCH HỌC TẬP > Học kỳ 7 > Học phần tự chọn > Lập trình web,data/processed/Mạng máy tính và truyền thông dữ liệu.md,Mạng máy tính và truyền thông dữ liệu,markdown,data/processed/Mạng máy tính và truyền thông dữ liệu.md,sentence-transformers,1024
158,Mạng máy tính và truyền thông dữ liệu,"Mạng máy tính và truyền thông dữ liệu > IV. KẾ HOẠCH HỌC TẬP > Học kỳ 7 > Học phần tự chọn > Chuyên đề hệ thống giao thông thông minh
- Mã học phần: 122038
- Số tín chỉ: 3
- Loại học phần: Học phần tự chọn
- Học phần học trước: 124001",IV. KẾ HOẠCH HỌC TẬP,Học kỳ 7,Học phần tự chọn,Chuyên đề hệ thống giao thông thông minh,Mạng máy tính và truyền thông dữ liệu > IV. KẾ HOẠCH HỌC TẬP > Học kỳ 7 > Học phần tự chọn > Chuyên đề hệ thống giao thông thông minh,data/processed/Mạng máy tính và truyền thông dữ liệu.md,Mạng máy tính và truyền thông dữ liệu,markdown,data/processed/Mạng máy tính và truyền thông dữ liệu.md,sentence-transformers,1024
159,Mạng máy tính và truyền thông dữ liệu,"Mạng máy tính và truyền thông dữ liệu > IV. KẾ HOẠCH HỌC TẬP > Học kỳ 7 > Học phần tự chọn > Hệ điều hành Linux
- Mã học phần: 123041
- Số tín chỉ: 3
- Loại học phần: Học phần tự chọn
- Học phần học trước: 125001",IV. KẾ HOẠCH HỌC TẬP,Học kỳ 7,Học phần tự chọn,Hệ điều hành Linux,Mạng máy tính và truyền thông dữ liệu > IV. KẾ HOẠCH HỌC TẬP > Học kỳ 7 > Học phần tự chọn > Hệ điều hành Linux,data/processed/Mạng máy tính và truyền thông dữ liệu.md,Mạng máy tính và truyền thông dữ liệu,markdown,data/processed/Mạng máy tính và truyền thông dữ liệu.md,sentence-transformers,1024
160,Mạng máy tính và truyền thông dữ liệu,"Mạng máy tính và truyền thông dữ liệu > IV. KẾ HOẠCH HỌC TẬP > Học kỳ 7 > Học phần tự chọn > Hệ thống số
- Mã học phần: 125002
- Số tín chỉ: 2
- Loại học phần: Học phần tự chọn
- Học phần học trước: 125000",IV. KẾ HOẠCH HỌC TẬP,Học kỳ 7,Học phần tự chọn,Hệ thống số,Mạng máy tính và truyền thông dữ liệu > IV. KẾ HOẠCH HỌC TẬP > Học kỳ 7 > Học phần tự chọn > Hệ thống số,data/processed/Mạng máy tính và truyền thông dữ liệu.md,Mạng máy tính và truyền thông dữ liệu,markdown,data/processed/Mạng máy tính và truyền thông dữ liệu.md,sentence-transformers,1024
161,Mạng máy tính và truyền thông dữ liệu,"Mạng máy tính và truyền thông dữ liệu > IV. KẾ HOẠCH HỌC TẬP > Học kỳ 7 > Học phần tự chọn > Kỹ thuật chuyển mạch
- Mã học phần: 125005
- Số tín chỉ: 2
- Loại học phần: Học phần tự chọn
- Học phần tiên quyết: 125003",IV. KẾ HOẠCH HỌC TẬP,Học kỳ 7,Học phần tự chọn,Kỹ thuật chuyển mạch,Mạng máy tính và truyền thông dữ liệu > IV. KẾ HOẠCH HỌC TẬP > Học kỳ 7 > Học phần tự chọn > Kỹ thuật chuyển mạch,data/processed/Mạng máy tính và truyền thông dữ liệu.md,Mạng máy tính và truyền thông dữ liệu,markdown,data/processed/Mạng máy tính và truyền thông dữ liệu.md,sentence-transformers,1024
162,Mạng máy tính và truyền thông dữ liệu,"Mạng máy tính và truyền thông dữ liệu > IV. KẾ HOẠCH HỌC TẬP > Học kỳ 7 > Học phần tự chọn > Lý thuyết thông tin
- Mã học phần: 125007
- Số tín chỉ: 3
- Loại học phần: Học phần tự chọn",IV. KẾ HOẠCH HỌC TẬP,Học kỳ 7,Học phần tự chọn,Lý thuyết thông tin,Mạng máy tính và truyền thông dữ liệu > IV. KẾ HOẠCH HỌC TẬP > Học kỳ 7 > Học phần tự chọn > Lý thuyết thông tin,data/processed/Mạng máy tính và truyền thông dữ liệu.md,Mạng máy tính và truyền thông dữ liệu,markdown,data/processed/Mạng máy tính và truyền thông dữ liệu.md,sentence-transformers,1024
163,Mạng máy tính và truyền thông dữ liệu,"Mạng máy tính và truyền thông dữ liệu > IV. KẾ HOẠCH HỌC TẬP > Học kỳ 7 > Học phần tự chọn > Kỹ thuật định tuyến
- Mã học phần: 125010
- Số tín chỉ: 3
- Loại học phần: Học phần tự chọn
- Học phần học trước: 123036, 125003",IV. KẾ HOẠCH HỌC TẬP,Học kỳ 7,Học phần tự chọn,Kỹ thuật định tuyến,Mạng máy tính và truyền thông dữ liệu > IV. KẾ HOẠCH HỌC TẬP > Học kỳ 7 > Học phần tự chọn > Kỹ thuật định tuyến,data/processed/Mạng máy tính và truyền thông dữ liệu.md,Mạng máy tính và truyền thông dữ liệu,markdown,data/processed/Mạng máy tính và truyền thông dữ liệu.md,sentence-transformers,1024
164,Mạng máy tính và truyền thông dữ liệu,"Mạng máy tính và truyền thông dữ liệu > IV. KẾ HOẠCH HỌC TẬP > Học kỳ 7 > Học phần tự chọn > Hệ thống thông tin quang
- Mã học phần: 125013
- Số tín chỉ: 2
- Loại học phần: Học phần tự chọn
- Học phần học trước: 125003",IV. KẾ HOẠCH HỌC TẬP,Học kỳ 7,Học phần tự chọn,Hệ thống thông tin quang,Mạng máy tính và truyền thông dữ liệu > IV. KẾ HOẠCH HỌC TẬP > Học kỳ 7 > Học phần tự chọn > Hệ thống thông tin quang,data/processed/Mạng máy tính và truyền thông dữ liệu.md,Mạng máy tính và truyền thông dữ liệu,markdown,data/processed/Mạng máy tính và truyền thông dữ liệu.md,sentence-transformers,1024
165,Mạng máy tính và truyền thông dữ liệu,"Mạng máy tính và truyền thông dữ liệu > IV. KẾ HOẠCH HỌC TẬP > Học kỳ 8
_(Bắt buộc 0 học phần, tự chọn 7 học phần) — 9 tín chỉ_

Ghi chú chương trình lựa chọn:

- Sinh viên học 09 tín chỉ tự chọn (nếu không làm Luận văn tốt nghiệp).
- Hoặc học thêm 03 tín chỉ tự chọn (nếu có làm Luận văn tốt nghiệp) trong số các học phần sau.

---",IV. KẾ HOẠCH HỌC TẬP,Học kỳ 8,,,Mạng máy tính và truyền thông dữ liệu > IV. KẾ HOẠCH HỌC TẬP > Học kỳ 8,data/processed/Mạng máy tính và truyền thông dữ liệu.md,Mạng máy tính và truyền thông dữ liệu,markdown,data/processed/Mạng máy tính và truyền thông dữ liệu.md,sentence-transformers,1024
166,Mạng máy tính và truyền thông dữ liệu,"Mạng máy tính và truyền thông dữ liệu > IV. KẾ HOẠCH HỌC TẬP > Học kỳ 8 > Luận văn tốt nghiệp
- Mã học phần: 126001
- Số tín chỉ: 6
- Loại học phần: Học phần tự chọn
- Học phần tiên quyết: Tất cả",IV. KẾ HOẠCH HỌC TẬP,Học kỳ 8,Luận văn tốt nghiệp,,Mạng máy tính và truyền thông dữ liệu > IV. KẾ HOẠCH HỌC TẬP > Học kỳ 8 > Luận văn tốt nghiệp,data/processed/Mạng máy tính và truyền thông dữ liệu.md,Mạng máy tính và truyền thông dữ liệu,markdown,data/processed/Mạng máy tính và truyền thông dữ liệu.md,sentence-transformers,1024
167,Mạng máy tính và truyền thông dữ liệu,"Mạng máy tính và truyền thông dữ liệu > IV. KẾ HOẠCH HỌC TẬP > Học kỳ 8 > Trí tuệ nhân tạo
- Mã học phần: 121033
- Số tín chỉ: 3
- Loại học phần: Học phần tự chọn
- Học phần tiên quyết: Tất cả",IV. KẾ HOẠCH HỌC TẬP,Học kỳ 8,Trí tuệ nhân tạo,,Mạng máy tính và truyền thông dữ liệu > IV. KẾ HOẠCH HỌC TẬP > Học kỳ 8 > Trí tuệ nhân tạo,data/processed/Mạng máy tính và truyền thông dữ liệu.md,Mạng máy tính và truyền thông dữ liệu,markdown,data/processed/Mạng máy tính và truyền thông dữ liệu.md,sentence-transformers,1024
168,Mạng máy tính và truyền thông dữ liệu,"Mạng máy tính và truyền thông dữ liệu > IV. KẾ HOẠCH HỌC TẬP > Học kỳ 8 > Khai thác dữ liệu
- Mã học phần: 122041
- Số tín chỉ: 3
- Loại học phần: Học phần tự chọn
- Học phần tiên quyết: Tất cả",IV. KẾ HOẠCH HỌC TẬP,Học kỳ 8,Khai thác dữ liệu,,Mạng máy tính và truyền thông dữ liệu > IV. KẾ HOẠCH HỌC TẬP > Học kỳ 8 > Khai thác dữ liệu,data/processed/Mạng máy tính và truyền thông dữ liệu.md,Mạng máy tính và truyền thông dữ liệu,markdown,data/processed/Mạng máy tính và truyền thông dữ liệu.md,sentence-transformers,1024
169,Mạng máy tính và truyền thông dữ liệu,"Mạng máy tính và truyền thông dữ liệu > IV. KẾ HOẠCH HỌC TẬP > Học kỳ 8 > Lập trình mạng
- Mã học phần: 123013
- Số tín chỉ: 3
- Loại học phần: Học phần tự chọn
- Học phần tiên quyết: Tất cả",IV. KẾ HOẠCH HỌC TẬP,Học kỳ 8,Lập trình mạng,,Mạng máy tính và truyền thông dữ liệu > IV. KẾ HOẠCH HỌC TẬP > Học kỳ 8 > Lập trình mạng,data/processed/Mạng máy tính và truyền thông dữ liệu.md,Mạng máy tính và truyền thông dữ liệu,markdown,data/processed/Mạng máy tính và truyền thông dữ liệu.md,sentence-transformers,1024
170,Mạng máy tính và truyền thông dữ liệu,"Mạng máy tính và truyền thông dữ liệu > IV. KẾ HOẠCH HỌC TẬP > Học kỳ 8 > Điện toán đám mây
- Mã học phần: 123039
- Số tín chỉ: 3
- Loại học phần: Học phần tự chọn
- Học phần tiên quyết: Tất cả",IV. KẾ HOẠCH HỌC TẬP,Học kỳ 8,Điện toán đám mây,,Mạng máy tính và truyền thông dữ liệu > IV. KẾ HOẠCH HỌC TẬP > Học kỳ 8 > Điện toán đám mây,data/processed/Mạng máy tính và truyền thông dữ liệu.md,Mạng máy tính và truyền thông dữ liệu,markdown,data/processed/Mạng máy tính và truyền thông dữ liệu.md,sentence-transformers,1024
171,Mạng máy tính và truyền thông dữ liệu,"Mạng máy tính và truyền thông dữ liệu > IV. KẾ HOẠCH HỌC TẬP > Học kỳ 8 > Hệ thống viễn thông thế hệ mới
- Mã học phần: 125014
- Số tín chỉ: 3
- Loại học phần: Học phần tự chọn
- Học phần tiên quyết: Tất cả",IV. KẾ HOẠCH HỌC TẬP,Học kỳ 8,Hệ thống viễn thông thế hệ mới,,Mạng máy tính và truyền thông dữ liệu > IV. KẾ HOẠCH HỌC TẬP > Học kỳ 8 > Hệ thống viễn thông thế hệ mới,data/processed/Mạng máy tính và truyền thông dữ liệu.md,Mạng máy tính và truyền thông dữ liệu,markdown,data/processed/Mạng máy tính và truyền thông dữ liệu.md,sentence-transformers,1024
172,Mạng máy tính và truyền thông dữ liệu,"Mạng máy tính và truyền thông dữ liệu > IV. KẾ HOẠCH HỌC TẬP > Học kỳ 8 > Quản lý mạng viễn thông
- Mã học phần: 125014
- Số tín chỉ: 3
- Loại học phần: Học phần tự chọn
- Học phần tiên quyết: Tất cả

Ghi chú chung:

- HP: học phần
- HK: học kỳ
- BB: bắt buộc
- TC: tự chọn
- TC1: tự chọn nhóm 1
- TC2: tự chọn nhóm 2
- TC3: tự chọn nhóm 3",IV. KẾ HOẠCH HỌC TẬP,Học kỳ 8,Quản lý mạng viễn thông,,Mạng máy tính và truyền thông dữ liệu > IV. KẾ HOẠCH HỌC TẬP > Học kỳ 8 > Quản lý mạng viễn thông,data/processed/Mạng máy tính và truyền thông dữ liệu.md,Mạng máy tính và truyền thông dữ liệu,markdown,data/processed/Mạng máy tính và truyền thông dữ liệu.md,sentence-transformers,1024
173,Mạng máy tính và truyền thông dữ liệu,"Mạng máy tính và truyền thông dữ liệu > PHỤ LỤC 1: THANG DO NĂNG LỰC > 1. Thang đánh giá kiến thức > Nhớ/Biết
- Mức độ đáp ứng: Có thể nhắc lại các thông tin đã được tiếp nhận trước đó
- Từ dùng để mô tả mức độ:
  Ghi nhớ, liệt kê, gọi tên, nhận biết, nhận dạng, nhớ lại, xác định, phân loại, mô tả, định vị, phác thảo, nêu ví dụ, trình bày, nêu, giới thiệu, chỉ ra,…",PHỤ LỤC 1: THANG DO NĂNG LỰC,1. Thang đánh giá kiến thức,Nhớ/Biết,,Mạng máy tính và truyền thông dữ liệu > PHỤ LỤC 1: THANG DO NĂNG LỰC > 1. Thang đánh giá kiến thức > Nhớ/Biết,data/processed/Mạng máy tính và truyền thông dữ liệu.md,Mạng máy tính và truyền thông dữ liệu,markdown,data/processed/Mạng máy tính và truyền thông dữ liệu.md,sentence-transformers,1024
174,Mạng máy tính và truyền thông dữ liệu,"Mạng máy tính và truyền thông dữ liệu > PHỤ LỤC 1: THANG DO NĂNG LỰC > 1. Thang đánh giá kiến thức > Hiểu
- Mức độ đáp ứng: Nắm được ý nghĩa của thông tin, thể hiện qua khả năng diễn giải, suy diễn, liên hệ, khái quát
- Từ dùng để mô tả mức độ:
  Tóm tắt, giải thích, diễn dịch, mô tả, so sánh, chứng minh, ước lượng, diễn giải, chứng giải, kết nối, hình dung, trình bày lại, viết lại, lấy/cho ví dụ,…",PHỤ LỤC 1: THANG DO NĂNG LỰC,1. Thang đánh giá kiến thức,Hiểu,,Mạng máy tính và truyền thông dữ liệu > PHỤ LỤC 1: THANG DO NĂNG LỰC > 1. Thang đánh giá kiến thức > Hiểu,data/processed/Mạng máy tính và truyền thông dữ liệu.md,Mạng máy tính và truyền thông dữ liệu,markdown,data/processed/Mạng máy tính và truyền thông dữ liệu.md,sentence-transformers,1024
175,Mạng máy tính và truyền thông dữ liệu,"Mạng máy tính và truyền thông dữ liệu > PHỤ LỤC 1: THANG DO NĂNG LỰC > 1. Thang đánh giá kiến thức > Áp dụng
- Mức độ đáp ứng: Áp dụng thông tin đã biết vào một tình huống, điều kiện mới
- Từ dùng để mô tả mức độ:
  Giải quyết, minh hoạ, tính toán, thao tác, đo lường, lập kế hoạch, phân loại, sắp xếp, đưa vào thực tế, chứng minh, ước tính, vận hành,…",PHỤ LỤC 1: THANG DO NĂNG LỰC,1. Thang đánh giá kiến thức,Áp dụng,,Mạng máy tính và truyền thông dữ liệu > PHỤ LỤC 1: THANG DO NĂNG LỰC > 1. Thang đánh giá kiến thức > Áp dụng,data/processed/Mạng máy tính và truyền thông dữ liệu.md,Mạng máy tính và truyền thông dữ liệu,markdown,data/processed/Mạng máy tính và truyền thông dữ liệu.md,sentence-transformers,1024
176,Mạng máy tính và truyền thông dữ liệu,"Mạng máy tính và truyền thông dữ liệu > PHỤ LỤC 1: THANG DO NĂNG LỰC > 1. Thang đánh giá kiến thức > Phân tích/Tổng hợp
- Mức độ đáp ứng: Chia thông tin thành những phần nhỏ và chỉ ra mối liên hệ của chúng với tổng thể hoặc ngược lại
- Từ dùng để mô tả mức độ:
  Phân tích, tổ chức, suy luận, lựa chọn, vẽ biểu đồ, phân biệt, đối chiếu, so sánh, chỉ ra sự khác biệt, phân loại, phác thảo, liên hệ,…",PHỤ LỤC 1: THANG DO NĂNG LỰC,1. Thang đánh giá kiến thức,Phân tích/Tổng hợp,,Mạng máy tính và truyền thông dữ liệu > PHỤ LỤC 1: THANG DO NĂNG LỰC > 1. Thang đánh giá kiến thức > Phân tích/Tổng hợp,data/processed/Mạng máy tính và truyền thông dữ liệu.md,Mạng máy tính và truyền thông dữ liệu,markdown,data/processed/Mạng máy tính và truyền thông dữ liệu.md,sentence-transformers,1024
177,Mạng máy tính và truyền thông dữ liệu,"Mạng máy tính và truyền thông dữ liệu > PHỤ LỤC 1: THANG DO NĂNG LỰC > 1. Thang đánh giá kiến thức > Đánh giá/Sáng tạo
- Mức độ đáp ứng: Đưa ra nhận định, phán quyết dựa trên các tiêu chuẩn; xác lập thông tin, sự vật mới trên cơ sở những thông tin, sự vật đã có
- Từ dùng để mô tả mức độ:
  Đánh giá, cho ý kiến, bình luận, tổng hợp, so sánh,…; Thiết lập, tổng hợp, xây dựng, thiết kế, đề xuất, sáng tác,…
  |",PHỤ LỤC 1: THANG DO NĂNG LỰC,1. Thang đánh giá kiến thức,Đánh giá/Sáng tạo,,Mạng máy tính và truyền thông dữ liệu > PHỤ LỤC 1: THANG DO NĂNG LỰC > 1. Thang đánh giá kiến thức > Đánh giá/Sáng tạo,data/processed/Mạng máy tính và truyền thông dữ liệu.md,Mạng máy tính và truyền thông dữ liệu,markdown,data/processed/Mạng máy tính và truyền thông dữ liệu.md,sentence-transformers,1024
178,Mạng máy tính và truyền thông dữ liệu,"Mạng máy tính và truyền thông dữ liệu > PHỤ LỤC 1: THANG DO NĂNG LỰC > 2. Thang đánh giá kỹ năng cảm xúc > Tiếp nhận
- Mức độ đáp ứng: Tiếp thu hoặc chú tâm vào giá trị
- Từ dùng để mô tả mức độ:
  Được tiếp xúc với, lắng nghe ý kiến, nhận thức được",PHỤ LỤC 1: THANG DO NĂNG LỰC,2. Thang đánh giá kỹ năng cảm xúc,Tiếp nhận,,Mạng máy tính và truyền thông dữ liệu > PHỤ LỤC 1: THANG DO NĂNG LỰC > 2. Thang đánh giá kỹ năng cảm xúc > Tiếp nhận,data/processed/Mạng máy tính và truyền thông dữ liệu.md,Mạng máy tính và truyền thông dữ liệu,markdown,data/processed/Mạng máy tính và truyền thông dữ liệu.md,sentence-transformers,1024
179,Mạng máy tính và truyền thông dữ liệu,"Mạng máy tính và truyền thông dữ liệu > PHỤ LỤC 1: THANG DO NĂNG LỰC > 2. Thang đánh giá kỹ năng cảm xúc > Phản hồi
- Mức độ đáp ứng: Làm việc, tham gia vào việc hình thành giá trị
- Từ dùng để mô tả mức độ:
  Chấp nhận, hình thành thói quen, tham gia, đóng góp",PHỤ LỤC 1: THANG DO NĂNG LỰC,2. Thang đánh giá kỹ năng cảm xúc,Phản hồi,,Mạng máy tính và truyền thông dữ liệu > PHỤ LỤC 1: THANG DO NĂNG LỰC > 2. Thang đánh giá kỹ năng cảm xúc > Phản hồi,data/processed/Mạng máy tính và truyền thông dữ liệu.md,Mạng máy tính và truyền thông dữ liệu,markdown,data/processed/Mạng máy tính và truyền thông dữ liệu.md,sentence-transformers,1024
180,Mạng máy tính và truyền thông dữ liệu,"Mạng máy tính và truyền thông dữ liệu > PHỤ LỤC 1: THANG DO NĂNG LỰC > 2. Thang đánh giá kỹ năng cảm xúc > Hình thành giá trị
- Mức độ đáp ứng: Cam kết thực hiện giá trị
- Từ dùng để mô tả mức độ:
  Cam kết, tuân thủ, nhận xét, thảo luận, chia sẻ ý kiến, có khả năng hình thành giá trị",PHỤ LỤC 1: THANG DO NĂNG LỰC,2. Thang đánh giá kỹ năng cảm xúc,Hình thành giá trị,,Mạng máy tính và truyền thông dữ liệu > PHỤ LỤC 1: THANG DO NĂNG LỰC > 2. Thang đánh giá kỹ năng cảm xúc > Hình thành giá trị,data/processed/Mạng máy tính và truyền thông dữ liệu.md,Mạng máy tính và truyền thông dữ liệu,markdown,data/processed/Mạng máy tính và truyền thông dữ liệu.md,sentence-transformers,1024
181,Mạng máy tính và truyền thông dữ liệu,"Mạng máy tính và truyền thông dữ liệu > PHỤ LỤC 1: THANG DO NĂNG LỰC > 2. Thang đánh giá kỹ năng cảm xúc > Tổ chức
- Mức độ đáp ứng: Có nhận thức/tổ chức hệ thống giá trị
- Từ dùng để mô tả mức độ:
  Thiết lập, thể hiện niềm tin, thích ứng, tổ chức thành hệ thống, đáp ứng",PHỤ LỤC 1: THANG DO NĂNG LỰC,2. Thang đánh giá kỹ năng cảm xúc,Tổ chức,,Mạng máy tính và truyền thông dữ liệu > PHỤ LỤC 1: THANG DO NĂNG LỰC > 2. Thang đánh giá kỹ năng cảm xúc > Tổ chức,data/processed/Mạng máy tính và truyền thông dữ liệu.md,Mạng máy tính và truyền thông dữ liệu,markdown,data/processed/Mạng máy tính và truyền thông dữ liệu.md,sentence-transformers,1024
182,Mạng máy tính và truyền thông dữ liệu,"Mạng máy tính và truyền thông dữ liệu > PHỤ LỤC 1: THANG DO NĂNG LỰC > 2. Thang đánh giá kỹ năng cảm xúc > Đặc trưng hoá
- Mức độ đáp ứng: Tích hợp, xây dựng thành hệ thống giá trị của bản thân
- Từ dùng để mô tả mức độ:
  Thiết lập, tổng hợp, xây dựng, thiết kế, sáng tác, đề xuất",PHỤ LỤC 1: THANG DO NĂNG LỰC,2. Thang đánh giá kỹ năng cảm xúc,Đặc trưng hoá,,Mạng máy tính và truyền thông dữ liệu > PHỤ LỤC 1: THANG DO NĂNG LỰC > 2. Thang đánh giá kỹ năng cảm xúc > Đặc trưng hoá,data/processed/Mạng máy tính và truyền thông dữ liệu.md,Mạng máy tính và truyền thông dữ liệu,markdown,data/processed/Mạng máy tính và truyền thông dữ liệu.md,sentence-transformers,1024
183,Mạng máy tính và truyền thông dữ liệu,"Mạng máy tính và truyền thông dữ liệu > PHỤ LỤC 1: THANG DO NĂNG LỰC > 3. Thang đánh giá kỹ năng hành vi > Nhận thức, thiết lập
- Mức độ đáp ứng: Quan sát và làm rập khuôn được.
- Từ dùng để mô tả mức độ:
  Nhận thức được, tạo thành thói quen (kỹ năng mềm)…; làm theo được, lặp lại được, thực hành (kỹ năng hành vi)…",PHỤ LỤC 1: THANG DO NĂNG LỰC,3. Thang đánh giá kỹ năng hành vi,"Nhận thức, thiết lập",,"Mạng máy tính và truyền thông dữ liệu > PHỤ LỤC 1: THANG DO NĂNG LỰC > 3. Thang đánh giá kỹ năng hành vi > Nhận thức, thiết lập",data/processed/Mạng máy tính và truyền thông dữ liệu.md,Mạng máy tính và truyền thông dữ liệu,markdown,data/processed/Mạng máy tính và truyền thông dữ liệu.md,sentence-transformers,1024
184,Mạng máy tính và truyền thông dữ liệu,"Mạng máy tính và truyền thông dữ liệu > PHỤ LỤC 1: THANG DO NĂNG LỰC > 3. Thang đánh giá kỹ năng hành vi > Làm theo hướng dẫn
- Mức độ đáp ứng: Biết cách làm và tự làm được.
- Từ dùng để mô tả mức độ:
  Thực hiện được, tự thực hiện được, làm được…; tuân thủ các yêu cầu…",PHỤ LỤC 1: THANG DO NĂNG LỰC,3. Thang đánh giá kỹ năng hành vi,Làm theo hướng dẫn,,Mạng máy tính và truyền thông dữ liệu > PHỤ LỤC 1: THANG DO NĂNG LỰC > 3. Thang đánh giá kỹ năng hành vi > Làm theo hướng dẫn,data/processed/Mạng máy tính và truyền thông dữ liệu.md,Mạng máy tính và truyền thông dữ liệu,markdown,data/processed/Mạng máy tính và truyền thông dữ liệu.md,sentence-transformers,1024
185,Mạng máy tính và truyền thông dữ liệu,"Mạng máy tính và truyền thông dữ liệu > PHỤ LỤC 1: THANG DO NĂNG LỰC > 3. Thang đánh giá kỹ năng hành vi > Làm thuần thục
- Mức độ đáp ứng: Thực hiện một cách chính xác.
- Từ dùng để mô tả mức độ:
  Áp dụng chính xác, thực hiện chính xác, thể hiện đúng, làm đúng… các kỹ năng…",PHỤ LỤC 1: THANG DO NĂNG LỰC,3. Thang đánh giá kỹ năng hành vi,Làm thuần thục,,Mạng máy tính và truyền thông dữ liệu > PHỤ LỤC 1: THANG DO NĂNG LỰC > 3. Thang đánh giá kỹ năng hành vi > Làm thuần thục,data/processed/Mạng máy tính và truyền thông dữ liệu.md,Mạng máy tính và truyền thông dữ liệu,markdown,data/processed/Mạng máy tính và truyền thông dữ liệu.md,sentence-transformers,1024
186,Mạng máy tính và truyền thông dữ liệu,"Mạng máy tính và truyền thông dữ liệu > PHỤ LỤC 1: THANG DO NĂNG LỰC > 3. Thang đánh giá kỹ năng hành vi > Làm thành thạo kỹ năng phức tạp; Thích ứng
- Mức độ đáp ứng: Thực hiện một cách chính xác công việc, có thể phối hợp các kỹ năng.
- Từ dùng để mô tả mức độ:
  Áp dụng thành thạo, phối hợp được, kết hợp được các kỹ năng đơn giản thành kỹ năng phức tạp, thể hiện thuần thục…; thích ứng…",PHỤ LỤC 1: THANG DO NĂNG LỰC,3. Thang đánh giá kỹ năng hành vi,Làm thành thạo kỹ năng phức tạp; Thích ứng,,Mạng máy tính và truyền thông dữ liệu > PHỤ LỤC 1: THANG DO NĂNG LỰC > 3. Thang đánh giá kỹ năng hành vi > Làm thành thạo kỹ năng phức tạp; Thích ứng,data/processed/Mạng máy tính và truyền thông dữ liệu.md,Mạng máy tính và truyền thông dữ liệu,markdown,data/processed/Mạng máy tính và truyền thông dữ liệu.md,sentence-transformers,1024
187,Mạng máy tính và truyền thông dữ liệu,"Mạng máy tính và truyền thông dữ liệu > PHỤ LỤC 1: THANG DO NĂNG LỰC > 3. Thang đánh giá kỹ năng hành vi > Sáng chế
- Mức độ đáp ứng: Thực hiện công việc chính xác với tốc độ cao, có sáng tạo.
- Từ dùng để mô tả mức độ:
  Tạo ra được, thiết kế được… sản phẩm/quá trình phù hợp yêu cầu; kết hợp được các kỹ năng đa học…; đề xuất giải quyết một vấn đề thực tiễn…",PHỤ LỤC 1: THANG DO NĂNG LỰC,3. Thang đánh giá kỹ năng hành vi,Sáng chế,,Mạng máy tính và truyền thông dữ liệu > PHỤ LỤC 1: THANG DO NĂNG LỰC > 3. Thang đánh giá kỹ năng hành vi > Sáng chế,data/processed/Mạng máy tính và truyền thông dữ liệu.md,Mạng máy tính và truyền thông dữ liệu,markdown,data/processed/Mạng máy tính và truyền thông dữ liệu.md,sentence-transformers,1024
188,Mạng máy tính và truyền thông dữ liệu,"Mạng máy tính và truyền thông dữ liệu > PHỤ LỤC 1: THANG DO NĂNG LỰC > 4. Thang đánh giá năng lực > Trải nghiệm
- Diễn giải: Đã trải nghiệm hoặc gặp qua tình huống/vấn đề tương tự…
- Từ dùng để mô tả mức độ:
  Được tiếp xúc với tình huống/ý tưởng…",PHỤ LỤC 1: THANG DO NĂNG LỰC,4. Thang đánh giá năng lực,Trải nghiệm,,Mạng máy tính và truyền thông dữ liệu > PHỤ LỤC 1: THANG DO NĂNG LỰC > 4. Thang đánh giá năng lực > Trải nghiệm,data/processed/Mạng máy tính và truyền thông dữ liệu.md,Mạng máy tính và truyền thông dữ liệu,markdown,data/processed/Mạng máy tính và truyền thông dữ liệu.md,sentence-transformers,1024
189,Mạng máy tính và truyền thông dữ liệu,"Mạng máy tính và truyền thông dữ liệu > PHỤ LỤC 1: THANG DO NĂNG LỰC > 4. Thang đánh giá năng lực > Tham gia
- Diễn giải: Có thể tham gia/đóng góp ý kiến để giải quyết vấn đề/tình huống… trong thực tiễn dựa trên những tình huống/kiến thức đã học
- Từ dùng để mô tả mức độ:
  Mô tả được/xác định được vấn đề/tình huống/quá trình/quy trình/hệ thống…; liệt kê được/nhận biết được tình huống/sự cố/…; thực hiện được quá trình/quy trình/yêu cầu theo yêu cầu…",PHỤ LỤC 1: THANG DO NĂNG LỰC,4. Thang đánh giá năng lực,Tham gia,,Mạng máy tính và truyền thông dữ liệu > PHỤ LỤC 1: THANG DO NĂNG LỰC > 4. Thang đánh giá năng lực > Tham gia,data/processed/Mạng máy tính và truyền thông dữ liệu.md,Mạng máy tính và truyền thông dữ liệu,markdown,data/processed/Mạng máy tính và truyền thông dữ liệu.md,sentence-transformers,1024
190,Mạng máy tính và truyền thông dữ liệu,"Mạng máy tính và truyền thông dữ liệu > PHỤ LỤC 1: THANG DO NĂNG LỰC > 4. Thang đánh giá năng lực > Giải thích
- Diễn giải: Có thể hiểu và giải thích được vấn đề/ý tưởng có liên quan dựa trên những kiến thức/kỹ năng đã biết/đã học, đã thực tế, đã trải qua
- Từ dùng để mô tả mức độ:
  Thảo luận/giải thích được sự cố trong quá trình sản xuất…/phân tích nguyên nhân của sự cố; phân loại/nhận dạng được thiết bị, quá trình, quy trình…; mô tả khái niệm, mô hình hệ thống; phân loại/xác định được…",PHỤ LỤC 1: THANG DO NĂNG LỰC,4. Thang đánh giá năng lực,Giải thích,,Mạng máy tính và truyền thông dữ liệu > PHỤ LỤC 1: THANG DO NĂNG LỰC > 4. Thang đánh giá năng lực > Giải thích,data/processed/Mạng máy tính và truyền thông dữ liệu.md,Mạng máy tính và truyền thông dữ liệu,markdown,data/processed/Mạng máy tính và truyền thông dữ liệu.md,sentence-transformers,1024
191,Mạng máy tính và truyền thông dữ liệu,"Mạng máy tính và truyền thông dữ liệu > PHỤ LỤC 1: THANG DO NĂNG LỰC > 4. Thang đánh giá năng lực > Triển khai
- Diễn giải: Có thể thực hiện và triển khai được vấn đề trong thực tiễn
- Từ dùng để mô tả mức độ:
  Áp dụng được kỹ năng đã học; vận dụng linh hoạt lý thuyết vào giải quyết tình huống…; phối hợp được…; biện luận được, so sánh được; đặt câu hỏi được…",PHỤ LỤC 1: THANG DO NĂNG LỰC,4. Thang đánh giá năng lực,Triển khai,,Mạng máy tính và truyền thông dữ liệu > PHỤ LỤC 1: THANG DO NĂNG LỰC > 4. Thang đánh giá năng lực > Triển khai,data/processed/Mạng máy tính và truyền thông dữ liệu.md,Mạng máy tính và truyền thông dữ liệu,markdown,data/processed/Mạng máy tính và truyền thông dữ liệu.md,sentence-transformers,1024
192,Mạng máy tính và truyền thông dữ liệu,"Mạng máy tính và truyền thông dữ liệu > PHỤ LỤC 1: THANG DO NĂNG LỰC > 4. Thang đánh giá năng lực > Lãnh đạo/Phát minh
- Diễn giải: Có thể lãnh đạo để thực hiện; xây dựng được công cụ để giải quyết vấn đề trong thực tiễn…
- Từ dùng để mô tả mức độ:
  Xây dựng được công cụ, quy trình, chương trình; tổng hợp để xây dựng hệ thống/đề án/sản xuất…; đánh giá được, phân tích được hiệu quả quá trình/quy trình…
  |",PHỤ LỤC 1: THANG DO NĂNG LỰC,4. Thang đánh giá năng lực,Lãnh đạo/Phát minh,,Mạng máy tính và truyền thông dữ liệu > PHỤ LỤC 1: THANG DO NĂNG LỰC > 4. Thang đánh giá năng lực > Lãnh đạo/Phát minh,data/processed/Mạng máy tính và truyền thông dữ liệu.md,Mạng máy tính và truyền thông dữ liệu,markdown,data/processed/Mạng máy tính và truyền thông dữ liệu.md,sentence-transformers,1024
193,Mạng máy tính và truyền thông dữ liệu,"Mạng máy tính và truyền thông dữ liệu > PHỤ LỤC 2: BẢNG MÔ TẢ CÁC HỌC PHẦN MMT&TTDL > 1. Kiến thức giáo dục đại cương – 29 tín chỉ > 1.1. Toán và khoa học tự nhiên – 14 tín chỉ > Đại số
- Mã học phần: 001201
- Học phần học trước: không có.
- Nội dung (tóm tắt): Cung cấp các kiến thức cơ bản về ma trận, định thức, hệ phương trình tuyến tính, không gian vectơ, không gian Ơ-clit… Đồng thời rèn luyện tư duy logic, khả năng phân tích và vận dụng các kiến thức toán học vào các học phần cơ sở ngành và chuyên ngành.
- Ghi chú: Học phần bắt buộc",PHỤ LỤC 2: BẢNG MÔ TẢ CÁC HỌC PHẦN MMT&TTDL,1. Kiến thức giáo dục đại cương – 29 tín chỉ,1.1. Toán và khoa học tự nhiên – 14 tín chỉ,Đại số,Mạng máy tính và truyền thông dữ liệu > PHỤ LỤC 2: BẢNG MÔ TẢ CÁC HỌC PHẦN MMT&TTDL > 1. Kiến thức giáo dục đại cương – 29 tín chỉ > 1.1. Toán và khoa học tự nhiên – 14 tín chỉ > Đại số,data/processed/Mạng máy tính và truyền thông dữ liệu.md,Mạng máy tính và truyền thông dữ liệu,markdown,data/processed/Mạng máy tính và truyền thông dữ liệu.md,sentence-transformers,1024
194,Mạng máy tính và truyền thông dữ liệu,"Mạng máy tính và truyền thông dữ liệu > PHỤ LỤC 2: BẢNG MÔ TẢ CÁC HỌC PHẦN MMT&TTDL > 1. Kiến thức giáo dục đại cương – 29 tín chỉ > 1.1. Toán và khoa học tự nhiên – 14 tín chỉ > Giải tích 1
- Mã học phần: 001202
- Học phần học trước: không có.
- Nội dung (tóm tắt): Thuộc khối kiến thức cơ bản, cung cấp kiến thức về giới hạn, hàm một biến, đạo hàm, tích phân… là nền tảng cho các học phần toán và chuyên ngành sau này. Ngoài ra, học phần rèn luyện kỹ năng sử dụng các khái niệm giải tích trong mô hình hóa và giải quyết một số bài toán thực tiễn, hình thành thói quen tự học, nghiên cứu.
- Ghi chú: Học phần bắt buộc",PHỤ LỤC 2: BẢNG MÔ TẢ CÁC HỌC PHẦN MMT&TTDL,1. Kiến thức giáo dục đại cương – 29 tín chỉ,1.1. Toán và khoa học tự nhiên – 14 tín chỉ,Giải tích 1,Mạng máy tính và truyền thông dữ liệu > PHỤ LỤC 2: BẢNG MÔ TẢ CÁC HỌC PHẦN MMT&TTDL > 1. Kiến thức giáo dục đại cương – 29 tín chỉ > 1.1. Toán và khoa học tự nhiên – 14 tín chỉ > Giải tích 1,data/processed/Mạng máy tính và truyền thông dữ liệu.md,Mạng máy tính và truyền thông dữ liệu,markdown,data/processed/Mạng máy tính và truyền thông dữ liệu.md,sentence-transformers,1024
195,Mạng máy tính và truyền thông dữ liệu,"Mạng máy tính và truyền thông dữ liệu > PHỤ LỤC 2: BẢNG MÔ TẢ CÁC HỌC PHẦN MMT&TTDL > 1. Kiến thức giáo dục đại cương – 29 tín chỉ > 1.1. Toán và khoa học tự nhiên – 14 tín chỉ > Giải tích 2
- Mã học phần: 001203
- Học phần học trước: 001202
- Nội dung (tóm tắt): Cung cấp kiến thức tiếp theo về chuỗi số, chuỗi hàm số, chuỗi Fourier; tích phân bội; tích phân đường, tích phân mặt; trường vectơ và một số ứng dụng. Giúp người học củng cố, mở rộng kiến thức giải tích và rèn luyện khả năng vận dụng vào các học phần cơ sở ngành và chuyên ngành.
- Ghi chú: Học phần bắt buộc",PHỤ LỤC 2: BẢNG MÔ TẢ CÁC HỌC PHẦN MMT&TTDL,1. Kiến thức giáo dục đại cương – 29 tín chỉ,1.1. Toán và khoa học tự nhiên – 14 tín chỉ,Giải tích 2,Mạng máy tính và truyền thông dữ liệu > PHỤ LỤC 2: BẢNG MÔ TẢ CÁC HỌC PHẦN MMT&TTDL > 1. Kiến thức giáo dục đại cương – 29 tín chỉ > 1.1. Toán và khoa học tự nhiên – 14 tín chỉ > Giải tích 2,data/processed/Mạng máy tính và truyền thông dữ liệu.md,Mạng máy tính và truyền thông dữ liệu,markdown,data/processed/Mạng máy tính và truyền thông dữ liệu.md,sentence-transformers,1024
196,Mạng máy tính và truyền thông dữ liệu,"Mạng máy tính và truyền thông dữ liệu > PHỤ LỤC 2: BẢNG MÔ TẢ CÁC HỌC PHẦN MMT&TTDL > 1. Kiến thức giáo dục đại cương – 29 tín chỉ > 1.1. Toán và khoa học tự nhiên – 14 tín chỉ > Toán chuyên đề 1
- Mã học phần: 001205
- Học phần học trước: không có
- Nội dung (tóm tắt): Cung cấp kiến thức về xác suất, biến ngẫu nhiên, các luật phân phối thường dùng, các số đặc trưng của biến ngẫu nhiên; các khái niệm cơ bản về thống kê, ước lượng, kiểm định giả thuyết, hồi quy tuyến tính… Hỗ trợ người học hình thành kỹ năng phân tích số liệu, nghiên cứu, làm việc nhóm và thái độ học tập nghiêm túc, chủ động.
- Ghi chú: Học phần bắt buộc",PHỤ LỤC 2: BẢNG MÔ TẢ CÁC HỌC PHẦN MMT&TTDL,1. Kiến thức giáo dục đại cương – 29 tín chỉ,1.1. Toán và khoa học tự nhiên – 14 tín chỉ,Toán chuyên đề 1,Mạng máy tính và truyền thông dữ liệu > PHỤ LỤC 2: BẢNG MÔ TẢ CÁC HỌC PHẦN MMT&TTDL > 1. Kiến thức giáo dục đại cương – 29 tín chỉ > 1.1. Toán và khoa học tự nhiên – 14 tín chỉ > Toán chuyên đề 1,data/processed/Mạng máy tính và truyền thông dữ liệu.md,Mạng máy tính và truyền thông dữ liệu,markdown,data/processed/Mạng máy tính và truyền thông dữ liệu.md,sentence-transformers,1024
197,Mạng máy tính và truyền thông dữ liệu,"Mạng máy tính và truyền thông dữ liệu > PHỤ LỤC 2: BẢNG MÔ TẢ CÁC HỌC PHẦN MMT&TTDL > 1. Kiến thức giáo dục đại cương – 29 tín chỉ > 1.1. Toán và khoa học tự nhiên – 14 tín chỉ > Nhập môn ngành Mạng máy tính và truyền thông dữ liệu
- Mã học phần: 125015
- Học phần học trước: không có.
- Nội dung (tóm tắt): Cung cấp kiến thức xã hội phục vụ lựa chọn nghề nghiệp; xác định mục tiêu học tập và định hướng nghề nghiệp. Trang bị kỹ năng mềm (làm việc nhóm, giao tiếp, tư duy logic, kỹ năng lập trình Matlab cơ bản…). Trình bày cách thức viết báo cáo khoa học theo chuẩn IEEE. Giúp sinh viên định hướng nghề nghiệp CNTT nói chung và chuyên ngành MMT&TTDL nói riêng. Nâng cao ý thức tự học, tinh thần hợp tác, làm việc nhóm.
- Ghi chú: Học phần bắt buộc",PHỤ LỤC 2: BẢNG MÔ TẢ CÁC HỌC PHẦN MMT&TTDL,1. Kiến thức giáo dục đại cương – 29 tín chỉ,1.1. Toán và khoa học tự nhiên – 14 tín chỉ,Nhập môn ngành Mạng máy tính và truyền thông dữ liệu,Mạng máy tính và truyền thông dữ liệu > PHỤ LỤC 2: BẢNG MÔ TẢ CÁC HỌC PHẦN MMT&TTDL > 1. Kiến thức giáo dục đại cương – 29 tín chỉ > 1.1. Toán và khoa học tự nhiên – 14 tín chỉ > Nhập môn ngành Mạng máy tính và truyền thông dữ liệu,data/processed/Mạng máy tính và truyền thông dữ liệu.md,Mạng máy tính và truyền thông dữ liệu,markdown,data/processed/Mạng máy tính và truyền thông dữ liệu.md,sentence-transformers,1024
198,Mạng máy tính và truyền thông dữ liệu,"Mạng máy tính và truyền thông dữ liệu > PHỤ LỤC 2: BẢNG MÔ TẢ CÁC HỌC PHẦN MMT&TTDL > 1. Kiến thức giáo dục đại cương – 29 tín chỉ > 1.2. Pháp luật và khoa học xã hội – 13 TC > Pháp luật đại cương
- Mã học phần: 005004
- Nội dung (tóm tắt): Học phần thuộc khối kiến thức đại cương. Cung cấp kiến thức về Nhà nước, pháp luật và các ngành luật cơ bản. Trang bị kỹ năng tìm kiếm, vận dụng pháp luật trong đời sống và nghề nghiệp. Hình thành tư duy logic, thái độ nghiêm túc, trách nhiệm trong học tập và xã hội.
- Ghi chú: Bắt buộc",PHỤ LỤC 2: BẢNG MÔ TẢ CÁC HỌC PHẦN MMT&TTDL,1. Kiến thức giáo dục đại cương – 29 tín chỉ,1.2. Pháp luật và khoa học xã hội – 13 TC,Pháp luật đại cương,Mạng máy tính và truyền thông dữ liệu > PHỤ LỤC 2: BẢNG MÔ TẢ CÁC HỌC PHẦN MMT&TTDL > 1. Kiến thức giáo dục đại cương – 29 tín chỉ > 1.2. Pháp luật và khoa học xã hội – 13 TC > Pháp luật đại cương,data/processed/Mạng máy tính và truyền thông dữ liệu.md,Mạng máy tính và truyền thông dữ liệu,markdown,data/processed/Mạng máy tính và truyền thông dữ liệu.md,sentence-transformers,1024
199,Mạng máy tính và truyền thông dữ liệu,"Mạng máy tính và truyền thông dữ liệu > PHỤ LỤC 2: BẢNG MÔ TẢ CÁC HỌC PHẦN MMT&TTDL > 1. Kiến thức giáo dục đại cương – 29 tín chỉ > 1.2. Pháp luật và khoa học xã hội – 13 TC > Tư tưởng Hồ Chí Minh
- Mã học phần: 005102
- Nội dung (tóm tắt): Cung cấp những kiến thức cơ bản về tư tưởng Hồ Chí Minh; giúp người học hiểu nguồn gốc, nội dung và giá trị tư tưởng. Rèn luyện ý thức rèn luyện đạo đức, phát triển năng lực tư duy độc lập, sáng tạo, tự học và vận dụng vào thực tiễn.
- Ghi chú: Bắt buộc",PHỤ LỤC 2: BẢNG MÔ TẢ CÁC HỌC PHẦN MMT&TTDL,1. Kiến thức giáo dục đại cương – 29 tín chỉ,1.2. Pháp luật và khoa học xã hội – 13 TC,Tư tưởng Hồ Chí Minh,Mạng máy tính và truyền thông dữ liệu > PHỤ LỤC 2: BẢNG MÔ TẢ CÁC HỌC PHẦN MMT&TTDL > 1. Kiến thức giáo dục đại cương – 29 tín chỉ > 1.2. Pháp luật và khoa học xã hội – 13 TC > Tư tưởng Hồ Chí Minh,data/processed/Mạng máy tính và truyền thông dữ liệu.md,Mạng máy tính và truyền thông dữ liệu,markdown,data/processed/Mạng máy tính và truyền thông dữ liệu.md,sentence-transformers,1024
200,Mạng máy tính và truyền thông dữ liệu,"Mạng máy tính và truyền thông dữ liệu > PHỤ LỤC 2: BẢNG MÔ TẢ CÁC HỌC PHẦN MMT&TTDL > 1. Kiến thức giáo dục đại cương – 29 tín chỉ > 1.2. Pháp luật và khoa học xã hội – 13 TC > Triết học Mác – Lênin
- Mã học phần: 005105
- Nội dung (tóm tắt): Thuộc khối kiến thức đại cương. Cung cấp hệ thống kiến thức về triết học Mác – Lênin; giúp hình thành thế giới quan khoa học, phương pháp luận biện chứng; rèn luyện tư duy logic, năng lực phân tích, đánh giá; hình thành thái độ sống tích cực, trách nhiệm.
- Ghi chú: Bắt buộc",PHỤ LỤC 2: BẢNG MÔ TẢ CÁC HỌC PHẦN MMT&TTDL,1. Kiến thức giáo dục đại cương – 29 tín chỉ,1.2. Pháp luật và khoa học xã hội – 13 TC,Triết học Mác – Lênin,Mạng máy tính và truyền thông dữ liệu > PHỤ LỤC 2: BẢNG MÔ TẢ CÁC HỌC PHẦN MMT&TTDL > 1. Kiến thức giáo dục đại cương – 29 tín chỉ > 1.2. Pháp luật và khoa học xã hội – 13 TC > Triết học Mác – Lênin,data/processed/Mạng máy tính và truyền thông dữ liệu.md,Mạng máy tính và truyền thông dữ liệu,markdown,data/processed/Mạng máy tính và truyền thông dữ liệu.md,sentence-transformers,1024
201,Mạng máy tính và truyền thông dữ liệu,"Mạng máy tính và truyền thông dữ liệu > PHỤ LỤC 2: BẢNG MÔ TẢ CÁC HỌC PHẦN MMT&TTDL > 1. Kiến thức giáo dục đại cương – 29 tín chỉ > 1.2. Pháp luật và khoa học xã hội – 13 TC > Kinh tế chính trị Mác – Lênin
- Mã học phần: 005106
- Nội dung (tóm tắt): Theo quy định của Bộ Giáo dục và Đào tạo. Học phần cung cấp kiến thức cơ bản về kinh tế chính trị Mác – Lênin; lý luận về phương thức sản xuất, quan hệ sản xuất, giá trị, hàng hóa… Giúp người học hiểu quy luật kinh tế – xã hội, biết đánh giá hiện tượng kinh tế thực tế. Rèn luyện năng lực tư duy kinh tế, kỹ năng phân tích, thái độ đúng đắn đối với thực tiễn xã hội.
- Ghi chú: Bắt buộc",PHỤ LỤC 2: BẢNG MÔ TẢ CÁC HỌC PHẦN MMT&TTDL,1. Kiến thức giáo dục đại cương – 29 tín chỉ,1.2. Pháp luật và khoa học xã hội – 13 TC,Kinh tế chính trị Mác – Lênin,Mạng máy tính và truyền thông dữ liệu > PHỤ LỤC 2: BẢNG MÔ TẢ CÁC HỌC PHẦN MMT&TTDL > 1. Kiến thức giáo dục đại cương – 29 tín chỉ > 1.2. Pháp luật và khoa học xã hội – 13 TC > Kinh tế chính trị Mác – Lênin,data/processed/Mạng máy tính và truyền thông dữ liệu.md,Mạng máy tính và truyền thông dữ liệu,markdown,data/processed/Mạng máy tính và truyền thông dữ liệu.md,sentence-transformers,1024
202,Mạng máy tính và truyền thông dữ liệu,"Mạng máy tính và truyền thông dữ liệu > PHỤ LỤC 2: BẢNG MÔ TẢ CÁC HỌC PHẦN MMT&TTDL > 1. Kiến thức giáo dục đại cương – 29 tín chỉ > 1.2. Pháp luật và khoa học xã hội – 13 TC > Chủ nghĩa xã hội khoa học
- Mã học phần: 005107
- Nội dung (tóm tắt): Theo quy định của Bộ Giáo dục và Đào tạo. Cung cấp nội dung cơ bản của chủ nghĩa xã hội khoa học; lý luận về vai trò và sứ mệnh lãnh đạo của Đảng Cộng sản Việt Nam trong sự nghiệp xây dựng CNXH. Rèn luyện tư duy lý luận, bản lĩnh chính trị, phẩm chất đạo đức, thái độ tích cực trong học tập và công việc.
- Ghi chú: Bắt buộc",PHỤ LỤC 2: BẢNG MÔ TẢ CÁC HỌC PHẦN MMT&TTDL,1. Kiến thức giáo dục đại cương – 29 tín chỉ,1.2. Pháp luật và khoa học xã hội – 13 TC,Chủ nghĩa xã hội khoa học,Mạng máy tính và truyền thông dữ liệu > PHỤ LỤC 2: BẢNG MÔ TẢ CÁC HỌC PHẦN MMT&TTDL > 1. Kiến thức giáo dục đại cương – 29 tín chỉ > 1.2. Pháp luật và khoa học xã hội – 13 TC > Chủ nghĩa xã hội khoa học,data/processed/Mạng máy tính và truyền thông dữ liệu.md,Mạng máy tính và truyền thông dữ liệu,markdown,data/processed/Mạng máy tính và truyền thông dữ liệu.md,sentence-transformers,1024
203,Mạng máy tính và truyền thông dữ liệu,"Mạng máy tính và truyền thông dữ liệu > PHỤ LỤC 2: BẢNG MÔ TẢ CÁC HỌC PHẦN MMT&TTDL > 1. Kiến thức giáo dục đại cương – 29 tín chỉ > 1.2. Pháp luật và khoa học xã hội – 13 TC > Lịch sử Đảng cộng sản VN
- Mã học phần: 005108
- Nội dung (tóm tắt): Theo quy định của Bộ Giáo dục và Đào tạo. Cung cấp hiểu biết về quá trình hình thành, phát triển của Đảng Cộng sản Việt Nam; những mốc lịch sử quan trọng từ 1930–2013. Hỗ trợ người học hình thành thế giới quan, bản lĩnh chính trị; thái độ nghiêm túc, ý thức trách nhiệm trong học tập và làm việc.
- Ghi chú: Bắt buộc",PHỤ LỤC 2: BẢNG MÔ TẢ CÁC HỌC PHẦN MMT&TTDL,1. Kiến thức giáo dục đại cương – 29 tín chỉ,1.2. Pháp luật và khoa học xã hội – 13 TC,Lịch sử Đảng cộng sản VN,Mạng máy tính và truyền thông dữ liệu > PHỤ LỤC 2: BẢNG MÔ TẢ CÁC HỌC PHẦN MMT&TTDL > 1. Kiến thức giáo dục đại cương – 29 tín chỉ > 1.2. Pháp luật và khoa học xã hội – 13 TC > Lịch sử Đảng cộng sản VN,data/processed/Mạng máy tính và truyền thông dữ liệu.md,Mạng máy tính và truyền thông dữ liệu,markdown,data/processed/Mạng máy tính và truyền thông dữ liệu.md,sentence-transformers,1024
204,Mạng máy tính và truyền thông dữ liệu,"Mạng máy tính và truyền thông dữ liệu > PHỤ LỤC 2: BẢNG MÔ TẢ CÁC HỌC PHẦN MMT&TTDL > 1. Kiến thức giáo dục đại cương – 29 tín chỉ > 1.3. Tin học – 2 TC > Tin học cơ bản
- Mã học phần: 124012
- Nội dung (tóm tắt): Học phần thuộc khối kiến thức giáo dục đại cương. Cung cấp nền tảng về lý thuyết và thực hành Tin học cơ bản theo quy định của Thông tư 03/2014/TT-BTTTT. Trang bị kỹ năng sử dụng máy tính, hệ điều hành, soạn thảo văn bản, bảng tính, trình chiếu… Giúp sinh viên có khả năng tự học, khai thác thông tin và làm việc hiệu quả. kiến thức về cấu trúc máy tính, hệ thống mạng kết nối máy tính. Soạn thảo các văn bản tài liệu văn phòng, thiết kế các bảng tính số liệu và trình bày bản trình chiếu cho bài thuyết trình với phần mềm ứng dụng Microsoft Office
- Ghi chú: Bắt buộc",PHỤ LỤC 2: BẢNG MÔ TẢ CÁC HỌC PHẦN MMT&TTDL,1. Kiến thức giáo dục đại cương – 29 tín chỉ,1.3. Tin học – 2 TC,Tin học cơ bản,Mạng máy tính và truyền thông dữ liệu > PHỤ LỤC 2: BẢNG MÔ TẢ CÁC HỌC PHẦN MMT&TTDL > 1. Kiến thức giáo dục đại cương – 29 tín chỉ > 1.3. Tin học – 2 TC > Tin học cơ bản,data/processed/Mạng máy tính và truyền thông dữ liệu.md,Mạng máy tính và truyền thông dữ liệu,markdown,data/processed/Mạng máy tính và truyền thông dữ liệu.md,sentence-transformers,1024
205,Mạng máy tính và truyền thông dữ liệu,"Mạng máy tính và truyền thông dữ liệu > PHỤ LỤC 2: BẢNG MÔ TẢ CÁC HỌC PHẦN MMT&TTDL > 2. Kiến thức giáo dục chuyên nghiệp: 94 tín chỉ > 2.1. Kiến thức cơ sở ngành – 29 tín chỉ > Cơ sở dữ liệu
- Mã học phần: 121000
- Nội dung (tóm tắt): Cơ sở dữ liệu là học phần thuộc nhóm kiến thức cơ sở ngành. Cung cấp mô hình dữ liệu quan hệ, kỹ năng khai thác dữ liệu bằng ngôn ngữ SQL. Học phần còn cung cấp kiến thức về hệ quản trị CSDL, giúp sinh viên hiểu và áp dụng trong thực tế. Đồng thời trang bị kỹ năng thiết kế cơ sở dữ liệu, xử lý thông tin, và làm việc với ngôn ngữ SQL.
- Ghi chú: Học phần bắt buộc",PHỤ LỤC 2: BẢNG MÔ TẢ CÁC HỌC PHẦN MMT&TTDL,2. Kiến thức giáo dục chuyên nghiệp: 94 tín chỉ,2.1. Kiến thức cơ sở ngành – 29 tín chỉ,Cơ sở dữ liệu,Mạng máy tính và truyền thông dữ liệu > PHỤ LỤC 2: BẢNG MÔ TẢ CÁC HỌC PHẦN MMT&TTDL > 2. Kiến thức giáo dục chuyên nghiệp: 94 tín chỉ > 2.1. Kiến thức cơ sở ngành – 29 tín chỉ > Cơ sở dữ liệu,data/processed/Mạng máy tính và truyền thông dữ liệu.md,Mạng máy tính và truyền thông dữ liệu,markdown,data/processed/Mạng máy tính và truyền thông dữ liệu.md,sentence-transformers,1024
206,Mạng máy tính và truyền thông dữ liệu,"Mạng máy tính và truyền thông dữ liệu > PHỤ LỤC 2: BẢNG MÔ TẢ CÁC HỌC PHẦN MMT&TTDL > 2. Kiến thức giáo dục chuyên nghiệp: 94 tín chỉ > 2.1. Kiến thức cơ sở ngành – 29 tín chỉ > Quản trị doanh nghiệp CNTT
- Mã học phần: 121037
- Nội dung (tóm tắt): Học phần thuộc nhóm kiến thức cơ sở ngành của chương trình MMT&TTDL. Cung cấp kiến thức tổng quan về quản trị CNTT, các mô hình quản trị CNTT hiện đại, hoạt động doanh nghiệp CNTT trong nước và quốc tế. Sinh viên được trang bị kỹ năng quản trị, vận hành CNTT và triển khai các hệ thống CNTT trong doanh nghiệp.
- Ghi chú: Học phần bắt buộc",PHỤ LỤC 2: BẢNG MÔ TẢ CÁC HỌC PHẦN MMT&TTDL,2. Kiến thức giáo dục chuyên nghiệp: 94 tín chỉ,2.1. Kiến thức cơ sở ngành – 29 tín chỉ,Quản trị doanh nghiệp CNTT,Mạng máy tính và truyền thông dữ liệu > PHỤ LỤC 2: BẢNG MÔ TẢ CÁC HỌC PHẦN MMT&TTDL > 2. Kiến thức giáo dục chuyên nghiệp: 94 tín chỉ > 2.1. Kiến thức cơ sở ngành – 29 tín chỉ > Quản trị doanh nghiệp CNTT,data/processed/Mạng máy tính và truyền thông dữ liệu.md,Mạng máy tính và truyền thông dữ liệu,markdown,data/processed/Mạng máy tính và truyền thông dữ liệu.md,sentence-transformers,1024
207,Mạng máy tính và truyền thông dữ liệu,"Mạng máy tính và truyền thông dữ liệu > PHỤ LỤC 2: BẢNG MÔ TẢ CÁC HỌC PHẦN MMT&TTDL > 2. Kiến thức giáo dục chuyên nghiệp: 94 tín chỉ > 2.1. Kiến thức cơ sở ngành – 29 tín chỉ > Toán rời rạc
- Mã học phần: 122002
- Nội dung (tóm tắt): Học phần cung cấp kiến thức về lý thuyết tập hợp, quan hệ, hàm số; logic toán; phương pháp chứng minh; phép đếm; hàm Bool và các phép toán đại số Bool; cơ sở lý thuyết đồ thị. Đây là nền tảng toán học quan trọng cho nhiều học phần tiếp theo trong ngành CNTT như cấu trúc dữ liệu, thuật toán và lập trình.
- Ghi chú: Học phần bắt buộc",PHỤ LỤC 2: BẢNG MÔ TẢ CÁC HỌC PHẦN MMT&TTDL,2. Kiến thức giáo dục chuyên nghiệp: 94 tín chỉ,2.1. Kiến thức cơ sở ngành – 29 tín chỉ,Toán rời rạc,Mạng máy tính và truyền thông dữ liệu > PHỤ LỤC 2: BẢNG MÔ TẢ CÁC HỌC PHẦN MMT&TTDL > 2. Kiến thức giáo dục chuyên nghiệp: 94 tín chỉ > 2.1. Kiến thức cơ sở ngành – 29 tín chỉ > Toán rời rạc,data/processed/Mạng máy tính và truyền thông dữ liệu.md,Mạng máy tính và truyền thông dữ liệu,markdown,data/processed/Mạng máy tính và truyền thông dữ liệu.md,sentence-transformers,1024
208,Mạng máy tính và truyền thông dữ liệu,"Mạng máy tính và truyền thông dữ liệu > PHỤ LỤC 2: BẢNG MÔ TẢ CÁC HỌC PHẦN MMT&TTDL > 2. Kiến thức giáo dục chuyên nghiệp: 94 tín chỉ > 2.1. Kiến thức cơ sở ngành – 29 tín chỉ > Lập trình hướng đối tượng
- Mã học phần: 122003
- Nội dung (tóm tắt): Học phần giúp sinh viên tiếp cận tư duy lập trình hướng đối tượng: lớp, đối tượng, kế thừa, đa hình, đóng gói… Cung cấp phương pháp tổ chức chương trình theo mô hình OOP. Sinh viên rèn luyện kỹ năng lập trình thực tế thông qua các bài tập và dự án nhỏ, hình thành khả năng tự học, làm việc nhóm, và vận dụng OOP vào các môn chuyên ngành sau này. Đây là học phần đóng vai trò trang bị kiến thức cơ sở, nền tảng cho sinh viên, bổ trợ cho các môn học khác như lập trình Java, phân tích thiết kế hệ thống, xây dựng phần mềm hướng đối tượng,...
- Ghi chú: Học phần bắt buộc",PHỤ LỤC 2: BẢNG MÔ TẢ CÁC HỌC PHẦN MMT&TTDL,2. Kiến thức giáo dục chuyên nghiệp: 94 tín chỉ,2.1. Kiến thức cơ sở ngành – 29 tín chỉ,Lập trình hướng đối tượng,Mạng máy tính và truyền thông dữ liệu > PHỤ LỤC 2: BẢNG MÔ TẢ CÁC HỌC PHẦN MMT&TTDL > 2. Kiến thức giáo dục chuyên nghiệp: 94 tín chỉ > 2.1. Kiến thức cơ sở ngành – 29 tín chỉ > Lập trình hướng đối tượng,data/processed/Mạng máy tính và truyền thông dữ liệu.md,Mạng máy tính và truyền thông dữ liệu,markdown,data/processed/Mạng máy tính và truyền thông dữ liệu.md,sentence-transformers,1024
209,Mạng máy tính và truyền thông dữ liệu,"Mạng máy tính và truyền thông dữ liệu > PHỤ LỤC 2: BẢNG MÔ TẢ CÁC HỌC PHẦN MMT&TTDL > 2. Kiến thức giáo dục chuyên nghiệp: 94 tín chỉ > 2.1. Kiến thức cơ sở ngành – 29 tín chỉ > Lý thuyết đồ thị
- Mã học phần: 122004
- Nội dung (tóm tắt): Học phần nghiên cứu các phương pháp mô hình hóa đồ thị, tính chất đồ thị, các thuật toán trên đồ thị như đường đi ngắn nhất, chu trình, cây bao trùm, Euler – Hamilton… Ứng dụng trong các lĩnh vực: mạng máy tính, trí tuệ nhân tạo, khai phá dữ liệu. Rèn luyện tư duy logic và kỹ năng phân tích – giải quyết vấn đề trên cấu trúc đồ thị.
- Ghi chú: Học phần bắt buộc",PHỤ LỤC 2: BẢNG MÔ TẢ CÁC HỌC PHẦN MMT&TTDL,2. Kiến thức giáo dục chuyên nghiệp: 94 tín chỉ,2.1. Kiến thức cơ sở ngành – 29 tín chỉ,Lý thuyết đồ thị,Mạng máy tính và truyền thông dữ liệu > PHỤ LỤC 2: BẢNG MÔ TẢ CÁC HỌC PHẦN MMT&TTDL > 2. Kiến thức giáo dục chuyên nghiệp: 94 tín chỉ > 2.1. Kiến thức cơ sở ngành – 29 tín chỉ > Lý thuyết đồ thị,data/processed/Mạng máy tính và truyền thông dữ liệu.md,Mạng máy tính và truyền thông dữ liệu,markdown,data/processed/Mạng máy tính và truyền thông dữ liệu.md,sentence-transformers,1024
210,Mạng máy tính và truyền thông dữ liệu,"Mạng máy tính và truyền thông dữ liệu > PHỤ LỤC 2: BẢNG MÔ TẢ CÁC HỌC PHẦN MMT&TTDL > 2. Kiến thức giáo dục chuyên nghiệp: 94 tín chỉ > 2.1. Kiến thức cơ sở ngành – 29 tín chỉ > Chuyên đề thực tế 1
- Mã học phần: 122043
- Nội dung (tóm tắt): Học phần giúp sinh viên tiếp cận môi trường doanh nghiệp CNTT thông qua tham quan, tìm hiểu bộ phận vận hành hệ thống, quy trình làm việc thực tế. Sinh viên được rèn luyện kỹ năng mềm, thái độ nghề nghiệp, hiểu rõ yêu cầu công việc thực tế.
- Ghi chú: Học phần bắt buộc",PHỤ LỤC 2: BẢNG MÔ TẢ CÁC HỌC PHẦN MMT&TTDL,2. Kiến thức giáo dục chuyên nghiệp: 94 tín chỉ,2.1. Kiến thức cơ sở ngành – 29 tín chỉ,Chuyên đề thực tế 1,Mạng máy tính và truyền thông dữ liệu > PHỤ LỤC 2: BẢNG MÔ TẢ CÁC HỌC PHẦN MMT&TTDL > 2. Kiến thức giáo dục chuyên nghiệp: 94 tín chỉ > 2.1. Kiến thức cơ sở ngành – 29 tín chỉ > Chuyên đề thực tế 1,data/processed/Mạng máy tính và truyền thông dữ liệu.md,Mạng máy tính và truyền thông dữ liệu,markdown,data/processed/Mạng máy tính và truyền thông dữ liệu.md,sentence-transformers,1024
211,Mạng máy tính và truyền thông dữ liệu,"Mạng máy tính và truyền thông dữ liệu > PHỤ LỤC 2: BẢNG MÔ TẢ CÁC HỌC PHẦN MMT&TTDL > 2. Kiến thức giáo dục chuyên nghiệp: 94 tín chỉ > 2.1. Kiến thức cơ sở ngành – 29 tín chỉ > Mạng máy tính
- Mã học phần: 123002
- Nội dung (tóm tắt): Cung cấp kiến thức nền tảng về mạng máy tính, mô hình OSI, TCP/IP, địa chỉ IP, subnetting, định tuyến, chuyển mạch. Sinh viên được thực hành cấu hình mạng cơ bản trên thiết bị mạng. Học phần là nền tảng quan trọng cho các môn chuyên ngành như an ninh mạng, quản trị mạng, kỹ thuật truyền thông,…
- Ghi chú: Học phần bắt buộc",PHỤ LỤC 2: BẢNG MÔ TẢ CÁC HỌC PHẦN MMT&TTDL,2. Kiến thức giáo dục chuyên nghiệp: 94 tín chỉ,2.1. Kiến thức cơ sở ngành – 29 tín chỉ,Mạng máy tính,Mạng máy tính và truyền thông dữ liệu > PHỤ LỤC 2: BẢNG MÔ TẢ CÁC HỌC PHẦN MMT&TTDL > 2. Kiến thức giáo dục chuyên nghiệp: 94 tín chỉ > 2.1. Kiến thức cơ sở ngành – 29 tín chỉ > Mạng máy tính,data/processed/Mạng máy tính và truyền thông dữ liệu.md,Mạng máy tính và truyền thông dữ liệu,markdown,data/processed/Mạng máy tính và truyền thông dữ liệu.md,sentence-transformers,1024
212,Mạng máy tính và truyền thông dữ liệu,"Mạng máy tính và truyền thông dữ liệu > PHỤ LỤC 2: BẢNG MÔ TẢ CÁC HỌC PHẦN MMT&TTDL > 2. Kiến thức giáo dục chuyên nghiệp: 94 tín chỉ > 2.1. Kiến thức cơ sở ngành – 29 tín chỉ > Chuyên đề thực tế 2
- Mã học phần: 123042
- Nội dung (tóm tắt): Tiếp nối Chuyên đề thực tế 1. Sinh viên được đưa đến doanh nghiệp CNTT để trải nghiệm vị trí làm việc thực tế, làm quen môi trường công nghệ, văn hóa doanh nghiệp. Rèn luyện kỹ năng giao tiếp, xử lý tình huống và tác phong làm việc chuyên nghiệp.
- Ghi chú: Học phần bắt buộc",PHỤ LỤC 2: BẢNG MÔ TẢ CÁC HỌC PHẦN MMT&TTDL,2. Kiến thức giáo dục chuyên nghiệp: 94 tín chỉ,2.1. Kiến thức cơ sở ngành – 29 tín chỉ,Chuyên đề thực tế 2,Mạng máy tính và truyền thông dữ liệu > PHỤ LỤC 2: BẢNG MÔ TẢ CÁC HỌC PHẦN MMT&TTDL > 2. Kiến thức giáo dục chuyên nghiệp: 94 tín chỉ > 2.1. Kiến thức cơ sở ngành – 29 tín chỉ > Chuyên đề thực tế 2,data/processed/Mạng máy tính và truyền thông dữ liệu.md,Mạng máy tính và truyền thông dữ liệu,markdown,data/processed/Mạng máy tính và truyền thông dữ liệu.md,sentence-transformers,1024
213,Mạng máy tính và truyền thông dữ liệu,"Mạng máy tính và truyền thông dữ liệu > PHỤ LỤC 2: BẢNG MÔ TẢ CÁC HỌC PHẦN MMT&TTDL > 2. Kiến thức giáo dục chuyên nghiệp: 94 tín chỉ > 2.1. Kiến thức cơ sở ngành – 29 tín chỉ > Kỹ thuật lập trình
- Mã học phần: 124001
- Nội dung (tóm tắt): Trang bị tư duy lập trình nền tảng, phương pháp tổ chức chương trình, kiểu dữ liệu, cấu trúc điều khiển, mảng, con trỏ. Rèn luyện kỹ năng lập trình với các bài thực hành và dự án nhỏ. Tạo nền tảng tiếp cận các kỹ thuật lập trình nâng cao và thiết kế phần mềm.
- Ghi chú: Học phần bắt buộc",PHỤ LỤC 2: BẢNG MÔ TẢ CÁC HỌC PHẦN MMT&TTDL,2. Kiến thức giáo dục chuyên nghiệp: 94 tín chỉ,2.1. Kiến thức cơ sở ngành – 29 tín chỉ,Kỹ thuật lập trình,Mạng máy tính và truyền thông dữ liệu > PHỤ LỤC 2: BẢNG MÔ TẢ CÁC HỌC PHẦN MMT&TTDL > 2. Kiến thức giáo dục chuyên nghiệp: 94 tín chỉ > 2.1. Kiến thức cơ sở ngành – 29 tín chỉ > Kỹ thuật lập trình,data/processed/Mạng máy tính và truyền thông dữ liệu.md,Mạng máy tính và truyền thông dữ liệu,markdown,data/processed/Mạng máy tính và truyền thông dữ liệu.md,sentence-transformers,1024
214,Mạng máy tính và truyền thông dữ liệu,"Mạng máy tính và truyền thông dữ liệu > PHỤ LỤC 2: BẢNG MÔ TẢ CÁC HỌC PHẦN MMT&TTDL > 2. Kiến thức giáo dục chuyên nghiệp: 94 tín chỉ > 2.1. Kiến thức cơ sở ngành – 29 tín chỉ > Cấu trúc dữ liệu & giải thuật
- Mã học phần: 124002
- Nội dung (tóm tắt): Cung cấp kiến thức về cấu trúc dữ liệu tuyến tính và phi tuyến như danh sách, cây, đồ thị; các giải thuật tìm kiếm, sắp xếp, duyệt đồ thị; độ phức tạp thuật toán. Học phần giúp sinh viên hình thành tư duy giải thuật, là “xương sống” cho các môn chuyên ngành CNTT.
- Ghi chú: Học phần bắt buộc",PHỤ LỤC 2: BẢNG MÔ TẢ CÁC HỌC PHẦN MMT&TTDL,2. Kiến thức giáo dục chuyên nghiệp: 94 tín chỉ,2.1. Kiến thức cơ sở ngành – 29 tín chỉ,Cấu trúc dữ liệu & giải thuật,Mạng máy tính và truyền thông dữ liệu > PHỤ LỤC 2: BẢNG MÔ TẢ CÁC HỌC PHẦN MMT&TTDL > 2. Kiến thức giáo dục chuyên nghiệp: 94 tín chỉ > 2.1. Kiến thức cơ sở ngành – 29 tín chỉ > Cấu trúc dữ liệu & giải thuật,data/processed/Mạng máy tính và truyền thông dữ liệu.md,Mạng máy tính và truyền thông dữ liệu,markdown,data/processed/Mạng máy tính và truyền thông dữ liệu.md,sentence-transformers,1024
215,Mạng máy tính và truyền thông dữ liệu,"Mạng máy tính và truyền thông dữ liệu > PHỤ LỤC 2: BẢNG MÔ TẢ CÁC HỌC PHẦN MMT&TTDL > 2. Kiến thức giáo dục chuyên nghiệp: 94 tín chỉ > 2.1. Kiến thức cơ sở ngành – 29 tín chỉ > Kiến trúc máy tính
- Mã học phần: 125000
- Nội dung (tóm tắt): Trang bị kiến thức về cấu trúc và hoạt động của máy tính: biểu diễn dữ liệu, CPU, bộ nhớ, bus, I/O, tổ chức hệ thống và kiến trúc tập lệnh. Sinh viên hiểu cách máy tính thực thi chương trình ở mức thấp, tạo nền tảng cho các môn như hệ điều hành, mạng máy tính, lập trình hệ thống.
- Ghi chú: Học phần bắt buộc",PHỤ LỤC 2: BẢNG MÔ TẢ CÁC HỌC PHẦN MMT&TTDL,2. Kiến thức giáo dục chuyên nghiệp: 94 tín chỉ,2.1. Kiến thức cơ sở ngành – 29 tín chỉ,Kiến trúc máy tính,Mạng máy tính và truyền thông dữ liệu > PHỤ LỤC 2: BẢNG MÔ TẢ CÁC HỌC PHẦN MMT&TTDL > 2. Kiến thức giáo dục chuyên nghiệp: 94 tín chỉ > 2.1. Kiến thức cơ sở ngành – 29 tín chỉ > Kiến trúc máy tính,data/processed/Mạng máy tính và truyền thông dữ liệu.md,Mạng máy tính và truyền thông dữ liệu,markdown,data/processed/Mạng máy tính và truyền thông dữ liệu.md,sentence-transformers,1024
216,Mạng máy tính và truyền thông dữ liệu,"Mạng máy tính và truyền thông dữ liệu > PHỤ LỤC 2: BẢNG MÔ TẢ CÁC HỌC PHẦN MMT&TTDL > 2. Kiến thức giáo dục chuyên nghiệp: 94 tín chỉ > 2.1. Kiến thức cơ sở ngành – 29 tín chỉ > Hệ điều hành
- Mã học phần: 125001
- Nội dung (tóm tắt): Cung cấp kiến thức cơ bản về hệ điều hành: quản lý tiến trình, bộ nhớ, tệp tin; điều phối CPU, deadlock, lập lịch; cơ chế bảo vệ tài nguyên. Sinh viên được thực hành trên hệ điều hành thực tế, hiểu cách hệ điều hành tương tác với phần cứng, rèn kỹ năng quản trị và vận hành hệ điều hành. Môn học giúp sinh viên hiểu được các vận hành của một số hệ điều hành cụ thể (Linux, Windows, Unix, DOS). Bên cạnh đó, sinh viên được rèn luyện kỹ năng tổng hợp và phân tích vấn đề, kỹ năng làm việc nhóm, kỹ năng đọc và chọn lọc thông tin trong các tài liệu tiếng Anh chuyên ngành.
- Ghi chú: Học phần bắt buộc",PHỤ LỤC 2: BẢNG MÔ TẢ CÁC HỌC PHẦN MMT&TTDL,2. Kiến thức giáo dục chuyên nghiệp: 94 tín chỉ,2.1. Kiến thức cơ sở ngành – 29 tín chỉ,Hệ điều hành,Mạng máy tính và truyền thông dữ liệu > PHỤ LỤC 2: BẢNG MÔ TẢ CÁC HỌC PHẦN MMT&TTDL > 2. Kiến thức giáo dục chuyên nghiệp: 94 tín chỉ > 2.1. Kiến thức cơ sở ngành – 29 tín chỉ > Hệ điều hành,data/processed/Mạng máy tính và truyền thông dữ liệu.md,Mạng máy tính và truyền thông dữ liệu,markdown,data/processed/Mạng máy tính và truyền thông dữ liệu.md,sentence-transformers,1024
217,Mạng máy tính và truyền thông dữ liệu,"Mạng máy tính và truyền thông dữ liệu > PHỤ LỤC 2: BẢNG MÔ TẢ CÁC HỌC PHẦN MMT&TTDL > 2. Kiến thức giáo dục chuyên nghiệp: 94 tín chỉ > 2.2. Kiến thức ngành 34 tín chỉ > 2.2.1. Kiến thức bắt buộc – 25 tín chỉ > Quản trị mạng
- Mã học phần: 123005
- Học phần học trước: 123002
- Nội dung (tóm tắt): Môn học Quản trị mạng là môn mang nặng tính thực hành nhiều hơn là lý thuyết dựa trên nền tảng sinh viên đã có kiến thức nền về mạng máy tính. Giúp sinh viên có cái nhìn thực tế về mạng của các doanh nghiệp, xây dựng được kết thống quản lý tập trung bao gồm các người dùng, dữ liệu và các ứng dụng.
- Ghi chú: Bắt buộc",PHỤ LỤC 2: BẢNG MÔ TẢ CÁC HỌC PHẦN MMT&TTDL,2. Kiến thức giáo dục chuyên nghiệp: 94 tín chỉ,2.2. Kiến thức ngành 34 tín chỉ,2.2.1. Kiến thức bắt buộc – 25 tín chỉ,Mạng máy tính và truyền thông dữ liệu > PHỤ LỤC 2: BẢNG MÔ TẢ CÁC HỌC PHẦN MMT&TTDL > 2. Kiến thức giáo dục chuyên nghiệp: 94 tín chỉ > 2.2. Kiến thức ngành 34 tín chỉ > 2.2.1. Kiến thức bắt buộc – 25 tín chỉ > Quản trị mạng,data/processed/Mạng máy tính và truyền thông dữ liệu.md,Mạng máy tính và truyền thông dữ liệu,markdown,data/processed/Mạng máy tính và truyền thông dữ liệu.md,sentence-transformers,1024
218,Mạng máy tính và truyền thông dữ liệu,"Mạng máy tính và truyền thông dữ liệu > PHỤ LỤC 2: BẢNG MÔ TẢ CÁC HỌC PHẦN MMT&TTDL > 2. Kiến thức giáo dục chuyên nghiệp: 94 tín chỉ > 2.2. Kiến thức ngành 34 tín chỉ > 2.2.1. Kiến thức bắt buộc – 25 tín chỉ > Thiết kế mạng
- Mã học phần: 123032
- Học phần học trước: 123002
- Nội dung (tóm tắt): Cung cấp cho người học những kiến thức liên quan đến các kỹ thuật thiết kế hệ thống mạng LAN và WAN: các mô hình mạng của doanh nghiệp vừa và nhỏ; các chức năng cụ thể bên trọng thiết kế hệ thống, thiết kế và cấu hình cho hệ thống LAN và WAN.
- Ghi chú: Bắt buộc",PHỤ LỤC 2: BẢNG MÔ TẢ CÁC HỌC PHẦN MMT&TTDL,2. Kiến thức giáo dục chuyên nghiệp: 94 tín chỉ,2.2. Kiến thức ngành 34 tín chỉ,2.2.1. Kiến thức bắt buộc – 25 tín chỉ,Mạng máy tính và truyền thông dữ liệu > PHỤ LỤC 2: BẢNG MÔ TẢ CÁC HỌC PHẦN MMT&TTDL > 2. Kiến thức giáo dục chuyên nghiệp: 94 tín chỉ > 2.2. Kiến thức ngành 34 tín chỉ > 2.2.1. Kiến thức bắt buộc – 25 tín chỉ > Thiết kế mạng,data/processed/Mạng máy tính và truyền thông dữ liệu.md,Mạng máy tính và truyền thông dữ liệu,markdown,data/processed/Mạng máy tính và truyền thông dữ liệu.md,sentence-transformers,1024
219,Mạng máy tính và truyền thông dữ liệu,"Mạng máy tính và truyền thông dữ liệu > PHỤ LỤC 2: BẢNG MÔ TẢ CÁC HỌC PHẦN MMT&TTDL > 2. Kiến thức giáo dục chuyên nghiệp: 94 tín chỉ > 2.2. Kiến thức ngành 34 tín chỉ > 2.2.1. Kiến thức bắt buộc – 25 tín chỉ > An ninh mạng
- Mã học phần: 123038
- Học phần học trước: 123002
- Nội dung (tóm tắt): Cung cấp những kiến thức về an ninh trong môi trường mạng, các lỗ hổng bảo mật của các giao thức mạng và các giao thức bổ trợ để đảm bảo an toàn cho việc truyền thông qua mạng.
- Ghi chú: Bắt buộc",PHỤ LỤC 2: BẢNG MÔ TẢ CÁC HỌC PHẦN MMT&TTDL,2. Kiến thức giáo dục chuyên nghiệp: 94 tín chỉ,2.2. Kiến thức ngành 34 tín chỉ,2.2.1. Kiến thức bắt buộc – 25 tín chỉ,Mạng máy tính và truyền thông dữ liệu > PHỤ LỤC 2: BẢNG MÔ TẢ CÁC HỌC PHẦN MMT&TTDL > 2. Kiến thức giáo dục chuyên nghiệp: 94 tín chỉ > 2.2. Kiến thức ngành 34 tín chỉ > 2.2.1. Kiến thức bắt buộc – 25 tín chỉ > An ninh mạng,data/processed/Mạng máy tính và truyền thông dữ liệu.md,Mạng máy tính và truyền thông dữ liệu,markdown,data/processed/Mạng máy tính và truyền thông dữ liệu.md,sentence-transformers,1024
220,Mạng máy tính và truyền thông dữ liệu,"Mạng máy tính và truyền thông dữ liệu > PHỤ LỤC 2: BẢNG MÔ TẢ CÁC HỌC PHẦN MMT&TTDL > 2. Kiến thức giáo dục chuyên nghiệp: 94 tín chỉ > 2.2. Kiến thức ngành 34 tín chỉ > 2.2.1. Kiến thức bắt buộc – 25 tín chỉ > Kỹ thuật truyền số liệu
- Mã học phần: 125003
- Nội dung (tóm tắt): Học phần cung cấp các kiến thức liên quan trong lĩnh vực mạng kết nối và truyền dẫn. Môn học trang bị kỹ năng phân tích, lập luận và giải quyết vấn đề kỹ thuật trong truyền số liệu. Sinh viên sử dụng phần mềm tính toán và mô phỏng các kỹ thuật truyền dẫn. Đồng thời môn học giúp cho người học xây dựng được nhóm nghề và nâng cao khả năng thuyết trình.
- Ghi chú: Bắt buộc",PHỤ LỤC 2: BẢNG MÔ TẢ CÁC HỌC PHẦN MMT&TTDL,2. Kiến thức giáo dục chuyên nghiệp: 94 tín chỉ,2.2. Kiến thức ngành 34 tín chỉ,2.2.1. Kiến thức bắt buộc – 25 tín chỉ,Mạng máy tính và truyền thông dữ liệu > PHỤ LỤC 2: BẢNG MÔ TẢ CÁC HỌC PHẦN MMT&TTDL > 2. Kiến thức giáo dục chuyên nghiệp: 94 tín chỉ > 2.2. Kiến thức ngành 34 tín chỉ > 2.2.1. Kiến thức bắt buộc – 25 tín chỉ > Kỹ thuật truyền số liệu,data/processed/Mạng máy tính và truyền thông dữ liệu.md,Mạng máy tính và truyền thông dữ liệu,markdown,data/processed/Mạng máy tính và truyền thông dữ liệu.md,sentence-transformers,1024
221,Mạng máy tính và truyền thông dữ liệu,"Mạng máy tính và truyền thông dữ liệu > PHỤ LỤC 2: BẢNG MÔ TẢ CÁC HỌC PHẦN MMT&TTDL > 2. Kiến thức giáo dục chuyên nghiệp: 94 tín chỉ > 2.2. Kiến thức ngành 34 tín chỉ > 2.2.1. Kiến thức bắt buộc – 25 tín chỉ > Kỹ thuật thông tin vô tuyến
- Mã học phần: 125004
- Học phần tiên quyết: 125003; 001205; 001203
- Nội dung (tóm tắt): Cung cấp các kiến thức cơ sở về kỹ thuật thông tin vô tuyến. Về kiến thức nền, người học có thể mô tả và áp dụng các thông tin về modun hóa tín hiệu dùng trong hệ thống vô tuyến nhằm phân tích, so sánh hiệu suất các hệ thống.
- Ghi chú: Bắt buộc",PHỤ LỤC 2: BẢNG MÔ TẢ CÁC HỌC PHẦN MMT&TTDL,2. Kiến thức giáo dục chuyên nghiệp: 94 tín chỉ,2.2. Kiến thức ngành 34 tín chỉ,2.2.1. Kiến thức bắt buộc – 25 tín chỉ,Mạng máy tính và truyền thông dữ liệu > PHỤ LỤC 2: BẢNG MÔ TẢ CÁC HỌC PHẦN MMT&TTDL > 2. Kiến thức giáo dục chuyên nghiệp: 94 tín chỉ > 2.2. Kiến thức ngành 34 tín chỉ > 2.2.1. Kiến thức bắt buộc – 25 tín chỉ > Kỹ thuật thông tin vô tuyến,data/processed/Mạng máy tính và truyền thông dữ liệu.md,Mạng máy tính và truyền thông dữ liệu,markdown,data/processed/Mạng máy tính và truyền thông dữ liệu.md,sentence-transformers,1024
222,Mạng máy tính và truyền thông dữ liệu,"Mạng máy tính và truyền thông dữ liệu > PHỤ LỤC 2: BẢNG MÔ TẢ CÁC HỌC PHẦN MMT&TTDL > 2. Kiến thức giáo dục chuyên nghiệp: 94 tín chỉ > 2.2. Kiến thức ngành 34 tín chỉ > 2.2.1. Kiến thức bắt buộc – 25 tín chỉ > Tín hiệu hệ thống
- Mã học phần: 125006
- Học phần tiên quyết: 125003; 125006
- Nội dung (tóm tắt): Cung cấp kiến thức về tín hiệu và hệ thống LTI nhằm mô tả và ứng dụng các tín hiệu phục vụ cho sinh viên học các môn chuyên ngành về sau. Môn học cũng mô tả LTI được ứng dụng trong nhiều trong các bài toán khảo sát mô hình hệ thống mạng. Kiến thức trang bị trong môn học gồm xử lý tín hiệu xác định. Môn học cung cấp các kỹ năng gồm lập trình, giao tiếp xã hội, phân tích.
- Ghi chú: Bắt buộc",PHỤ LỤC 2: BẢNG MÔ TẢ CÁC HỌC PHẦN MMT&TTDL,2. Kiến thức giáo dục chuyên nghiệp: 94 tín chỉ,2.2. Kiến thức ngành 34 tín chỉ,2.2.1. Kiến thức bắt buộc – 25 tín chỉ,Mạng máy tính và truyền thông dữ liệu > PHỤ LỤC 2: BẢNG MÔ TẢ CÁC HỌC PHẦN MMT&TTDL > 2. Kiến thức giáo dục chuyên nghiệp: 94 tín chỉ > 2.2. Kiến thức ngành 34 tín chỉ > 2.2.1. Kiến thức bắt buộc – 25 tín chỉ > Tín hiệu hệ thống,data/processed/Mạng máy tính và truyền thông dữ liệu.md,Mạng máy tính và truyền thông dữ liệu,markdown,data/processed/Mạng máy tính và truyền thông dữ liệu.md,sentence-transformers,1024
223,Mạng máy tính và truyền thông dữ liệu,"Mạng máy tính và truyền thông dữ liệu > PHỤ LỤC 2: BẢNG MÔ TẢ CÁC HỌC PHẦN MMT&TTDL > 2. Kiến thức giáo dục chuyên nghiệp: 94 tín chỉ > 2.2. Kiến thức ngành 34 tín chỉ > 2.2.1. Kiến thức bắt buộc – 25 tín chỉ > Mô phỏng hệ thống truyền thông
- Mã học phần: 125008
- Học phần tiên quyết: 125004; 125009
- Nội dung (tóm tắt): Môn học Mô phỏng hệ thống truyền thông thuộc khối kiến thức chung của ngành Mạng máy tính và truyền thông dữ liệu. Sau khi học xong môn học sinh viên có thể: Nắm được các kiến thức cơ bản về mô hình hóa và mô phỏng. Nội dung tập trung vào phương pháp luận cũng như công cụ mô phỏng hệ thống truyền thông, làm cơ sở cho các môn học chuyên sâu khác và hỗ trợ cho làm đồ án tốt nghiệp; sử dụng công cụ MATLAB và các phương pháp cơ bản để ứng dụng vào công việc về mô phỏng hệ thống truyền thông; làm việc nhóm hiệu quả, giao tiếp và học các tài liệu kỹ thuật ngành bằng tiếng Anh.
- Ghi chú: Bắt buộc",PHỤ LỤC 2: BẢNG MÔ TẢ CÁC HỌC PHẦN MMT&TTDL,2. Kiến thức giáo dục chuyên nghiệp: 94 tín chỉ,2.2. Kiến thức ngành 34 tín chỉ,2.2.1. Kiến thức bắt buộc – 25 tín chỉ,Mạng máy tính và truyền thông dữ liệu > PHỤ LỤC 2: BẢNG MÔ TẢ CÁC HỌC PHẦN MMT&TTDL > 2. Kiến thức giáo dục chuyên nghiệp: 94 tín chỉ > 2.2. Kiến thức ngành 34 tín chỉ > 2.2.1. Kiến thức bắt buộc – 25 tín chỉ > Mô phỏng hệ thống truyền thông,data/processed/Mạng máy tính và truyền thông dữ liệu.md,Mạng máy tính và truyền thông dữ liệu,markdown,data/processed/Mạng máy tính và truyền thông dữ liệu.md,sentence-transformers,1024
224,Mạng máy tính và truyền thông dữ liệu,"Mạng máy tính và truyền thông dữ liệu > PHỤ LỤC 2: BẢNG MÔ TẢ CÁC HỌC PHẦN MMT&TTDL > 2. Kiến thức giáo dục chuyên nghiệp: 94 tín chỉ > 2.2. Kiến thức ngành 34 tín chỉ > 2.2.1. Kiến thức bắt buộc – 25 tín chỉ > Hệ thống thông tin di động tích hợp
- Mã học phần: 125009
- Học phần tiên quyết: 125003; 125006
- Nội dung (tóm tắt): Môn học thuộc nhóm ngành bắt buộc của ngành MMT&TTDL. Môn học trình bày các đề tổng quan về khía cạnh mạng truy nhập vô tuyến trong hệ thống mạng di động các thế hệ từ 1G đến 6G. Sinh viên có thể đánh giá các giải pháp kiến trúc, công nghệ và mô hình thiết kế hệ thống thông tin di động. Ngoài ra, môn học cung cấp cho sinh viên các kỹ năng mềm và tài liệu chuyên ngành bằng tiếng Anh có nội dung liên quan kiến thức mô tả kỹ năng kết nối linh động, đồng thời đề xuất các hệ thống giải thuật mô hình được đề xuất cho hệ thống mạng…
- Ghi chú: Bắt buộc",PHỤ LỤC 2: BẢNG MÔ TẢ CÁC HỌC PHẦN MMT&TTDL,2. Kiến thức giáo dục chuyên nghiệp: 94 tín chỉ,2.2. Kiến thức ngành 34 tín chỉ,2.2.1. Kiến thức bắt buộc – 25 tín chỉ,Mạng máy tính và truyền thông dữ liệu > PHỤ LỤC 2: BẢNG MÔ TẢ CÁC HỌC PHẦN MMT&TTDL > 2. Kiến thức giáo dục chuyên nghiệp: 94 tín chỉ > 2.2. Kiến thức ngành 34 tín chỉ > 2.2.1. Kiến thức bắt buộc – 25 tín chỉ > Hệ thống thông tin di động tích hợp,data/processed/Mạng máy tính và truyền thông dữ liệu.md,Mạng máy tính và truyền thông dữ liệu,markdown,data/processed/Mạng máy tính và truyền thông dữ liệu.md,sentence-transformers,1024
225,Mạng máy tính và truyền thông dữ liệu,"Mạng máy tính và truyền thông dữ liệu > PHỤ LỤC 2: BẢNG MÔ TẢ CÁC HỌC PHẦN MMT&TTDL > 2. Kiến thức giáo dục chuyên nghiệp: 94 tín chỉ > 2.2. Kiến thức ngành 34 tín chỉ > 2.2.1. Kiến thức bắt buộc – 25 tín chỉ > Thực tập tốt nghiệp
- Mã học phần: 126000
- Học phần học trước: các học phần bắt buộc và tự chọn tối thiểu đã phải tích lũy trong chương trình.
- Nội dung (tóm tắt): Môn học Thực tập tốt nghiệp thuộc khối kiến thức cơ sở ngành bắt buộc. Sinh viên có hai hướng lựa chọn: định hướng theo đề tài hoặc định hướng thực nghiệm. Đối với định hướng theo đề tài, sinh viên thực hiện phần xử lý dữ liệu, phần mềm và thực hiện các dự án CNTT. Trong quá trình thực hiện, sinh viên sẽ có được tư liệu cơ bản và đối chiếu các vấn đề dự án CNTT trong thực tế. Đối với định hướng thực nghiệm: các bộ môn sẽ phối hợp với nhà trường và doanh nghiệp để tổ chức định hướng thực tập cho sinh viên theo các vị trí ứng với nhu cầu thực tế trong môi trường thực tiễn tại các doanh nghiệp trong và ngoài thế giới.
- Ghi chú: Bắt buộc",PHỤ LỤC 2: BẢNG MÔ TẢ CÁC HỌC PHẦN MMT&TTDL,2. Kiến thức giáo dục chuyên nghiệp: 94 tín chỉ,2.2. Kiến thức ngành 34 tín chỉ,2.2.1. Kiến thức bắt buộc – 25 tín chỉ,Mạng máy tính và truyền thông dữ liệu > PHỤ LỤC 2: BẢNG MÔ TẢ CÁC HỌC PHẦN MMT&TTDL > 2. Kiến thức giáo dục chuyên nghiệp: 94 tín chỉ > 2.2. Kiến thức ngành 34 tín chỉ > 2.2.1. Kiến thức bắt buộc – 25 tín chỉ > Thực tập tốt nghiệp,data/processed/Mạng máy tính và truyền thông dữ liệu.md,Mạng máy tính và truyền thông dữ liệu,markdown,data/processed/Mạng máy tính và truyền thông dữ liệu.md,sentence-transformers,1024
226,Mạng máy tính và truyền thông dữ liệu,"Mạng máy tính và truyền thông dữ liệu > PHỤ LỤC 2: BẢNG MÔ TẢ CÁC HỌC PHẦN MMT&TTDL > 2. Kiến thức giáo dục chuyên nghiệp: 94 tín chỉ > 2.2. Kiến thức ngành 34 tín chỉ > Tối ưu hóa
- Mã học phần: 001210
- Nội dung (tóm tắt): Cung cấp các kiến thức cơ bản về bài toán quy hoạch tuyến tính, bài toán quy hoạch tuyến tính đối ngẫu; bài toán vận tải; bài toán luồng cực đại trong mạng; Quy hoạch động. Qua đó rèn luyện cho sinh viên các kỹ năng tư duy về công nghệ mô hình toán và kỹ năng vận dụng phương pháp giải các bài toán tối ưu trong kinh tế, giáo dục, lao động sản xuất, quản trị…
- Ghi chú: Học phần tự chọn",PHỤ LỤC 2: BẢNG MÔ TẢ CÁC HỌC PHẦN MMT&TTDL,2. Kiến thức giáo dục chuyên nghiệp: 94 tín chỉ,2.2. Kiến thức ngành 34 tín chỉ,Tối ưu hóa,Mạng máy tính và truyền thông dữ liệu > PHỤ LỤC 2: BẢNG MÔ TẢ CÁC HỌC PHẦN MMT&TTDL > 2. Kiến thức giáo dục chuyên nghiệp: 94 tín chỉ > 2.2. Kiến thức ngành 34 tín chỉ > Tối ưu hóa,data/processed/Mạng máy tính và truyền thông dữ liệu.md,Mạng máy tính và truyền thông dữ liệu,markdown,data/processed/Mạng máy tính và truyền thông dữ liệu.md,sentence-transformers,1024
227,Mạng máy tính và truyền thông dữ liệu,"Mạng máy tính và truyền thông dữ liệu > PHỤ LỤC 2: BẢNG MÔ TẢ CÁC HỌC PHẦN MMT&TTDL > 2. Kiến thức giáo dục chuyên nghiệp: 94 tín chỉ > 2.2. Kiến thức ngành 34 tín chỉ > Thiết kế cơ sở dữ liệu
- Mã học phần: 121002
- Học phần học trước: 121000, 122002, 124001
- Nội dung (tóm tắt): Thiết kế Cơ sở dữ liệu là học phần thuộc nhóm kiến thức chuyên ngành. Môn học cung cấp các thuật toán thiết kế hệ Cơ sở dữ liệu dựa trên lý thuyết của mô hình Quan hệ. Các thuật toán thiết kế bao gồm tiêu chuẩn hóa dữ liệu, thiết kế lược đồ, các thủ tục mô hình hóa mối quan hệ giữa thực thể và thuộc tính nhằm đảm bảo hệ cơ sở dữ liệu được thiết kế đúng đắn và tin cậy. Đồng thời môn học còn cung cấp các kỹ năng lập trình thao tác dữ liệu để sinh viên có thể áp dụng thành thạo lên các hệ Cơ sở dữ liệu trong thực tế.
- Ghi chú: Học phần tự chọn",PHỤ LỤC 2: BẢNG MÔ TẢ CÁC HỌC PHẦN MMT&TTDL,2. Kiến thức giáo dục chuyên nghiệp: 94 tín chỉ,2.2. Kiến thức ngành 34 tín chỉ,Thiết kế cơ sở dữ liệu,Mạng máy tính và truyền thông dữ liệu > PHỤ LỤC 2: BẢNG MÔ TẢ CÁC HỌC PHẦN MMT&TTDL > 2. Kiến thức giáo dục chuyên nghiệp: 94 tín chỉ > 2.2. Kiến thức ngành 34 tín chỉ > Thiết kế cơ sở dữ liệu,data/processed/Mạng máy tính và truyền thông dữ liệu.md,Mạng máy tính và truyền thông dữ liệu,markdown,data/processed/Mạng máy tính và truyền thông dữ liệu.md,sentence-transformers,1024
228,Mạng máy tính và truyền thông dữ liệu,"Mạng máy tính và truyền thông dữ liệu > PHỤ LỤC 2: BẢNG MÔ TẢ CÁC HỌC PHẦN MMT&TTDL > 2. Kiến thức giáo dục chuyên nghiệp: 94 tín chỉ > 2.2. Kiến thức ngành 34 tín chỉ > Xử lý ảnh và thị giác máy tính
- Mã học phần: 121036
- Học phần tiên quyết: 124001
- Nội dung (tóm tắt): Xử lý ảnh và thị giác máy tính là học phần thuộc nhóm kiến thức chuyên ngành. Môn học cung cấp các nguyên lý và kỹ thuật trong các vấn đề xử lý ảnh và thị giác máy tính. Đồng thời môn học cũng cung cấp các kỹ năng bao gồm mô hình hóa không gian hình ảnh trong đời sống triệu tín hiệu liên tục từ mô hình hình học và biến đổi miền tần; bằng ngôn ngữ lập trình theo chủ đề bài tập được sinh viên bố trí với sự hỗ trợ từ các bài toán trong thực tế.
- Ghi chú: Học phần tự chọn",PHỤ LỤC 2: BẢNG MÔ TẢ CÁC HỌC PHẦN MMT&TTDL,2. Kiến thức giáo dục chuyên nghiệp: 94 tín chỉ,2.2. Kiến thức ngành 34 tín chỉ,Xử lý ảnh và thị giác máy tính,Mạng máy tính và truyền thông dữ liệu > PHỤ LỤC 2: BẢNG MÔ TẢ CÁC HỌC PHẦN MMT&TTDL > 2. Kiến thức giáo dục chuyên nghiệp: 94 tín chỉ > 2.2. Kiến thức ngành 34 tín chỉ > Xử lý ảnh và thị giác máy tính,data/processed/Mạng máy tính và truyền thông dữ liệu.md,Mạng máy tính và truyền thông dữ liệu,markdown,data/processed/Mạng máy tính và truyền thông dữ liệu.md,sentence-transformers,1024
229,Mạng máy tính và truyền thông dữ liệu,"Mạng máy tính và truyền thông dữ liệu > PHỤ LỤC 2: BẢNG MÔ TẢ CÁC HỌC PHẦN MMT&TTDL > 2. Kiến thức giáo dục chuyên nghiệp: 94 tín chỉ > 2.2. Kiến thức ngành 34 tín chỉ > Lập trình Java
- Mã học phần: 123036
- Học phần học trước: 122003, 124001
- Nội dung (tóm tắt): Môn học góp phần cung cấp kiến thức nền tảng lập trình hướng đối tượng và khai thác các thế mạnh trong công nghệ Java. Môn học cung cấp kiến thức và kỹ năng về ngôn ngữ lập trình Java, giúp sinh viên có kiến thức nền tảng về lập trình ứng dụng. Ngoài ra, môn học cung cấp thêm nền tảng tốt hơn để học tốt cơ sở dữ liệu và lập trình đa luồng. Kết thúc môn học sinh viên có khả năng tiếp cận kiểu và kỹ năng giải quyết các vấn đề hỗ trợ công nghệ phần mềm.
- Ghi chú: Học phần tự chọn",PHỤ LỤC 2: BẢNG MÔ TẢ CÁC HỌC PHẦN MMT&TTDL,2. Kiến thức giáo dục chuyên nghiệp: 94 tín chỉ,2.2. Kiến thức ngành 34 tín chỉ,Lập trình Java,Mạng máy tính và truyền thông dữ liệu > PHỤ LỤC 2: BẢNG MÔ TẢ CÁC HỌC PHẦN MMT&TTDL > 2. Kiến thức giáo dục chuyên nghiệp: 94 tín chỉ > 2.2. Kiến thức ngành 34 tín chỉ > Lập trình Java,data/processed/Mạng máy tính và truyền thông dữ liệu.md,Mạng máy tính và truyền thông dữ liệu,markdown,data/processed/Mạng máy tính và truyền thông dữ liệu.md,sentence-transformers,1024
230,Mạng máy tính và truyền thông dữ liệu,"Mạng máy tính và truyền thông dữ liệu > PHỤ LỤC 2: BẢNG MÔ TẢ CÁC HỌC PHẦN MMT&TTDL > 2. Kiến thức giáo dục chuyên nghiệp: 94 tín chỉ > 2.2. Kiến thức ngành 34 tín chỉ > Kỹ năng làm việc
- Mã học phần: 123016
- Nội dung (tóm tắt): Giới thiệu các kiến thức chuyên đề về kỹ năng mềm. Cung cấp các kỹ năng như làm việc nhóm; quản lý thời gian; kỹ năng trình bày; thảo luận; giải quyết vấn đề; kỹ năng giao tiếp… Giúp sinh viên củng cố, phát triển kỹ năng ứng xử, làm việc, giải quyết tình huống trong môi trường học tập và công việc.
- Ghi chú: Học phần tự chọn",PHỤ LỤC 2: BẢNG MÔ TẢ CÁC HỌC PHẦN MMT&TTDL,2. Kiến thức giáo dục chuyên nghiệp: 94 tín chỉ,2.2. Kiến thức ngành 34 tín chỉ,Kỹ năng làm việc,Mạng máy tính và truyền thông dữ liệu > PHỤ LỤC 2: BẢNG MÔ TẢ CÁC HỌC PHẦN MMT&TTDL > 2. Kiến thức giáo dục chuyên nghiệp: 94 tín chỉ > 2.2. Kiến thức ngành 34 tín chỉ > Kỹ năng làm việc,data/processed/Mạng máy tính và truyền thông dữ liệu.md,Mạng máy tính và truyền thông dữ liệu,markdown,data/processed/Mạng máy tính và truyền thông dữ liệu.md,sentence-transformers,1024
231,Mạng máy tính và truyền thông dữ liệu,"Mạng máy tính và truyền thông dữ liệu > PHỤ LỤC 2: BẢNG MÔ TẢ CÁC HỌC PHẦN MMT&TTDL > 2. Kiến thức giáo dục chuyên nghiệp: 94 tín chỉ > 2.2. Kiến thức ngành 34 tín chỉ > Luật Công nghệ thông tin
- Mã học phần: 124005
- Nội dung (tóm tắt): Đây là học phần tự chọn thuộc khối kiến thức chuyên ngành của chương trình đào tạo ngành MMT&TTDL. Học phần này cung cấp cho sinh viên những kiến cơ bản về pháp luật Công nghệ thông tin, pháp luật về Giao dịch điện tử; pháp luật về hạ tầng Viễn thông- Internet, pháp luật về Sở hữu trí tuệ.
- Ghi chú: Học phần tự chọn",PHỤ LỤC 2: BẢNG MÔ TẢ CÁC HỌC PHẦN MMT&TTDL,2. Kiến thức giáo dục chuyên nghiệp: 94 tín chỉ,2.2. Kiến thức ngành 34 tín chỉ,Luật Công nghệ thông tin,Mạng máy tính và truyền thông dữ liệu > PHỤ LỤC 2: BẢNG MÔ TẢ CÁC HỌC PHẦN MMT&TTDL > 2. Kiến thức giáo dục chuyên nghiệp: 94 tín chỉ > 2.2. Kiến thức ngành 34 tín chỉ > Luật Công nghệ thông tin,data/processed/Mạng máy tính và truyền thông dữ liệu.md,Mạng máy tính và truyền thông dữ liệu,markdown,data/processed/Mạng máy tính và truyền thông dữ liệu.md,sentence-transformers,1024
232,Mạng máy tính và truyền thông dữ liệu,"Mạng máy tính và truyền thông dữ liệu > PHỤ LỤC 2: BẢNG MÔ TẢ CÁC HỌC PHẦN MMT&TTDL > 2. Kiến thức giáo dục chuyên nghiệp: 94 tín chỉ > 2.2. Kiến thức ngành 34 tín chỉ > Thương mại điện tử
- Mã học phần: 124006
- Nội dung (tóm tắt): Đây là học phần tự chọn thuộc khối kiến thức chuyên ngành của chương trình đào tạo chuyên ngành MMT&TTDL. Môn học cung cấp các khái niệm cơ bản về mô hình kinh doanh và Thương mại điện tử; các nền tảng cho phép cải thiện kinh doanh; các chiến lược sử dụng một số bộ công nghệ để triển khai Thương mại điện tử và bổ trợ cần thiết cho tổ chức và doanh nghiệp.
- Ghi chú: Học phần tự chọn",PHỤ LỤC 2: BẢNG MÔ TẢ CÁC HỌC PHẦN MMT&TTDL,2. Kiến thức giáo dục chuyên nghiệp: 94 tín chỉ,2.2. Kiến thức ngành 34 tín chỉ,Thương mại điện tử,Mạng máy tính và truyền thông dữ liệu > PHỤ LỤC 2: BẢNG MÔ TẢ CÁC HỌC PHẦN MMT&TTDL > 2. Kiến thức giáo dục chuyên nghiệp: 94 tín chỉ > 2.2. Kiến thức ngành 34 tín chỉ > Thương mại điện tử,data/processed/Mạng máy tính và truyền thông dữ liệu.md,Mạng máy tính và truyền thông dữ liệu,markdown,data/processed/Mạng máy tính và truyền thông dữ liệu.md,sentence-transformers,1024
233,Mạng máy tính và truyền thông dữ liệu,"Mạng máy tính và truyền thông dữ liệu > PHỤ LỤC 2: BẢNG MÔ TẢ CÁC HỌC PHẦN MMT&TTDL > 2. Kiến thức giáo dục chuyên nghiệp: 94 tín chỉ > 2.2. Kiến thức ngành 34 tín chỉ > Internet vạn vật (IoT)
- Mã học phần: 124011
- Học phần học trước: 124001
- Nội dung (tóm tắt): Đây là học phần tự chọn thuộc khối kiến thức chuyên ngành của chương trình đào tạo ngành MMT&TTDL. Học phần này trang bị cho sinh viên kiến thức cơ bản về Internet of Things, information architecture cho việc xây dựng ứng dụng và mô hình IoT; nhận diện các đồ vật thông minh trên một thiết bị được thiết kế thông minh với hiệu quả năng lượng tốt thông qua cảm biến như SMT32F103 hoặc SMT32F407 hoặc ESP32 hoặc Arduino hoặc Raspberry… Đồng thời môn học còn cung cấp phương diện cách dùng các loại cảm biến thông dụng (Analog, Digital) để thu thập dữ liệu theo dạng điều khiển, giám sát thiết bị thông minh trong gia đình, công nghiệp và nông nghiệp.
- Ghi chú: Học phần tự chọn",PHỤ LỤC 2: BẢNG MÔ TẢ CÁC HỌC PHẦN MMT&TTDL,2. Kiến thức giáo dục chuyên nghiệp: 94 tín chỉ,2.2. Kiến thức ngành 34 tín chỉ,Internet vạn vật (IoT),Mạng máy tính và truyền thông dữ liệu > PHỤ LỤC 2: BẢNG MÔ TẢ CÁC HỌC PHẦN MMT&TTDL > 2. Kiến thức giáo dục chuyên nghiệp: 94 tín chỉ > 2.2. Kiến thức ngành 34 tín chỉ > Internet vạn vật (IoT),data/processed/Mạng máy tính và truyền thông dữ liệu.md,Mạng máy tính và truyền thông dữ liệu,markdown,data/processed/Mạng máy tính và truyền thông dữ liệu.md,sentence-transformers,1024
234,Mạng máy tính và truyền thông dữ liệu,"Mạng máy tính và truyền thông dữ liệu > PHỤ LỤC 2: BẢNG MÔ TẢ CÁC HỌC PHẦN MMT&TTDL > 2. Kiến thức giáo dục chuyên nghiệp: 94 tín chỉ > 2.2. Kiến thức ngành 34 tín chỉ > Môi trường và phát triển kinh tế bền vững
- Mã học phần: 154008
- Nội dung (tóm tắt): Trang bị cho người học những kiến thức cơ bản về lĩnh vực môi trường và phát triển bền vững, năng lực tư duy và kỹ năng giải quyết các vấn đề xoay quanh phát triển và môi trường; từ đó giúp sinh viên hiểu rõ và có khả năng tích hợp các yếu tố môi trường trong các quyết định kinh tế - xã hội nhằm phát triển bền vững. Môn học cung cấp những kiến thức chung nhất về sử dụng tài nguyên và xử lý chất thải trong môi trường tự nhiên; tác động của công nghệ đến các yếu tố của môi trường. Giới thiệu một số mô hình đánh giá tác động môi trường; sự thay đổi môi trường dưới tác động của kinh tế và sự phát triển nhân tạo, làm rõ mối quan hệ giữa các hiệu ứng ô nhiễm, suy thoái môi trường.
- Ghi chú: Học phần tự chọn",PHỤ LỤC 2: BẢNG MÔ TẢ CÁC HỌC PHẦN MMT&TTDL,2. Kiến thức giáo dục chuyên nghiệp: 94 tín chỉ,2.2. Kiến thức ngành 34 tín chỉ,Môi trường và phát triển kinh tế bền vững,Mạng máy tính và truyền thông dữ liệu > PHỤ LỤC 2: BẢNG MÔ TẢ CÁC HỌC PHẦN MMT&TTDL > 2. Kiến thức giáo dục chuyên nghiệp: 94 tín chỉ > 2.2. Kiến thức ngành 34 tín chỉ > Môi trường và phát triển kinh tế bền vững,data/processed/Mạng máy tính và truyền thông dữ liệu.md,Mạng máy tính và truyền thông dữ liệu,markdown,data/processed/Mạng máy tính và truyền thông dữ liệu.md,sentence-transformers,1024
235,Mạng máy tính và truyền thông dữ liệu,"Mạng máy tính và truyền thông dữ liệu > PHỤ LỤC 2: BẢNG MÔ TẢ CÁC HỌC PHẦN MMT&TTDL > 2. Kiến thức giáo dục chuyên nghiệp: 94 tín chỉ > 2.3. Kiến thức chuyên ngành tự chọn: chọn 19 TC + 9 TC
_(6 TC Luận văn tốt nghiệp (hoặc các học phần thay thế Luận văn tốt nghiệp) và 3 TC thuộc nhóm thay thế Luận văn tốt nghiệp)_",PHỤ LỤC 2: BẢNG MÔ TẢ CÁC HỌC PHẦN MMT&TTDL,2. Kiến thức giáo dục chuyên nghiệp: 94 tín chỉ,2.3. Kiến thức chuyên ngành tự chọn: chọn 19 TC + 9 TC,,Mạng máy tính và truyền thông dữ liệu > PHỤ LỤC 2: BẢNG MÔ TẢ CÁC HỌC PHẦN MMT&TTDL > 2. Kiến thức giáo dục chuyên nghiệp: 94 tín chỉ > 2.3. Kiến thức chuyên ngành tự chọn: chọn 19 TC + 9 TC,data/processed/Mạng máy tính và truyền thông dữ liệu.md,Mạng máy tính và truyền thông dữ liệu,markdown,data/processed/Mạng máy tính và truyền thông dữ liệu.md,sentence-transformers,1024
236,Mạng máy tính và truyền thông dữ liệu,"Mạng máy tính và truyền thông dữ liệu > PHỤ LỤC 2: BẢNG MÔ TẢ CÁC HỌC PHẦN MMT&TTDL > 2. Kiến thức giáo dục chuyên nghiệp: 94 tín chỉ > 2.3. Kiến thức chuyên ngành tự chọn: chọn 19 TC + 9 TC > Lập trình web
- Mã học phần: 121031
- Học phần học trước: 121000; 124001
- Nội dung (tóm tắt): Đây là học phần thuộc khối kiến thức chuyên ngành của chương trình đào tạo ngành MMT&TTDL. Học phần này cung cấp cho sinh viên kiến thức về kỹ thuật thiết kế layout như HTML, CSS, JS và Jquery, sau đó là phần lập trình PHP kết nối với cơ sở dữ liệu MYSQL giao tiếp với giao diện trên layout trang web để hoàn thành các chức năng của website.
- Ghi chú: Học phần tự chọn",PHỤ LỤC 2: BẢNG MÔ TẢ CÁC HỌC PHẦN MMT&TTDL,2. Kiến thức giáo dục chuyên nghiệp: 94 tín chỉ,2.3. Kiến thức chuyên ngành tự chọn: chọn 19 TC + 9 TC,Lập trình web,Mạng máy tính và truyền thông dữ liệu > PHỤ LỤC 2: BẢNG MÔ TẢ CÁC HỌC PHẦN MMT&TTDL > 2. Kiến thức giáo dục chuyên nghiệp: 94 tín chỉ > 2.3. Kiến thức chuyên ngành tự chọn: chọn 19 TC + 9 TC > Lập trình web,data/processed/Mạng máy tính và truyền thông dữ liệu.md,Mạng máy tính và truyền thông dữ liệu,markdown,data/processed/Mạng máy tính và truyền thông dữ liệu.md,sentence-transformers,1024
237,Mạng máy tính và truyền thông dữ liệu,"Mạng máy tính và truyền thông dữ liệu > PHỤ LỤC 2: BẢNG MÔ TẢ CÁC HỌC PHẦN MMT&TTDL > 2. Kiến thức giáo dục chuyên nghiệp: 94 tín chỉ > 2.3. Kiến thức chuyên ngành tự chọn: chọn 19 TC + 9 TC > Lập trình thiết bị di động
- Mã học phần: 121034
- Học phần học trước: 121000; 122003; 124001
- Nội dung (tóm tắt): Cung cấp cho sinh viên những kiến thức về kỹ năng căn bản về xây dựng một phần mềm trên hệ điều hành Android nói riêng và trên thiết bị di động nói chung.
- Ghi chú: Học phần tự chọn",PHỤ LỤC 2: BẢNG MÔ TẢ CÁC HỌC PHẦN MMT&TTDL,2. Kiến thức giáo dục chuyên nghiệp: 94 tín chỉ,2.3. Kiến thức chuyên ngành tự chọn: chọn 19 TC + 9 TC,Lập trình thiết bị di động,Mạng máy tính và truyền thông dữ liệu > PHỤ LỤC 2: BẢNG MÔ TẢ CÁC HỌC PHẦN MMT&TTDL > 2. Kiến thức giáo dục chuyên nghiệp: 94 tín chỉ > 2.3. Kiến thức chuyên ngành tự chọn: chọn 19 TC + 9 TC > Lập trình thiết bị di động,data/processed/Mạng máy tính và truyền thông dữ liệu.md,Mạng máy tính và truyền thông dữ liệu,markdown,data/processed/Mạng máy tính và truyền thông dữ liệu.md,sentence-transformers,1024
238,Mạng máy tính và truyền thông dữ liệu,"Mạng máy tính và truyền thông dữ liệu > PHỤ LỤC 2: BẢNG MÔ TẢ CÁC HỌC PHẦN MMT&TTDL > 2. Kiến thức giáo dục chuyên nghiệp: 94 tín chỉ > 2.3. Kiến thức chuyên ngành tự chọn: chọn 19 TC + 9 TC > Công nghệ phần mềm
- Mã học phần: 122005
- Học phần học trước: (không có)
- Nội dung (tóm tắt): Đây là học phần thuộc khối kiến thức chuyên ngành trong chương trình đào tạo ngành MMT&TTDL ở bậc đại học. Là môn học trước cho những môn học tiếp theo như: Phân tích thiết kế hệ thống thông tin, Kiểm thử phần mềm, Xây dựng các hệ thống ứng dụng thực tế, Ứng dụng các công nghệ phần mềm. Nhằm cung cấp cho sinh viên các kiến thức, phương pháp, quy trình và công cụ xây dựng, phát triển phần mềm. Học phần nghiên cứu các phương pháp, phương pháp, quy trình và công cụ một cách hệ thống. Nhờ đi thực hành, phân tích, thiết kế, lập trình và kiểm thử phần mềm thông qua các công cụ tiên tiến, phổ…
- Ghi chú: Học phần tự chọn",PHỤ LỤC 2: BẢNG MÔ TẢ CÁC HỌC PHẦN MMT&TTDL,2. Kiến thức giáo dục chuyên nghiệp: 94 tín chỉ,2.3. Kiến thức chuyên ngành tự chọn: chọn 19 TC + 9 TC,Công nghệ phần mềm,Mạng máy tính và truyền thông dữ liệu > PHỤ LỤC 2: BẢNG MÔ TẢ CÁC HỌC PHẦN MMT&TTDL > 2. Kiến thức giáo dục chuyên nghiệp: 94 tín chỉ > 2.3. Kiến thức chuyên ngành tự chọn: chọn 19 TC + 9 TC > Công nghệ phần mềm,data/processed/Mạng máy tính và truyền thông dữ liệu.md,Mạng máy tính và truyền thông dữ liệu,markdown,data/processed/Mạng máy tính và truyền thông dữ liệu.md,sentence-transformers,1024
239,Mạng máy tính và truyền thông dữ liệu,"Mạng máy tính và truyền thông dữ liệu > PHỤ LỤC 2: BẢNG MÔ TẢ CÁC HỌC PHẦN MMT&TTDL > 2. Kiến thức giáo dục chuyên nghiệp: 94 tín chỉ > 2.3. Kiến thức chuyên ngành tự chọn: chọn 19 TC + 9 TC > Chuyên đề hệ thống giao thông thông minh
- Mã học phần: 122038
- Học phần học trước: 124001, 121008
- Nội dung (tóm tắt): Học phần này là học phần thuộc nhóm các học phần chuyên ngành, gồm 25 tiết lý thuyết, 20 tiết thực hành và bài tập, và 15 tiết đồ án. Học phần nhằm trang bị cho sinh viên các kiến thức cơ bản và ứng dụng công nghệ tiên tiến trong lĩnh vực công nghệ thông tin và truyền thông phục vụ trong việc phát triển các hệ thống giao thông thông minh. Người học có thể nắm được, vận dụng và trình bày các kiến thức một cách logic. Người học phát triển kỹ năng sử dụng các công cụ, môi trường, thiết bị phục vụ cho các bài toán về thiết kế và phát triển các ứng dụng thông minh cho lĩnh vực giao thông (ví dụ như giám sát phương tiện bằng cảm biến, camera, wifi,…). Kỹ năng làm việc theo đội nhóm, tự học, phát triển khả năng thuyết trình và viết báo cáo. Phần đồ án giúp người học có những trải nghiệm thực tiễn về công việc của người kỹ sư phần mềm. Dựa vào đồ án, người học có thể đi sâu vào một số lĩnh vực ứng dụng trong hệ thống thông tin và có thể tạo dựng các demo và bào khai thác hoặc đóng trong quá trình phát triển.
- Ghi chú: Học phần bắt buộc",PHỤ LỤC 2: BẢNG MÔ TẢ CÁC HỌC PHẦN MMT&TTDL,2. Kiến thức giáo dục chuyên nghiệp: 94 tín chỉ,2.3. Kiến thức chuyên ngành tự chọn: chọn 19 TC + 9 TC,Chuyên đề hệ thống giao thông thông minh,Mạng máy tính và truyền thông dữ liệu > PHỤ LỤC 2: BẢNG MÔ TẢ CÁC HỌC PHẦN MMT&TTDL > 2. Kiến thức giáo dục chuyên nghiệp: 94 tín chỉ > 2.3. Kiến thức chuyên ngành tự chọn: chọn 19 TC + 9 TC > Chuyên đề hệ thống giao thông thông minh,data/processed/Mạng máy tính và truyền thông dữ liệu.md,Mạng máy tính và truyền thông dữ liệu,markdown,data/processed/Mạng máy tính và truyền thông dữ liệu.md,sentence-transformers,1024
240,Mạng máy tính và truyền thông dữ liệu,"Mạng máy tính và truyền thông dữ liệu > PHỤ LỤC 2: BẢNG MÔ TẢ CÁC HỌC PHẦN MMT&TTDL > 2. Kiến thức giáo dục chuyên nghiệp: 94 tín chỉ > 2.3. Kiến thức chuyên ngành tự chọn: chọn 19 TC + 9 TC > Thiết bị truyền thông và mạng
- Mã học phần: 123009
- Học phần học trước: 123002
- Nội dung (tóm tắt): Học phần học trước: 123036 Đề cập đến các kiến thức quản trị các thiết bị mạng như Switch, router, modem, Access server, các thiết bị WAN. Sinh viên sau khi học có thể triển khai các hệ thống mạng nhỏ, vừa và lớn trên các quy mô khác nhau với khả năng cấu hình và bảo mật
- Ghi chú: Học phần tự chọn",PHỤ LỤC 2: BẢNG MÔ TẢ CÁC HỌC PHẦN MMT&TTDL,2. Kiến thức giáo dục chuyên nghiệp: 94 tín chỉ,2.3. Kiến thức chuyên ngành tự chọn: chọn 19 TC + 9 TC,Thiết bị truyền thông và mạng,Mạng máy tính và truyền thông dữ liệu > PHỤ LỤC 2: BẢNG MÔ TẢ CÁC HỌC PHẦN MMT&TTDL > 2. Kiến thức giáo dục chuyên nghiệp: 94 tín chỉ > 2.3. Kiến thức chuyên ngành tự chọn: chọn 19 TC + 9 TC > Thiết bị truyền thông và mạng,data/processed/Mạng máy tính và truyền thông dữ liệu.md,Mạng máy tính và truyền thông dữ liệu,markdown,data/processed/Mạng máy tính và truyền thông dữ liệu.md,sentence-transformers,1024
241,Mạng máy tính và truyền thông dữ liệu,"Mạng máy tính và truyền thông dữ liệu > PHỤ LỤC 2: BẢNG MÔ TẢ CÁC HỌC PHẦN MMT&TTDL > 2. Kiến thức giáo dục chuyên nghiệp: 94 tín chỉ > 2.3. Kiến thức chuyên ngành tự chọn: chọn 19 TC + 9 TC > Quản trị dự án CNTT
- Mã học phần: 123015
- Nội dung (tóm tắt): Cung cấp cho sinh viên các kiến thức về các vấn đề tổng quan về dự án CNTT, các giai đoạn dự án và quản trị dự án CNTT.
- Ghi chú: Học phần tự chọn",PHỤ LỤC 2: BẢNG MÔ TẢ CÁC HỌC PHẦN MMT&TTDL,2. Kiến thức giáo dục chuyên nghiệp: 94 tín chỉ,2.3. Kiến thức chuyên ngành tự chọn: chọn 19 TC + 9 TC,Quản trị dự án CNTT,Mạng máy tính và truyền thông dữ liệu > PHỤ LỤC 2: BẢNG MÔ TẢ CÁC HỌC PHẦN MMT&TTDL > 2. Kiến thức giáo dục chuyên nghiệp: 94 tín chỉ > 2.3. Kiến thức chuyên ngành tự chọn: chọn 19 TC + 9 TC > Quản trị dự án CNTT,data/processed/Mạng máy tính và truyền thông dữ liệu.md,Mạng máy tính và truyền thông dữ liệu,markdown,data/processed/Mạng máy tính và truyền thông dữ liệu.md,sentence-transformers,1024
242,Mạng máy tính và truyền thông dữ liệu,"Mạng máy tính và truyền thông dữ liệu > PHỤ LỤC 2: BẢNG MÔ TẢ CÁC HỌC PHẦN MMT&TTDL > 2. Kiến thức giáo dục chuyên nghiệp: 94 tín chỉ > 2.3. Kiến thức chuyên ngành tự chọn: chọn 19 TC + 9 TC > Mạng máy tính nâng cao
- Mã học phần: 123036
- Học phần học trước: 123002
- Nội dung (tóm tắt): Mạng máy tính nâng cao là một trong những môn chuyên sâu của ngành Truyền thông và mạng máy tính. Nội dung bao gồm các phần: giao thức định tuyến BGP, phương thức biến dịch địa chỉ IP, lọc gói tin, định tuyến Link State và IPv6.
- Ghi chú: Học phần tự chọn",PHỤ LỤC 2: BẢNG MÔ TẢ CÁC HỌC PHẦN MMT&TTDL,2. Kiến thức giáo dục chuyên nghiệp: 94 tín chỉ,2.3. Kiến thức chuyên ngành tự chọn: chọn 19 TC + 9 TC,Mạng máy tính nâng cao,Mạng máy tính và truyền thông dữ liệu > PHỤ LỤC 2: BẢNG MÔ TẢ CÁC HỌC PHẦN MMT&TTDL > 2. Kiến thức giáo dục chuyên nghiệp: 94 tín chỉ > 2.3. Kiến thức chuyên ngành tự chọn: chọn 19 TC + 9 TC > Mạng máy tính nâng cao,data/processed/Mạng máy tính và truyền thông dữ liệu.md,Mạng máy tính và truyền thông dữ liệu,markdown,data/processed/Mạng máy tính và truyền thông dữ liệu.md,sentence-transformers,1024
243,Mạng máy tính và truyền thông dữ liệu,"Mạng máy tính và truyền thông dữ liệu > PHỤ LỤC 2: BẢNG MÔ TẢ CÁC HỌC PHẦN MMT&TTDL > 2. Kiến thức giáo dục chuyên nghiệp: 94 tín chỉ > 2.3. Kiến thức chuyên ngành tự chọn: chọn 19 TC + 9 TC > Mạng không dây
- Mã học phần: 123037
- Học phần tiên quyết: 123036
- Nội dung (tóm tắt): Cung cấp cho người học những kiến thức liên quan tới các kỹ thuật mạng không dây và di động, bao gồm: các ứng dụng, lịch sử, các dịch vụ mạng không dây trong tương lai, các đặc tính của môi trường không dây và các kỹ thuật điều chế tín hiệu, các phương pháp truy cập môi trường khác nhau, hệ thống viễn thông tế bào, hệ thống mạng điện thoại di động GSM, truyền thông qua hệ thống vệ tinh, WLAN, các thay đổi ở tầng mạng, tầng vận chuyển, tầng ứng dụng để đáp ứng tính năng di động của thiết bị mạng.
- Ghi chú: Học phần tự chọn",PHỤ LỤC 2: BẢNG MÔ TẢ CÁC HỌC PHẦN MMT&TTDL,2. Kiến thức giáo dục chuyên nghiệp: 94 tín chỉ,2.3. Kiến thức chuyên ngành tự chọn: chọn 19 TC + 9 TC,Mạng không dây,Mạng máy tính và truyền thông dữ liệu > PHỤ LỤC 2: BẢNG MÔ TẢ CÁC HỌC PHẦN MMT&TTDL > 2. Kiến thức giáo dục chuyên nghiệp: 94 tín chỉ > 2.3. Kiến thức chuyên ngành tự chọn: chọn 19 TC + 9 TC > Mạng không dây,data/processed/Mạng máy tính và truyền thông dữ liệu.md,Mạng máy tính và truyền thông dữ liệu,markdown,data/processed/Mạng máy tính và truyền thông dữ liệu.md,sentence-transformers,1024
244,Mạng máy tính và truyền thông dữ liệu,"Mạng máy tính và truyền thông dữ liệu > PHỤ LỤC 2: BẢNG MÔ TẢ CÁC HỌC PHẦN MMT&TTDL > 2. Kiến thức giáo dục chuyên nghiệp: 94 tín chỉ > 2.3. Kiến thức chuyên ngành tự chọn: chọn 19 TC + 9 TC > Hệ điều hành Linux
- Mã học phần: 123041
- Học phần học trước: 125001
- Nội dung (tóm tắt): Nghiên cứu một cách có hệ thống những kiến thức nguyên lý Hệ điều hành Linux, hệ thống mạng Linux. Học phần này giúp người học thực hiện được các nội dung sau: cài đặt, thiết trị và quản trị một Linux client và Linux server.
- Ghi chú: Học phần tự chọn",PHỤ LỤC 2: BẢNG MÔ TẢ CÁC HỌC PHẦN MMT&TTDL,2. Kiến thức giáo dục chuyên nghiệp: 94 tín chỉ,2.3. Kiến thức chuyên ngành tự chọn: chọn 19 TC + 9 TC,Hệ điều hành Linux,Mạng máy tính và truyền thông dữ liệu > PHỤ LỤC 2: BẢNG MÔ TẢ CÁC HỌC PHẦN MMT&TTDL > 2. Kiến thức giáo dục chuyên nghiệp: 94 tín chỉ > 2.3. Kiến thức chuyên ngành tự chọn: chọn 19 TC + 9 TC > Hệ điều hành Linux,data/processed/Mạng máy tính và truyền thông dữ liệu.md,Mạng máy tính và truyền thông dữ liệu,markdown,data/processed/Mạng máy tính và truyền thông dữ liệu.md,sentence-transformers,1024
245,Mạng máy tính và truyền thông dữ liệu,"Mạng máy tính và truyền thông dữ liệu > PHỤ LỤC 2: BẢNG MÔ TẢ CÁC HỌC PHẦN MMT&TTDL > 2. Kiến thức giáo dục chuyên nghiệp: 94 tín chỉ > 2.3. Kiến thức chuyên ngành tự chọn: chọn 19 TC + 9 TC > Hệ thống số
- Mã học phần: 125002
- Học phần học trước: 125000
- Nội dung (tóm tắt): Môn học thuộc khối chuyên ngành tự chọn của ngành Công nghệ thông tin và truyền thông dữ liệu. Nội dung môn học bao gồm đại số Boole, các kỹ thuật cơ bản, các bộ mạch số, bộ nhớ và thiết bị nhớ, bộ vi mạch bán dẫn. Về kỹ năng, sinh viên sử dụng thông thạo phần mềm mô phỏng hệ thống số.
- Ghi chú: Học phần tự chọn",PHỤ LỤC 2: BẢNG MÔ TẢ CÁC HỌC PHẦN MMT&TTDL,2. Kiến thức giáo dục chuyên nghiệp: 94 tín chỉ,2.3. Kiến thức chuyên ngành tự chọn: chọn 19 TC + 9 TC,Hệ thống số,Mạng máy tính và truyền thông dữ liệu > PHỤ LỤC 2: BẢNG MÔ TẢ CÁC HỌC PHẦN MMT&TTDL > 2. Kiến thức giáo dục chuyên nghiệp: 94 tín chỉ > 2.3. Kiến thức chuyên ngành tự chọn: chọn 19 TC + 9 TC > Hệ thống số,data/processed/Mạng máy tính và truyền thông dữ liệu.md,Mạng máy tính và truyền thông dữ liệu,markdown,data/processed/Mạng máy tính và truyền thông dữ liệu.md,sentence-transformers,1024
246,Mạng máy tính và truyền thông dữ liệu,"Mạng máy tính và truyền thông dữ liệu > PHỤ LỤC 2: BẢNG MÔ TẢ CÁC HỌC PHẦN MMT&TTDL > 2. Kiến thức giáo dục chuyên nghiệp: 94 tín chỉ > 2.3. Kiến thức chuyên ngành tự chọn: chọn 19 TC + 9 TC > Kỹ thuật chuyển mạch
- Mã học phần: 125005
- Học phần tiên quyết: 125003
- Nội dung (tóm tắt): Môn học Kỹ thuật chuyển mạch thuộc khối kiến thức chuyên ngành theo chương trình đào tạo ngành Công nghệ thông tin và truyền thông dữ liệu. Sau khi hoàn thành môn học này sinh viên có thể: trình bày các kiến thức về các kỹ thuật chuyên ngành trong hệ thống viễn thông hiện nay: chuyển mạch gói, ATM, IP, MPLS, chuyển mạch mềm; đánh giá giải pháp chuyển mạch.
- Ghi chú: Học phần tự chọn",PHỤ LỤC 2: BẢNG MÔ TẢ CÁC HỌC PHẦN MMT&TTDL,2. Kiến thức giáo dục chuyên nghiệp: 94 tín chỉ,2.3. Kiến thức chuyên ngành tự chọn: chọn 19 TC + 9 TC,Kỹ thuật chuyển mạch,Mạng máy tính và truyền thông dữ liệu > PHỤ LỤC 2: BẢNG MÔ TẢ CÁC HỌC PHẦN MMT&TTDL > 2. Kiến thức giáo dục chuyên nghiệp: 94 tín chỉ > 2.3. Kiến thức chuyên ngành tự chọn: chọn 19 TC + 9 TC > Kỹ thuật chuyển mạch,data/processed/Mạng máy tính và truyền thông dữ liệu.md,Mạng máy tính và truyền thông dữ liệu,markdown,data/processed/Mạng máy tính và truyền thông dữ liệu.md,sentence-transformers,1024
247,Mạng máy tính và truyền thông dữ liệu,"Mạng máy tính và truyền thông dữ liệu > PHỤ LỤC 2: BẢNG MÔ TẢ CÁC HỌC PHẦN MMT&TTDL > 2. Kiến thức giáo dục chuyên nghiệp: 94 tín chỉ > 2.3. Kiến thức chuyên ngành tự chọn: chọn 19 TC + 9 TC > Lý thuyết thông tin
- Mã học phần: 125007
- Nội dung (tóm tắt): Môn học thuộc nhóm chuyên ngành tự chọn của ngành Mạng máy tính và truyền thông dữ liệu. Lý thuyết thông tin là lý thuyết ngẫu nhiên của tin tức, đóng một vai trò quyết định trong sự phát triển mạnh mẽ của các phương tiện mới về truyền thông, lưu trữ thông tin. Lý thuyết thông tin có mối quan hệ với mô hình hoá nhầm mục đích điều khiển lỗi (lớp 2 mô hình OSI) và lưu trữ. Về kiến thức, môn học cung cấp kiến thức cơ bản các khái niệm về thông tin và mã hoá âm trong hệ thống truyền thông (mã hoá nguồn, mã hoá kênh,…). Về kỹ năng, môn học cung cấp kỹ năng phân tích, nhận dạng vấn đề, hợp tác nhóm.
- Ghi chú: Học phần tự chọn",PHỤ LỤC 2: BẢNG MÔ TẢ CÁC HỌC PHẦN MMT&TTDL,2. Kiến thức giáo dục chuyên nghiệp: 94 tín chỉ,2.3. Kiến thức chuyên ngành tự chọn: chọn 19 TC + 9 TC,Lý thuyết thông tin,Mạng máy tính và truyền thông dữ liệu > PHỤ LỤC 2: BẢNG MÔ TẢ CÁC HỌC PHẦN MMT&TTDL > 2. Kiến thức giáo dục chuyên nghiệp: 94 tín chỉ > 2.3. Kiến thức chuyên ngành tự chọn: chọn 19 TC + 9 TC > Lý thuyết thông tin,data/processed/Mạng máy tính và truyền thông dữ liệu.md,Mạng máy tính và truyền thông dữ liệu,markdown,data/processed/Mạng máy tính và truyền thông dữ liệu.md,sentence-transformers,1024
248,Mạng máy tính và truyền thông dữ liệu,"Mạng máy tính và truyền thông dữ liệu > PHỤ LỤC 2: BẢNG MÔ TẢ CÁC HỌC PHẦN MMT&TTDL > 2. Kiến thức giáo dục chuyên nghiệp: 94 tín chỉ > 2.3. Kiến thức chuyên ngành tự chọn: chọn 19 TC + 9 TC > Kỹ thuật định tuyến
- Mã học phần: 125010
- Nội dung (tóm tắt): Học phần học trước: 123036, 125003 Môn học Kỹ thuật định tuyến thuộc khối kiến thức chuyên ngành của ngành Mạng máy tính và truyền thông dữ liệu. Môn học cung cấp cho người học năng lực: trình bày các kiến thức về giao thức định tuyến OSPF, BGP, điều khiển tuyến, IPv6; thiết kế hệ thống mạng trên quy mô vừa và lớn; làm việc nhóm hiệu quả, giao tiếp và đọc hiểu các tài liệu kỹ thuật.
- Ghi chú: Học phần tự chọn",PHỤ LỤC 2: BẢNG MÔ TẢ CÁC HỌC PHẦN MMT&TTDL,2. Kiến thức giáo dục chuyên nghiệp: 94 tín chỉ,2.3. Kiến thức chuyên ngành tự chọn: chọn 19 TC + 9 TC,Kỹ thuật định tuyến,Mạng máy tính và truyền thông dữ liệu > PHỤ LỤC 2: BẢNG MÔ TẢ CÁC HỌC PHẦN MMT&TTDL > 2. Kiến thức giáo dục chuyên nghiệp: 94 tín chỉ > 2.3. Kiến thức chuyên ngành tự chọn: chọn 19 TC + 9 TC > Kỹ thuật định tuyến,data/processed/Mạng máy tính và truyền thông dữ liệu.md,Mạng máy tính và truyền thông dữ liệu,markdown,data/processed/Mạng máy tính và truyền thông dữ liệu.md,sentence-transformers,1024
249,Mạng máy tính và truyền thông dữ liệu,"Mạng máy tính và truyền thông dữ liệu > PHỤ LỤC 2: BẢNG MÔ TẢ CÁC HỌC PHẦN MMT&TTDL > 2. Kiến thức giáo dục chuyên nghiệp: 94 tín chỉ > 2.3. Kiến thức chuyên ngành tự chọn: chọn 19 TC + 9 TC > Hệ thống tín quang
- Mã học phần: 125013
- Học phần học trước: 125003
- Nội dung (tóm tắt): Môn học này thuộc nhóm tự chọn chuyên ngành CNTT. Cung cấp kiến thức về nguyên lý truyền tín hiệu trong mạng quang, mô hình hệ thống thông tin quang, các thành phần cơ bản trong hệ thống thông tin quang; các kỹ thuật ghép kênh và chuyển mạch trong hệ thống quang, ứng dụng công nghệ quang trong mạng thông tin.
- Ghi chú: Học phần tự chọn",PHỤ LỤC 2: BẢNG MÔ TẢ CÁC HỌC PHẦN MMT&TTDL,2. Kiến thức giáo dục chuyên nghiệp: 94 tín chỉ,2.3. Kiến thức chuyên ngành tự chọn: chọn 19 TC + 9 TC,Hệ thống tín quang,Mạng máy tính và truyền thông dữ liệu > PHỤ LỤC 2: BẢNG MÔ TẢ CÁC HỌC PHẦN MMT&TTDL > 2. Kiến thức giáo dục chuyên nghiệp: 94 tín chỉ > 2.3. Kiến thức chuyên ngành tự chọn: chọn 19 TC + 9 TC > Hệ thống tín quang,data/processed/Mạng máy tính và truyền thông dữ liệu.md,Mạng máy tính và truyền thông dữ liệu,markdown,data/processed/Mạng máy tính và truyền thông dữ liệu.md,sentence-transformers,1024
250,Mạng máy tính và truyền thông dữ liệu,"Mạng máy tính và truyền thông dữ liệu > PHỤ LỤC 2: BẢNG MÔ TẢ CÁC HỌC PHẦN MMT&TTDL > 2. Kiến thức giáo dục chuyên nghiệp: 94 tín chỉ > 2.3. Kiến thức chuyên ngành tự chọn: chọn 19 TC + 9 TC > Luận văn tốt nghiệp
- Mã học phần: 126001
- Học phần tiên quyết: tất cả các học phần bắt buộc và tự chọn thuộc chuyên ngành mà sinh viên học và hoàn thành theo quy định của nhà trường
- Nội dung (tóm tắt): Nội dung Theo Quyết định giao đề tài.
- Ghi chú: Học phần tự chọn",PHỤ LỤC 2: BẢNG MÔ TẢ CÁC HỌC PHẦN MMT&TTDL,2. Kiến thức giáo dục chuyên nghiệp: 94 tín chỉ,2.3. Kiến thức chuyên ngành tự chọn: chọn 19 TC + 9 TC,Luận văn tốt nghiệp,Mạng máy tính và truyền thông dữ liệu > PHỤ LỤC 2: BẢNG MÔ TẢ CÁC HỌC PHẦN MMT&TTDL > 2. Kiến thức giáo dục chuyên nghiệp: 94 tín chỉ > 2.3. Kiến thức chuyên ngành tự chọn: chọn 19 TC + 9 TC > Luận văn tốt nghiệp,data/processed/Mạng máy tính và truyền thông dữ liệu.md,Mạng máy tính và truyền thông dữ liệu,markdown,data/processed/Mạng máy tính và truyền thông dữ liệu.md,sentence-transformers,1024
251,Mạng máy tính và truyền thông dữ liệu,"Mạng máy tính và truyền thông dữ liệu > PHỤ LỤC 2: BẢNG MÔ TẢ CÁC HỌC PHẦN MMT&TTDL > 2. Kiến thức giáo dục chuyên nghiệp: 94 tín chỉ > 2.3. Kiến thức chuyên ngành tự chọn: chọn 19 TC + 9 TC > Sinh viên học 09 tín chỉ tự chọn (nếu không làm luận văn tốt nghiệp)
hoặc học thêm 03 tín chỉ tự chọn (nếu làm luận văn tốt nghiệp) trong số các học phần sau:",PHỤ LỤC 2: BẢNG MÔ TẢ CÁC HỌC PHẦN MMT&TTDL,2. Kiến thức giáo dục chuyên nghiệp: 94 tín chỉ,2.3. Kiến thức chuyên ngành tự chọn: chọn 19 TC + 9 TC,Sinh viên học 09 tín chỉ tự chọn (nếu không làm luận văn tốt nghiệp),Mạng máy tính và truyền thông dữ liệu > PHỤ LỤC 2: BẢNG MÔ TẢ CÁC HỌC PHẦN MMT&TTDL > 2. Kiến thức giáo dục chuyên nghiệp: 94 tín chỉ > 2.3. Kiến thức chuyên ngành tự chọn: chọn 19 TC + 9 TC > Sinh viên học 09 tín chỉ tự chọn (nếu không làm luận văn tốt nghiệp),data/processed/Mạng máy tính và truyền thông dữ liệu.md,Mạng máy tính và truyền thông dữ liệu,markdown,data/processed/Mạng máy tính và truyền thông dữ liệu.md,sentence-transformers,1024
252,Mạng máy tính và truyền thông dữ liệu,"Mạng máy tính và truyền thông dữ liệu > PHỤ LỤC 2: BẢNG MÔ TẢ CÁC HỌC PHẦN MMT&TTDL > 2. Kiến thức giáo dục chuyên nghiệp: 94 tín chỉ > 2.3. Kiến thức chuyên ngành tự chọn: chọn 19 TC + 9 TC > Trí tuệ nhân tạo
- Mã học phần: 121033
- Học phần tiên quyết: tất cả các học phần bắt buộc và tự chọn tối thiểu cần phải tích lũy trong chương trình Môn học thuộc nhóm chuyên ngành tự chọn của ngành Mạng máy tính và truyền thông dữ liệu.
- Nội dung: Trí tuệ nhân tạo là học phần thuộc nhóm kiến thức chuyên ngành. Môn học cung cấp một số kiến thức nền tảng về trí tuệ nhân tạo như: các kỹ thuật học, các phương pháp luận lý và các kỹ thuật lập trình tiên tiến để giải quyết các bài toán thường được gọi là trí tuệ nhân tạo như truyền thông giữa người và máy. Với cách tiếp cận Trí tuệ nhân tạo theo xu thế hiện đại, môn học bao gồm các lĩnh vực tìm kiếm trên không gian không xác định; Chương trình máy học với các thuật toán hiện đại; Mạng Neural … Đồng thời môn học cung cung cấp các kỹ năng lập trình logic, xử lý dữ liệu lớn bằng ngôn ngữ lập trình theo xu hướng hiện đại để sinh viên có thể sẵn sàng tạo giải quyết các bài toán thực tế.
- Ghi chú: Tự chọn",PHỤ LỤC 2: BẢNG MÔ TẢ CÁC HỌC PHẦN MMT&TTDL,2. Kiến thức giáo dục chuyên nghiệp: 94 tín chỉ,2.3. Kiến thức chuyên ngành tự chọn: chọn 19 TC + 9 TC,Trí tuệ nhân tạo,Mạng máy tính và truyền thông dữ liệu > PHỤ LỤC 2: BẢNG MÔ TẢ CÁC HỌC PHẦN MMT&TTDL > 2. Kiến thức giáo dục chuyên nghiệp: 94 tín chỉ > 2.3. Kiến thức chuyên ngành tự chọn: chọn 19 TC + 9 TC > Trí tuệ nhân tạo,data/processed/Mạng máy tính và truyền thông dữ liệu.md,Mạng máy tính và truyền thông dữ liệu,markdown,data/processed/Mạng máy tính và truyền thông dữ liệu.md,sentence-transformers,1024
253,Mạng máy tính và truyền thông dữ liệu,"Mạng máy tính và truyền thông dữ liệu > PHỤ LỤC 2: BẢNG MÔ TẢ CÁC HỌC PHẦN MMT&TTDL > 2. Kiến thức giáo dục chuyên nghiệp: 94 tín chỉ > 2.3. Kiến thức chuyên ngành tự chọn: chọn 19 TC + 9 TC > Khai thác dữ liệu
- Mã học phần: 122041
- Học phần tiên quyết: tất cả các học phần bắt buộc và tự chọn tối thiểu cần phải tích lũy trong chương trình Môn học thuộc nhóm chuyên ngành tự chọn của ngành Mạng máy tính và truyền thông dữ liệu.
- Nội dung: Khai thác dữ liệu nhằm đến việc trích xuất các thông tin có giá trị từ dữ liệu thô; kỹ thuật để từ dữ liệu này gọi là tri thức, có ý nghĩa lớn và đóng vai trò rất quan trọng trong việc xây dựng các hệ thống thông minh và hỗ trợ ra quyết định dựa trên dữ liệu. Môn học này có thể giúp người học có thể làm việc nhóm chuyên sâu, nâng cao kỹ năng thiết kế, xây dựng các hệ thống phân tích và xử lý dữ liệu chuyên sâu; ứng dụng thuật toán vào việc tổ chức dữ liệu nguồn, viết các kỹ thuật học máy, xử lý dữ liệu lớn. Nội dung môn học được trình bày từ cơ bản đến nâng cao để học viên có thể tiếp cận với nghiên cứu khoa học hiện đại.
- Ghi chú: Tự chọn

---",PHỤ LỤC 2: BẢNG MÔ TẢ CÁC HỌC PHẦN MMT&TTDL,2. Kiến thức giáo dục chuyên nghiệp: 94 tín chỉ,2.3. Kiến thức chuyên ngành tự chọn: chọn 19 TC + 9 TC,Khai thác dữ liệu,Mạng máy tính và truyền thông dữ liệu > PHỤ LỤC 2: BẢNG MÔ TẢ CÁC HỌC PHẦN MMT&TTDL > 2. Kiến thức giáo dục chuyên nghiệp: 94 tín chỉ > 2.3. Kiến thức chuyên ngành tự chọn: chọn 19 TC + 9 TC > Khai thác dữ liệu,data/processed/Mạng máy tính và truyền thông dữ liệu.md,Mạng máy tính và truyền thông dữ liệu,markdown,data/processed/Mạng máy tính và truyền thông dữ liệu.md,sentence-transformers,1024
254,Mạng máy tính và truyền thông dữ liệu,"Mạng máy tính và truyền thông dữ liệu > PHỤ LỤC 2: BẢNG MÔ TẢ CÁC HỌC PHẦN MMT&TTDL > 2. Kiến thức giáo dục chuyên nghiệp: 94 tín chỉ > 2.3. Kiến thức chuyên ngành tự chọn: chọn 19 TC + 9 TC > Lập trình mạng
- Mã học phần: 123013
- Học phần tiên quyết: tất cả các học phần bắt buộc và tự chọn tối thiểu cần phải tích lũy trong chương trình Môn học thuộc nhóm chuyên ngành tự chọn của ngành Mạng máy tính và truyền thông dữ liệu.
- Nội dung: Cung cấp cho sinh viên các kiến thức nền tảng về các hệ thống mạng và lập trình các ứng dụng theo công nghệ TCP/IP. Nội dung bao gồm các khái niệm nền tảng về mạng cũng như cách thức khai thác các API lập trình mạng qua thư viện socket của thư viện cao cấp.
- Ghi chú: Tự chọn",PHỤ LỤC 2: BẢNG MÔ TẢ CÁC HỌC PHẦN MMT&TTDL,2. Kiến thức giáo dục chuyên nghiệp: 94 tín chỉ,2.3. Kiến thức chuyên ngành tự chọn: chọn 19 TC + 9 TC,Lập trình mạng,Mạng máy tính và truyền thông dữ liệu > PHỤ LỤC 2: BẢNG MÔ TẢ CÁC HỌC PHẦN MMT&TTDL > 2. Kiến thức giáo dục chuyên nghiệp: 94 tín chỉ > 2.3. Kiến thức chuyên ngành tự chọn: chọn 19 TC + 9 TC > Lập trình mạng,data/processed/Mạng máy tính và truyền thông dữ liệu.md,Mạng máy tính và truyền thông dữ liệu,markdown,data/processed/Mạng máy tính và truyền thông dữ liệu.md,sentence-transformers,1024
255,Mạng máy tính và truyền thông dữ liệu,"Mạng máy tính và truyền thông dữ liệu > PHỤ LỤC 2: BẢNG MÔ TẢ CÁC HỌC PHẦN MMT&TTDL > 2. Kiến thức giáo dục chuyên nghiệp: 94 tín chỉ > 2.3. Kiến thức chuyên ngành tự chọn: chọn 19 TC + 9 TC > Điện toán đám mây
- Mã học phần: 123039
- Học phần tiên quyết: tất cả các học phần bắt buộc và tự chọn tối thiểu cần phải tích lũy trong chương trình Môn học thuộc nhóm chuyên ngành tự chọn của ngành Mạng máy tính và truyền thông dữ liệu.
- Nội dung: Cung cấp cho sinh viên các kiến thức cơ bản về điện toán đám mây, sinh viên có thể biết được sự đóng góp hiện nay và ứng dụng được các tiến trình ứng dụng điện toán đám mây trên thị trường mạng và mạng kết nối. Một số nội dung chính của học phần xoay quanh 4 mô hình như: Infrastructure as a Service (IaaS), Platform as a Service (PaaS), Software as a Service (SaaS), và Business Process as a Service (BPaas).
- Ghi chú: Tự chọn",PHỤ LỤC 2: BẢNG MÔ TẢ CÁC HỌC PHẦN MMT&TTDL,2. Kiến thức giáo dục chuyên nghiệp: 94 tín chỉ,2.3. Kiến thức chuyên ngành tự chọn: chọn 19 TC + 9 TC,Điện toán đám mây,Mạng máy tính và truyền thông dữ liệu > PHỤ LỤC 2: BẢNG MÔ TẢ CÁC HỌC PHẦN MMT&TTDL > 2. Kiến thức giáo dục chuyên nghiệp: 94 tín chỉ > 2.3. Kiến thức chuyên ngành tự chọn: chọn 19 TC + 9 TC > Điện toán đám mây,data/processed/Mạng máy tính và truyền thông dữ liệu.md,Mạng máy tính và truyền thông dữ liệu,markdown,data/processed/Mạng máy tính và truyền thông dữ liệu.md,sentence-transformers,1024
256,Mạng máy tính và truyền thông dữ liệu,"Mạng máy tính và truyền thông dữ liệu > PHỤ LỤC 2: BẢNG MÔ TẢ CÁC HỌC PHẦN MMT&TTDL > 2. Kiến thức giáo dục chuyên nghiệp: 94 tín chỉ > 2.3. Kiến thức chuyên ngành tự chọn: chọn 19 TC + 9 TC > Hệ thống viễn thông thế hệ mới
- Mã học phần: 125011
- Học phần tiên quyết: tất cả các học phần bắt buộc và tự chọn tối thiểu cần phải tích lũy trong chương trình Môn học thuộc nhóm chuyên ngành tự chọn của ngành Mạng máy tính và truyền thông dữ liệu.
- Nội dung: Môn học cung cấp kiến thức về công nghệ truyền tin trong hệ thống truyền tín hiệu vô tuyến từ thế hệ 5G, và các kỹ thuật tăng cường kỹ năng về tín hiệu lý hoạt với mức tiêu năng cao trong truyền thông hợp tác, vô tuyến nhận thức, hệ thống mạng tương lai. Cơ học kỹ thuật lĩnh vực công nghệ xử lý, thu thập mạng lưới, kỹ thuật báo mật lớp vật lý, NOMA, IRS. Ngoài ra, môn học cung cấp các kỹ thuật về kỹ năng đánh giá hiệu suất hệ thống, quản động mạng, giám sát trạng thái hệ thống, báo hiệu thông tin và hoạch định kế hoạch mạng viễn thông.
- Ghi chú: Tự chọn",PHỤ LỤC 2: BẢNG MÔ TẢ CÁC HỌC PHẦN MMT&TTDL,2. Kiến thức giáo dục chuyên nghiệp: 94 tín chỉ,2.3. Kiến thức chuyên ngành tự chọn: chọn 19 TC + 9 TC,Hệ thống viễn thông thế hệ mới,Mạng máy tính và truyền thông dữ liệu > PHỤ LỤC 2: BẢNG MÔ TẢ CÁC HỌC PHẦN MMT&TTDL > 2. Kiến thức giáo dục chuyên nghiệp: 94 tín chỉ > 2.3. Kiến thức chuyên ngành tự chọn: chọn 19 TC + 9 TC > Hệ thống viễn thông thế hệ mới,data/processed/Mạng máy tính và truyền thông dữ liệu.md,Mạng máy tính và truyền thông dữ liệu,markdown,data/processed/Mạng máy tính và truyền thông dữ liệu.md,sentence-transformers,1024
257,Mạng máy tính và truyền thông dữ liệu,"Mạng máy tính và truyền thông dữ liệu > PHỤ LỤC 2: BẢNG MÔ TẢ CÁC HỌC PHẦN MMT&TTDL > 2. Kiến thức giáo dục chuyên nghiệp: 94 tín chỉ > 2.3. Kiến thức chuyên ngành tự chọn: chọn 19 TC + 9 TC > Quản lý mạng viễn thông
- Mã học phần: 125014
- Học phần tiên quyết: tất cả các học phần bắt buộc và tự chọn tối thiểu cần phải tích lũy trong chương trình Môn học thuộc khối kiến thức chuyên ngành tự chọn của ngành Mạng máy tính và truyền thông dữ liệu.
- Nội dung: Môn học giúp sinh viên có khả năng nhìn nhận và thiết lập mô hình, giao thức, phần mềm và ứng dụng quản lý hệ thống viễn thông; nắm được các kỹ năng: lựa chọn và triển khai phương pháp quản lý, tối ưu và đánh giá hệ thống mạng dựa trên các mô hình và chuẩn kỹ thuật về công nghệ; biết đánh giá hiệu quả trong từng giải pháp kỹ thuật; đề xuất giải pháp quản lý phù hợp; hoạch định và xây dựng kế hoạch nghiên cứu độc lập nhằm nâng cao hiệu suất hệ thống.
- Ghi chú: Tự chọn",PHỤ LỤC 2: BẢNG MÔ TẢ CÁC HỌC PHẦN MMT&TTDL,2. Kiến thức giáo dục chuyên nghiệp: 94 tín chỉ,2.3. Kiến thức chuyên ngành tự chọn: chọn 19 TC + 9 TC,Quản lý mạng viễn thông,Mạng máy tính và truyền thông dữ liệu > PHỤ LỤC 2: BẢNG MÔ TẢ CÁC HỌC PHẦN MMT&TTDL > 2. Kiến thức giáo dục chuyên nghiệp: 94 tín chỉ > 2.3. Kiến thức chuyên ngành tự chọn: chọn 19 TC + 9 TC > Quản lý mạng viễn thông,data/processed/Mạng máy tính và truyền thông dữ liệu.md,Mạng máy tính và truyền thông dữ liệu,markdown,data/processed/Mạng máy tính và truyền thông dữ liệu.md,sentence-transformers,1024
258,Mạng máy tính và truyền thông dữ liệu,"Mạng máy tính và truyền thông dữ liệu > PHỤ LỤC 2: BẢNG MÔ TẢ CÁC HỌC PHẦN MMT&TTDL > 3. Kiến thức điều kiện > 3.1. Giáo dục Quốc phòng – An ninh > Đường lối quân sự của Đảng
- Mã học phần: 007101
- Số tiết: 30 tiết
- Nội dung: Theo Thông tư số 03/2017/TT-BGDĐT ngày 13/01/2017 của Bộ trưởng Bộ Giáo dục và Đào tạo Thông tư Ban hành Chương trình giáo dục quốc phòng và an ninh trong trường trung cấp sư phạm, cao đẳng sư phạm và cơ sở giáo dục đại học.
- Ghi chú: Bắt buộc",PHỤ LỤC 2: BẢNG MÔ TẢ CÁC HỌC PHẦN MMT&TTDL,3. Kiến thức điều kiện,3.1. Giáo dục Quốc phòng – An ninh,Đường lối quân sự của Đảng,Mạng máy tính và truyền thông dữ liệu > PHỤ LỤC 2: BẢNG MÔ TẢ CÁC HỌC PHẦN MMT&TTDL > 3. Kiến thức điều kiện > 3.1. Giáo dục Quốc phòng – An ninh > Đường lối quân sự của Đảng,data/processed/Mạng máy tính và truyền thông dữ liệu.md,Mạng máy tính và truyền thông dữ liệu,markdown,data/processed/Mạng máy tính và truyền thông dữ liệu.md,sentence-transformers,1024
259,Mạng máy tính và truyền thông dữ liệu,"Mạng máy tính và truyền thông dữ liệu > PHỤ LỤC 2: BẢNG MÔ TẢ CÁC HỌC PHẦN MMT&TTDL > 3. Kiến thức điều kiện > 3.1. Giáo dục Quốc phòng – An ninh > Công tác quốc phòng an ninh
- Mã học phần: 007102
- Số tiết: 30 tiết
- Nội dung: Theo Thông tư số 03/2017/TT-BGDĐT ngày 13/01/2017 của Bộ trưởng Bộ Giáo dục và Đào tạo Thông tư Ban hành Chương trình giáo dục quốc phòng và an ninh trong trường trung cấp sư phạm, cao đẳng sư phạm và cơ sở giáo dục đại học.
- Ghi chú: Bắt buộc",PHỤ LỤC 2: BẢNG MÔ TẢ CÁC HỌC PHẦN MMT&TTDL,3. Kiến thức điều kiện,3.1. Giáo dục Quốc phòng – An ninh,Công tác quốc phòng an ninh,Mạng máy tính và truyền thông dữ liệu > PHỤ LỤC 2: BẢNG MÔ TẢ CÁC HỌC PHẦN MMT&TTDL > 3. Kiến thức điều kiện > 3.1. Giáo dục Quốc phòng – An ninh > Công tác quốc phòng an ninh,data/processed/Mạng máy tính và truyền thông dữ liệu.md,Mạng máy tính và truyền thông dữ liệu,markdown,data/processed/Mạng máy tính và truyền thông dữ liệu.md,sentence-transformers,1024
260,Mạng máy tính và truyền thông dữ liệu,"Mạng máy tính và truyền thông dữ liệu > PHỤ LỤC 2: BẢNG MÔ TẢ CÁC HỌC PHẦN MMT&TTDL > 3. Kiến thức điều kiện > 3.1. Giáo dục Quốc phòng – An ninh > Quân sự chung và kỹ chiến thuật bắn súng AK
- Mã học phần: 007103
- Số tiết: 85 tiết
- Nội dung: Theo Thông tư số 03/2017/TT-BGDĐT ngày 13/01/2017 của Bộ trưởng Bộ Giáo dục và Đào tạo Thông tư Ban hành Chương trình giáo dục quốc phòng và an ninh trong trường trung cấp sư phạm, cao đẳng sư phạm và cơ sở giáo dục đại học.
- Ghi chú: Bắt buộc",PHỤ LỤC 2: BẢNG MÔ TẢ CÁC HỌC PHẦN MMT&TTDL,3. Kiến thức điều kiện,3.1. Giáo dục Quốc phòng – An ninh,Quân sự chung và kỹ chiến thuật bắn súng AK,Mạng máy tính và truyền thông dữ liệu > PHỤ LỤC 2: BẢNG MÔ TẢ CÁC HỌC PHẦN MMT&TTDL > 3. Kiến thức điều kiện > 3.1. Giáo dục Quốc phòng – An ninh > Quân sự chung và kỹ chiến thuật bắn súng AK,data/processed/Mạng máy tính và truyền thông dữ liệu.md,Mạng máy tính và truyền thông dữ liệu,markdown,data/processed/Mạng máy tính và truyền thông dữ liệu.md,sentence-transformers,1024
261,Mạng máy tính và truyền thông dữ liệu,"Mạng máy tính và truyền thông dữ liệu > PHỤ LỤC 2: BẢNG MÔ TẢ CÁC HỌC PHẦN MMT&TTDL > 3. Kiến thức điều kiện > 3.1. Giáo dục Quốc phòng – An ninh > Hiểu biết chung về quân binh chủng
- Mã học phần: 007104
- Số tiết: 20 tiết
- Nội dung: Theo Thông tư số 03/2017/TT-BGDĐT ngày 13/01/2017 của Bộ trưởng Bộ Giáo dục và Đào tạo Thông tư Ban hành Chương trình giáo dục quốc phòng và an ninh trong trường trung cấp sư phạm, cao đẳng sư phạm và cơ sở giáo dục đại học.
- Ghi chú: Bắt buộc",PHỤ LỤC 2: BẢNG MÔ TẢ CÁC HỌC PHẦN MMT&TTDL,3. Kiến thức điều kiện,3.1. Giáo dục Quốc phòng – An ninh,Hiểu biết chung về quân binh chủng,Mạng máy tính và truyền thông dữ liệu > PHỤ LỤC 2: BẢNG MÔ TẢ CÁC HỌC PHẦN MMT&TTDL > 3. Kiến thức điều kiện > 3.1. Giáo dục Quốc phòng – An ninh > Hiểu biết chung về quân binh chủng,data/processed/Mạng máy tính và truyền thông dữ liệu.md,Mạng máy tính và truyền thông dữ liệu,markdown,data/processed/Mạng máy tính và truyền thông dữ liệu.md,sentence-transformers,1024
262,Mạng máy tính và truyền thông dữ liệu,"Mạng máy tính và truyền thông dữ liệu > PHỤ LỤC 2: BẢNG MÔ TẢ CÁC HỌC PHẦN MMT&TTDL > 3. Kiến thức điều kiện > 3.2. Giáo dục thể chất (học theo quy định của nhà trường) > Lý thuyết GDTC
- Mã học phần: 004101
- Số tín chỉ: 1
- Nội dung: Theo Quy định về chuẩn chương trình, tổ chức dạy, học và đánh giá kết quả học tập môn học Giáo dục thể chất tại Trường đại học Giao thông vận tải TP. Hồ Chí Minh ban hành kèm theo Quyết định số 490/QĐ-ĐHGTVT ngày 06/06/2016 của Hiệu trưởng Trường ĐH Giao thông vận tải TP. Hồ Chí Minh.",PHỤ LỤC 2: BẢNG MÔ TẢ CÁC HỌC PHẦN MMT&TTDL,3. Kiến thức điều kiện,3.2. Giáo dục thể chất (học theo quy định của nhà trường),Lý thuyết GDTC,Mạng máy tính và truyền thông dữ liệu > PHỤ LỤC 2: BẢNG MÔ TẢ CÁC HỌC PHẦN MMT&TTDL > 3. Kiến thức điều kiện > 3.2. Giáo dục thể chất (học theo quy định của nhà trường) > Lý thuyết GDTC,data/processed/Mạng máy tính và truyền thông dữ liệu.md,Mạng máy tính và truyền thông dữ liệu,markdown,data/processed/Mạng máy tính và truyền thông dữ liệu.md,sentence-transformers,1024
263,Mạng máy tính và truyền thông dữ liệu,"Mạng máy tính và truyền thông dữ liệu > PHỤ LỤC 2: BẢNG MÔ TẢ CÁC HỌC PHẦN MMT&TTDL > 3. Kiến thức điều kiện > 3.2. Giáo dục thể chất (học theo quy định của nhà trường) > Bơi 1 (50m)
- Mã học phần: 004103
- Số tín chỉ: 1
- Nội dung: Theo Quy định về chuẩn chương trình, tổ chức dạy, học và đánh giá kết quả học tập môn học Giáo dục thể chất tại Trường đại học Giao thông vận tải TP. Hồ Chí Minh ban hành kèm theo Quyết định số 490/QĐ-ĐHGTVT ngày 06/06/2016 của Hiệu trưởng Trường ĐH Giao thông vận tải TP. Hồ Chí Minh.",PHỤ LỤC 2: BẢNG MÔ TẢ CÁC HỌC PHẦN MMT&TTDL,3. Kiến thức điều kiện,3.2. Giáo dục thể chất (học theo quy định của nhà trường),Bơi 1 (50m),Mạng máy tính và truyền thông dữ liệu > PHỤ LỤC 2: BẢNG MÔ TẢ CÁC HỌC PHẦN MMT&TTDL > 3. Kiến thức điều kiện > 3.2. Giáo dục thể chất (học theo quy định của nhà trường) > Bơi 1 (50m),data/processed/Mạng máy tính và truyền thông dữ liệu.md,Mạng máy tính và truyền thông dữ liệu,markdown,data/processed/Mạng máy tính và truyền thông dữ liệu.md,sentence-transformers,1024
264,Mạng máy tính và truyền thông dữ liệu,"Mạng máy tính và truyền thông dữ liệu > PHỤ LỤC 2: BẢNG MÔ TẢ CÁC HỌC PHẦN MMT&TTDL > 3. Kiến thức điều kiện > 3.2. Giáo dục thể chất (học theo quy định của nhà trường) > Bơi 2 (200m)
- Mã học phần: 004104
- Số tín chỉ: 1
- Nội dung: Theo Quy định về chuẩn chương trình, tổ chức dạy, học và đánh giá kết quả học tập môn học Giáo dục thể chất tại Trường đại học Giao thông vận tải TP. Hồ Chí Minh ban hành kèm theo Quyết định số 490/QĐ-ĐHGTVT ngày 06/06/2016 của Hiệu trưởng Trường ĐH Giao thông vận tải TP. Hồ Chí Minh.",PHỤ LỤC 2: BẢNG MÔ TẢ CÁC HỌC PHẦN MMT&TTDL,3. Kiến thức điều kiện,3.2. Giáo dục thể chất (học theo quy định của nhà trường),Bơi 2 (200m),Mạng máy tính và truyền thông dữ liệu > PHỤ LỤC 2: BẢNG MÔ TẢ CÁC HỌC PHẦN MMT&TTDL > 3. Kiến thức điều kiện > 3.2. Giáo dục thể chất (học theo quy định của nhà trường) > Bơi 2 (200m),data/processed/Mạng máy tính và truyền thông dữ liệu.md,Mạng máy tính và truyền thông dữ liệu,markdown,data/processed/Mạng máy tính và truyền thông dữ liệu.md,sentence-transformers,1024
265,Mạng máy tính và truyền thông dữ liệu,"Mạng máy tính và truyền thông dữ liệu > PHỤ LỤC 2: BẢNG MÔ TẢ CÁC HỌC PHẦN MMT&TTDL > 3. Kiến thức điều kiện > 3.2. Giáo dục thể chất (học theo quy định của nhà trường) > Điền kinh
- Mã học phần: 004105
- Số tín chỉ: 1
- Nội dung: Theo Quy định về chuẩn chương trình, tổ chức dạy, học và đánh giá kết quả học tập môn học Giáo dục thể chất tại Trường đại học Giao thông vận tải TP. Hồ Chí Minh ban hành kèm theo Quyết định số 490/QĐ-ĐHGTVT ngày 06/06/2016 của Hiệu trưởng Trường ĐH Giao thông vận tải TP. Hồ Chí Minh.",PHỤ LỤC 2: BẢNG MÔ TẢ CÁC HỌC PHẦN MMT&TTDL,3. Kiến thức điều kiện,3.2. Giáo dục thể chất (học theo quy định của nhà trường),Điền kinh,Mạng máy tính và truyền thông dữ liệu > PHỤ LỤC 2: BẢNG MÔ TẢ CÁC HỌC PHẦN MMT&TTDL > 3. Kiến thức điều kiện > 3.2. Giáo dục thể chất (học theo quy định của nhà trường) > Điền kinh,data/processed/Mạng máy tính và truyền thông dữ liệu.md,Mạng máy tính và truyền thông dữ liệu,markdown,data/processed/Mạng máy tính và truyền thông dữ liệu.md,sentence-transformers,1024
266,Mạng máy tính và truyền thông dữ liệu,"Mạng máy tính và truyền thông dữ liệu > PHỤ LỤC 2: BẢNG MÔ TẢ CÁC HỌC PHẦN MMT&TTDL > 3. Kiến thức điều kiện > 3.2. Giáo dục thể chất (học theo quy định của nhà trường) > Bóng chuyền
- Mã học phần: 004106
- Số tín chỉ: 1
- Nội dung: Theo Quy định về chuẩn chương trình, tổ chức dạy, học và đánh giá kết quả học tập môn học Giáo dục thể chất tại Trường đại học Giao thông vận tải TP. Hồ Chí Minh ban hành kèm theo Quyết định số 490/QĐ-ĐHGTVT ngày 06/06/2016 của Hiệu trưởng Trường ĐH Giao thông vận tải TP. Hồ Chí Minh.",PHỤ LỤC 2: BẢNG MÔ TẢ CÁC HỌC PHẦN MMT&TTDL,3. Kiến thức điều kiện,3.2. Giáo dục thể chất (học theo quy định của nhà trường),Bóng chuyền,Mạng máy tính và truyền thông dữ liệu > PHỤ LỤC 2: BẢNG MÔ TẢ CÁC HỌC PHẦN MMT&TTDL > 3. Kiến thức điều kiện > 3.2. Giáo dục thể chất (học theo quy định của nhà trường) > Bóng chuyền,data/processed/Mạng máy tính và truyền thông dữ liệu.md,Mạng máy tính và truyền thông dữ liệu,markdown,data/processed/Mạng máy tính và truyền thông dữ liệu.md,sentence-transformers,1024
267,Mạng máy tính và truyền thông dữ liệu,"Mạng máy tính và truyền thông dữ liệu > PHỤ LỤC 2: BẢNG MÔ TẢ CÁC HỌC PHẦN MMT&TTDL > 3. Kiến thức điều kiện > 3.2. Giáo dục thể chất (học theo quy định của nhà trường) > Bóng đá
- Mã học phần: 004107
- Số tín chỉ: 1
- Nội dung: Theo Quy định về chuẩn chương trình, tổ chức dạy, học và đánh giá kết quả học tập môn học Giáo dục thể chất tại Trường đại học Giao thông vận tải TP. Hồ Chí Minh ban hành kèm theo Quyết định số 490/QĐ-ĐHGTVT ngày 06/06/2016 của Hiệu trưởng Trường ĐH Giao thông vận tải TP. Hồ Chí Minh.",PHỤ LỤC 2: BẢNG MÔ TẢ CÁC HỌC PHẦN MMT&TTDL,3. Kiến thức điều kiện,3.2. Giáo dục thể chất (học theo quy định của nhà trường),Bóng đá,Mạng máy tính và truyền thông dữ liệu > PHỤ LỤC 2: BẢNG MÔ TẢ CÁC HỌC PHẦN MMT&TTDL > 3. Kiến thức điều kiện > 3.2. Giáo dục thể chất (học theo quy định của nhà trường) > Bóng đá,data/processed/Mạng máy tính và truyền thông dữ liệu.md,Mạng máy tính và truyền thông dữ liệu,markdown,data/processed/Mạng máy tính và truyền thông dữ liệu.md,sentence-transformers,1024
268,Mạng máy tính và truyền thông dữ liệu,"Mạng máy tính và truyền thông dữ liệu > PHỤ LỤC 2: BẢNG MÔ TẢ CÁC HỌC PHẦN MMT&TTDL > 3. Kiến thức điều kiện > 3.2. Giáo dục thể chất (học theo quy định của nhà trường) > Bóng rổ
- Mã học phần: 004108
- Số tín chỉ: 1
- Nội dung: Theo Quy định về chuẩn chương trình, tổ chức dạy, học và đánh giá kết quả học tập môn học Giáo dục thể chất tại Trường đại học Giao thông vận tải TP. Hồ Chí Minh ban hành kèm theo Quyết định số 490/QĐ-ĐHGTVT ngày 06/06/2016 của Hiệu trưởng Trường ĐH Giao thông vận tải TP. Hồ Chí Minh.",PHỤ LỤC 2: BẢNG MÔ TẢ CÁC HỌC PHẦN MMT&TTDL,3. Kiến thức điều kiện,3.2. Giáo dục thể chất (học theo quy định của nhà trường),Bóng rổ,Mạng máy tính và truyền thông dữ liệu > PHỤ LỤC 2: BẢNG MÔ TẢ CÁC HỌC PHẦN MMT&TTDL > 3. Kiến thức điều kiện > 3.2. Giáo dục thể chất (học theo quy định của nhà trường) > Bóng rổ,data/processed/Mạng máy tính và truyền thông dữ liệu.md,Mạng máy tính và truyền thông dữ liệu,markdown,data/processed/Mạng máy tính và truyền thông dữ liệu.md,sentence-transformers,1024
269,Mạng máy tính và truyền thông dữ liệu,"Mạng máy tính và truyền thông dữ liệu > PHỤ LỤC 2: BẢNG MÔ TẢ CÁC HỌC PHẦN MMT&TTDL > 3. Kiến thức điều kiện > 3.2. Giáo dục thể chất (học theo quy định của nhà trường) > Bóng bàn
- Mã học phần: 004109
- Số tín chỉ: 1
- Nội dung: Theo Quy định về chuẩn chương trình, tổ chức dạy, học và đánh giá kết quả học tập môn học Giáo dục thể chất tại Trường đại học Giao thông vận tải TP. Hồ Chí Minh ban hành kèm theo Quyết định số 490/QĐ-ĐHGTVT ngày 06/06/2016 của Hiệu trưởng Trường ĐH Giao thông vận tải TP. Hồ Chí Minh.",PHỤ LỤC 2: BẢNG MÔ TẢ CÁC HỌC PHẦN MMT&TTDL,3. Kiến thức điều kiện,3.2. Giáo dục thể chất (học theo quy định của nhà trường),Bóng bàn,Mạng máy tính và truyền thông dữ liệu > PHỤ LỤC 2: BẢNG MÔ TẢ CÁC HỌC PHẦN MMT&TTDL > 3. Kiến thức điều kiện > 3.2. Giáo dục thể chất (học theo quy định của nhà trường) > Bóng bàn,data/processed/Mạng máy tính và truyền thông dữ liệu.md,Mạng máy tính và truyền thông dữ liệu,markdown,data/processed/Mạng máy tính và truyền thông dữ liệu.md,sentence-transformers,1024
270,Mạng máy tính và truyền thông dữ liệu,"Mạng máy tính và truyền thông dữ liệu > PHỤ LỤC 2: BẢNG MÔ TẢ CÁC HỌC PHẦN MMT&TTDL > 3. Kiến thức điều kiện > 3.2. Giáo dục thể chất (học theo quy định của nhà trường) > Cờ vua
- Mã học phần: 004110
- Số tín chỉ: 1
- Nội dung: Theo Quy định về chuẩn chương trình, tổ chức dạy, học và đánh giá kết quả học tập môn học Giáo dục thể chất tại Trường đại học Giao thông vận tải TP. Hồ Chí Minh ban hành kèm theo Quyết định số 490/QĐ-ĐHGTVT ngày 06/06/2016 của Hiệu trưởng Trường ĐH Giao thông vận tải TP. Hồ Chí Minh.",PHỤ LỤC 2: BẢNG MÔ TẢ CÁC HỌC PHẦN MMT&TTDL,3. Kiến thức điều kiện,3.2. Giáo dục thể chất (học theo quy định của nhà trường),Cờ vua,Mạng máy tính và truyền thông dữ liệu > PHỤ LỤC 2: BẢNG MÔ TẢ CÁC HỌC PHẦN MMT&TTDL > 3. Kiến thức điều kiện > 3.2. Giáo dục thể chất (học theo quy định của nhà trường) > Cờ vua,data/processed/Mạng máy tính và truyền thông dữ liệu.md,Mạng máy tính và truyền thông dữ liệu,markdown,data/processed/Mạng máy tính và truyền thông dữ liệu.md,sentence-transformers,1024
271,Công nghệ thông tin,"Công nghệ thông tin > BỘ GIAO THÔNG VẬN TẢI TRƯỜNG ĐH GIAO THÔNG VẬN TẢI TP. HỒ CHÍ MINH
CỘNG HOÀ XÃ HỘI CHỦ NGHĨA VIỆT NAM

Độc lập - Tự do - Hạnh phúc",BỘ GIAO THÔNG VẬN TẢI TRƯỜNG ĐH GIAO THÔNG VẬN TẢI TP. HỒ CHÍ MINH,,,,Công nghệ thông tin > BỘ GIAO THÔNG VẬN TẢI TRƯỜNG ĐH GIAO THÔNG VẬN TẢI TP. HỒ CHÍ MINH,data/processed/Công nghệ thông tin.md,Công nghệ thông tin,markdown,data/processed/Công nghệ thông tin.md,sentence-transformers,1024
272,Công nghệ thông tin,"Công nghệ thông tin > I. GIỚI THIỆU CHƯƠNG TRÌNH
Tên chương trình đào tạo (tiếng Việt): Công nghệ thông tin

Tên chương trình đào tạo (tiếng Anh): Information Technology

Trình độ đào tạo: Đại học chính quy

Mã ngành đào tạo: 7480201

Loại hình đào tạo: Đại trà

Thời gian đào tạo: 4 năm

Tổng số tín chỉ: 120 tín chỉ (Không bao gồm: Giáo dục Quốc phòng và An ninh, Giáo dục thể chất, kỹ năng mềm, kiến thức bổ trợ khác)",I. GIỚI THIỆU CHƯƠNG TRÌNH,,,,Công nghệ thông tin > I. GIỚI THIỆU CHƯƠNG TRÌNH,data/processed/Công nghệ thông tin.md,Công nghệ thông tin,markdown,data/processed/Công nghệ thông tin.md,sentence-transformers,1024
273,Công nghệ thông tin,"Công nghệ thông tin > I. GIỚI THIỆU CHƯƠNG TRÌNH > 2. Mục tiêu đào tạo > 2.1 Mục tiêu chung
Chương trình đào tạo chuyên ngành Công nghệ thông tin (CNTT) được xây dựng và triển khai nhằm mục tiêu đào tạo cử nhân ngành Công nghệ thông tin có phẩm chất chính trị vững vàng, có ý thức tổ chức kỷ luật, đạo đức nghề nghiệp; có năng lực thực hành nghề nghiệp gồm kiến thức cơ bản và chuyên sâu về chuyên ngành; có phương pháp tư duy, năng lực tự nghiên cứu và phong cách làm việc hiện đại, đáp ứng các yêu cầu về nghiên cứu phát triển và ứng dụng Công nghệ thông tin của xã hội. <br>
Chương trình đào tạo được thiết kế nhằm cung cấp các kiến thức cơ sở ngành, kiến thức
chuyên nghiệp và ứng dụng, các kỹ năng nghề nghiệp, và khả năng tự nghiên cứu cho sinh viên nhằm
mở rộng kiến thức để thích ứng với xu thế phát triển của thời đại. Chương trình đào tạo được xây
dựng dựa trên quan điểm chủ đạo là mang tính ứng dụng cao, đáp ứng được nhu cầu nguồn nhân lực
công nghệ thông tin cho xã hội và cho ngành Giao Thông Vận Tải.",I. GIỚI THIỆU CHƯƠNG TRÌNH,2. Mục tiêu đào tạo,2.1 Mục tiêu chung,,Công nghệ thông tin > I. GIỚI THIỆU CHƯƠNG TRÌNH > 2. Mục tiêu đào tạo > 2.1 Mục tiêu chung,data/processed/Công nghệ thông tin.md,Công nghệ thông tin,markdown,data/processed/Công nghệ thông tin.md,sentence-transformers,1024
274,Công nghệ thông tin,"Công nghệ thông tin > I. GIỚI THIỆU CHƯƠNG TRÌNH > 2. Mục tiêu đào tạo > 2.2 Mục tiêu cụ thể
Sinh viên sau khi tốt nghiệp có các khả năng:",I. GIỚI THIỆU CHƯƠNG TRÌNH,2. Mục tiêu đào tạo,2.2 Mục tiêu cụ thể,,Công nghệ thông tin > I. GIỚI THIỆU CHƯƠNG TRÌNH > 2. Mục tiêu đào tạo > 2.2 Mục tiêu cụ thể,data/processed/Công nghệ thông tin.md,Công nghệ thông tin,markdown,data/processed/Công nghệ thông tin.md,sentence-transformers,1024
275,Công nghệ thông tin,"Công nghệ thông tin > II. CHUẨN ĐẦU RA CỦA CHƯƠNG TRÌNH > 1. Chuẩn đầu ra > 1.1. Nội dung chuẩn đầu ra chương trình
Sinh viên sau khi tốt nghiệp đạt được các nội dung sau:

Chuẩn đầu ra theo Quyết định số 1982/QĐ-TTg, phê duyệt Khung trình độ quốc gia Việt Nam gồm:",II. CHUẨN ĐẦU RA CỦA CHƯƠNG TRÌNH,1. Chuẩn đầu ra,1.1. Nội dung chuẩn đầu ra chương trình,,Công nghệ thông tin > II. CHUẨN ĐẦU RA CỦA CHƯƠNG TRÌNH > 1. Chuẩn đầu ra > 1.1. Nội dung chuẩn đầu ra chương trình,data/processed/Công nghệ thông tin.md,Công nghệ thông tin,markdown,data/processed/Công nghệ thông tin.md,sentence-transformers,1024
276,Công nghệ thông tin,"Công nghệ thông tin > II. CHUẨN ĐẦU RA CỦA CHƯƠNG TRÌNH > 1. Chuẩn đầu ra > 1.4. Định hướng nghề nghiệp của sinh viên tốt nghiệp
Sinh viên tốt nghiệp chuyên ngành Công nghệ thông tin có thể đạt các vị trí phù hợp, hoạt
động trong nền công nghiệp tri thức đang phát triển một cách mạnh mẽ, cả trong các cơ quan quản lý
nhà nước lẫn các công ty đa quốc gia:

- Cán bộ kỹ thuật, quản lý, điều hành trong lĩnh vực công nghệ thông tin.
- Lập trình viên, kiểm thử sản phẩm phần mềm, quản lý quy trình phát triển phần mềm.
- Chuyên viên IT, quản trị và giám sát an ninh mạng.
- Thiết kế, xây dựng, phát triển, vận hành và bảo trì mạng máy tính nội bộ trong các doanh
  nghiệp, cơ quan, trường học.
- Quản trị dự án hệ thống mạng thông tin.
- Cán bộ nghiên cứu, cán bộ giảng dạy về công nghệ thông tin tại các Viện, Trung tâm nghiên
  cứu và các Cơ sở đào tạo",II. CHUẨN ĐẦU RA CỦA CHƯƠNG TRÌNH,1. Chuẩn đầu ra,1.4. Định hướng nghề nghiệp của sinh viên tốt nghiệp,,Công nghệ thông tin > II. CHUẨN ĐẦU RA CỦA CHƯƠNG TRÌNH > 1. Chuẩn đầu ra > 1.4. Định hướng nghề nghiệp của sinh viên tốt nghiệp,data/processed/Công nghệ thông tin.md,Công nghệ thông tin,markdown,data/processed/Công nghệ thông tin.md,sentence-transformers,1024
277,Công nghệ thông tin,"Công nghệ thông tin > II. CHUẨN ĐẦU RA CỦA CHƯƠNG TRÌNH > 3. Đối tượng tuyển sinh:
Theo Quy chế tuyển sinh đại học của Bộ Giáo dục và Đào tạo.",II. CHUẨN ĐẦU RA CỦA CHƯƠNG TRÌNH,3. Đối tượng tuyển sinh:,,,Công nghệ thông tin > II. CHUẨN ĐẦU RA CỦA CHƯƠNG TRÌNH > 3. Đối tượng tuyển sinh:,data/processed/Công nghệ thông tin.md,Công nghệ thông tin,markdown,data/processed/Công nghệ thông tin.md,sentence-transformers,1024
278,Công nghệ thông tin,"Công nghệ thông tin > III. CHƯƠNG TRÌNH CHI TIẾT
Định hướng chương trình khung của trường như sau:",III. CHƯƠNG TRÌNH CHI TIẾT,,,,Công nghệ thông tin > III. CHƯƠNG TRÌNH CHI TIẾT,data/processed/Công nghệ thông tin.md,Công nghệ thông tin,markdown,data/processed/Công nghệ thông tin.md,sentence-transformers,1024
279,Công nghệ thông tin,"Công nghệ thông tin > III. CHƯƠNG TRÌNH CHI TIẾT > 1. Kiến thức khoa học cơ bản:
Tổng số tín chỉ: 29 tín chỉ

- Học phần bắt buộc: 29 tín chỉ
- Học phần tự chọn: 0 tín chỉ",III. CHƯƠNG TRÌNH CHI TIẾT,1. Kiến thức khoa học cơ bản:,,,Công nghệ thông tin > III. CHƯƠNG TRÌNH CHI TIẾT > 1. Kiến thức khoa học cơ bản:,data/processed/Công nghệ thông tin.md,Công nghệ thông tin,markdown,data/processed/Công nghệ thông tin.md,sentence-transformers,1024
280,Công nghệ thông tin,"Công nghệ thông tin > III. CHƯƠNG TRÌNH CHI TIẾT > 1. Kiến thức khoa học cơ bản: > 1.1 Toán và Khoa học tự nhiên
Tổng số tín chỉ: 11 tín chỉ",III. CHƯƠNG TRÌNH CHI TIẾT,1. Kiến thức khoa học cơ bản:,1.1 Toán và Khoa học tự nhiên,,Công nghệ thông tin > III. CHƯƠNG TRÌNH CHI TIẾT > 1. Kiến thức khoa học cơ bản: > 1.1 Toán và Khoa học tự nhiên,data/processed/Công nghệ thông tin.md,Công nghệ thông tin,markdown,data/processed/Công nghệ thông tin.md,sentence-transformers,1024
281,Công nghệ thông tin,"Công nghệ thông tin > III. CHƯƠNG TRÌNH CHI TIẾT > 1. Kiến thức khoa học cơ bản: > 1.1 Toán và Khoa học tự nhiên > Đại số
- Mã học phần: 001201
- Số tín chỉ: 2
- Ghi chú: Học phần Bắt buộc
- Nội dung học phần tóm tắt: Cung cấp các kiến thức cơ bản về: ma trận; định thức; hệ phương trình tuyến tính; không gian vector; không gian Euclide; chéo hóa ma trận",III. CHƯƠNG TRÌNH CHI TIẾT,1. Kiến thức khoa học cơ bản:,1.1 Toán và Khoa học tự nhiên,Đại số,Công nghệ thông tin > III. CHƯƠNG TRÌNH CHI TIẾT > 1. Kiến thức khoa học cơ bản: > 1.1 Toán và Khoa học tự nhiên > Đại số,data/processed/Công nghệ thông tin.md,Công nghệ thông tin,markdown,data/processed/Công nghệ thông tin.md,sentence-transformers,1024
282,Công nghệ thông tin,"Công nghệ thông tin > III. CHƯƠNG TRÌNH CHI TIẾT > 1. Kiến thức khoa học cơ bản: > 1.1 Toán và Khoa học tự nhiên > Giải tích 1
- Mã học phần: 001202
- Số tín chỉ: 3
- Ghi chú: Học phần Bắt buộc
- Nội dung học phần tóm tắt: Cung cấp các kiến thức cơ bản về giới hạn và sự liên tục của hàm một biến, phép tính vi phân hàm một biến (đạo hàm, vi phân, ứng dụng), phép tính tích phân hàm một biến (tích phân bất định, tích phân xác định, ứng dụng tích phân xác định, tích phân suy rộng), phép tính vi phân hàm nhiều biến (đạo hàm, vi phân hàm nhiều biến, cực trị hàm nhiều biến).",III. CHƯƠNG TRÌNH CHI TIẾT,1. Kiến thức khoa học cơ bản:,1.1 Toán và Khoa học tự nhiên,Giải tích 1,Công nghệ thông tin > III. CHƯƠNG TRÌNH CHI TIẾT > 1. Kiến thức khoa học cơ bản: > 1.1 Toán và Khoa học tự nhiên > Giải tích 1,data/processed/Công nghệ thông tin.md,Công nghệ thông tin,markdown,data/processed/Công nghệ thông tin.md,sentence-transformers,1024
283,Công nghệ thông tin,"Công nghệ thông tin > III. CHƯƠNG TRÌNH CHI TIẾT > 1. Kiến thức khoa học cơ bản: > 1.1 Toán và Khoa học tự nhiên > Toán chuyên đề 1
- Mã học phần: 001205
- Số tín chỉ: 3
- Ghi chú: Học phần Bắt buộc
- Nội dung học phần tóm tắt: Cung cấp các kiến thức cơ bản về: lý thuyết xác suất; biến ngẫu nhiên và luật phân phối xác suất; lý thuyết mẫu và bài toán ước lượng tham số; các bài toán kiểm định giả thiết thống kê; Cung cấp kiến thức về xử lý số liệu thực nghiệm, bao gồm: sai số và khử sai số thô, xác định luật phân phối của số liệu thực nghiệm, phân tích tương quan và phân tích hồi quy. Qua đó rèn luyện cho sinh viên các kỹ năng về tư duy, ứng dụng kiến thức đã học để giải quyết một số vấn đề có liên quan đến số liệu thống kê trong các lĩnh vực giáo dục, sản xuất, kinh tế, kỹ thuật,…",III. CHƯƠNG TRÌNH CHI TIẾT,1. Kiến thức khoa học cơ bản:,1.1 Toán và Khoa học tự nhiên,Toán chuyên đề 1,Công nghệ thông tin > III. CHƯƠNG TRÌNH CHI TIẾT > 1. Kiến thức khoa học cơ bản: > 1.1 Toán và Khoa học tự nhiên > Toán chuyên đề 1,data/processed/Công nghệ thông tin.md,Công nghệ thông tin,markdown,data/processed/Công nghệ thông tin.md,sentence-transformers,1024
284,Công nghệ thông tin,"Công nghệ thông tin > III. CHƯƠNG TRÌNH CHI TIẾT > 1. Kiến thức khoa học cơ bản: > 1.1 Toán và Khoa học tự nhiên > Nhập môn ngành công nghệ thông tin
- Mã học phần: 122042
- Học phần học trước: không có
- Số tín chỉ: 3
- Ghi chú: Bắt buộc
- Nội dung học phần tóm tắt: Đây là học phần thuộc khối kiến thức đại cương của chương trình đào tạo ngành Công nghệ thông tin. Học phần này trang bị cho sinh viên những định hướng về nghề nghiệp ngành CNTT, xu hướng phát triển trong lĩnh vực CNTT, đạo đức nghề nghiệp CNTT, các chuyên ngành đào tạo, kỹ năng tự học và học tập suốt đời. Đồng thời, qua học phần này sinh viên sẽ được tiếp cận những phương pháp giải quyết vấn đề trên máy tính và bước đầu làm quen với lập trình cơ bản sử dụng ngôn ngữ lập trình bậc cao Python. Đây là những kiến thức nền tảng của ngành giúp cho sinh viên chuẩn bị các kỹ năng cần thiết cho các học phần tiếp theo và phát triển nghề nghiệp sau này.",III. CHƯƠNG TRÌNH CHI TIẾT,1. Kiến thức khoa học cơ bản:,1.1 Toán và Khoa học tự nhiên,Nhập môn ngành công nghệ thông tin,Công nghệ thông tin > III. CHƯƠNG TRÌNH CHI TIẾT > 1. Kiến thức khoa học cơ bản: > 1.1 Toán và Khoa học tự nhiên > Nhập môn ngành công nghệ thông tin,data/processed/Công nghệ thông tin.md,Công nghệ thông tin,markdown,data/processed/Công nghệ thông tin.md,sentence-transformers,1024
285,Công nghệ thông tin,"Công nghệ thông tin > III. CHƯƠNG TRÌNH CHI TIẾT > 1. Kiến thức khoa học cơ bản: > 1.2 Pháp luật và Khoa học xã hội
Tổng số tín chỉ: 13 tín chỉ",III. CHƯƠNG TRÌNH CHI TIẾT,1. Kiến thức khoa học cơ bản:,1.2 Pháp luật và Khoa học xã hội,,Công nghệ thông tin > III. CHƯƠNG TRÌNH CHI TIẾT > 1. Kiến thức khoa học cơ bản: > 1.2 Pháp luật và Khoa học xã hội,data/processed/Công nghệ thông tin.md,Công nghệ thông tin,markdown,data/processed/Công nghệ thông tin.md,sentence-transformers,1024
286,Công nghệ thông tin,"Công nghệ thông tin > III. CHƯƠNG TRÌNH CHI TIẾT > 1. Kiến thức khoa học cơ bản: > 1.2 Pháp luật và Khoa học xã hội > Triết học Mác – Lênin
- Mã học phần: 005105
- Số tín chỉ: 3
- Ghi chú: Học phần Bắt buộc
- Nội dung học phần: Theo quy định của Bộ Giáo dục và Đào tạo.",III. CHƯƠNG TRÌNH CHI TIẾT,1. Kiến thức khoa học cơ bản:,1.2 Pháp luật và Khoa học xã hội,Triết học Mác – Lênin,Công nghệ thông tin > III. CHƯƠNG TRÌNH CHI TIẾT > 1. Kiến thức khoa học cơ bản: > 1.2 Pháp luật và Khoa học xã hội > Triết học Mác – Lênin,data/processed/Công nghệ thông tin.md,Công nghệ thông tin,markdown,data/processed/Công nghệ thông tin.md,sentence-transformers,1024
287,Công nghệ thông tin,"Công nghệ thông tin > III. CHƯƠNG TRÌNH CHI TIẾT > 1. Kiến thức khoa học cơ bản: > 1.2 Pháp luật và Khoa học xã hội > Pháp luật đại cương
- Mã học phần: 005104
- Số tín chỉ: 2
- Ghi chú: Học phần Bắt buộc
- Nội dung học phần: Là môn học có tính chất cơ sở, nền tảng trong hệ thống khoa học pháp lý. Trên cơ sở môn học này, người học có thể dễ dàng tiếp cận với các ngành luật khác trong hệ thống các ngành luật nói chung. Môn học giúp sinh viên ý thức đầy đủ về bổn phận và nghĩa vụ của người công dân với nhà nước. Sinh viên có sự tin tưởng vào sự đúng đắn, nghiêm minh của pháp luật.",III. CHƯƠNG TRÌNH CHI TIẾT,1. Kiến thức khoa học cơ bản:,1.2 Pháp luật và Khoa học xã hội,Pháp luật đại cương,Công nghệ thông tin > III. CHƯƠNG TRÌNH CHI TIẾT > 1. Kiến thức khoa học cơ bản: > 1.2 Pháp luật và Khoa học xã hội > Pháp luật đại cương,data/processed/Công nghệ thông tin.md,Công nghệ thông tin,markdown,data/processed/Công nghệ thông tin.md,sentence-transformers,1024
288,Công nghệ thông tin,"Công nghệ thông tin > III. CHƯƠNG TRÌNH CHI TIẾT > 1. Kiến thức khoa học cơ bản: > 1.2 Pháp luật và Khoa học xã hội > Kinh tế chính trị Mác - Lênin
- Mã học phần: 005106
- Học phần học trước: 005106
- Số tín chỉ: 2
- Ghi chú: Học phần Bắt buộc
- Nội dung học phần: Theo quy định của Bộ Giáo dục và Đào tạo.",III. CHƯƠNG TRÌNH CHI TIẾT,1. Kiến thức khoa học cơ bản:,1.2 Pháp luật và Khoa học xã hội,Kinh tế chính trị Mác - Lênin,Công nghệ thông tin > III. CHƯƠNG TRÌNH CHI TIẾT > 1. Kiến thức khoa học cơ bản: > 1.2 Pháp luật và Khoa học xã hội > Kinh tế chính trị Mác - Lênin,data/processed/Công nghệ thông tin.md,Công nghệ thông tin,markdown,data/processed/Công nghệ thông tin.md,sentence-transformers,1024
289,Công nghệ thông tin,"Công nghệ thông tin > III. CHƯƠNG TRÌNH CHI TIẾT > 1. Kiến thức khoa học cơ bản: > 1.2 Pháp luật và Khoa học xã hội > Chủ nghĩa xã hội khoa học
- Mã học phần: 005107
- Học phần học trước: 005106.
- Số tín chỉ: 2
- Ghi chú: Học phần Bắt buộc
- Nội dung học phần: Theo quy định của Bộ Giáo dục và Đào tạo.",III. CHƯƠNG TRÌNH CHI TIẾT,1. Kiến thức khoa học cơ bản:,1.2 Pháp luật và Khoa học xã hội,Chủ nghĩa xã hội khoa học,Công nghệ thông tin > III. CHƯƠNG TRÌNH CHI TIẾT > 1. Kiến thức khoa học cơ bản: > 1.2 Pháp luật và Khoa học xã hội > Chủ nghĩa xã hội khoa học,data/processed/Công nghệ thông tin.md,Công nghệ thông tin,markdown,data/processed/Công nghệ thông tin.md,sentence-transformers,1024
290,Công nghệ thông tin,"Công nghệ thông tin > III. CHƯƠNG TRÌNH CHI TIẾT > 1. Kiến thức khoa học cơ bản: > 1.2 Pháp luật và Khoa học xã hội > Lịch sử Đảng cộng sản Việt Nam
- Mã học phần: 005108
- Học phần học trước: 005102
- Số tín chỉ: 2
- Ghi chú: Học phần Bắt buộc
- Nội dung học phần: Theo quy định của Bộ Giáo dục và Đào tạo.",III. CHƯƠNG TRÌNH CHI TIẾT,1. Kiến thức khoa học cơ bản:,1.2 Pháp luật và Khoa học xã hội,Lịch sử Đảng cộng sản Việt Nam,Công nghệ thông tin > III. CHƯƠNG TRÌNH CHI TIẾT > 1. Kiến thức khoa học cơ bản: > 1.2 Pháp luật và Khoa học xã hội > Lịch sử Đảng cộng sản Việt Nam,data/processed/Công nghệ thông tin.md,Công nghệ thông tin,markdown,data/processed/Công nghệ thông tin.md,sentence-transformers,1024
291,Công nghệ thông tin,"Công nghệ thông tin > III. CHƯƠNG TRÌNH CHI TIẾT > 1. Kiến thức khoa học cơ bản: > 1.2 Pháp luật và Khoa học xã hội > Tư tưởng Hồ Chí Minh
- Mã học phần: 005102
- Học phần học trước: 005107
- Số tín chỉ: 2
- Ghi chú: Học phần Bắt buộc
- Nội dung học phần: Theo quy định của Bộ Giáo dục và Đào tạo.",III. CHƯƠNG TRÌNH CHI TIẾT,1. Kiến thức khoa học cơ bản:,1.2 Pháp luật và Khoa học xã hội,Tư tưởng Hồ Chí Minh,Công nghệ thông tin > III. CHƯƠNG TRÌNH CHI TIẾT > 1. Kiến thức khoa học cơ bản: > 1.2 Pháp luật và Khoa học xã hội > Tư tưởng Hồ Chí Minh,data/processed/Công nghệ thông tin.md,Công nghệ thông tin,markdown,data/processed/Công nghệ thông tin.md,sentence-transformers,1024
292,Công nghệ thông tin,"Công nghệ thông tin > III. CHƯƠNG TRÌNH CHI TIẾT > 1. Kiến thức khoa học cơ bản: > 1.3 Tin học cơ bản
Tổng số tín chỉ: 2 tín chỉ",III. CHƯƠNG TRÌNH CHI TIẾT,1. Kiến thức khoa học cơ bản:,1.3 Tin học cơ bản,,Công nghệ thông tin > III. CHƯƠNG TRÌNH CHI TIẾT > 1. Kiến thức khoa học cơ bản: > 1.3 Tin học cơ bản,data/processed/Công nghệ thông tin.md,Công nghệ thông tin,markdown,data/processed/Công nghệ thông tin.md,sentence-transformers,1024
293,Công nghệ thông tin,"Công nghệ thông tin > III. CHƯƠNG TRÌNH CHI TIẾT > 1. Kiến thức khoa học cơ bản: > 1.3 Tin học cơ bản > Tin học cơ bản
- Mã học phần: 124012
- Số tín chỉ: 2
- Ghi chú: Học phần Bắt buộc
- Nội dung học phần tóm tắt: Học phần này thuộc khối kiến thức giáo dục đại cương. Học phần bao gồm phần lý thuyết và thực hành, theo các mô đun cơ bản trong phụ lục của quy định chuẩn kỹ năng sử dụng Công nghệ Thông tin cơ bản (Ban hành kèm theo Thông tư số 03 /2014/TT-BTTTT ngày 11/3/2014 của Bộ trưởng Bộ Thông tin và Truyền thông) . Học phần trang bị cho sinh viên kiến thức về cấu trúc máy tính, hệ thống mạng kết nối máy tính. Soạn thảo các văn bản tài liệu văn phòng, thiết kế các bảng tính số liệu và trình bày bản trình chiếu cho bài thuyết trình với phần mềm ứng dụng Microsoft Office.",III. CHƯƠNG TRÌNH CHI TIẾT,1. Kiến thức khoa học cơ bản:,1.3 Tin học cơ bản,Tin học cơ bản,Công nghệ thông tin > III. CHƯƠNG TRÌNH CHI TIẾT > 1. Kiến thức khoa học cơ bản: > 1.3 Tin học cơ bản > Tin học cơ bản,data/processed/Công nghệ thông tin.md,Công nghệ thông tin,markdown,data/processed/Công nghệ thông tin.md,sentence-transformers,1024
294,Công nghệ thông tin,"Công nghệ thông tin > III. CHƯƠNG TRÌNH CHI TIẾT > 2. Kiến thức giáo dục chuyên nghiệp:
Tổng số tín chỉ: 94 tín chỉ",III. CHƯƠNG TRÌNH CHI TIẾT,2. Kiến thức giáo dục chuyên nghiệp:,,,Công nghệ thông tin > III. CHƯƠNG TRÌNH CHI TIẾT > 2. Kiến thức giáo dục chuyên nghiệp:,data/processed/Công nghệ thông tin.md,Công nghệ thông tin,markdown,data/processed/Công nghệ thông tin.md,sentence-transformers,1024
295,Công nghệ thông tin,"Công nghệ thông tin > III. CHƯƠNG TRÌNH CHI TIẾT > 2. Kiến thức giáo dục chuyên nghiệp: > 2.1. Kiến thức cơ sở ngành:
Tổng số tín chỉ: 29 tín chỉ",III. CHƯƠNG TRÌNH CHI TIẾT,2. Kiến thức giáo dục chuyên nghiệp:,2.1. Kiến thức cơ sở ngành:,,Công nghệ thông tin > III. CHƯƠNG TRÌNH CHI TIẾT > 2. Kiến thức giáo dục chuyên nghiệp: > 2.1. Kiến thức cơ sở ngành:,data/processed/Công nghệ thông tin.md,Công nghệ thông tin,markdown,data/processed/Công nghệ thông tin.md,sentence-transformers,1024
296,Công nghệ thông tin,"Công nghệ thông tin > III. CHƯƠNG TRÌNH CHI TIẾT > 2. Kiến thức giáo dục chuyên nghiệp: > 2.1. Kiến thức cơ sở ngành: > Cơ sở dữ liệu
- Mã học phần: 121000
- Số tín chỉ: 3
- Ghi chú: Học phần Bắt buộc
- Nội dung học phần tóm tắt: Cơ sở dữ liệu là học phần thuộc nhóm kiến thức cơ sở ngành. Môn học cung cấp mô hình dữ liệu quan hệ. Các kỹ năng khai thác dữ liệu quan hệ bằng ngôn ngữ đại số quan hệ và SQL. Song song đó môn học cũng cung cấp một Hệ quản trị Cơ sở dữ liệu tiêu biểu phù hợp với xu hướng hiện tại để cài đặt và khai thác các hệ thống Cơ sở dữ liệu. Đồng thời môn học cũng cung cấp các kỹ năng lập trình giao diện bằng một ngôn ngữ lập trình hiện đại theo xu hướng để sinh viên có thể thao tác thành thạo lên dữ liệu quan hệ thông qua ngôn ngữ SQL.",III. CHƯƠNG TRÌNH CHI TIẾT,2. Kiến thức giáo dục chuyên nghiệp:,2.1. Kiến thức cơ sở ngành:,Cơ sở dữ liệu,Công nghệ thông tin > III. CHƯƠNG TRÌNH CHI TIẾT > 2. Kiến thức giáo dục chuyên nghiệp: > 2.1. Kiến thức cơ sở ngành: > Cơ sở dữ liệu,data/processed/Công nghệ thông tin.md,Công nghệ thông tin,markdown,data/processed/Công nghệ thông tin.md,sentence-transformers,1024
297,Công nghệ thông tin,"Công nghệ thông tin > III. CHƯƠNG TRÌNH CHI TIẾT > 2. Kiến thức giáo dục chuyên nghiệp: > 2.1. Kiến thức cơ sở ngành: > Quản trị doanh nghiệp CNTT
- Mã học phần: 121037
- Học phần học trước: không có
- Số tín chỉ: 2
- Ghi chú: Học phần Bắt buộc
- Nội dung Học phần tóm tắt: Đây là học phần thuộc khối kiến thức cơ sở ngành của chương trình đào tạo ngành Công nghệ thông tin. Học phần này cung cấp cho sinh viên kiến thức tổng quan về quản trị doanh nghiệp nói chung và doanh nghiệp CNTT nói riêng. Sinh viên sẽ được tìm hiểu các loại hình doanh nghiệp CNTT của Việt Nam và trên thế giới, ngoài ra sinh viên cũng được trang bị các kiến thức về đầu tư CNTT, ứng dụng CNTT và triển khai các hệ thống CNTT trong doanh nghiệp.",III. CHƯƠNG TRÌNH CHI TIẾT,2. Kiến thức giáo dục chuyên nghiệp:,2.1. Kiến thức cơ sở ngành:,Quản trị doanh nghiệp CNTT,Công nghệ thông tin > III. CHƯƠNG TRÌNH CHI TIẾT > 2. Kiến thức giáo dục chuyên nghiệp: > 2.1. Kiến thức cơ sở ngành: > Quản trị doanh nghiệp CNTT,data/processed/Công nghệ thông tin.md,Công nghệ thông tin,markdown,data/processed/Công nghệ thông tin.md,sentence-transformers,1024
298,Công nghệ thông tin,"Công nghệ thông tin > III. CHƯƠNG TRÌNH CHI TIẾT > 2. Kiến thức giáo dục chuyên nghiệp: > 2.1. Kiến thức cơ sở ngành: > Toán rời rạc
- Mã học phần: 122002
- Học phần học trước: 124012, 122042
- Số tín chỉ: 2
- Ghi chú: Học phần Bắt buộc
- Nội dung Học phần tóm tắt: Học phần Toán rời rạc là học phần bắt buộc nằm trong khối kiến thức cơ sở của ngành Công nghệ thông tin. Học phần này trang bị cho người học những kiến thức liên quan đến các đối tượng rời rạc trong toán học như logic mệnh đề; các phương pháp suy diễn; các phương pháp đếm và lý thuyết tổ hợp; quan hệ tương đương, quan hệ thứ tự; đại số Boole và các phương pháp cực tiểu hoá hàm Boole. Các kiến thức này hỗ trợ nhiều cho sinh viên tiếp thu các học phần cơ sở khác và chuyên ngành của mình.",III. CHƯƠNG TRÌNH CHI TIẾT,2. Kiến thức giáo dục chuyên nghiệp:,2.1. Kiến thức cơ sở ngành:,Toán rời rạc,Công nghệ thông tin > III. CHƯƠNG TRÌNH CHI TIẾT > 2. Kiến thức giáo dục chuyên nghiệp: > 2.1. Kiến thức cơ sở ngành: > Toán rời rạc,data/processed/Công nghệ thông tin.md,Công nghệ thông tin,markdown,data/processed/Công nghệ thông tin.md,sentence-transformers,1024
299,Công nghệ thông tin,"Công nghệ thông tin > III. CHƯƠNG TRÌNH CHI TIẾT > 2. Kiến thức giáo dục chuyên nghiệp: > 2.1. Kiến thức cơ sở ngành: > Lập trình hướng đối tượng
- Mã học phần: 122003
- Học phần học trước: 124001
- Số tín chỉ: 3
- Ghi chú: Học phần Bắt buộc
- Nội dung Học phần tóm tắt: Học phần này cung cấp cho sinh viên kiến thức cơ bản về phương pháp lập trình hướng đối tượng, một phương pháp rất phổ biến hiện nay. Học phần cũng định hướng cho sinh viên trong việc thiết kế một chương trình theo phương pháp hướng đối tượng, sử dụng các khái niệm như kiểu dữ liệu trừu tượng, nguyên tắc kế thừa trong việc phát triển các kiểu dữ liệu, và tính đa hình,… Đây là học phần đóng vai trò trang bị kiến thức cơ sở, nền tảng cho sinh viên, bổ trợ cho các môn học khác như lập trình Java, phân tích thiết kế hệ thống, xây dựng phần mềm hướng đối tượng,...",III. CHƯƠNG TRÌNH CHI TIẾT,2. Kiến thức giáo dục chuyên nghiệp:,2.1. Kiến thức cơ sở ngành:,Lập trình hướng đối tượng,Công nghệ thông tin > III. CHƯƠNG TRÌNH CHI TIẾT > 2. Kiến thức giáo dục chuyên nghiệp: > 2.1. Kiến thức cơ sở ngành: > Lập trình hướng đối tượng,data/processed/Công nghệ thông tin.md,Công nghệ thông tin,markdown,data/processed/Công nghệ thông tin.md,sentence-transformers,1024
300,Công nghệ thông tin,"Công nghệ thông tin > III. CHƯƠNG TRÌNH CHI TIẾT > 2. Kiến thức giáo dục chuyên nghiệp: > 2.1. Kiến thức cơ sở ngành: > Lý thuyết đồ thị
- Mã học phần: 122004
- Học phần học trước: 124001, 122002, 124002.
- Số tín chỉ: 2
- Ghi chú: Học phần Bắt buộc
- Nội dung Học phần tóm tắt: Học phần Lý thuyết đồ thị là học phần bắt buộc nằm trong khối kiến thức cơ sở của ngành Công nghệ thông tin. Học phần này nghiên cứu cách giải quyết một số bài toán rời rạc trong thực tế thông qua mô hình đồ thị. Học phần Lý thuyết đồ thị trang bị cho sinh viên các khái niệm cơ bản về đồ thị như đỉnh, cạnh của đồ thị, bậc của đỉnh, đơn đồ thị, đa đồ thị, đồ thị vô hướng và có hướng, đồ thị liên thông, đường đi, chu trình, đồ thị Euler, đồ thị Hamilton và một số định lý cơ bản. Bên cạnh đó, sinh viên được học về các thuật toán kiểm tra đồ thị liên thông, tìm đường đi (ngắn nhất) giữa hai đỉnh bất kỳ trên đồ thị, tìm cây khung nhỏ nhất của đồ thị, tìm luồng trên mạng. Học phần này cũng hỗ trợ sinh viên rất nhiều trong việc tiếp thu các học phần cơ sở và chuyên ngành như: Mạng máy tính, Trí tuệ nhân tạo, Xử lý ảnh và thị giác máy tính,…",III. CHƯƠNG TRÌNH CHI TIẾT,2. Kiến thức giáo dục chuyên nghiệp:,2.1. Kiến thức cơ sở ngành:,Lý thuyết đồ thị,Công nghệ thông tin > III. CHƯƠNG TRÌNH CHI TIẾT > 2. Kiến thức giáo dục chuyên nghiệp: > 2.1. Kiến thức cơ sở ngành: > Lý thuyết đồ thị,data/processed/Công nghệ thông tin.md,Công nghệ thông tin,markdown,data/processed/Công nghệ thông tin.md,sentence-transformers,1024
301,Công nghệ thông tin,"Công nghệ thông tin > III. CHƯƠNG TRÌNH CHI TIẾT > 2. Kiến thức giáo dục chuyên nghiệp: > 2.1. Kiến thức cơ sở ngành: > Chuyên đề thực tế 1
- Mã học phần: 122043
- Học phần học trước: không có.
- Số tín chỉ: 1
- Ghi chú: Học phần Bắt buộc
- Nội dung Học phần tóm tắt: Học phần Chuyên đề thực tế 1 là một học phần bắt buộc thuộc khối kiến thức cơ sở của ngành Công nghệ thông tin. Học phần này mang đến cho sinh viên một cách nhìn về văn hóa và môi trường làm việc trong các doanh nghiệp CNTT. Sinh viên sẽ được đến các doanh nghiệp CNTT để tham quan, tìm hiểu thực tế công việc đang được thực hiện tại các doanh nghiệp CNTT trong và ngoài nước.",III. CHƯƠNG TRÌNH CHI TIẾT,2. Kiến thức giáo dục chuyên nghiệp:,2.1. Kiến thức cơ sở ngành:,Chuyên đề thực tế 1,Công nghệ thông tin > III. CHƯƠNG TRÌNH CHI TIẾT > 2. Kiến thức giáo dục chuyên nghiệp: > 2.1. Kiến thức cơ sở ngành: > Chuyên đề thực tế 1,data/processed/Công nghệ thông tin.md,Công nghệ thông tin,markdown,data/processed/Công nghệ thông tin.md,sentence-transformers,1024
302,Công nghệ thông tin,"Công nghệ thông tin > III. CHƯƠNG TRÌNH CHI TIẾT > 2. Kiến thức giáo dục chuyên nghiệp: > 2.1. Kiến thức cơ sở ngành: > Mạng máy tính
- Mã học phần: 123002
- Số tín chỉ: 3
- Ghi chú: Học phần Bắt buộc
- Nội dung Học phần tóm tắt: Cung cấp cho sinh viên các kiến thức về IPv4, mô hình OSI, các thiết bị mạng, các dịch vụ mạng, các công nghệ mạng được sử dụng phổ biến ngày nay.",III. CHƯƠNG TRÌNH CHI TIẾT,2. Kiến thức giáo dục chuyên nghiệp:,2.1. Kiến thức cơ sở ngành:,Mạng máy tính,Công nghệ thông tin > III. CHƯƠNG TRÌNH CHI TIẾT > 2. Kiến thức giáo dục chuyên nghiệp: > 2.1. Kiến thức cơ sở ngành: > Mạng máy tính,data/processed/Công nghệ thông tin.md,Công nghệ thông tin,markdown,data/processed/Công nghệ thông tin.md,sentence-transformers,1024
303,Công nghệ thông tin,"Công nghệ thông tin > III. CHƯƠNG TRÌNH CHI TIẾT > 2. Kiến thức giáo dục chuyên nghiệp: > 2.1. Kiến thức cơ sở ngành: > Chuyên đề thực tế 2
- Mã học phần: 123042
- Học phần học trước: 122043.
- Số tín chỉ: 1
- Ghi chú: Học phần Bắt buộc
- Nội dung Học phần tóm tắt: Cung cấp một cách nhìn về văn hóa và môi trường làm việc trong các doanh nghiệp CNTT. Sinh viên sẽ được đến các doanh nghiệp CNTT để tham quan, tìm hiểu thực tế công việc đang được thực hiện tại các doanh nghiệp CNTT trong và ngoài nước và chọn một lĩnh vực cụ thể để thực hiện một đề án cụ thể và làm việc thực tế tại doanh nghiệp.",III. CHƯƠNG TRÌNH CHI TIẾT,2. Kiến thức giáo dục chuyên nghiệp:,2.1. Kiến thức cơ sở ngành:,Chuyên đề thực tế 2,Công nghệ thông tin > III. CHƯƠNG TRÌNH CHI TIẾT > 2. Kiến thức giáo dục chuyên nghiệp: > 2.1. Kiến thức cơ sở ngành: > Chuyên đề thực tế 2,data/processed/Công nghệ thông tin.md,Công nghệ thông tin,markdown,data/processed/Công nghệ thông tin.md,sentence-transformers,1024
304,Công nghệ thông tin,"Công nghệ thông tin > III. CHƯƠNG TRÌNH CHI TIẾT > 2. Kiến thức giáo dục chuyên nghiệp: > 2.1. Kiến thức cơ sở ngành: > Kỹ thuật lập trình
- Mã học phần: 124001
- Số tín chỉ: 3
- Ghi chú: Học phần Bắt buộc
- Nội dung Học phần tóm tắt: Đây là học phần bắt buộc thuộc khối kiến thức chuyên ngành cơ sở của chương trình đào tạo chuyên ngành Công nghệ thông tin. Học phần trang bị người học phương pháp và công cụ lập trình. Học phần này đóng vai trò là học phần nhập môn, giúp người học tiếp cận với ngành học. Học phần này cung cấp các kỹ thuật cơ bản thường được sử dụng trong công việc lập trình như: cách tổ chức biểu diễn dữ liệu, kỹ thuật chia để trị, kỹ thuật đặt cờ hiệu, kỹ thuật đệ quy... đồng thời hướng dẫn sinh viên hiện thực các kỹ thuật đó thông qua ngôn ngữ lập trình C/C++.",III. CHƯƠNG TRÌNH CHI TIẾT,2. Kiến thức giáo dục chuyên nghiệp:,2.1. Kiến thức cơ sở ngành:,Kỹ thuật lập trình,Công nghệ thông tin > III. CHƯƠNG TRÌNH CHI TIẾT > 2. Kiến thức giáo dục chuyên nghiệp: > 2.1. Kiến thức cơ sở ngành: > Kỹ thuật lập trình,data/processed/Công nghệ thông tin.md,Công nghệ thông tin,markdown,data/processed/Công nghệ thông tin.md,sentence-transformers,1024
305,Công nghệ thông tin,"Công nghệ thông tin > III. CHƯƠNG TRÌNH CHI TIẾT > 2. Kiến thức giáo dục chuyên nghiệp: > 2.1. Kiến thức cơ sở ngành: > Cấu trúc dữ liệu và giải thuật
- Mã học phần: 124002
- Học phần học trước: 124001
- Số tín chỉ: 3
- Ghi chú: Học phần Bắt buộc
- Nội dung Học phần tóm tắt: Đây là học phần bắt buộc thuộc khối kiến thức cơ sở ngành của chương trình đào tạo ngành Công nghệ thông tin. Học phần này giúp cho sinh viên các kiến thức về giải thuật và cách tổ chức dữ liệu, đó là hai thành tố quan trọng nhất cho một chương trình. Ngoài ra, học phần này còn giúp sinh viên củng cố và phát triển kỹ năng lập trình vừa được học trong các học phần trước trước.",III. CHƯƠNG TRÌNH CHI TIẾT,2. Kiến thức giáo dục chuyên nghiệp:,2.1. Kiến thức cơ sở ngành:,Cấu trúc dữ liệu và giải thuật,Công nghệ thông tin > III. CHƯƠNG TRÌNH CHI TIẾT > 2. Kiến thức giáo dục chuyên nghiệp: > 2.1. Kiến thức cơ sở ngành: > Cấu trúc dữ liệu và giải thuật,data/processed/Công nghệ thông tin.md,Công nghệ thông tin,markdown,data/processed/Công nghệ thông tin.md,sentence-transformers,1024
306,Công nghệ thông tin,"Công nghệ thông tin > III. CHƯƠNG TRÌNH CHI TIẾT > 2. Kiến thức giáo dục chuyên nghiệp: > 2.1. Kiến thức cơ sở ngành: > Kiến trúc máy tính
- Mã học phần: 125000
- Số tín chỉ: 3
- Ghi chú: Học phần Bắt buộc
- Nội dung Học phần tóm tắt: Môn học cung cấp sinh viên các kiến thức tổng quan cơ bản và sự tiến hoá của các thế hệ máy tính, khảo sát vấn đề hiệu suất, chi tiết các thành phần của hệ thống máy tính: kết nối nội bên trong máy tính, bộ nhớ cache, bộ nhớ trong, bộ nhớ ngoài, thiết bị vào/ra, hệ thống số đếm, tập lệnh, Intel x86 và giải quyết các vấn đề kỹ thuật trong kiến trúc máy tính thông qua sử dụng phần mềm lập trình hợp ngữ EMU.",III. CHƯƠNG TRÌNH CHI TIẾT,2. Kiến thức giáo dục chuyên nghiệp:,2.1. Kiến thức cơ sở ngành:,Kiến trúc máy tính,Công nghệ thông tin > III. CHƯƠNG TRÌNH CHI TIẾT > 2. Kiến thức giáo dục chuyên nghiệp: > 2.1. Kiến thức cơ sở ngành: > Kiến trúc máy tính,data/processed/Công nghệ thông tin.md,Công nghệ thông tin,markdown,data/processed/Công nghệ thông tin.md,sentence-transformers,1024
307,Công nghệ thông tin,"Công nghệ thông tin > III. CHƯƠNG TRÌNH CHI TIẾT > 2. Kiến thức giáo dục chuyên nghiệp: > 2.1. Kiến thức cơ sở ngành: > Hệ điều hành
- Mã học phần: 125001
- Học phần học trước: 125000
- Số tín chỉ: 3
- Ghi chú: Học phần Bắt buộc
- Nội dung Học phần tóm tắt: Môn học trình bày các vấn đề tổng quan về hệ điều hành, kiến thức quản lý tiến trình, điều phối CPU, deadlock, quản lý bộ nhớ, tập tin và hệ thống quản lý nhập/xuất của một hệ điều hành. Môn học giúp sinh viên hiểu được cách vận hành của một số hệ điều hành cụ thể (Linux, Windows, Unix, DOS). Bên cạnh đó, sinh viên được rèn luyện kỹ năng tổng hợp và phân tích vấn đề, kỹ năng làm việc nhóm, kỹ năng đọc và chọn lọc thông tin trong các tài liệu tiếng Anh chuyên ngành.",III. CHƯƠNG TRÌNH CHI TIẾT,2. Kiến thức giáo dục chuyên nghiệp:,2.1. Kiến thức cơ sở ngành:,Hệ điều hành,Công nghệ thông tin > III. CHƯƠNG TRÌNH CHI TIẾT > 2. Kiến thức giáo dục chuyên nghiệp: > 2.1. Kiến thức cơ sở ngành: > Hệ điều hành,data/processed/Công nghệ thông tin.md,Công nghệ thông tin,markdown,data/processed/Công nghệ thông tin.md,sentence-transformers,1024
308,Công nghệ thông tin,"Công nghệ thông tin > III. CHƯƠNG TRÌNH CHI TIẾT > 2. Kiến thức giáo dục chuyên nghiệp: > 2.2. Kiến thức ngành:
Tổng số tín chỉ: 31 tín chỉ",III. CHƯƠNG TRÌNH CHI TIẾT,2. Kiến thức giáo dục chuyên nghiệp:,2.2. Kiến thức ngành:,,Công nghệ thông tin > III. CHƯƠNG TRÌNH CHI TIẾT > 2. Kiến thức giáo dục chuyên nghiệp: > 2.2. Kiến thức ngành:,data/processed/Công nghệ thông tin.md,Công nghệ thông tin,markdown,data/processed/Công nghệ thông tin.md,sentence-transformers,1024
309,Công nghệ thông tin,"Công nghệ thông tin > III. CHƯƠNG TRÌNH CHI TIẾT > 2. Kiến thức giáo dục chuyên nghiệp: > 2.2. Kiến thức ngành: > 2.2.1. Kiến thức bắt buộc:
Tổng số tín chỉ: 23 tín chỉ",III. CHƯƠNG TRÌNH CHI TIẾT,2. Kiến thức giáo dục chuyên nghiệp:,2.2. Kiến thức ngành:,2.2.1. Kiến thức bắt buộc:,Công nghệ thông tin > III. CHƯƠNG TRÌNH CHI TIẾT > 2. Kiến thức giáo dục chuyên nghiệp: > 2.2. Kiến thức ngành: > 2.2.1. Kiến thức bắt buộc:,data/processed/Công nghệ thông tin.md,Công nghệ thông tin,markdown,data/processed/Công nghệ thông tin.md,sentence-transformers,1024
310,Công nghệ thông tin,"Công nghệ thông tin > III. CHƯƠNG TRÌNH CHI TIẾT > 2. Kiến thức giáo dục chuyên nghiệp: > 2.2. Kiến thức ngành: > Thiết kế cơ sở dữ liệu
- Mã học phần: 121001
- Học phần học trước: 121000, 122002, 124001
- Số tín chỉ: 3
- Ghi chú: Học phần Bắt buộc
- Nội dung học phần tóm tắt: Thiết kế Cơ sở dữ liệu là học phần thuộc nhóm kiến thức chuyên ngành. Môn học cung cấp các thuật toán thiết kế một hệ Cơ sở dữ liệu Quan hệ đạt các tiêu chuẩn tốt nhất, hiệu quả nhất của mô hình Quan hệ; các thuật toán tối ưu khi khai thác dữ liệu theo mô hình Quan hệ. Song song đó, môn học cung cấp một ngôn ngữ lập trình theo xu hướng hiện đại để giải quyết các thuật toán trên. Đồng thời, môn học cũng cung cấp các kỹ năng lập trình thao tác với dữ liệu để sinh viên có thể áp dụng thành thạo lên các hệ Cơ sở dữ liệu trong thực tế.",III. CHƯƠNG TRÌNH CHI TIẾT,2. Kiến thức giáo dục chuyên nghiệp:,2.2. Kiến thức ngành:,Thiết kế cơ sở dữ liệu,Công nghệ thông tin > III. CHƯƠNG TRÌNH CHI TIẾT > 2. Kiến thức giáo dục chuyên nghiệp: > 2.2. Kiến thức ngành: > Thiết kế cơ sở dữ liệu,data/processed/Công nghệ thông tin.md,Công nghệ thông tin,markdown,data/processed/Công nghệ thông tin.md,sentence-transformers,1024
311,Công nghệ thông tin,"Công nghệ thông tin > III. CHƯƠNG TRÌNH CHI TIẾT > 2. Kiến thức giáo dục chuyên nghiệp: > 2.2. Kiến thức ngành: > Phân tích thiết hệ thống
- Mã học phần: 121008
- Học phần học trước: 121000; 121002
- Số tín chỉ: 3
- Ghi chú: Học phần Bắt buộc
- Nội dung học phần tóm tắt: Đây là học phần thuộc khối kiến thức chuyên ngành của chương trình đào tạo ngành Công nghệ thông tin. Học phần này cung cấp cho sinh viên kiến thức về các loại hệ thống thông tin quản lý; phương pháp phân tích và thiết kế hệ thống theo hướng đối tượng; phân tích hệ thống và sản phẩm của giai đoạn phân tích hệ thống; thiết kế hệ thống và sản phẩm của giai đoạn thiết kế hệ thống.",III. CHƯƠNG TRÌNH CHI TIẾT,2. Kiến thức giáo dục chuyên nghiệp:,2.2. Kiến thức ngành:,Phân tích thiết hệ thống,Công nghệ thông tin > III. CHƯƠNG TRÌNH CHI TIẾT > 2. Kiến thức giáo dục chuyên nghiệp: > 2.2. Kiến thức ngành: > Phân tích thiết hệ thống,data/processed/Công nghệ thông tin.md,Công nghệ thông tin,markdown,data/processed/Công nghệ thông tin.md,sentence-transformers,1024
312,Công nghệ thông tin,"Công nghệ thông tin > III. CHƯƠNG TRÌNH CHI TIẾT > 2. Kiến thức giáo dục chuyên nghiệp: > 2.2. Kiến thức ngành: > Công nghệ phần mềm
- Mã học phần: 122005
- Học phần học trước: không có
- Số tín chỉ: 2
- Ghi chú: Học phần Bắt buộc
- Nội dung học phần tóm tắt: Đây là học phần thuộc khối kiến thức chuyên ngành trong chương trình đào tạo ngành Công nghệ thông tin ở bậc đại học. Là môn học trước cho những môn học tiếp theo như: Phân tích thiết kế hệ thống thông tin, Kiểm thử phần mềm, Xây dựng phần mềm hướng đối tượng, Đồ án thực tế công nghệ phần mềm. Nhằm cung cấp cho sinh viên các kiến thức, phương pháp, quy trình và công cụ xây dựng, phát triển phần mềm. Giúp người học áp dụng các Bắt buộc 7 kiến thức, phương pháp, quy trình và công cụ một cách hệ thống. Thực hiện đặc tả, phân tích, thiết kế, lập trình và kiểm thử phần mềm thông qua các công cụ tiên tiến, phù hợp.",III. CHƯƠNG TRÌNH CHI TIẾT,2. Kiến thức giáo dục chuyên nghiệp:,2.2. Kiến thức ngành:,Công nghệ phần mềm,Công nghệ thông tin > III. CHƯƠNG TRÌNH CHI TIẾT > 2. Kiến thức giáo dục chuyên nghiệp: > 2.2. Kiến thức ngành: > Công nghệ phần mềm,data/processed/Công nghệ thông tin.md,Công nghệ thông tin,markdown,data/processed/Công nghệ thông tin.md,sentence-transformers,1024
313,Công nghệ thông tin,"Công nghệ thông tin > III. CHƯƠNG TRÌNH CHI TIẾT > 2. Kiến thức giáo dục chuyên nghiệp: > 2.2. Kiến thức ngành: > Chuyên đề hệ thống giao thông minh
- Mã học phần: 122038
- Học phần học trước: 124001, 121008
- Số tín chỉ: 3
- Ghi chú: Học phần Bắt buộc
- Nội dung học phần tóm tắt: Học phần này gồm 25 tiết lý thuyết, 20 tiết thực hành và bài tập, và 15 tiết đồ án, giúp cho người học có cái nhìn tổng quát về ứng dụng các công nghệ tiên tiến của lĩnh vực công nghệ thông tin và truyền thông trong việc phát triển các hệ thống giao thông thông minh. Đồ án môn học với chủ đề tự chọn, đi sâu vào phân tích một hướng ứng dụng hay một hệ thống cụ thể đã được đưa vào khai thác hoặc đang trong quá trình phát triển.",III. CHƯƠNG TRÌNH CHI TIẾT,2. Kiến thức giáo dục chuyên nghiệp:,2.2. Kiến thức ngành:,Chuyên đề hệ thống giao thông minh,Công nghệ thông tin > III. CHƯƠNG TRÌNH CHI TIẾT > 2. Kiến thức giáo dục chuyên nghiệp: > 2.2. Kiến thức ngành: > Chuyên đề hệ thống giao thông minh,data/processed/Công nghệ thông tin.md,Công nghệ thông tin,markdown,data/processed/Công nghệ thông tin.md,sentence-transformers,1024
314,Công nghệ thông tin,"Công nghệ thông tin > III. CHƯƠNG TRÌNH CHI TIẾT > 2. Kiến thức giáo dục chuyên nghiệp: > 2.2. Kiến thức ngành: > Lập trình mạng
- Mã học phần: 123013
- Học phần học trước: 123002; 124001
- Số tín chỉ: 3
- Ghi chú: Học phần Bắt buộc
- Nội dung học phần tóm tắt: Cung cấp cho sinh viên các kiến thức cơ bản về các hệ thống mạng và lập trình các ứng dụng mạng với giao thức TCP/IP. Nội dung các chương đi từ các khái niệm nền tảng của lập trình mạng qua thư viện socket đến các thư viện cao cấp. Học phần tiên quyết: tất cả các học phần bắt buộc và tự chọn tối thiểu cần phải tích lũy trong chương trình.",III. CHƯƠNG TRÌNH CHI TIẾT,2. Kiến thức giáo dục chuyên nghiệp:,2.2. Kiến thức ngành:,Lập trình mạng,Công nghệ thông tin > III. CHƯƠNG TRÌNH CHI TIẾT > 2. Kiến thức giáo dục chuyên nghiệp: > 2.2. Kiến thức ngành: > Lập trình mạng,data/processed/Công nghệ thông tin.md,Công nghệ thông tin,markdown,data/processed/Công nghệ thông tin.md,sentence-transformers,1024
315,Công nghệ thông tin,"Công nghệ thông tin > III. CHƯƠNG TRÌNH CHI TIẾT > 2. Kiến thức giáo dục chuyên nghiệp: > 2.2. Kiến thức ngành: > An toàn thông tin
- Mã học phần: 123033
- Số tín chỉ: 3
- Ghi chú: Học phần Bắt buộc
- Nội dung học phần tóm tắt: Cung cấp các kiến thức về các dạng mã hóa từ cổ điển đến hiện đại, các cơ chế xác thực và chữ ký điện tử.",III. CHƯƠNG TRÌNH CHI TIẾT,2. Kiến thức giáo dục chuyên nghiệp:,2.2. Kiến thức ngành:,An toàn thông tin,Công nghệ thông tin > III. CHƯƠNG TRÌNH CHI TIẾT > 2. Kiến thức giáo dục chuyên nghiệp: > 2.2. Kiến thức ngành: > An toàn thông tin,data/processed/Công nghệ thông tin.md,Công nghệ thông tin,markdown,data/processed/Công nghệ thông tin.md,sentence-transformers,1024
316,Công nghệ thông tin,"Công nghệ thông tin > III. CHƯƠNG TRÌNH CHI TIẾT > 2. Kiến thức giáo dục chuyên nghiệp: > 2.2. Kiến thức ngành: > Phân tích thiết kế giải thuật
- Mã học phần: 124003
- Học phần học trước: 124002
- Số tín chỉ: 3
- Ghi chú: Học phần Bắt buộc
- Nội dung học phần tóm tắt: Đây là học phần bắt buộc thuộc khối kiến thức cơ bản của chương trình đào tạo ngành Công nghệ thông tin. Học phần này sẽ trang bị cho sinh viên những kỹ thuật khác nhau để phân tích và thiết kế giải thuật. Sinh viên sẽ được học về khung thức để phân tích độ phức tạp (trường hợp xấu nhất và trường hợp trung bình) của giải thuật và lý thuyết NP-đầy đủ. Bên cạnh đó, sinh viên còn được học về những chiến lược thiết kế giải thuật tiêu biểu như brute-force, giảm để trị, chia để trị, biến thể để trị, quy hoạch động, tham lam, quay lui, nhánh và cận. Ngoài ra, sinh viên được đào tạo các kỹ năng phân tích và đánh giá giải thuật cũng như áp dụng các kỹ năng này trong đánh giá các vấn đề thực tế và cách thức đo đạc hiệu suất thực thi của chương trình.",III. CHƯƠNG TRÌNH CHI TIẾT,2. Kiến thức giáo dục chuyên nghiệp:,2.2. Kiến thức ngành:,Phân tích thiết kế giải thuật,Công nghệ thông tin > III. CHƯƠNG TRÌNH CHI TIẾT > 2. Kiến thức giáo dục chuyên nghiệp: > 2.2. Kiến thức ngành: > Phân tích thiết kế giải thuật,data/processed/Công nghệ thông tin.md,Công nghệ thông tin,markdown,data/processed/Công nghệ thông tin.md,sentence-transformers,1024
317,Công nghệ thông tin,"Công nghệ thông tin > III. CHƯƠNG TRÌNH CHI TIẾT > 2. Kiến thức giáo dục chuyên nghiệp: > 2.2. Kiến thức ngành: > Thực tập tốt nghiệp
- Mã học phần: 126000
- Học phần học trước: tất cả các học phần bắt buộc và tự chọn tối thiểu cần phải tích lũy trong chương trình.
- Số tín chỉ: 3
- Ghi chú: Học phần Bắt buộc
- Nội dung học phần tóm tắt: Sinh viên có hai hướng lựa chọn: định hướng thực tế ứng dụng hoặc định hướng nghiên cứu. Đối với định hướng ứng dụng: học phần này được thiết kế để trang bị cho sinh viên tốt nghiệp các kỹ năng và kiến thức thực tế để thiết kế và thực hiện được các dự án CNTT. Trong quá trình này, sinh viên sẽ được tiếp xúc với các quy trình thực tế ở các doanh nghiệp CNTT trong và ngoài nước để thực hiện các dự án/đề tài của doanh nghiệp. Đối với định hướng nghiên cứu: các bộ môn sẽ giao đề tài để sinh viên thực hiện theo các hướng nghiên cứu mới hoặc/và thực tế đang có ở các doanh nghiệp trong nước và trên thế giới.",III. CHƯƠNG TRÌNH CHI TIẾT,2. Kiến thức giáo dục chuyên nghiệp:,2.2. Kiến thức ngành:,Thực tập tốt nghiệp,Công nghệ thông tin > III. CHƯƠNG TRÌNH CHI TIẾT > 2. Kiến thức giáo dục chuyên nghiệp: > 2.2. Kiến thức ngành: > Thực tập tốt nghiệp,data/processed/Công nghệ thông tin.md,Công nghệ thông tin,markdown,data/processed/Công nghệ thông tin.md,sentence-transformers,1024
318,Công nghệ thông tin,"Công nghệ thông tin > III. CHƯƠNG TRÌNH CHI TIẾT > 2. Kiến thức giáo dục chuyên nghiệp: > 2.2. Kiến thức ngành: > 2.2.1. Kiến thức tự chọn:
Tổng số tín chỉ: 8 tín chỉ",III. CHƯƠNG TRÌNH CHI TIẾT,2. Kiến thức giáo dục chuyên nghiệp:,2.2. Kiến thức ngành:,2.2.1. Kiến thức tự chọn:,Công nghệ thông tin > III. CHƯƠNG TRÌNH CHI TIẾT > 2. Kiến thức giáo dục chuyên nghiệp: > 2.2. Kiến thức ngành: > 2.2.1. Kiến thức tự chọn:,data/processed/Công nghệ thông tin.md,Công nghệ thông tin,markdown,data/processed/Công nghệ thông tin.md,sentence-transformers,1024
319,Công nghệ thông tin,"Công nghệ thông tin > III. CHƯƠNG TRÌNH CHI TIẾT > 2. Kiến thức giáo dục chuyên nghiệp: > 2.2. Kiến thức ngành: > Tối ưu hóa
- Mã học phần: 001210
- Số tín chỉ: 2
- Ghi chú: Học phần Tự chọn
- Nội dung tóm tắt: Cung cấp các kiến thức cơ bản về bài toán quy hoạch tuyến tính, bài toán quy hoạch tuyến tính đối ngẫu; bài toán vận tải; bài toán luồng cực đại trong mạng; quy hoạch động. Qua đó rèn luyện cho sinh viên các kỹ năng về tư duy, xây dựng mô hình toán và lựa chọn phương pháp giải các bài toán tối ưu trong kinh tế, giáo dục, lao động sản xuất, quân sự, truyền thông…",III. CHƯƠNG TRÌNH CHI TIẾT,2. Kiến thức giáo dục chuyên nghiệp:,2.2. Kiến thức ngành:,Tối ưu hóa,Công nghệ thông tin > III. CHƯƠNG TRÌNH CHI TIẾT > 2. Kiến thức giáo dục chuyên nghiệp: > 2.2. Kiến thức ngành: > Tối ưu hóa,data/processed/Công nghệ thông tin.md,Công nghệ thông tin,markdown,data/processed/Công nghệ thông tin.md,sentence-transformers,1024
320,Công nghệ thông tin,"Công nghệ thông tin > III. CHƯƠNG TRÌNH CHI TIẾT > 2. Kiến thức giáo dục chuyên nghiệp: > 2.2. Kiến thức ngành: > Luật công nghệ thông tin
- Mã học phần: 124005
- Số tín chỉ: 2
- Ghi chú: Học phần Tự chọn
- Nội dung tóm tắt: Đây là học phần tự chọn thuộc khối kiến thức chuyên ngành của chương trình đào tạo ngành Công nghệ thông tin. Học phần này trang bị cho sinh viên những kiến cơ bản nhất về pháp luật Công nghệ thông tin, pháp luật về Giao dịch điện tử, pháp luật về hạ tầng Viễn thôngInternet, pháp luật về Sở hữu trí tuệ.",III. CHƯƠNG TRÌNH CHI TIẾT,2. Kiến thức giáo dục chuyên nghiệp:,2.2. Kiến thức ngành:,Luật công nghệ thông tin,Công nghệ thông tin > III. CHƯƠNG TRÌNH CHI TIẾT > 2. Kiến thức giáo dục chuyên nghiệp: > 2.2. Kiến thức ngành: > Luật công nghệ thông tin,data/processed/Công nghệ thông tin.md,Công nghệ thông tin,markdown,data/processed/Công nghệ thông tin.md,sentence-transformers,1024
321,Công nghệ thông tin,"Công nghệ thông tin > III. CHƯƠNG TRÌNH CHI TIẾT > 2. Kiến thức giáo dục chuyên nghiệp: > 2.2. Kiến thức ngành: > Kỹ năng làm việc
- Mã học phần: 123016
- Số tín chỉ: 3
- Ghi chú: Học phần Tự chọn
- Nội dung tóm tắt: Giới thiệu các kiến thức chung về các kỹ năng làm việc và các kỹ năng bổ trợ cho kỹ năng làm việc; cung cấp các kiến thức về các giai đoạn xây dựng nhóm làm việc, giải quyết các mâu thuẫn trong công việc, đồng thời cung cấp các phương pháp, tiêu chí để trình bày vấn đề trong một cuộc họp, hội thảo để người học có thể xây dựng 01 đề án áp dụng cho môn học về kỹ năng làm việc.",III. CHƯƠNG TRÌNH CHI TIẾT,2. Kiến thức giáo dục chuyên nghiệp:,2.2. Kiến thức ngành:,Kỹ năng làm việc,Công nghệ thông tin > III. CHƯƠNG TRÌNH CHI TIẾT > 2. Kiến thức giáo dục chuyên nghiệp: > 2.2. Kiến thức ngành: > Kỹ năng làm việc,data/processed/Công nghệ thông tin.md,Công nghệ thông tin,markdown,data/processed/Công nghệ thông tin.md,sentence-transformers,1024
322,Công nghệ thông tin,"Công nghệ thông tin > III. CHƯƠNG TRÌNH CHI TIẾT > 2. Kiến thức giáo dục chuyên nghiệp: > 2.2. Kiến thức ngành: > Thương mại điện tử
- Mã học phần: 124006
- Số tín chỉ: 3
- Ghi chú: Học phần Tự chọn
- Nội dung tóm tắt: Đây là học phần thuộc khối kiến thức chuyên ngành tự chọn của chương trình đào tạo chuyên ngành Công nghệ thông tin. Môn học cung cấp các khái niệm cơ bản về mô hình kinh doanh Thương mại điện tử, các thành phần cơ bản của mô hình kinh doanh, các công cụ và thành phần bổ trợ cần thiết để triển khai Thương mại điện tử, từ đó có thể xác định được chiến lược xây dựng Thương mại điện tử cho tổ chức và doanh nghiệp.",III. CHƯƠNG TRÌNH CHI TIẾT,2. Kiến thức giáo dục chuyên nghiệp:,2.2. Kiến thức ngành:,Thương mại điện tử,Công nghệ thông tin > III. CHƯƠNG TRÌNH CHI TIẾT > 2. Kiến thức giáo dục chuyên nghiệp: > 2.2. Kiến thức ngành: > Thương mại điện tử,data/processed/Công nghệ thông tin.md,Công nghệ thông tin,markdown,data/processed/Công nghệ thông tin.md,sentence-transformers,1024
323,Công nghệ thông tin,"Công nghệ thông tin > III. CHƯƠNG TRÌNH CHI TIẾT > 2. Kiến thức giáo dục chuyên nghiệp: > 2.2. Kiến thức ngành: > Internet vạn vật (IoT)
- Mã học phần: 124011
- Học phần học trước: 124001
- Số tín chỉ: 2
- Ghi chú: Học phần Tự chọn
- Nội dung tóm tắt: Đây là học phần tự chọn thuộc khối kiến thức chuyên ngành của chương trình đào tạo ngành Công nghệ thông tin. Học phần này sẽ trang bị cho sinh viên kiến thức cơ bản về Internet of Things, những tiềm năng và thách thức của việc ứng dụng IoT vào thực tế; sinh viên/học viên sẽ có cơ hội thực hành trên một thiết bị được thiết kế hướng đến các ứng dụng về IoT với một trong các loại board SMT32F103 hoặc SMT32F407 hoặc ESP32 hoặc Arduino hoặc Raspberry,…; sinh viên/học viên sẽ được hướng dẫn cách ứng dụng các loại cảm biến thông dụng (Analog, Digital) để thực hiện các chức năng điều khiển, giám sát thiết bị thông minh trong dân dụng, công nghiệp và nông nghiệp.",III. CHƯƠNG TRÌNH CHI TIẾT,2. Kiến thức giáo dục chuyên nghiệp:,2.2. Kiến thức ngành:,Internet vạn vật (IoT),Công nghệ thông tin > III. CHƯƠNG TRÌNH CHI TIẾT > 2. Kiến thức giáo dục chuyên nghiệp: > 2.2. Kiến thức ngành: > Internet vạn vật (IoT),data/processed/Công nghệ thông tin.md,Công nghệ thông tin,markdown,data/processed/Công nghệ thông tin.md,sentence-transformers,1024
324,Công nghệ thông tin,"Công nghệ thông tin > III. CHƯƠNG TRÌNH CHI TIẾT > 2. Kiến thức giáo dục chuyên nghiệp: > 2.2. Kiến thức ngành: > Môi trường và phát triển kinh tế bền vững
- Mã học phần: 154008
- Số tín chỉ: 2
- Ghi chú: Học phần Tự chọn
- Nội dung tóm tắt: Trang bị cho người học những kiến thức cơ bản về kinh tế học trong lĩnh vực môi trường, tài nguyên, các quan điểm về phát triển bền vững và các quy tắc ứng xử với môi trường, tài nguyên. Từ đó giúp cho người học nhận thức được tầm quan trọng của môi trường đối với nền kinh tế và những tác động của hệ kinh tế đến môi trường; lý giải được các nguyên nhân kinh tế của ô nhiễm và suy thoái môi trường; qua đó đề ra những biện pháp kinh tế nhằm làm chậm lại, chấm dứt hoặc đảo ngược tình trạng ô nhiễm, suy thoái môi trường.",III. CHƯƠNG TRÌNH CHI TIẾT,2. Kiến thức giáo dục chuyên nghiệp:,2.2. Kiến thức ngành:,Môi trường và phát triển kinh tế bền vững,Công nghệ thông tin > III. CHƯƠNG TRÌNH CHI TIẾT > 2. Kiến thức giáo dục chuyên nghiệp: > 2.2. Kiến thức ngành: > Môi trường và phát triển kinh tế bền vững,data/processed/Công nghệ thông tin.md,Công nghệ thông tin,markdown,data/processed/Công nghệ thông tin.md,sentence-transformers,1024
325,Công nghệ thông tin,"Công nghệ thông tin > III. CHƯƠNG TRÌNH CHI TIẾT > 2. Kiến thức giáo dục chuyên nghiệp: > 2.3. Kiến thức chuyên ngành tự chọn:
Tổng số tín chỉ: 34 tín chỉ <br>",III. CHƯƠNG TRÌNH CHI TIẾT,2. Kiến thức giáo dục chuyên nghiệp:,2.3. Kiến thức chuyên ngành tự chọn:,,Công nghệ thông tin > III. CHƯƠNG TRÌNH CHI TIẾT > 2. Kiến thức giáo dục chuyên nghiệp: > 2.3. Kiến thức chuyên ngành tự chọn:,data/processed/Công nghệ thông tin.md,Công nghệ thông tin,markdown,data/processed/Công nghệ thông tin.md,sentence-transformers,1024
326,Công nghệ thông tin,"Công nghệ thông tin > III. CHƯƠNG TRÌNH CHI TIẾT > 2. Kiến thức giáo dục chuyên nghiệp: > Sinh viên có thể chọn 28 tín chỉ và 6 tín chỉ luận văn tốt nghiệp > Hệ quản trị cơ sở dữ liệu
- Mã học phần: 121003
- Học phần học trước: 121000
- Số tín chỉ: 3
- Ghi chú: Học phần Tự chọn
- Nội dung tóm tắt: Đây là học phần thuộc khối kiến thức chuyên ngành của chương trình đào tạo ngành Công nghệ thông tin. Học phần này cung cấp cho sinh viên kiến thức về nguyên lý chung của các hệ quản trị cơ sở dữ liệu, vấn đề quản lý lịch giao tác, giải quyết các tranh chấp của các giao tác bằng các giao thức khóa, nhãn thời gian, v.v., vấn đề về deadlock và an toàn dữ liệu trong hệ quản trị cơ sở dữ liệu.",III. CHƯƠNG TRÌNH CHI TIẾT,2. Kiến thức giáo dục chuyên nghiệp:,Sinh viên có thể chọn 28 tín chỉ và 6 tín chỉ luận văn tốt nghiệp,Hệ quản trị cơ sở dữ liệu,Công nghệ thông tin > III. CHƯƠNG TRÌNH CHI TIẾT > 2. Kiến thức giáo dục chuyên nghiệp: > Sinh viên có thể chọn 28 tín chỉ và 6 tín chỉ luận văn tốt nghiệp > Hệ quản trị cơ sở dữ liệu,data/processed/Công nghệ thông tin.md,Công nghệ thông tin,markdown,data/processed/Công nghệ thông tin.md,sentence-transformers,1024
327,Công nghệ thông tin,"Công nghệ thông tin > III. CHƯƠNG TRÌNH CHI TIẾT > 2. Kiến thức giáo dục chuyên nghiệp: > Sinh viên có thể chọn 28 tín chỉ và 6 tín chỉ luận văn tốt nghiệp > Lập trình Web
- Mã học phần: 121031
- Học phần học trước: 121000; 124001.
- Số tín chỉ: 3
- Ghi chú: Học phần Tự chọn
- Nội dung tóm tắt: Đây là học phần thuộc khối kiến thức chuyên ngành của chương trình đào tạo ngành Công nghệ thông tin. Học phần này cung cấp cho sinh viên kiến thức về thiết kế layout như HTML, CSS, JS và jQuery; sau đó là phần lập trình PHP kết nối với cơ sở dữ liệu MySQL để giao tiếp với giao diện trên layout trang web nhằm hoàn thành các chức năng của website.",III. CHƯƠNG TRÌNH CHI TIẾT,2. Kiến thức giáo dục chuyên nghiệp:,Sinh viên có thể chọn 28 tín chỉ và 6 tín chỉ luận văn tốt nghiệp,Lập trình Web,Công nghệ thông tin > III. CHƯƠNG TRÌNH CHI TIẾT > 2. Kiến thức giáo dục chuyên nghiệp: > Sinh viên có thể chọn 28 tín chỉ và 6 tín chỉ luận văn tốt nghiệp > Lập trình Web,data/processed/Công nghệ thông tin.md,Công nghệ thông tin,markdown,data/processed/Công nghệ thông tin.md,sentence-transformers,1024
328,Công nghệ thông tin,"Công nghệ thông tin > III. CHƯƠNG TRÌNH CHI TIẾT > 2. Kiến thức giáo dục chuyên nghiệp: > Sinh viên có thể chọn 28 tín chỉ và 6 tín chỉ luận văn tốt nghiệp > Lập trình thiết bị di động
- Mã học phần: 121034
- Học phần học trước: 121000; 122003; 124001
- Số tín chỉ: 3
- Ghi chú: Học phần Tự chọn
- Nội dung tóm tắt: Cung cấp cho sinh viên những kiến thức và kỹ năng cơ bản về xây dựng một phần mềm trên hệ điều hành Android nói riêng và trên thiết bị di động nói chung.",III. CHƯƠNG TRÌNH CHI TIẾT,2. Kiến thức giáo dục chuyên nghiệp:,Sinh viên có thể chọn 28 tín chỉ và 6 tín chỉ luận văn tốt nghiệp,Lập trình thiết bị di động,Công nghệ thông tin > III. CHƯƠNG TRÌNH CHI TIẾT > 2. Kiến thức giáo dục chuyên nghiệp: > Sinh viên có thể chọn 28 tín chỉ và 6 tín chỉ luận văn tốt nghiệp > Lập trình thiết bị di động,data/processed/Công nghệ thông tin.md,Công nghệ thông tin,markdown,data/processed/Công nghệ thông tin.md,sentence-transformers,1024
329,Công nghệ thông tin,"Công nghệ thông tin > III. CHƯƠNG TRÌNH CHI TIẾT > 2. Kiến thức giáo dục chuyên nghiệp: > Sinh viên có thể chọn 28 tín chỉ và 6 tín chỉ luận văn tốt nghiệp > Xây dựng hệ thống thông tin quản lý
- Mã học phần: 124006
- Học phần học trước: 121000; 124001
- Số tín chỉ: 3
- Ghi chú: Học phần Tự chọn
- Nội dung tóm tắt: Đây là học phần thuộc khối kiến thức chuyên ngành của chương trình đào tạo ngành Công nghệ thông tin. Học phần này cung cấp cho sinh viên kiến thức về công cụ lập trình hệ thống thông tin quản lý; cách thức xây dựng hệ cơ sở dữ liệu cho hệ thống thông tin quản lý (Model); các cách thiết kế giao diện cho hệ thống thông tin quản lý (View); lập trình các lớp điều khiển (Controller) để kết nối hệ cơ sở dữ liệu với giao diện của hệ thống thông tin quản lý.",III. CHƯƠNG TRÌNH CHI TIẾT,2. Kiến thức giáo dục chuyên nghiệp:,Sinh viên có thể chọn 28 tín chỉ và 6 tín chỉ luận văn tốt nghiệp,Xây dựng hệ thống thông tin quản lý,Công nghệ thông tin > III. CHƯƠNG TRÌNH CHI TIẾT > 2. Kiến thức giáo dục chuyên nghiệp: > Sinh viên có thể chọn 28 tín chỉ và 6 tín chỉ luận văn tốt nghiệp > Xây dựng hệ thống thông tin quản lý,data/processed/Công nghệ thông tin.md,Công nghệ thông tin,markdown,data/processed/Công nghệ thông tin.md,sentence-transformers,1024
330,Công nghệ thông tin,"Công nghệ thông tin > III. CHƯƠNG TRÌNH CHI TIẾT > 2. Kiến thức giáo dục chuyên nghiệp: > Sinh viên có thể chọn 28 tín chỉ và 6 tín chỉ luận văn tốt nghiệp > Xây dựng phần mềm hướng đối tượng
- Mã học phần: 122010
- Học phần học trước: 122003, 122005
- Số tín chỉ: 2
- Ghi chú: Học phần Tự chọn
- Nội dung tóm tắt: Học phần “Xây dựng phần mềm hướng đối tượng” giúp cho sinh viên nắm được các khái niệm và nguyên lý về thiết kế và phát triển phần mềm, sử dụng hướng tiếp cận hướng đối tượng. Đây là học phần bổ sung những kiến thức và các kỹ năng thực tế cho học phần Công nghệ phần mềm. Sau khi hoàn thành học phần này, sinh viên có thể áp dụng được trong các dự án phát triển phần mềm ứng dụng thực tế.",III. CHƯƠNG TRÌNH CHI TIẾT,2. Kiến thức giáo dục chuyên nghiệp:,Sinh viên có thể chọn 28 tín chỉ và 6 tín chỉ luận văn tốt nghiệp,Xây dựng phần mềm hướng đối tượng,Công nghệ thông tin > III. CHƯƠNG TRÌNH CHI TIẾT > 2. Kiến thức giáo dục chuyên nghiệp: > Sinh viên có thể chọn 28 tín chỉ và 6 tín chỉ luận văn tốt nghiệp > Xây dựng phần mềm hướng đối tượng,data/processed/Công nghệ thông tin.md,Công nghệ thông tin,markdown,data/processed/Công nghệ thông tin.md,sentence-transformers,1024
331,Công nghệ thông tin,"Công nghệ thông tin > III. CHƯƠNG TRÌNH CHI TIẾT > 2. Kiến thức giáo dục chuyên nghiệp: > Sinh viên có thể chọn 28 tín chỉ và 6 tín chỉ luận văn tốt nghiệp > Quản trị dự án phần mềm
- Mã học phần: 122024
- Học phần học trước: 122005
- Số tín chỉ: 3
- Ghi chú: Học phần Tự chọn
- Nội dung tóm tắt: Đây là học phần tự chọn thuộc khối kiến thức chuyên ngành trong chương trình đào tạo ngành Công nghệ thông tin ở bậc đại học. Học phần nhằm cung cấp cho sinh viên các kiến thức, phương pháp, quy trình và công cụ quản trị dự án phần mềm. Giúp người học triển khai quản lý phạm vi, thời gian, chi phí, chất lượng, nguồn nhân lực, mua sắm, truyền thông và tích hợp một cách hệ thống. Từ đó lập kế hoạch, ước lượng, thực hiện, kiểm soát và giám sát các hoạt động trong dự án phần mềm thông qua các công cụ quản trị tiên tiến, phù hợp.",III. CHƯƠNG TRÌNH CHI TIẾT,2. Kiến thức giáo dục chuyên nghiệp:,Sinh viên có thể chọn 28 tín chỉ và 6 tín chỉ luận văn tốt nghiệp,Quản trị dự án phần mềm,Công nghệ thông tin > III. CHƯƠNG TRÌNH CHI TIẾT > 2. Kiến thức giáo dục chuyên nghiệp: > Sinh viên có thể chọn 28 tín chỉ và 6 tín chỉ luận văn tốt nghiệp > Quản trị dự án phần mềm,data/processed/Công nghệ thông tin.md,Công nghệ thông tin,markdown,data/processed/Công nghệ thông tin.md,sentence-transformers,1024
332,Công nghệ thông tin,"Công nghệ thông tin > III. CHƯƠNG TRÌNH CHI TIẾT > 2. Kiến thức giáo dục chuyên nghiệp: > Sinh viên có thể chọn 28 tín chỉ và 6 tín chỉ luận văn tốt nghiệp > Lập trình Java
- Mã học phần: 122036
- Học phần học trước: 122003, 123001
- Số tín chỉ: 3
- Ghi chú: Học phần Tự chọn
- Nội dung tóm tắt: Đây là học phần tự chọn thuộc khối kiến thức chuyên ngành trong chương trình đào tạo ngành Công nghệ thông tin, Mạng máy tính và Truyền thông dữ liệu ở bậc đại học. Học phần nhằm cung cấp cho sinh viên các kiến thức về nền tảng lập trình Java; giúp người học triển khai các nguyên lý lập trình hướng đối tượng và khai thác các điểm mạnh trong nền tảng Java thông qua các thư viện hỗ trợ để lập trình giao diện, xử lý sự kiện, kết nối cơ sở dữ liệu và lập trình đa luồng. Đồng thời, sinh viên sẽ biết cách kết hợp công cụ và môi trường lập trình Java để xây dựng các ứng dụng phần mềm.",III. CHƯƠNG TRÌNH CHI TIẾT,2. Kiến thức giáo dục chuyên nghiệp:,Sinh viên có thể chọn 28 tín chỉ và 6 tín chỉ luận văn tốt nghiệp,Lập trình Java,Công nghệ thông tin > III. CHƯƠNG TRÌNH CHI TIẾT > 2. Kiến thức giáo dục chuyên nghiệp: > Sinh viên có thể chọn 28 tín chỉ và 6 tín chỉ luận văn tốt nghiệp > Lập trình Java,data/processed/Công nghệ thông tin.md,Công nghệ thông tin,markdown,data/processed/Công nghệ thông tin.md,sentence-transformers,1024
333,Công nghệ thông tin,"Công nghệ thông tin > III. CHƯƠNG TRÌNH CHI TIẾT > 2. Kiến thức giáo dục chuyên nghiệp: > Sinh viên có thể chọn 28 tín chỉ và 6 tín chỉ luận văn tốt nghiệp > Đồ án thực tế công nghệ phần mềm
- Mã học phần: 122039
- Học phần học trước: 122005; 124001
- Số tín chỉ: 3
- Ghi chú: Học phần Tự chọn
- Nội dung tóm tắt: Đây là học phần tự chọn thuộc khối kiến thức chuyên ngành trong chương trình đào tạo ngành Công nghệ thông tin ở bậc đại học. Để học học phần này, bắt buộc sinh viên đã hoàn thành các học phần kỹ thuật lập trình và công nghệ phần mềm. Học phần này trang bị những kỹ năng, phương pháp, công nghệ cần thiết để xây dựng phần mềm thực tế; từ khâu thu thập yêu cầu bài toán đến phân tích, thiết kế, lập trình, kiểm thử và triển khai vận hành. Sinh viên sẽ làm việc theo nhóm để xây dựng một phần mềm hoàn chỉnh theo yêu cầu cụ thể.",III. CHƯƠNG TRÌNH CHI TIẾT,2. Kiến thức giáo dục chuyên nghiệp:,Sinh viên có thể chọn 28 tín chỉ và 6 tín chỉ luận văn tốt nghiệp,Đồ án thực tế công nghệ phần mềm,Công nghệ thông tin > III. CHƯƠNG TRÌNH CHI TIẾT > 2. Kiến thức giáo dục chuyên nghiệp: > Sinh viên có thể chọn 28 tín chỉ và 6 tín chỉ luận văn tốt nghiệp > Đồ án thực tế công nghệ phần mềm,data/processed/Công nghệ thông tin.md,Công nghệ thông tin,markdown,data/processed/Công nghệ thông tin.md,sentence-transformers,1024
334,Công nghệ thông tin,"Công nghệ thông tin > III. CHƯƠNG TRÌNH CHI TIẾT > 2. Kiến thức giáo dục chuyên nghiệp: > Sinh viên có thể chọn 28 tín chỉ và 6 tín chỉ luận văn tốt nghiệp > Quản trị mạng
- Mã học phần: 123005
- Học phần học trước: 123002
- Số tín chỉ: 3
- Ghi chú: Học phần Tự chọn
- Nội dung tóm tắt: Môn học Quản trị mạng là môn mang nặng tính thực hành nhiều hơn là lý thuyết, dựa trên nền tảng sinh viên đã có kiến thức nền về mạng máy tính. Giúp sinh viên có cái nhìn thực tế về mạng của các doanh nghiệp, xây dựng được hệ thống quản lý tập trung bao gồm cả người dùng, dữ liệu và các ứng dụng.",III. CHƯƠNG TRÌNH CHI TIẾT,2. Kiến thức giáo dục chuyên nghiệp:,Sinh viên có thể chọn 28 tín chỉ và 6 tín chỉ luận văn tốt nghiệp,Quản trị mạng,Công nghệ thông tin > III. CHƯƠNG TRÌNH CHI TIẾT > 2. Kiến thức giáo dục chuyên nghiệp: > Sinh viên có thể chọn 28 tín chỉ và 6 tín chỉ luận văn tốt nghiệp > Quản trị mạng,data/processed/Công nghệ thông tin.md,Công nghệ thông tin,markdown,data/processed/Công nghệ thông tin.md,sentence-transformers,1024
335,Công nghệ thông tin,"Công nghệ thông tin > III. CHƯƠNG TRÌNH CHI TIẾT > 2. Kiến thức giáo dục chuyên nghiệp: > Sinh viên có thể chọn 28 tín chỉ và 6 tín chỉ luận văn tốt nghiệp > Thiết bị truyền thông và mạng
- Mã học phần: 123009
- Học phần học trước: 123036
- Học phần tiên quyết: 123002
- Số tín chỉ: 3
- Ghi chú: Học phần Tự chọn
- Nội dung tóm tắt: Đề cập đến các kiến thức quản trị các thiết bị mạng như Switch, Router, Modem, Access Server, các thiết bị WAN. Sinh viên sau khi học có thể triển khai các hệ thống mạng nhỏ, vừa và lớn trên các quy mô khác nhau với khả năng cấu hình và bảo mật.",III. CHƯƠNG TRÌNH CHI TIẾT,2. Kiến thức giáo dục chuyên nghiệp:,Sinh viên có thể chọn 28 tín chỉ và 6 tín chỉ luận văn tốt nghiệp,Thiết bị truyền thông và mạng,Công nghệ thông tin > III. CHƯƠNG TRÌNH CHI TIẾT > 2. Kiến thức giáo dục chuyên nghiệp: > Sinh viên có thể chọn 28 tín chỉ và 6 tín chỉ luận văn tốt nghiệp > Thiết bị truyền thông và mạng,data/processed/Công nghệ thông tin.md,Công nghệ thông tin,markdown,data/processed/Công nghệ thông tin.md,sentence-transformers,1024
336,Công nghệ thông tin,"Công nghệ thông tin > III. CHƯƠNG TRÌNH CHI TIẾT > 2. Kiến thức giáo dục chuyên nghiệp: > Sinh viên có thể chọn 28 tín chỉ và 6 tín chỉ luận văn tốt nghiệp > Quản trị dự án CNTT
- Mã học phần: 123015
- Số tín chỉ: 3
- Ghi chú: Học phần Tự chọn
- Nội dung tóm tắt: Cung cấp cho sinh viên các kiến thức về các vấn đề tổng quan về dự án CNTT, các giai đoạn dự án và quản trị dự án CNTT.",III. CHƯƠNG TRÌNH CHI TIẾT,2. Kiến thức giáo dục chuyên nghiệp:,Sinh viên có thể chọn 28 tín chỉ và 6 tín chỉ luận văn tốt nghiệp,Quản trị dự án CNTT,Công nghệ thông tin > III. CHƯƠNG TRÌNH CHI TIẾT > 2. Kiến thức giáo dục chuyên nghiệp: > Sinh viên có thể chọn 28 tín chỉ và 6 tín chỉ luận văn tốt nghiệp > Quản trị dự án CNTT,data/processed/Công nghệ thông tin.md,Công nghệ thông tin,markdown,data/processed/Công nghệ thông tin.md,sentence-transformers,1024
337,Công nghệ thông tin,"Công nghệ thông tin > III. CHƯƠNG TRÌNH CHI TIẾT > 2. Kiến thức giáo dục chuyên nghiệp: > Sinh viên có thể chọn 28 tín chỉ và 6 tín chỉ luận văn tốt nghiệp > Thiết kế mạng
- Mã học phần: 123032
- Học phần học trước: 123002
- Số tín chỉ: 2
- Ghi chú: Học phần Tự chọn
- Nội dung tóm tắt: Cung cấp cho người học những kiến thức liên quan tới các kỹ thuật thiết kế hệ thống mạng LAN và WAN: các mô hình mạng doanh nghiệp vừa và nhỏ, các chức năng của thiết bị trong thiết kế hệ thống, thiết kế và cấu hình cho hệ thống LAN và WAN.",III. CHƯƠNG TRÌNH CHI TIẾT,2. Kiến thức giáo dục chuyên nghiệp:,Sinh viên có thể chọn 28 tín chỉ và 6 tín chỉ luận văn tốt nghiệp,Thiết kế mạng,Công nghệ thông tin > III. CHƯƠNG TRÌNH CHI TIẾT > 2. Kiến thức giáo dục chuyên nghiệp: > Sinh viên có thể chọn 28 tín chỉ và 6 tín chỉ luận văn tốt nghiệp > Thiết kế mạng,data/processed/Công nghệ thông tin.md,Công nghệ thông tin,markdown,data/processed/Công nghệ thông tin.md,sentence-transformers,1024
338,Công nghệ thông tin,"Công nghệ thông tin > III. CHƯƠNG TRÌNH CHI TIẾT > 2. Kiến thức giáo dục chuyên nghiệp: > Sinh viên có thể chọn 28 tín chỉ và 6 tín chỉ luận văn tốt nghiệp > Hệ điều hành
- Mã học phần: 123034
- Học phần học trước: 123002; 125001
- Số tín chỉ: 3
- Ghi chú: Học phần Tự chọn
- Nội dung tóm tắt: Nội dung môn học này cung cấp cho sinh viên những kiến thức cơ bản về hệ điều hành thông dụng đang sử dụng trong doanh nghiệp và xã hội.",III. CHƯƠNG TRÌNH CHI TIẾT,2. Kiến thức giáo dục chuyên nghiệp:,Sinh viên có thể chọn 28 tín chỉ và 6 tín chỉ luận văn tốt nghiệp,Hệ điều hành,Công nghệ thông tin > III. CHƯƠNG TRÌNH CHI TIẾT > 2. Kiến thức giáo dục chuyên nghiệp: > Sinh viên có thể chọn 28 tín chỉ và 6 tín chỉ luận văn tốt nghiệp > Hệ điều hành,data/processed/Công nghệ thông tin.md,Công nghệ thông tin,markdown,data/processed/Công nghệ thông tin.md,sentence-transformers,1024
339,Công nghệ thông tin,"Công nghệ thông tin > III. CHƯƠNG TRÌNH CHI TIẾT > 2. Kiến thức giáo dục chuyên nghiệp: > Sinh viên có thể chọn 28 tín chỉ và 6 tín chỉ luận văn tốt nghiệp > Mạng máy tính nâng cao
- Mã học phần: 123036
- Học phần học trước: 123002
- Số tín chỉ: 2
- Ghi chú: Học phần Tự chọn
- Nội dung tóm tắt: Mạng máy tính nâng cao là một trong những môn chuyên sâu của phân ngành Truyền thông và Mạng máy tính. Nội dung bao gồm các phần: giao thức định tuyến BGP, phương thức biên dịch địa chỉ IP, lọc gói tin, định tuyến Link State và IPv6.",III. CHƯƠNG TRÌNH CHI TIẾT,2. Kiến thức giáo dục chuyên nghiệp:,Sinh viên có thể chọn 28 tín chỉ và 6 tín chỉ luận văn tốt nghiệp,Mạng máy tính nâng cao,Công nghệ thông tin > III. CHƯƠNG TRÌNH CHI TIẾT > 2. Kiến thức giáo dục chuyên nghiệp: > Sinh viên có thể chọn 28 tín chỉ và 6 tín chỉ luận văn tốt nghiệp > Mạng máy tính nâng cao,data/processed/Công nghệ thông tin.md,Công nghệ thông tin,markdown,data/processed/Công nghệ thông tin.md,sentence-transformers,1024
340,Công nghệ thông tin,"Công nghệ thông tin > III. CHƯƠNG TRÌNH CHI TIẾT > 2. Kiến thức giáo dục chuyên nghiệp: > Sinh viên có thể chọn 28 tín chỉ và 6 tín chỉ luận văn tốt nghiệp > Mạng không dây
- Mã học phần: 123037
- Học phần tiên quyết: 123002
- Số tín chỉ: 2
- Ghi chú: Học phần Tự chọn
- Nội dung tóm tắt: Học phần học trước: 123036. Cung cấp cho người học những kiến thức liên quan tới các kỹ thuật mạng không dây và di động, bao gồm: các ứng dụng, lịch sử, các dịch vụ mạng không dây trong tương lai, các đặc tính của môi trường không dây và các kỹ thuật điều chế tín hiệu, các phương pháp truy cập môi trường khác nhau, hệ thống viễn thông, tập trung vào hệ thống mạng điện thoại di động GSM, truyền thông qua hệ thống vệ tinh, WLAN, các thay đổi ở tầng mạng, tầng vận chuyển, tầng ứng dụng để đáp ứng tính năng di động của thiết bị mạng.",III. CHƯƠNG TRÌNH CHI TIẾT,2. Kiến thức giáo dục chuyên nghiệp:,Sinh viên có thể chọn 28 tín chỉ và 6 tín chỉ luận văn tốt nghiệp,Mạng không dây,Công nghệ thông tin > III. CHƯƠNG TRÌNH CHI TIẾT > 2. Kiến thức giáo dục chuyên nghiệp: > Sinh viên có thể chọn 28 tín chỉ và 6 tín chỉ luận văn tốt nghiệp > Mạng không dây,data/processed/Công nghệ thông tin.md,Công nghệ thông tin,markdown,data/processed/Công nghệ thông tin.md,sentence-transformers,1024
341,Công nghệ thông tin,"Công nghệ thông tin > III. CHƯƠNG TRÌNH CHI TIẾT > 2. Kiến thức giáo dục chuyên nghiệp: > Sinh viên có thể chọn 28 tín chỉ và 6 tín chỉ luận văn tốt nghiệp > Hệ điều hành Linux
- Mã học phần: 123041
- Học phần học trước: 125001
- Số tín chỉ: 3
- Ghi chú: Học phần Tự chọn
- Nội dung tóm tắt: Nghiên cứu một cách có hệ thống những kiến thức về nguyên lý Hệ điều hành Linux, hệ thống mạng Linux. Học phần này giúp người học thực hiện được các nội dung sau: cài đặt, thực thi và quản trị một Linux client và Linux server.",III. CHƯƠNG TRÌNH CHI TIẾT,2. Kiến thức giáo dục chuyên nghiệp:,Sinh viên có thể chọn 28 tín chỉ và 6 tín chỉ luận văn tốt nghiệp,Hệ điều hành Linux,Công nghệ thông tin > III. CHƯƠNG TRÌNH CHI TIẾT > 2. Kiến thức giáo dục chuyên nghiệp: > Sinh viên có thể chọn 28 tín chỉ và 6 tín chỉ luận văn tốt nghiệp > Hệ điều hành Linux,data/processed/Công nghệ thông tin.md,Công nghệ thông tin,markdown,data/processed/Công nghệ thông tin.md,sentence-transformers,1024
342,Công nghệ thông tin,"Công nghệ thông tin > III. CHƯƠNG TRÌNH CHI TIẾT > 2. Kiến thức giáo dục chuyên nghiệp: > Sinh viên có thể chọn 28 tín chỉ và 6 tín chỉ luận văn tốt nghiệp > Công nghệ phần mềm nhúng
- Mã học phần: 124008
- Học phần học trước: 124001, 125000
- Số tín chỉ: 3
- Ghi chú: Học phần Tự chọn
- Nội dung tóm tắt: Đây là học phần tự chọn thuộc khối kiến thức chuyên ngành của chương trình đào tạo ngành Công nghệ thông tin. Môn học nhằm trang bị cho người học những kiến thức cơ bản về các hệ thống nhúng, thiết kế phần cứng và phát triển phần mềm cho các hệ thống nhúng.",III. CHƯƠNG TRÌNH CHI TIẾT,2. Kiến thức giáo dục chuyên nghiệp:,Sinh viên có thể chọn 28 tín chỉ và 6 tín chỉ luận văn tốt nghiệp,Công nghệ phần mềm nhúng,Công nghệ thông tin > III. CHƯƠNG TRÌNH CHI TIẾT > 2. Kiến thức giáo dục chuyên nghiệp: > Sinh viên có thể chọn 28 tín chỉ và 6 tín chỉ luận văn tốt nghiệp > Công nghệ phần mềm nhúng,data/processed/Công nghệ thông tin.md,Công nghệ thông tin,markdown,data/processed/Công nghệ thông tin.md,sentence-transformers,1024
343,Công nghệ thông tin,"Công nghệ thông tin > III. CHƯƠNG TRÌNH CHI TIẾT > 2. Kiến thức giáo dục chuyên nghiệp: > Sinh viên có thể chọn 28 tín chỉ và 6 tín chỉ luận văn tốt nghiệp > Kỹ thuật truyền số liệu
- Mã học phần: 125003
- Học phần học trước: 123002
- Số tín chỉ: 2
- Ghi chú: Học phần Tự chọn
- Nội dung tóm tắt: Học phần cung cấp các kiến thức tổng quan trong lĩnh vực mạng kết nối và truyền dẫn. Môn học trang bị kỹ năng phân tích, lập luận và giải quyết vấn đề kỹ thuật trong truyền số liệu. Sinh viên sử dụng phần mềm tính toán và mô phỏng các kỹ thuật truyền dẫn. Đồng thời, môn học giúp cho người học cách thức hoạt động nhóm và nâng cao khả năng thuyết trình.",III. CHƯƠNG TRÌNH CHI TIẾT,2. Kiến thức giáo dục chuyên nghiệp:,Sinh viên có thể chọn 28 tín chỉ và 6 tín chỉ luận văn tốt nghiệp,Kỹ thuật truyền số liệu,Công nghệ thông tin > III. CHƯƠNG TRÌNH CHI TIẾT > 2. Kiến thức giáo dục chuyên nghiệp: > Sinh viên có thể chọn 28 tín chỉ và 6 tín chỉ luận văn tốt nghiệp > Kỹ thuật truyền số liệu,data/processed/Công nghệ thông tin.md,Công nghệ thông tin,markdown,data/processed/Công nghệ thông tin.md,sentence-transformers,1024
344,Công nghệ thông tin,"Công nghệ thông tin > III. CHƯƠNG TRÌNH CHI TIẾT > 2. Kiến thức giáo dục chuyên nghiệp: > Sinh viên có thể chọn 28 tín chỉ và 6 tín chỉ luận văn tốt nghiệp > Luận văn tốt nghiệp
- Mã học phần: 126001
- Học phần tiên quyết: tất cả các học phần bắt buộc và tự chọn tối thiểu cần phải tích lũy trong chương trình.
- Số tín chỉ: 6
- Ghi chú: Học phần Tự chọn
- Nội dung tóm tắt: theo Quyết định giao đề tài.",III. CHƯƠNG TRÌNH CHI TIẾT,2. Kiến thức giáo dục chuyên nghiệp:,Sinh viên có thể chọn 28 tín chỉ và 6 tín chỉ luận văn tốt nghiệp,Luận văn tốt nghiệp,Công nghệ thông tin > III. CHƯƠNG TRÌNH CHI TIẾT > 2. Kiến thức giáo dục chuyên nghiệp: > Sinh viên có thể chọn 28 tín chỉ và 6 tín chỉ luận văn tốt nghiệp > Luận văn tốt nghiệp,data/processed/Công nghệ thông tin.md,Công nghệ thông tin,markdown,data/processed/Công nghệ thông tin.md,sentence-transformers,1024
345,Công nghệ thông tin,"Công nghệ thông tin > III. CHƯƠNG TRÌNH CHI TIẾT > 2. Kiến thức giáo dục chuyên nghiệp: > Sinh viên học 12 tín chỉ tự chọn nếu không làm luận văn tốt nghiệp (126001) hoặc học thêm 6 tín chỉ tự chọn nếu làm luận văn tốt nghiệp (126001) trong số các học phần sau: > Trí tuệ nhân tạo
- Mã học phần: 121033
- Học phần tiên quyết: tất cả các học phần bắt buộc và tự chọn tối thiểu cần phải tích lũy trong chương trình
- Số tín chỉ: 3
- Ghi chú: Học phần Tự chọn
- Nội dung tóm tắt: Trí tuệ nhân tạo là học phần thuộc nhóm kiến thức chuyên ngành. Môn học cung cấp một nền tảng kiến thức rộng từ toán học liên tục, xác suất thống kê, các phương pháp luận lý và các kỹ thuật lập trình tiên tiến để giải quyết các vấn đề mà thông thường các chương trình máy tính truyền thống không giải được. Với cách tiếp cận Trí tuệ nhân tạo theo xu thế hiện đại, môn học bao gồm các lĩnh vực: tìm kiếm trên không gian không xác định; chương trình máy học với các thuật toán hiện đại; mạng Neural… Đồng thời, môn học cũng cung cấp các kỹ năng lập trình logic, xử lý dữ liệu lớn bằng một ngôn ngữ lập trình theo xu hướng hiện đại để sinh viên có thể sáng tạo giải quyết các bài toán trong thực tế.",III. CHƯƠNG TRÌNH CHI TIẾT,2. Kiến thức giáo dục chuyên nghiệp:,Sinh viên học 12 tín chỉ tự chọn nếu không làm luận văn tốt nghiệp (126001) hoặc học thêm 6 tín chỉ tự chọn nếu làm luận văn tốt nghiệp (126001) trong số các học phần sau:,Trí tuệ nhân tạo,Công nghệ thông tin > III. CHƯƠNG TRÌNH CHI TIẾT > 2. Kiến thức giáo dục chuyên nghiệp: > Sinh viên học 12 tín chỉ tự chọn nếu không làm luận văn tốt nghiệp (126001) hoặc học thêm 6 tín chỉ tự chọn nếu làm luận văn tốt nghiệp (126001) trong số các học phần sau: > Trí tuệ nhân tạo,data/processed/Công nghệ thông tin.md,Công nghệ thông tin,markdown,data/processed/Công nghệ thông tin.md,sentence-transformers,1024
346,Công nghệ thông tin,"Công nghệ thông tin > III. CHƯƠNG TRÌNH CHI TIẾT > 2. Kiến thức giáo dục chuyên nghiệp: > Sinh viên học 12 tín chỉ tự chọn nếu không làm luận văn tốt nghiệp (126001) hoặc học thêm 6 tín chỉ tự chọn nếu làm luận văn tốt nghiệp (126001) trong số các học phần sau: > Xử lý thị giác và máy tính
- Mã học phần: 121036
- Học phần tiên quyết: tất cả các học phần bắt buộc và tự chọn tối thiểu cần phải tích lũy trong chương trình
- Số tín chỉ: 3
- Ghi chú: Học phần Tự chọn
- Nội dung tóm tắt: Xử lý ảnh và thị giác máy tính là học phần thuộc nhóm kiến thức chuyên ngành. Môn học cung cấp các thuật toán và kỹ thuật trong các vấn đề về xử lý ảnh và thị giác máy tính. Với cách tiếp cận theo xu thế hiện đại, môn học bao gồm các lĩnh vực rộng và mới trong đời sống cần sự hỗ trợ của máy tính. Đồng thời, môn học cũng cung cấp các kỹ năng lập trình tiên tiến, bằng ngôn ngữ lập trình theo xu hướng hiện đại để sinh viên có thể giải quyết tốt các bài toán trong thực tế.",III. CHƯƠNG TRÌNH CHI TIẾT,2. Kiến thức giáo dục chuyên nghiệp:,Sinh viên học 12 tín chỉ tự chọn nếu không làm luận văn tốt nghiệp (126001) hoặc học thêm 6 tín chỉ tự chọn nếu làm luận văn tốt nghiệp (126001) trong số các học phần sau:,Xử lý thị giác và máy tính,Công nghệ thông tin > III. CHƯƠNG TRÌNH CHI TIẾT > 2. Kiến thức giáo dục chuyên nghiệp: > Sinh viên học 12 tín chỉ tự chọn nếu không làm luận văn tốt nghiệp (126001) hoặc học thêm 6 tín chỉ tự chọn nếu làm luận văn tốt nghiệp (126001) trong số các học phần sau: > Xử lý thị giác và máy tính,data/processed/Công nghệ thông tin.md,Công nghệ thông tin,markdown,data/processed/Công nghệ thông tin.md,sentence-transformers,1024
347,Công nghệ thông tin,"Công nghệ thông tin > III. CHƯƠNG TRÌNH CHI TIẾT > 2. Kiến thức giáo dục chuyên nghiệp: > Sinh viên học 12 tín chỉ tự chọn nếu không làm luận văn tốt nghiệp (126001) hoặc học thêm 6 tín chỉ tự chọn nếu làm luận văn tốt nghiệp (126001) trong số các học phần sau: > Kiểm chứng phần mềm
- Mã học phần: 122040
- Học phần tiên quyết: tất cả các học phần bắt buộc và tự chọn tối thiểu cần phải tích lũy trong chương trình
- Số tín chỉ: 3
- Ghi chú: Học phần Tự chọn
- Nội dung tóm tắt: Cung cấp các kiến thức về quy trình kiểm thử, chiến lược kiểm thử, các mức độ kiểm thử, các kỹ thuật kiểm thử phần mềm khác nhau như kiểm thử hộp trắng và kiểm thử hộp đen, và một số công cụ hỗ trợ kiểm thử trong thực tế. Với các kiến thức cơ bản này, người học có thể tham gia phân tích, kiểm thử các ứng dụng thực tế theo nhóm và ứng dụng vào trong môi trường phát triển phần mềm chuyên nghiệp ở các công ty làm phần mềm với vai trò là kiểm thử viên.",III. CHƯƠNG TRÌNH CHI TIẾT,2. Kiến thức giáo dục chuyên nghiệp:,Sinh viên học 12 tín chỉ tự chọn nếu không làm luận văn tốt nghiệp (126001) hoặc học thêm 6 tín chỉ tự chọn nếu làm luận văn tốt nghiệp (126001) trong số các học phần sau:,Kiểm chứng phần mềm,Công nghệ thông tin > III. CHƯƠNG TRÌNH CHI TIẾT > 2. Kiến thức giáo dục chuyên nghiệp: > Sinh viên học 12 tín chỉ tự chọn nếu không làm luận văn tốt nghiệp (126001) hoặc học thêm 6 tín chỉ tự chọn nếu làm luận văn tốt nghiệp (126001) trong số các học phần sau: > Kiểm chứng phần mềm,data/processed/Công nghệ thông tin.md,Công nghệ thông tin,markdown,data/processed/Công nghệ thông tin.md,sentence-transformers,1024
348,Công nghệ thông tin,"Công nghệ thông tin > III. CHƯƠNG TRÌNH CHI TIẾT > 2. Kiến thức giáo dục chuyên nghiệp: > Sinh viên học 12 tín chỉ tự chọn nếu không làm luận văn tốt nghiệp (126001) hoặc học thêm 6 tín chỉ tự chọn nếu làm luận văn tốt nghiệp (126001) trong số các học phần sau: > Khai thác dữ liệu
- Mã học phần: 122041
- Học phần tiên quyết: tất cả các học phần bắt buộc và tự chọn tối thiểu cần phải tích lũy trong chương trình
- Số tín chỉ: 3
- Ghi chú: Học phần Tự chọn
- Nội dung tóm tắt: Khai thác dữ liệu nhắm đến việc trích xuất các thông tin ẩn có giá trị từ dữ liệu thô. Các thông tin này gọi là tri thức, có ý nghĩa lớn và đóng vai trò rất quan trọng trong việc xây dựng các hệ thống thông minh như các hệ hỗ trợ ra quyết định hay các hệ thống gợi ý thông minh. Môn học này là một trong nhóm học phần tự chọn, được giảng dạy ở các học kỳ cuối của các chương trình đào tạo ngành Công nghệ thông tin, Mạng máy tính và Truyền thông dữ liệu bậc đại học, với mục đích hướng người học tiếp cận các công nghệ, kỹ thuật mới. Học phần này đóng vai trò là học phần nhập môn, giúp người học tiếp cận với ngành Khoa học dữ liệu.",III. CHƯƠNG TRÌNH CHI TIẾT,2. Kiến thức giáo dục chuyên nghiệp:,Sinh viên học 12 tín chỉ tự chọn nếu không làm luận văn tốt nghiệp (126001) hoặc học thêm 6 tín chỉ tự chọn nếu làm luận văn tốt nghiệp (126001) trong số các học phần sau:,Khai thác dữ liệu,Công nghệ thông tin > III. CHƯƠNG TRÌNH CHI TIẾT > 2. Kiến thức giáo dục chuyên nghiệp: > Sinh viên học 12 tín chỉ tự chọn nếu không làm luận văn tốt nghiệp (126001) hoặc học thêm 6 tín chỉ tự chọn nếu làm luận văn tốt nghiệp (126001) trong số các học phần sau: > Khai thác dữ liệu,data/processed/Công nghệ thông tin.md,Công nghệ thông tin,markdown,data/processed/Công nghệ thông tin.md,sentence-transformers,1024
349,Công nghệ thông tin,"Công nghệ thông tin > III. CHƯƠNG TRÌNH CHI TIẾT > 2. Kiến thức giáo dục chuyên nghiệp: > Sinh viên học 12 tín chỉ tự chọn nếu không làm luận văn tốt nghiệp (126001) hoặc học thêm 6 tín chỉ tự chọn nếu làm luận văn tốt nghiệp (126001) trong số các học phần sau: > An ninh mạng
- Mã học phần: 123038
- Học phần tiên quyết: tất cả các học phần bắt buộc và tự chọn tối thiểu cần phải tích lũy trong chương trình
- Số tín chỉ: 3
- Ghi chú: Học phần Tự chọn
- Nội dung tóm tắt: Cung cấp những kiến thức về an ninh trong môi trường mạng, các lỗ hổng bảo mật của các giao thức mạng và các giao thức bổ trợ để đảm bảo an toàn cho việc truyền thông qua mạng.",III. CHƯƠNG TRÌNH CHI TIẾT,2. Kiến thức giáo dục chuyên nghiệp:,Sinh viên học 12 tín chỉ tự chọn nếu không làm luận văn tốt nghiệp (126001) hoặc học thêm 6 tín chỉ tự chọn nếu làm luận văn tốt nghiệp (126001) trong số các học phần sau:,An ninh mạng,Công nghệ thông tin > III. CHƯƠNG TRÌNH CHI TIẾT > 2. Kiến thức giáo dục chuyên nghiệp: > Sinh viên học 12 tín chỉ tự chọn nếu không làm luận văn tốt nghiệp (126001) hoặc học thêm 6 tín chỉ tự chọn nếu làm luận văn tốt nghiệp (126001) trong số các học phần sau: > An ninh mạng,data/processed/Công nghệ thông tin.md,Công nghệ thông tin,markdown,data/processed/Công nghệ thông tin.md,sentence-transformers,1024
350,Công nghệ thông tin,"Công nghệ thông tin > III. CHƯƠNG TRÌNH CHI TIẾT > 2. Kiến thức giáo dục chuyên nghiệp: > Sinh viên học 12 tín chỉ tự chọn nếu không làm luận văn tốt nghiệp (126001) hoặc học thêm 6 tín chỉ tự chọn nếu làm luận văn tốt nghiệp (126001) trong số các học phần sau: > Điện toán đám mây
- Mã học phần: 123039
- Học phần tiên quyết: tất cả các học phần bắt buộc và tự chọn tối thiểu cần phải tích lũy trong chương trình
- Số tín chỉ: 3
- Ghi chú: Học phần Tự chọn
- Nội dung tóm tắt: Cung cấp cho sinh viên các kiến thức thực tiễn và kỹ năng thực hành về các chủ đề căn bản liên quan đến điện toán đám mây, đồng thời giúp hiểu và vận dụng được các tính năng của điện toán đám mây trên 4 mô hình dịch vụ đám mây khác nhau. Nội dung chính của học phần xoay quanh 4 mô hình này: Infrastructure as a Service (IaaS), Platform as a Service (PaaS), Software as a Service (SaaS), và Business Process as a Service (BPaaS).",III. CHƯƠNG TRÌNH CHI TIẾT,2. Kiến thức giáo dục chuyên nghiệp:,Sinh viên học 12 tín chỉ tự chọn nếu không làm luận văn tốt nghiệp (126001) hoặc học thêm 6 tín chỉ tự chọn nếu làm luận văn tốt nghiệp (126001) trong số các học phần sau:,Điện toán đám mây,Công nghệ thông tin > III. CHƯƠNG TRÌNH CHI TIẾT > 2. Kiến thức giáo dục chuyên nghiệp: > Sinh viên học 12 tín chỉ tự chọn nếu không làm luận văn tốt nghiệp (126001) hoặc học thêm 6 tín chỉ tự chọn nếu làm luận văn tốt nghiệp (126001) trong số các học phần sau: > Điện toán đám mây,data/processed/Công nghệ thông tin.md,Công nghệ thông tin,markdown,data/processed/Công nghệ thông tin.md,sentence-transformers,1024
351,Công nghệ thông tin,"Công nghệ thông tin > III. CHƯƠNG TRÌNH CHI TIẾT > 3. Kiến thức điều kiện: > 3.1. Giáp dục Quốc phòng - An ninh > Đường lối quân sự của Đảng
- Mã học phần: 007101
- Số tiết: 30 tiết
- Ghi chú: Học phần Bắt buộc. Theo Thông tư số 03/2017/TT-BGDĐT ngày 13/01/2017 của Bộ trưởng Bộ Giáo dục và Đào tạo ban hành Chương trình giáo dục quốc phòng và an ninh trong trường trung cấp sư phạm, cao đẳng sư phạm và cơ sở giáo dục đại học.",III. CHƯƠNG TRÌNH CHI TIẾT,3. Kiến thức điều kiện:,3.1. Giáp dục Quốc phòng - An ninh,Đường lối quân sự của Đảng,Công nghệ thông tin > III. CHƯƠNG TRÌNH CHI TIẾT > 3. Kiến thức điều kiện: > 3.1. Giáp dục Quốc phòng - An ninh > Đường lối quân sự của Đảng,data/processed/Công nghệ thông tin.md,Công nghệ thông tin,markdown,data/processed/Công nghệ thông tin.md,sentence-transformers,1024
352,Công nghệ thông tin,"Công nghệ thông tin > III. CHƯƠNG TRÌNH CHI TIẾT > 3. Kiến thức điều kiện: > 3.1. Giáp dục Quốc phòng - An ninh > Công tác quốc phòng an ninh
- Mã học phần: 007102
- Số tiết: 30 tiết
- Ghi chú: Học phần Bắt buộc. Theo Thông tư số 03/2017/TT-BGDĐT ngày 13/01/2017 của Bộ trưởng Bộ Giáo dục và Đào tạo ban hành Chương trình giáo dục quốc phòng và an ninh trong trường trung cấp sư phạm, cao đẳng sư phạm và cơ sở giáo dục đại học.",III. CHƯƠNG TRÌNH CHI TIẾT,3. Kiến thức điều kiện:,3.1. Giáp dục Quốc phòng - An ninh,Công tác quốc phòng an ninh,Công nghệ thông tin > III. CHƯƠNG TRÌNH CHI TIẾT > 3. Kiến thức điều kiện: > 3.1. Giáp dục Quốc phòng - An ninh > Công tác quốc phòng an ninh,data/processed/Công nghệ thông tin.md,Công nghệ thông tin,markdown,data/processed/Công nghệ thông tin.md,sentence-transformers,1024
353,Công nghệ thông tin,"Công nghệ thông tin > III. CHƯƠNG TRÌNH CHI TIẾT > 3. Kiến thức điều kiện: > 3.1. Giáp dục Quốc phòng - An ninh > Quân sự chung và kỹ chiến thuật bắn súng AK
- Mã học phần: 007103
- Số tiết: 85 tiết
- Ghi chú: Học phần Bắt buộc. Theo Thông tư số 03/2017/TT-BGDĐT ngày 13/01/2017 của Bộ trưởng Bộ Giáo dục và Đào tạo ban hành Chương trình giáo dục quốc phòng và an ninh trong trường trung cấp sư phạm, cao đẳng sư phạm và cơ sở giáo dục đại học.",III. CHƯƠNG TRÌNH CHI TIẾT,3. Kiến thức điều kiện:,3.1. Giáp dục Quốc phòng - An ninh,Quân sự chung và kỹ chiến thuật bắn súng AK,Công nghệ thông tin > III. CHƯƠNG TRÌNH CHI TIẾT > 3. Kiến thức điều kiện: > 3.1. Giáp dục Quốc phòng - An ninh > Quân sự chung và kỹ chiến thuật bắn súng AK,data/processed/Công nghệ thông tin.md,Công nghệ thông tin,markdown,data/processed/Công nghệ thông tin.md,sentence-transformers,1024
354,Công nghệ thông tin,"Công nghệ thông tin > III. CHƯƠNG TRÌNH CHI TIẾT > 3. Kiến thức điều kiện: > 3.1. Giáp dục Quốc phòng - An ninh > Hiểu biết chung về quân binh chủng
- Mã học phần: 007104
- Số tiết: 20 tiết
- Ghi chú: Học phần Bắt buộc. Theo Thông tư số 03/2017/TT-BGDĐT ngày 13/01/2017 của Bộ trưởng Bộ Giáo dục và Đào tạo ban hành Chương trình giáo dục quốc phòng và an ninh trong trường trung cấp sư phạm, cao đẳng sư phạm và cơ sở giáo dục đại học.",III. CHƯƠNG TRÌNH CHI TIẾT,3. Kiến thức điều kiện:,3.1. Giáp dục Quốc phòng - An ninh,Hiểu biết chung về quân binh chủng,Công nghệ thông tin > III. CHƯƠNG TRÌNH CHI TIẾT > 3. Kiến thức điều kiện: > 3.1. Giáp dục Quốc phòng - An ninh > Hiểu biết chung về quân binh chủng,data/processed/Công nghệ thông tin.md,Công nghệ thông tin,markdown,data/processed/Công nghệ thông tin.md,sentence-transformers,1024
355,Công nghệ thông tin,"Công nghệ thông tin > III. CHƯƠNG TRÌNH CHI TIẾT > 3. Kiến thức điều kiện: > 3.1. Giáp dục Quốc phòng - An ninh > Lý thuyết GDTC
- Mã học phần: 004101
- Số tín chỉ: 1
- Ghi chú: Học phần Tự chọn. Theo Quy định về chuẩn chương trình, tổ chức dạy, học và đánh giá kết quả học tập môn học Giáo dục thể chất tại Trường Đại học Giao thông vận tải TP. Hồ Chí Minh, ban hành kèm theo Quyết định số 490/QĐ-ĐHGTVT ngày 06/06/2016 của Hiệu trưởng Trường ĐH Giao thông vận tải TP. Hồ Chí Minh.",III. CHƯƠNG TRÌNH CHI TIẾT,3. Kiến thức điều kiện:,3.1. Giáp dục Quốc phòng - An ninh,Lý thuyết GDTC,Công nghệ thông tin > III. CHƯƠNG TRÌNH CHI TIẾT > 3. Kiến thức điều kiện: > 3.1. Giáp dục Quốc phòng - An ninh > Lý thuyết GDTC,data/processed/Công nghệ thông tin.md,Công nghệ thông tin,markdown,data/processed/Công nghệ thông tin.md,sentence-transformers,1024
356,Công nghệ thông tin,"Công nghệ thông tin > III. CHƯƠNG TRÌNH CHI TIẾT > 3. Kiến thức điều kiện: > 3.1. Giáp dục Quốc phòng - An ninh > Bơi 1 (50m)
- Mã học phần: 004103
- Số tín chỉ: 1
- Ghi chú: Học phần Tự chọn. Theo Quy định về chuẩn chương trình, tổ chức dạy, học và đánh giá kết quả học tập môn học Giáo dục thể chất tại Trường Đại học Giao thông vận tải TP. Hồ Chí Minh, ban hành kèm theo Quyết định số 490/QĐ-ĐHGTVT ngày 06/06/2016 của Hiệu trưởng Trường ĐH Giao thông vận tải TP. Hồ Chí Minh.",III. CHƯƠNG TRÌNH CHI TIẾT,3. Kiến thức điều kiện:,3.1. Giáp dục Quốc phòng - An ninh,Bơi 1 (50m),Công nghệ thông tin > III. CHƯƠNG TRÌNH CHI TIẾT > 3. Kiến thức điều kiện: > 3.1. Giáp dục Quốc phòng - An ninh > Bơi 1 (50m),data/processed/Công nghệ thông tin.md,Công nghệ thông tin,markdown,data/processed/Công nghệ thông tin.md,sentence-transformers,1024
357,Công nghệ thông tin,"Công nghệ thông tin > III. CHƯƠNG TRÌNH CHI TIẾT > 3. Kiến thức điều kiện: > 3.1. Giáp dục Quốc phòng - An ninh > Bơi 2 (200m)
- Mã học phần: 004104
- Số tín chỉ: 1
- Ghi chú: Học phần Tự chọn. Theo Quy định về chuẩn chương trình, tổ chức dạy, học và đánh giá kết quả học tập môn học Giáo dục thể chất tại Trường Đại học Giao thông vận tải TP. Hồ Chí Minh, ban hành kèm theo Quyết định số 490/QĐ-ĐHGTVT ngày 06/06/2016 của Hiệu trưởng Trường ĐH Giao thông vận tải TP. Hồ Chí Minh.",III. CHƯƠNG TRÌNH CHI TIẾT,3. Kiến thức điều kiện:,3.1. Giáp dục Quốc phòng - An ninh,Bơi 2 (200m),Công nghệ thông tin > III. CHƯƠNG TRÌNH CHI TIẾT > 3. Kiến thức điều kiện: > 3.1. Giáp dục Quốc phòng - An ninh > Bơi 2 (200m),data/processed/Công nghệ thông tin.md,Công nghệ thông tin,markdown,data/processed/Công nghệ thông tin.md,sentence-transformers,1024
358,Công nghệ thông tin,"Công nghệ thông tin > III. CHƯƠNG TRÌNH CHI TIẾT > 3. Kiến thức điều kiện: > 3.1. Giáp dục Quốc phòng - An ninh > Điền kinh
- Mã học phần: 004105
- Số tín chỉ: 1
- Ghi chú: Học phần Tự chọn. Theo Quy định về chuẩn chương trình, tổ chức dạy, học và đánh giá kết quả học tập môn học Giáo dục thể chất tại Trường Đại học Giao thông vận tải TP. Hồ Chí Minh, ban hành kèm theo Quyết định số 490/QĐ-ĐHGTVT ngày 06/06/2016 của Hiệu trưởng Trường ĐH Giao thông vận tải TP. Hồ Chí Minh.",III. CHƯƠNG TRÌNH CHI TIẾT,3. Kiến thức điều kiện:,3.1. Giáp dục Quốc phòng - An ninh,Điền kinh,Công nghệ thông tin > III. CHƯƠNG TRÌNH CHI TIẾT > 3. Kiến thức điều kiện: > 3.1. Giáp dục Quốc phòng - An ninh > Điền kinh,data/processed/Công nghệ thông tin.md,Công nghệ thông tin,markdown,data/processed/Công nghệ thông tin.md,sentence-transformers,1024
359,Công nghệ thông tin,"Công nghệ thông tin > III. CHƯƠNG TRÌNH CHI TIẾT > 3. Kiến thức điều kiện: > 3.1. Giáp dục Quốc phòng - An ninh > Bóng chuyền
- Mã học phần: 004106
- Số tín chỉ: 1
- Ghi chú: Học phần Tự chọn. Theo Quy định về chuẩn chương trình, tổ chức dạy, học và đánh giá kết quả học tập môn học Giáo dục thể chất tại Trường Đại học Giao thông vận tải TP. Hồ Chí Minh, ban hành kèm theo Quyết định số 490/QĐ-ĐHGTVT ngày 06/06/2016 của Hiệu trưởng Trường ĐH Giao thông vận tải TP. Hồ Chí Minh.",III. CHƯƠNG TRÌNH CHI TIẾT,3. Kiến thức điều kiện:,3.1. Giáp dục Quốc phòng - An ninh,Bóng chuyền,Công nghệ thông tin > III. CHƯƠNG TRÌNH CHI TIẾT > 3. Kiến thức điều kiện: > 3.1. Giáp dục Quốc phòng - An ninh > Bóng chuyền,data/processed/Công nghệ thông tin.md,Công nghệ thông tin,markdown,data/processed/Công nghệ thông tin.md,sentence-transformers,1024
360,Công nghệ thông tin,"Công nghệ thông tin > III. CHƯƠNG TRÌNH CHI TIẾT > 3. Kiến thức điều kiện: > 3.1. Giáp dục Quốc phòng - An ninh > Bóng đá
- Mã học phần: 004107
- Số tín chỉ: 1
- Ghi chú: Học phần Tự chọn. Theo Quy định về chuẩn chương trình, tổ chức dạy, học và đánh giá kết quả học tập môn học Giáo dục thể chất tại Trường Đại học Giao thông vận tải TP. Hồ Chí Minh, ban hành kèm theo Quyết định số 490/QĐ-ĐHGTVT ngày 06/06/2016 của Hiệu trưởng Trường ĐH Giao thông vận tải TP. Hồ Chí Minh.",III. CHƯƠNG TRÌNH CHI TIẾT,3. Kiến thức điều kiện:,3.1. Giáp dục Quốc phòng - An ninh,Bóng đá,Công nghệ thông tin > III. CHƯƠNG TRÌNH CHI TIẾT > 3. Kiến thức điều kiện: > 3.1. Giáp dục Quốc phòng - An ninh > Bóng đá,data/processed/Công nghệ thông tin.md,Công nghệ thông tin,markdown,data/processed/Công nghệ thông tin.md,sentence-transformers,1024
361,Công nghệ thông tin,"Công nghệ thông tin > III. CHƯƠNG TRÌNH CHI TIẾT > 3. Kiến thức điều kiện: > 3.1. Giáp dục Quốc phòng - An ninh > Bóng rổ
- Mã học phần: 004109
- Số tín chỉ: 1
- Ghi chú: Học phần Tự chọn. Theo Quy định về chuẩn chương trình, tổ chức dạy, học và đánh giá kết quả học tập môn học Giáo dục thể chất tại Trường Đại học Giao thông vận tải TP. Hồ Chí Minh, ban hành kèm theo Quyết định số 490/QĐ-ĐHGTVT ngày 06/06/2016 của Hiệu trưởng Trường ĐH Giao thông vận tải TP. Hồ Chí Minh.",III. CHƯƠNG TRÌNH CHI TIẾT,3. Kiến thức điều kiện:,3.1. Giáp dục Quốc phòng - An ninh,Bóng rổ,Công nghệ thông tin > III. CHƯƠNG TRÌNH CHI TIẾT > 3. Kiến thức điều kiện: > 3.1. Giáp dục Quốc phòng - An ninh > Bóng rổ,data/processed/Công nghệ thông tin.md,Công nghệ thông tin,markdown,data/processed/Công nghệ thông tin.md,sentence-transformers,1024
362,Công nghệ thông tin,"Công nghệ thông tin > III. CHƯƠNG TRÌNH CHI TIẾT > 3. Kiến thức điều kiện: > 3.1. Giáp dục Quốc phòng - An ninh > Cờ vua
- Mã học phần: 004110
- Số tín chỉ: 1
- Ghi chú: Học phần Tự chọn. Theo Quy định về chuẩn chương trình, tổ chức dạy, học và đánh giá kết quả học tập môn học Giáo dục thể chất tại Trường Đại học Giao thông vận tải TP. Hồ Chí Minh, ban hành kèm theo Quyết định số 490/QĐ-ĐHGTVT ngày 06/06/2016 của Hiệu trưởng Trường ĐH Giao thông vận tải TP. Hồ Chí Minh.",III. CHƯƠNG TRÌNH CHI TIẾT,3. Kiến thức điều kiện:,3.1. Giáp dục Quốc phòng - An ninh,Cờ vua,Công nghệ thông tin > III. CHƯƠNG TRÌNH CHI TIẾT > 3. Kiến thức điều kiện: > 3.1. Giáp dục Quốc phòng - An ninh > Cờ vua,data/processed/Công nghệ thông tin.md,Công nghệ thông tin,markdown,data/processed/Công nghệ thông tin.md,sentence-transformers,1024
363,Công nghệ thông tin,"Công nghệ thông tin > IV. CHƯƠNG TRÌNH KHUNG (KẾ HOẠCH THỰC HIỆN) > HỌC KỲ 1
TỔNG SỐ TÍN CHỈ: 16",IV. CHƯƠNG TRÌNH KHUNG (KẾ HOẠCH THỰC HIỆN),HỌC KỲ 1,,,Công nghệ thông tin > IV. CHƯƠNG TRÌNH KHUNG (KẾ HOẠCH THỰC HIỆN) > HỌC KỲ 1,data/processed/Công nghệ thông tin.md,Công nghệ thông tin,markdown,data/processed/Công nghệ thông tin.md,sentence-transformers,1024
364,Công nghệ thông tin,"Công nghệ thông tin > IV. CHƯƠNG TRÌNH KHUNG (KẾ HOẠCH THỰC HIỆN) > HỌC KỲ 1 > Giải tích 1
- Mã học phần: 001202
- Số tín chỉ: 3
- Loại học phần: Học phần bắt buộc",IV. CHƯƠNG TRÌNH KHUNG (KẾ HOẠCH THỰC HIỆN),HỌC KỲ 1,Giải tích 1,,Công nghệ thông tin > IV. CHƯƠNG TRÌNH KHUNG (KẾ HOẠCH THỰC HIỆN) > HỌC KỲ 1 > Giải tích 1,data/processed/Công nghệ thông tin.md,Công nghệ thông tin,markdown,data/processed/Công nghệ thông tin.md,sentence-transformers,1024
365,Công nghệ thông tin,"Công nghệ thông tin > IV. CHƯƠNG TRÌNH KHUNG (KẾ HOẠCH THỰC HIỆN) > HỌC KỲ 1 > Triết học Mác – Lênin
- Mã học phần: 005105
- Số tín chỉ: 3
- Loại học phần: Học phần bắt buộc",IV. CHƯƠNG TRÌNH KHUNG (KẾ HOẠCH THỰC HIỆN),HỌC KỲ 1,Triết học Mác – Lênin,,Công nghệ thông tin > IV. CHƯƠNG TRÌNH KHUNG (KẾ HOẠCH THỰC HIỆN) > HỌC KỲ 1 > Triết học Mác – Lênin,data/processed/Công nghệ thông tin.md,Công nghệ thông tin,markdown,data/processed/Công nghệ thông tin.md,sentence-transformers,1024
366,Công nghệ thông tin,"Công nghệ thông tin > IV. CHƯƠNG TRÌNH KHUNG (KẾ HOẠCH THỰC HIỆN) > HỌC KỲ 1 > Pháp luật đại cương
- Mã học phần: 005004
- Số tín chỉ: 2
- Loại học phần: Học phần bắt buộc",IV. CHƯƠNG TRÌNH KHUNG (KẾ HOẠCH THỰC HIỆN),HỌC KỲ 1,Pháp luật đại cương,,Công nghệ thông tin > IV. CHƯƠNG TRÌNH KHUNG (KẾ HOẠCH THỰC HIỆN) > HỌC KỲ 1 > Pháp luật đại cương,data/processed/Công nghệ thông tin.md,Công nghệ thông tin,markdown,data/processed/Công nghệ thông tin.md,sentence-transformers,1024
367,Công nghệ thông tin,"Công nghệ thông tin > IV. CHƯƠNG TRÌNH KHUNG (KẾ HOẠCH THỰC HIỆN) > HỌC KỲ 1 > Tin học cơ bản
- Mã học phần: 124012
- Số tín chỉ: 2
- Loại học phần: Học phần bắt buộc",IV. CHƯƠNG TRÌNH KHUNG (KẾ HOẠCH THỰC HIỆN),HỌC KỲ 1,Tin học cơ bản,,Công nghệ thông tin > IV. CHƯƠNG TRÌNH KHUNG (KẾ HOẠCH THỰC HIỆN) > HỌC KỲ 1 > Tin học cơ bản,data/processed/Công nghệ thông tin.md,Công nghệ thông tin,markdown,data/processed/Công nghệ thông tin.md,sentence-transformers,1024
368,Công nghệ thông tin,"Công nghệ thông tin > IV. CHƯƠNG TRÌNH KHUNG (KẾ HOẠCH THỰC HIỆN) > HỌC KỲ 1 > Nhập môn ngành CNTT
- Mã học phần: 122042
- Số tín chỉ: 3
- Loại học phần: Học phần bắt buộc",IV. CHƯƠNG TRÌNH KHUNG (KẾ HOẠCH THỰC HIỆN),HỌC KỲ 1,Nhập môn ngành CNTT,,Công nghệ thông tin > IV. CHƯƠNG TRÌNH KHUNG (KẾ HOẠCH THỰC HIỆN) > HỌC KỲ 1 > Nhập môn ngành CNTT,data/processed/Công nghệ thông tin.md,Công nghệ thông tin,markdown,data/processed/Công nghệ thông tin.md,sentence-transformers,1024
369,Công nghệ thông tin,"Công nghệ thông tin > IV. CHƯƠNG TRÌNH KHUNG (KẾ HOẠCH THỰC HIỆN) > HỌC KỲ 1 > Toán chuyên đề 1
- Mã học phần: 001205
- Số tín chỉ: 3
- Loại học phần: Học phần bắt buộc",IV. CHƯƠNG TRÌNH KHUNG (KẾ HOẠCH THỰC HIỆN),HỌC KỲ 1,Toán chuyên đề 1,,Công nghệ thông tin > IV. CHƯƠNG TRÌNH KHUNG (KẾ HOẠCH THỰC HIỆN) > HỌC KỲ 1 > Toán chuyên đề 1,data/processed/Công nghệ thông tin.md,Công nghệ thông tin,markdown,data/processed/Công nghệ thông tin.md,sentence-transformers,1024
370,Công nghệ thông tin,"Công nghệ thông tin > IV. CHƯƠNG TRÌNH KHUNG (KẾ HOẠCH THỰC HIỆN) > HỌC KỲ 2
TỔNG SỐ TÍN CHỈ: 17",IV. CHƯƠNG TRÌNH KHUNG (KẾ HOẠCH THỰC HIỆN),HỌC KỲ 2,,,Công nghệ thông tin > IV. CHƯƠNG TRÌNH KHUNG (KẾ HOẠCH THỰC HIỆN) > HỌC KỲ 2,data/processed/Công nghệ thông tin.md,Công nghệ thông tin,markdown,data/processed/Công nghệ thông tin.md,sentence-transformers,1024
371,Công nghệ thông tin,"Công nghệ thông tin > IV. CHƯƠNG TRÌNH KHUNG (KẾ HOẠCH THỰC HIỆN) > HỌC KỲ 2 > Đại số
- Mã học phần: 001201
- Số tín chỉ: 2
- Loại học phần: Học phần bắt buộc",IV. CHƯƠNG TRÌNH KHUNG (KẾ HOẠCH THỰC HIỆN),HỌC KỲ 2,Đại số,,Công nghệ thông tin > IV. CHƯƠNG TRÌNH KHUNG (KẾ HOẠCH THỰC HIỆN) > HỌC KỲ 2 > Đại số,data/processed/Công nghệ thông tin.md,Công nghệ thông tin,markdown,data/processed/Công nghệ thông tin.md,sentence-transformers,1024
372,Công nghệ thông tin,"Công nghệ thông tin > IV. CHƯƠNG TRÌNH KHUNG (KẾ HOẠCH THỰC HIỆN) > HỌC KỲ 2 > Kỹ thuật lập trình
- Mã học phần: 124001
- Số tín chỉ: 3
- Loại học phần: Học phần bắt buộc",IV. CHƯƠNG TRÌNH KHUNG (KẾ HOẠCH THỰC HIỆN),HỌC KỲ 2,Kỹ thuật lập trình,,Công nghệ thông tin > IV. CHƯƠNG TRÌNH KHUNG (KẾ HOẠCH THỰC HIỆN) > HỌC KỲ 2 > Kỹ thuật lập trình,data/processed/Công nghệ thông tin.md,Công nghệ thông tin,markdown,data/processed/Công nghệ thông tin.md,sentence-transformers,1024
373,Công nghệ thông tin,"Công nghệ thông tin > IV. CHƯƠNG TRÌNH KHUNG (KẾ HOẠCH THỰC HIỆN) > HỌC KỲ 2 > Kinh tế chính trị Mác – Lênin
- Mã học phần: 005106
- Số tín chỉ: 2
- Loại học phần: Học phần bắt buộc
- Học phần học trước: 005105",IV. CHƯƠNG TRÌNH KHUNG (KẾ HOẠCH THỰC HIỆN),HỌC KỲ 2,Kinh tế chính trị Mác – Lênin,,Công nghệ thông tin > IV. CHƯƠNG TRÌNH KHUNG (KẾ HOẠCH THỰC HIỆN) > HỌC KỲ 2 > Kinh tế chính trị Mác – Lênin,data/processed/Công nghệ thông tin.md,Công nghệ thông tin,markdown,data/processed/Công nghệ thông tin.md,sentence-transformers,1024
374,Công nghệ thông tin,"Công nghệ thông tin > IV. CHƯƠNG TRÌNH KHUNG (KẾ HOẠCH THỰC HIỆN) > HỌC KỲ 2 > Kiến trúc máy tính
- Mã học phần: 125000
- Số tín chỉ: 3
- Loại học phần: Học phần bắt buộc",IV. CHƯƠNG TRÌNH KHUNG (KẾ HOẠCH THỰC HIỆN),HỌC KỲ 2,Kiến trúc máy tính,,Công nghệ thông tin > IV. CHƯƠNG TRÌNH KHUNG (KẾ HOẠCH THỰC HIỆN) > HỌC KỲ 2 > Kiến trúc máy tính,data/processed/Công nghệ thông tin.md,Công nghệ thông tin,markdown,data/processed/Công nghệ thông tin.md,sentence-transformers,1024
375,Công nghệ thông tin,"Công nghệ thông tin > IV. CHƯƠNG TRÌNH KHUNG (KẾ HOẠCH THỰC HIỆN) > HỌC KỲ 2 > Cơ sở dữ liệu
- Mã học phần: 121000
- Số tín chỉ: 3
- Loại học phần: Học phần bắt buộc",IV. CHƯƠNG TRÌNH KHUNG (KẾ HOẠCH THỰC HIỆN),HỌC KỲ 2,Cơ sở dữ liệu,,Công nghệ thông tin > IV. CHƯƠNG TRÌNH KHUNG (KẾ HOẠCH THỰC HIỆN) > HỌC KỲ 2 > Cơ sở dữ liệu,data/processed/Công nghệ thông tin.md,Công nghệ thông tin,markdown,data/processed/Công nghệ thông tin.md,sentence-transformers,1024
376,Công nghệ thông tin,"Công nghệ thông tin > IV. CHƯƠNG TRÌNH KHUNG (KẾ HOẠCH THỰC HIỆN) > HỌC KỲ 2 > Toán rời rạc
- Mã học phần: 122002
- Số tín chỉ: 2
- Loại học phần: Học phần bắt buộc
- Học phần học trước: 124012, 122042",IV. CHƯƠNG TRÌNH KHUNG (KẾ HOẠCH THỰC HIỆN),HỌC KỲ 2,Toán rời rạc,,Công nghệ thông tin > IV. CHƯƠNG TRÌNH KHUNG (KẾ HOẠCH THỰC HIỆN) > HỌC KỲ 2 > Toán rời rạc,data/processed/Công nghệ thông tin.md,Công nghệ thông tin,markdown,data/processed/Công nghệ thông tin.md,sentence-transformers,1024
377,Công nghệ thông tin,"Công nghệ thông tin > IV. CHƯƠNG TRÌNH KHUNG (KẾ HOẠCH THỰC HIỆN) > HỌC KỲ 2 > Quản trị doanh nghiệp CNTT
- Mã học phần: 121037
- Số tín chỉ: 2
- Loại học phần: Học phần bắt buộc",IV. CHƯƠNG TRÌNH KHUNG (KẾ HOẠCH THỰC HIỆN),HỌC KỲ 2,Quản trị doanh nghiệp CNTT,,Công nghệ thông tin > IV. CHƯƠNG TRÌNH KHUNG (KẾ HOẠCH THỰC HIỆN) > HỌC KỲ 2 > Quản trị doanh nghiệp CNTT,data/processed/Công nghệ thông tin.md,Công nghệ thông tin,markdown,data/processed/Công nghệ thông tin.md,sentence-transformers,1024
378,Công nghệ thông tin,"Công nghệ thông tin > IV. CHƯƠNG TRÌNH KHUNG (KẾ HOẠCH THỰC HIỆN) > HỌC KỲ 3
TỔNG SỐ TÍN CHỈ: 17",IV. CHƯƠNG TRÌNH KHUNG (KẾ HOẠCH THỰC HIỆN),HỌC KỲ 3,,,Công nghệ thông tin > IV. CHƯƠNG TRÌNH KHUNG (KẾ HOẠCH THỰC HIỆN) > HỌC KỲ 3,data/processed/Công nghệ thông tin.md,Công nghệ thông tin,markdown,data/processed/Công nghệ thông tin.md,sentence-transformers,1024
379,Công nghệ thông tin,"Công nghệ thông tin > IV. CHƯƠNG TRÌNH KHUNG (KẾ HOẠCH THỰC HIỆN) > HỌC KỲ 3 > Chủ nghĩa xã hội khoa học
- Mã học phần: 005107
- Số tín chỉ: 2
- Loại học phần: Học phần bắt buộc
- Học phần học trước: 005106",IV. CHƯƠNG TRÌNH KHUNG (KẾ HOẠCH THỰC HIỆN),HỌC KỲ 3,Chủ nghĩa xã hội khoa học,,Công nghệ thông tin > IV. CHƯƠNG TRÌNH KHUNG (KẾ HOẠCH THỰC HIỆN) > HỌC KỲ 3 > Chủ nghĩa xã hội khoa học,data/processed/Công nghệ thông tin.md,Công nghệ thông tin,markdown,data/processed/Công nghệ thông tin.md,sentence-transformers,1024
380,Công nghệ thông tin,"Công nghệ thông tin > IV. CHƯƠNG TRÌNH KHUNG (KẾ HOẠCH THỰC HIỆN) > HỌC KỲ 3 > Cấu trúc dữ liệu và giải thuật
- Mã học phần: 124002
- Số tín chỉ: 3
- Loại học phần: Học phần bắt buộc
- Học phần học trước: 124001",IV. CHƯƠNG TRÌNH KHUNG (KẾ HOẠCH THỰC HIỆN),HỌC KỲ 3,Cấu trúc dữ liệu và giải thuật,,Công nghệ thông tin > IV. CHƯƠNG TRÌNH KHUNG (KẾ HOẠCH THỰC HIỆN) > HỌC KỲ 3 > Cấu trúc dữ liệu và giải thuật,data/processed/Công nghệ thông tin.md,Công nghệ thông tin,markdown,data/processed/Công nghệ thông tin.md,sentence-transformers,1024
381,Công nghệ thông tin,"Công nghệ thông tin > IV. CHƯƠNG TRÌNH KHUNG (KẾ HOẠCH THỰC HIỆN) > HỌC KỲ 3 > Lập trình hướng đối tượng
- Mã học phần: 122003
- Số tín chỉ: 3
- Loại học phần: Học phần bắt buộc
- Học phần học trước: 124001",IV. CHƯƠNG TRÌNH KHUNG (KẾ HOẠCH THỰC HIỆN),HỌC KỲ 3,Lập trình hướng đối tượng,,Công nghệ thông tin > IV. CHƯƠNG TRÌNH KHUNG (KẾ HOẠCH THỰC HIỆN) > HỌC KỲ 3 > Lập trình hướng đối tượng,data/processed/Công nghệ thông tin.md,Công nghệ thông tin,markdown,data/processed/Công nghệ thông tin.md,sentence-transformers,1024
382,Công nghệ thông tin,"Công nghệ thông tin > IV. CHƯƠNG TRÌNH KHUNG (KẾ HOẠCH THỰC HIỆN) > HỌC KỲ 3 > Mạng máy tính
- Mã học phần: 123002
- Số tín chỉ: 3
- Loại học phần: Học phần bắt buộc",IV. CHƯƠNG TRÌNH KHUNG (KẾ HOẠCH THỰC HIỆN),HỌC KỲ 3,Mạng máy tính,,Công nghệ thông tin > IV. CHƯƠNG TRÌNH KHUNG (KẾ HOẠCH THỰC HIỆN) > HỌC KỲ 3 > Mạng máy tính,data/processed/Công nghệ thông tin.md,Công nghệ thông tin,markdown,data/processed/Công nghệ thông tin.md,sentence-transformers,1024
383,Công nghệ thông tin,"Công nghệ thông tin > IV. CHƯƠNG TRÌNH KHUNG (KẾ HOẠCH THỰC HIỆN) > HỌC KỲ 3 > Thiết kế cơ sở dữ liệu
- Mã học phần: 121002
- Số tín chỉ: 3
- Loại học phần: Học phần bắt buộc
- Học phần học trước: 121000, 122002, 124001",IV. CHƯƠNG TRÌNH KHUNG (KẾ HOẠCH THỰC HIỆN),HỌC KỲ 3,Thiết kế cơ sở dữ liệu,,Công nghệ thông tin > IV. CHƯƠNG TRÌNH KHUNG (KẾ HOẠCH THỰC HIỆN) > HỌC KỲ 3 > Thiết kế cơ sở dữ liệu,data/processed/Công nghệ thông tin.md,Công nghệ thông tin,markdown,data/processed/Công nghệ thông tin.md,sentence-transformers,1024
384,Công nghệ thông tin,"Công nghệ thông tin > IV. CHƯƠNG TRÌNH KHUNG (KẾ HOẠCH THỰC HIỆN) > HỌC KỲ 3 > Chuyên đề thực tế 1
- Mã học phần: 122043
- Số tín chỉ: 1
- Loại học phần: Học phần bắt buộc",IV. CHƯƠNG TRÌNH KHUNG (KẾ HOẠCH THỰC HIỆN),HỌC KỲ 3,Chuyên đề thực tế 1,,Công nghệ thông tin > IV. CHƯƠNG TRÌNH KHUNG (KẾ HOẠCH THỰC HIỆN) > HỌC KỲ 3 > Chuyên đề thực tế 1,data/processed/Công nghệ thông tin.md,Công nghệ thông tin,markdown,data/processed/Công nghệ thông tin.md,sentence-transformers,1024
385,Công nghệ thông tin,"Công nghệ thông tin > IV. CHƯƠNG TRÌNH KHUNG (KẾ HOẠCH THỰC HIỆN) > HỌC KỲ 4
TỔNG SỐ TÍN CHỈ: 15 TÍN CHỈ",IV. CHƯƠNG TRÌNH KHUNG (KẾ HOẠCH THỰC HIỆN),HỌC KỲ 4,,,Công nghệ thông tin > IV. CHƯƠNG TRÌNH KHUNG (KẾ HOẠCH THỰC HIỆN) > HỌC KỲ 4,data/processed/Công nghệ thông tin.md,Công nghệ thông tin,markdown,data/processed/Công nghệ thông tin.md,sentence-transformers,1024
386,Công nghệ thông tin,"Công nghệ thông tin > IV. CHƯƠNG TRÌNH KHUNG (KẾ HOẠCH THỰC HIỆN) > HỌC KỲ 4 > Tư tưởng Hồ Chí Minh
- Mã học phần: 005102
- Số tín chỉ: 2
- Loại học phần: Học phần bắt buộc
- Học phần học trước: 005107",IV. CHƯƠNG TRÌNH KHUNG (KẾ HOẠCH THỰC HIỆN),HỌC KỲ 4,Tư tưởng Hồ Chí Minh,,Công nghệ thông tin > IV. CHƯƠNG TRÌNH KHUNG (KẾ HOẠCH THỰC HIỆN) > HỌC KỲ 4 > Tư tưởng Hồ Chí Minh,data/processed/Công nghệ thông tin.md,Công nghệ thông tin,markdown,data/processed/Công nghệ thông tin.md,sentence-transformers,1024
387,Công nghệ thông tin,"Công nghệ thông tin > IV. CHƯƠNG TRÌNH KHUNG (KẾ HOẠCH THỰC HIỆN) > HỌC KỲ 4 > Công nghệ phần mềm
- Mã học phần: 122005
- Số tín chỉ: 2
- Loại học phần: Học phần bắt buộc",IV. CHƯƠNG TRÌNH KHUNG (KẾ HOẠCH THỰC HIỆN),HỌC KỲ 4,Công nghệ phần mềm,,Công nghệ thông tin > IV. CHƯƠNG TRÌNH KHUNG (KẾ HOẠCH THỰC HIỆN) > HỌC KỲ 4 > Công nghệ phần mềm,data/processed/Công nghệ thông tin.md,Công nghệ thông tin,markdown,data/processed/Công nghệ thông tin.md,sentence-transformers,1024
388,Công nghệ thông tin,"Công nghệ thông tin > IV. CHƯƠNG TRÌNH KHUNG (KẾ HOẠCH THỰC HIỆN) > HỌC KỲ 4 > Lý thuyết đồ thị
- Mã học phần: 122004
- Số tín chỉ: 2
- Loại học phần: Học phần bắt buộc
- Học phần học trước: 122002, 124001, 124002",IV. CHƯƠNG TRÌNH KHUNG (KẾ HOẠCH THỰC HIỆN),HỌC KỲ 4,Lý thuyết đồ thị,,Công nghệ thông tin > IV. CHƯƠNG TRÌNH KHUNG (KẾ HOẠCH THỰC HIỆN) > HỌC KỲ 4 > Lý thuyết đồ thị,data/processed/Công nghệ thông tin.md,Công nghệ thông tin,markdown,data/processed/Công nghệ thông tin.md,sentence-transformers,1024
389,Công nghệ thông tin,"Công nghệ thông tin > IV. CHƯƠNG TRÌNH KHUNG (KẾ HOẠCH THỰC HIỆN) > HỌC KỲ 4 > Phân tích thiết kế giải thuật
- Mã học phần: 124003
- Số tín chỉ: 3
- Loại học phần: Học phần bắt buộc
- Học phần học trước: 124002",IV. CHƯƠNG TRÌNH KHUNG (KẾ HOẠCH THỰC HIỆN),HỌC KỲ 4,Phân tích thiết kế giải thuật,,Công nghệ thông tin > IV. CHƯƠNG TRÌNH KHUNG (KẾ HOẠCH THỰC HIỆN) > HỌC KỲ 4 > Phân tích thiết kế giải thuật,data/processed/Công nghệ thông tin.md,Công nghệ thông tin,markdown,data/processed/Công nghệ thông tin.md,sentence-transformers,1024
390,Công nghệ thông tin,"Công nghệ thông tin > IV. CHƯƠNG TRÌNH KHUNG (KẾ HOẠCH THỰC HIỆN) > HỌC KỲ 4 > Phân tích thiết kế hệ thống
- Mã học phần: 121008
- Số tín chỉ: 3
- Loại học phần: Học phần bắt buộc
- Học phần học trước: 121000, 121002",IV. CHƯƠNG TRÌNH KHUNG (KẾ HOẠCH THỰC HIỆN),HỌC KỲ 4,Phân tích thiết kế hệ thống,,Công nghệ thông tin > IV. CHƯƠNG TRÌNH KHUNG (KẾ HOẠCH THỰC HIỆN) > HỌC KỲ 4 > Phân tích thiết kế hệ thống,data/processed/Công nghệ thông tin.md,Công nghệ thông tin,markdown,data/processed/Công nghệ thông tin.md,sentence-transformers,1024
391,Công nghệ thông tin,"Công nghệ thông tin > IV. CHƯƠNG TRÌNH KHUNG (KẾ HOẠCH THỰC HIỆN) > HỌC KỲ 4 > Hệ điều hành
- Mã học phần: 125001
- Số tín chỉ: 3
- Loại học phần: Học phần bắt buộc
- Học phần học trước: 125000",IV. CHƯƠNG TRÌNH KHUNG (KẾ HOẠCH THỰC HIỆN),HỌC KỲ 4,Hệ điều hành,,Công nghệ thông tin > IV. CHƯƠNG TRÌNH KHUNG (KẾ HOẠCH THỰC HIỆN) > HỌC KỲ 4 > Hệ điều hành,data/processed/Công nghệ thông tin.md,Công nghệ thông tin,markdown,data/processed/Công nghệ thông tin.md,sentence-transformers,1024
392,Công nghệ thông tin,"Công nghệ thông tin > IV. CHƯƠNG TRÌNH KHUNG (KẾ HOẠCH THỰC HIỆN) > HỌC KỲ 5
TỔNG SỐ TÍN CHỈ: 15 TÍN CHỈ",IV. CHƯƠNG TRÌNH KHUNG (KẾ HOẠCH THỰC HIỆN),HỌC KỲ 5,,,Công nghệ thông tin > IV. CHƯƠNG TRÌNH KHUNG (KẾ HOẠCH THỰC HIỆN) > HỌC KỲ 5,data/processed/Công nghệ thông tin.md,Công nghệ thông tin,markdown,data/processed/Công nghệ thông tin.md,sentence-transformers,1024
393,Công nghệ thông tin,"Công nghệ thông tin > IV. CHƯƠNG TRÌNH KHUNG (KẾ HOẠCH THỰC HIỆN) > HỌC KỲ 5 > Lập trình mạng
- Mã học phần: 123013
- Số tín chỉ: 3
- Loại học phần: Học phần bắt buộc
- Học phần học trước: 124001, 123002",IV. CHƯƠNG TRÌNH KHUNG (KẾ HOẠCH THỰC HIỆN),HỌC KỲ 5,Lập trình mạng,,Công nghệ thông tin > IV. CHƯƠNG TRÌNH KHUNG (KẾ HOẠCH THỰC HIỆN) > HỌC KỲ 5 > Lập trình mạng,data/processed/Công nghệ thông tin.md,Công nghệ thông tin,markdown,data/processed/Công nghệ thông tin.md,sentence-transformers,1024
394,Công nghệ thông tin,"Công nghệ thông tin > IV. CHƯƠNG TRÌNH KHUNG (KẾ HOẠCH THỰC HIỆN) > HỌC KỲ 5 > Lịch sử Đảng Cộng sản Việt Nam
- Mã học phần: 005108
- Số tín chỉ: 2
- Loại học phần: Học phần bắt buộc
- Học phần học trước: 005102

Sinh viên chọn tối thiểu 10 tín chỉ trong số các học phần sau:",IV. CHƯƠNG TRÌNH KHUNG (KẾ HOẠCH THỰC HIỆN),HỌC KỲ 5,Lịch sử Đảng Cộng sản Việt Nam,,Công nghệ thông tin > IV. CHƯƠNG TRÌNH KHUNG (KẾ HOẠCH THỰC HIỆN) > HỌC KỲ 5 > Lịch sử Đảng Cộng sản Việt Nam,data/processed/Công nghệ thông tin.md,Công nghệ thông tin,markdown,data/processed/Công nghệ thông tin.md,sentence-transformers,1024
395,Công nghệ thông tin,"Công nghệ thông tin > IV. CHƯƠNG TRÌNH KHUNG (KẾ HOẠCH THỰC HIỆN) > HỌC KỲ 5 > Lập trình web
- Mã học phần: 121031
- Số tín chỉ: 3
- Loại học phần: Học phần tự chọn
- Học phần học trước: 121000, 124001",IV. CHƯƠNG TRÌNH KHUNG (KẾ HOẠCH THỰC HIỆN),HỌC KỲ 5,Lập trình web,,Công nghệ thông tin > IV. CHƯƠNG TRÌNH KHUNG (KẾ HOẠCH THỰC HIỆN) > HỌC KỲ 5 > Lập trình web,data/processed/Công nghệ thông tin.md,Công nghệ thông tin,markdown,data/processed/Công nghệ thông tin.md,sentence-transformers,1024
396,Công nghệ thông tin,"Công nghệ thông tin > IV. CHƯƠNG TRÌNH KHUNG (KẾ HOẠCH THỰC HIỆN) > HỌC KỲ 5 > Công nghệ phần mềm nhúng
- Mã học phần: 124008
- Số tín chỉ: 3
- Loại học phần: Học phần tự chọn
- Học phần học trước: 124001, 125000",IV. CHƯƠNG TRÌNH KHUNG (KẾ HOẠCH THỰC HIỆN),HỌC KỲ 5,Công nghệ phần mềm nhúng,,Công nghệ thông tin > IV. CHƯƠNG TRÌNH KHUNG (KẾ HOẠCH THỰC HIỆN) > HỌC KỲ 5 > Công nghệ phần mềm nhúng,data/processed/Công nghệ thông tin.md,Công nghệ thông tin,markdown,data/processed/Công nghệ thông tin.md,sentence-transformers,1024
397,Công nghệ thông tin,"Công nghệ thông tin > IV. CHƯƠNG TRÌNH KHUNG (KẾ HOẠCH THỰC HIỆN) > HỌC KỲ 5 > Lập trình Java
- Mã học phần: 122036
- Số tín chỉ: 2
- Loại học phần: Học phần tự chọn
- Học phần học trước: 122003, 123001",IV. CHƯƠNG TRÌNH KHUNG (KẾ HOẠCH THỰC HIỆN),HỌC KỲ 5,Lập trình Java,,Công nghệ thông tin > IV. CHƯƠNG TRÌNH KHUNG (KẾ HOẠCH THỰC HIỆN) > HỌC KỲ 5 > Lập trình Java,data/processed/Công nghệ thông tin.md,Công nghệ thông tin,markdown,data/processed/Công nghệ thông tin.md,sentence-transformers,1024
398,Công nghệ thông tin,"Công nghệ thông tin > IV. CHƯƠNG TRÌNH KHUNG (KẾ HOẠCH THỰC HIỆN) > HỌC KỲ 5 > Mạng máy tính nâng cao
- Mã học phần: 123036
- Số tín chỉ: 2
- Loại học phần: Học phần tự chọn
- Học phần học trước: 123002",IV. CHƯƠNG TRÌNH KHUNG (KẾ HOẠCH THỰC HIỆN),HỌC KỲ 5,Mạng máy tính nâng cao,,Công nghệ thông tin > IV. CHƯƠNG TRÌNH KHUNG (KẾ HOẠCH THỰC HIỆN) > HỌC KỲ 5 > Mạng máy tính nâng cao,data/processed/Công nghệ thông tin.md,Công nghệ thông tin,markdown,data/processed/Công nghệ thông tin.md,sentence-transformers,1024
399,Công nghệ thông tin,"Công nghệ thông tin > IV. CHƯƠNG TRÌNH KHUNG (KẾ HOẠCH THỰC HIỆN) > HỌC KỲ 5 > Mạng không dây
- Mã học phần: 123037
- Số tín chỉ: 2
- Loại học phần: Học phần tự chọn
- Học phần học trước: 123036
- Học phần tiên quyết: 123002",IV. CHƯƠNG TRÌNH KHUNG (KẾ HOẠCH THỰC HIỆN),HỌC KỲ 5,Mạng không dây,,Công nghệ thông tin > IV. CHƯƠNG TRÌNH KHUNG (KẾ HOẠCH THỰC HIỆN) > HỌC KỲ 5 > Mạng không dây,data/processed/Công nghệ thông tin.md,Công nghệ thông tin,markdown,data/processed/Công nghệ thông tin.md,sentence-transformers,1024
400,Công nghệ thông tin,"Công nghệ thông tin > IV. CHƯƠNG TRÌNH KHUNG (KẾ HOẠCH THỰC HIỆN) > HỌC KỲ 5 > Kỹ thuật truyền số liệu
- Mã học phần: 125003
- Số tín chỉ: 2
- Loại học phần: Học phần tự chọn
- Học phần học trước: 123002",IV. CHƯƠNG TRÌNH KHUNG (KẾ HOẠCH THỰC HIỆN),HỌC KỲ 5,Kỹ thuật truyền số liệu,,Công nghệ thông tin > IV. CHƯƠNG TRÌNH KHUNG (KẾ HOẠCH THỰC HIỆN) > HỌC KỲ 5 > Kỹ thuật truyền số liệu,data/processed/Công nghệ thông tin.md,Công nghệ thông tin,markdown,data/processed/Công nghệ thông tin.md,sentence-transformers,1024
401,Công nghệ thông tin,"Công nghệ thông tin > IV. CHƯƠNG TRÌNH KHUNG (KẾ HOẠCH THỰC HIỆN) > HỌC KỲ 5 > Hệ điều hành Linux
- Mã học phần: 123041
- Số tín chỉ: 3
- Loại học phần: Học phần tự chọn
- Học phần học trước: 125001",IV. CHƯƠNG TRÌNH KHUNG (KẾ HOẠCH THỰC HIỆN),HỌC KỲ 5,Hệ điều hành Linux,,Công nghệ thông tin > IV. CHƯƠNG TRÌNH KHUNG (KẾ HOẠCH THỰC HIỆN) > HỌC KỲ 5 > Hệ điều hành Linux,data/processed/Công nghệ thông tin.md,Công nghệ thông tin,markdown,data/processed/Công nghệ thông tin.md,sentence-transformers,1024
402,Công nghệ thông tin,"Công nghệ thông tin > IV. CHƯƠNG TRÌNH KHUNG (KẾ HOẠCH THỰC HIỆN) > HỌC KỲ 5 > Thiết kế mạng
- Mã học phần: 123032
- Số tín chỉ: 2
- Loại học phần: Học phần tự chọn
- Học phần học trước: 123002",IV. CHƯƠNG TRÌNH KHUNG (KẾ HOẠCH THỰC HIỆN),HỌC KỲ 5,Thiết kế mạng,,Công nghệ thông tin > IV. CHƯƠNG TRÌNH KHUNG (KẾ HOẠCH THỰC HIỆN) > HỌC KỲ 5 > Thiết kế mạng,data/processed/Công nghệ thông tin.md,Công nghệ thông tin,markdown,data/processed/Công nghệ thông tin.md,sentence-transformers,1024
403,Công nghệ thông tin,"Công nghệ thông tin > IV. CHƯƠNG TRÌNH KHUNG (KẾ HOẠCH THỰC HIỆN) > HỌC KỲ 5 > Quản trị dự án CNTT
- Mã học phần: 123015
- Số tín chỉ: 3
- Loại học phần: Học phần tự chọn",IV. CHƯƠNG TRÌNH KHUNG (KẾ HOẠCH THỰC HIỆN),HỌC KỲ 5,Quản trị dự án CNTT,,Công nghệ thông tin > IV. CHƯƠNG TRÌNH KHUNG (KẾ HOẠCH THỰC HIỆN) > HỌC KỲ 5 > Quản trị dự án CNTT,data/processed/Công nghệ thông tin.md,Công nghệ thông tin,markdown,data/processed/Công nghệ thông tin.md,sentence-transformers,1024
404,Công nghệ thông tin,"Công nghệ thông tin > IV. CHƯƠNG TRÌNH KHUNG (KẾ HOẠCH THỰC HIỆN) > HỌC KỲ 6
TỔNG SỐ TÍN CHỈ: 16 TÍN CHỈ",IV. CHƯƠNG TRÌNH KHUNG (KẾ HOẠCH THỰC HIỆN),HỌC KỲ 6,,,Công nghệ thông tin > IV. CHƯƠNG TRÌNH KHUNG (KẾ HOẠCH THỰC HIỆN) > HỌC KỲ 6,data/processed/Công nghệ thông tin.md,Công nghệ thông tin,markdown,data/processed/Công nghệ thông tin.md,sentence-transformers,1024
405,Công nghệ thông tin,"Công nghệ thông tin > IV. CHƯƠNG TRÌNH KHUNG (KẾ HOẠCH THỰC HIỆN) > HỌC KỲ 6 > Chuyên đề hệ thống giao thông thông minh
- Mã học phần: 122038
- Số tín chỉ: 3
- Loại học phần: Học phần bắt buộc
- Học phần học trước: 124001, 121008",IV. CHƯƠNG TRÌNH KHUNG (KẾ HOẠCH THỰC HIỆN),HỌC KỲ 6,Chuyên đề hệ thống giao thông thông minh,,Công nghệ thông tin > IV. CHƯƠNG TRÌNH KHUNG (KẾ HOẠCH THỰC HIỆN) > HỌC KỲ 6 > Chuyên đề hệ thống giao thông thông minh,data/processed/Công nghệ thông tin.md,Công nghệ thông tin,markdown,data/processed/Công nghệ thông tin.md,sentence-transformers,1024
406,Công nghệ thông tin,"Công nghệ thông tin > IV. CHƯƠNG TRÌNH KHUNG (KẾ HOẠCH THỰC HIỆN) > HỌC KỲ 6 > An toàn thông tin
- Mã học phần: 123033
- Số tín chỉ: 3
- Loại học phần: Học phần bắt buộc",IV. CHƯƠNG TRÌNH KHUNG (KẾ HOẠCH THỰC HIỆN),HỌC KỲ 6,An toàn thông tin,,Công nghệ thông tin > IV. CHƯƠNG TRÌNH KHUNG (KẾ HOẠCH THỰC HIỆN) > HỌC KỲ 6 > An toàn thông tin,data/processed/Công nghệ thông tin.md,Công nghệ thông tin,markdown,data/processed/Công nghệ thông tin.md,sentence-transformers,1024
407,Công nghệ thông tin,"Công nghệ thông tin > IV. CHƯƠNG TRÌNH KHUNG (KẾ HOẠCH THỰC HIỆN) > HỌC KỲ 6 > Chuyên đề thực tế 2
- Mã học phần: 123042
- Số tín chỉ: 1
- Loại học phần: Học phần bắt buộc
- Học phần học trước: 122043

Sinh viên chọn tối thiểu 9 tín chỉ trong số các học phần sau:",IV. CHƯƠNG TRÌNH KHUNG (KẾ HOẠCH THỰC HIỆN),HỌC KỲ 6,Chuyên đề thực tế 2,,Công nghệ thông tin > IV. CHƯƠNG TRÌNH KHUNG (KẾ HOẠCH THỰC HIỆN) > HỌC KỲ 6 > Chuyên đề thực tế 2,data/processed/Công nghệ thông tin.md,Công nghệ thông tin,markdown,data/processed/Công nghệ thông tin.md,sentence-transformers,1024
408,Công nghệ thông tin,"Công nghệ thông tin > IV. CHƯƠNG TRÌNH KHUNG (KẾ HOẠCH THỰC HIỆN) > HỌC KỲ 6 > Thiết bị truyền thông và mạng
- Mã học phần: 123009
- Số tín chỉ: 3
- Loại học phần: Học phần tự chọn
- Học phần học trước: 123036
- Học phần tiên quyết: 123002",IV. CHƯƠNG TRÌNH KHUNG (KẾ HOẠCH THỰC HIỆN),HỌC KỲ 6,Thiết bị truyền thông và mạng,,Công nghệ thông tin > IV. CHƯƠNG TRÌNH KHUNG (KẾ HOẠCH THỰC HIỆN) > HỌC KỲ 6 > Thiết bị truyền thông và mạng,data/processed/Công nghệ thông tin.md,Công nghệ thông tin,markdown,data/processed/Công nghệ thông tin.md,sentence-transformers,1024
409,Công nghệ thông tin,"Công nghệ thông tin > IV. CHƯƠNG TRÌNH KHUNG (KẾ HOẠCH THỰC HIỆN) > HỌC KỲ 6 > Hệ quản trị cơ sở dữ liệu
- Mã học phần: 121003
- Số tín chỉ: 3
- Loại học phần: Học phần tự chọn
- Học phần học trước: 121000",IV. CHƯƠNG TRÌNH KHUNG (KẾ HOẠCH THỰC HIỆN),HỌC KỲ 6,Hệ quản trị cơ sở dữ liệu,,Công nghệ thông tin > IV. CHƯƠNG TRÌNH KHUNG (KẾ HOẠCH THỰC HIỆN) > HỌC KỲ 6 > Hệ quản trị cơ sở dữ liệu,data/processed/Công nghệ thông tin.md,Công nghệ thông tin,markdown,data/processed/Công nghệ thông tin.md,sentence-transformers,1024
410,Công nghệ thông tin,"Công nghệ thông tin > IV. CHƯƠNG TRÌNH KHUNG (KẾ HOẠCH THỰC HIỆN) > HỌC KỲ 6 > Lập trình thiết bị di động
- Mã học phần: 121034
- Số tín chỉ: 3
- Loại học phần: Học phần tự chọn
- Học phần học trước: 121000, 124001, 122003",IV. CHƯƠNG TRÌNH KHUNG (KẾ HOẠCH THỰC HIỆN),HỌC KỲ 6,Lập trình thiết bị di động,,Công nghệ thông tin > IV. CHƯƠNG TRÌNH KHUNG (KẾ HOẠCH THỰC HIỆN) > HỌC KỲ 6 > Lập trình thiết bị di động,data/processed/Công nghệ thông tin.md,Công nghệ thông tin,markdown,data/processed/Công nghệ thông tin.md,sentence-transformers,1024
411,Công nghệ thông tin,"Công nghệ thông tin > IV. CHƯƠNG TRÌNH KHUNG (KẾ HOẠCH THỰC HIỆN) > HỌC KỲ 6 > Quản trị dự án phần mềm
- Mã học phần: 122024
- Số tín chỉ: 3
- Loại học phần: Học phần tự chọn
- Học phần học trước: 122005",IV. CHƯƠNG TRÌNH KHUNG (KẾ HOẠCH THỰC HIỆN),HỌC KỲ 6,Quản trị dự án phần mềm,,Công nghệ thông tin > IV. CHƯƠNG TRÌNH KHUNG (KẾ HOẠCH THỰC HIỆN) > HỌC KỲ 6 > Quản trị dự án phần mềm,data/processed/Công nghệ thông tin.md,Công nghệ thông tin,markdown,data/processed/Công nghệ thông tin.md,sentence-transformers,1024
412,Công nghệ thông tin,"Công nghệ thông tin > IV. CHƯƠNG TRÌNH KHUNG (KẾ HOẠCH THỰC HIỆN) > HỌC KỲ 6 > Đồ án thực tế công nghệ phần mềm
- Mã học phần: 122039
- Số tín chỉ: 3
- Loại học phần: Học phần tự chọn
- Học phần học trước: 124001, 122005",IV. CHƯƠNG TRÌNH KHUNG (KẾ HOẠCH THỰC HIỆN),HỌC KỲ 6,Đồ án thực tế công nghệ phần mềm,,Công nghệ thông tin > IV. CHƯƠNG TRÌNH KHUNG (KẾ HOẠCH THỰC HIỆN) > HỌC KỲ 6 > Đồ án thực tế công nghệ phần mềm,data/processed/Công nghệ thông tin.md,Công nghệ thông tin,markdown,data/processed/Công nghệ thông tin.md,sentence-transformers,1024
413,Công nghệ thông tin,"Công nghệ thông tin > IV. CHƯƠNG TRÌNH KHUNG (KẾ HOẠCH THỰC HIỆN) > HỌC KỲ 6 > Quản trị mạng
- Mã học phần: 123005
- Số tín chỉ: 3
- Loại học phần: Học phần tự chọn
- Học phần học trước: 123002",IV. CHƯƠNG TRÌNH KHUNG (KẾ HOẠCH THỰC HIỆN),HỌC KỲ 6,Quản trị mạng,,Công nghệ thông tin > IV. CHƯƠNG TRÌNH KHUNG (KẾ HOẠCH THỰC HIỆN) > HỌC KỲ 6 > Quản trị mạng,data/processed/Công nghệ thông tin.md,Công nghệ thông tin,markdown,data/processed/Công nghệ thông tin.md,sentence-transformers,1024
414,Công nghệ thông tin,"Công nghệ thông tin > IV. CHƯƠNG TRÌNH KHUNG (KẾ HOẠCH THỰC HIỆN) > HỌC KỲ 7
TỔNG SỐ TÍN CHỈ: 14 TÍN CHỈ",IV. CHƯƠNG TRÌNH KHUNG (KẾ HOẠCH THỰC HIỆN),HỌC KỲ 7,,,Công nghệ thông tin > IV. CHƯƠNG TRÌNH KHUNG (KẾ HOẠCH THỰC HIỆN) > HỌC KỲ 7,data/processed/Công nghệ thông tin.md,Công nghệ thông tin,markdown,data/processed/Công nghệ thông tin.md,sentence-transformers,1024
415,Công nghệ thông tin,"Công nghệ thông tin > IV. CHƯƠNG TRÌNH KHUNG (KẾ HOẠCH THỰC HIỆN) > HỌC KỲ 7 > Thực tập tốt nghiệp
- Mã học phần: 126000
- Số tín chỉ: 3
- Loại học phần: Học phần bắt buộc
- Học phần học trước: Tất cả các học phần bắt buộc

Sinh viên chọn tối thiểu 3 tín chỉ trong số học phần sau:",IV. CHƯƠNG TRÌNH KHUNG (KẾ HOẠCH THỰC HIỆN),HỌC KỲ 7,Thực tập tốt nghiệp,,Công nghệ thông tin > IV. CHƯƠNG TRÌNH KHUNG (KẾ HOẠCH THỰC HIỆN) > HỌC KỲ 7 > Thực tập tốt nghiệp,data/processed/Công nghệ thông tin.md,Công nghệ thông tin,markdown,data/processed/Công nghệ thông tin.md,sentence-transformers,1024
416,Công nghệ thông tin,"Công nghệ thông tin > IV. CHƯƠNG TRÌNH KHUNG (KẾ HOẠCH THỰC HIỆN) > HỌC KỲ 7 > Hệ điều hành mạng
- Mã học phần: 123034
- Số tín chỉ: 3
- Loại học phần: Học phần tự chọn
- Học phần học trước: 125001, 123002",IV. CHƯƠNG TRÌNH KHUNG (KẾ HOẠCH THỰC HIỆN),HỌC KỲ 7,Hệ điều hành mạng,,Công nghệ thông tin > IV. CHƯƠNG TRÌNH KHUNG (KẾ HOẠCH THỰC HIỆN) > HỌC KỲ 7 > Hệ điều hành mạng,data/processed/Công nghệ thông tin.md,Công nghệ thông tin,markdown,data/processed/Công nghệ thông tin.md,sentence-transformers,1024
417,Công nghệ thông tin,"Công nghệ thông tin > IV. CHƯƠNG TRÌNH KHUNG (KẾ HOẠCH THỰC HIỆN) > HỌC KỲ 7 > Xây dựng hệ thống thông tin quản lý
- Mã học phần: 121035
- Số tín chỉ: 3
- Loại học phần: Học phần tự chọn
- Học phần học trước: 124001, 121000",IV. CHƯƠNG TRÌNH KHUNG (KẾ HOẠCH THỰC HIỆN),HỌC KỲ 7,Xây dựng hệ thống thông tin quản lý,,Công nghệ thông tin > IV. CHƯƠNG TRÌNH KHUNG (KẾ HOẠCH THỰC HIỆN) > HỌC KỲ 7 > Xây dựng hệ thống thông tin quản lý,data/processed/Công nghệ thông tin.md,Công nghệ thông tin,markdown,data/processed/Công nghệ thông tin.md,sentence-transformers,1024
418,Công nghệ thông tin,"Công nghệ thông tin > IV. CHƯƠNG TRÌNH KHUNG (KẾ HOẠCH THỰC HIỆN) > HỌC KỲ 7 > Xây dựng phần mềm hướng đối tượng
- Mã học phần: 122010
- Số tín chỉ: 3
- Loại học phần: Học phần tự chọn
- Học phần học trước: 122003, 122005

Sinh viên chọn tối thiểu 8 tín chỉ trong số học phần sau:",IV. CHƯƠNG TRÌNH KHUNG (KẾ HOẠCH THỰC HIỆN),HỌC KỲ 7,Xây dựng phần mềm hướng đối tượng,,Công nghệ thông tin > IV. CHƯƠNG TRÌNH KHUNG (KẾ HOẠCH THỰC HIỆN) > HỌC KỲ 7 > Xây dựng phần mềm hướng đối tượng,data/processed/Công nghệ thông tin.md,Công nghệ thông tin,markdown,data/processed/Công nghệ thông tin.md,sentence-transformers,1024
419,Công nghệ thông tin,"Công nghệ thông tin > IV. CHƯƠNG TRÌNH KHUNG (KẾ HOẠCH THỰC HIỆN) > HỌC KỲ 7 > Thương mại điện tử
- Mã học phần: 124006
- Số tín chỉ: 3
- Loại học phần: Học phần tự chọn",IV. CHƯƠNG TRÌNH KHUNG (KẾ HOẠCH THỰC HIỆN),HỌC KỲ 7,Thương mại điện tử,,Công nghệ thông tin > IV. CHƯƠNG TRÌNH KHUNG (KẾ HOẠCH THỰC HIỆN) > HỌC KỲ 7 > Thương mại điện tử,data/processed/Công nghệ thông tin.md,Công nghệ thông tin,markdown,data/processed/Công nghệ thông tin.md,sentence-transformers,1024
420,Công nghệ thông tin,"Công nghệ thông tin > IV. CHƯƠNG TRÌNH KHUNG (KẾ HOẠCH THỰC HIỆN) > HỌC KỲ 7 > Luật Công nghệ thông tin
- Mã học phần: 124005
- Số tín chỉ: 2
- Loại học phần: Học phần tự chọn",IV. CHƯƠNG TRÌNH KHUNG (KẾ HOẠCH THỰC HIỆN),HỌC KỲ 7,Luật Công nghệ thông tin,,Công nghệ thông tin > IV. CHƯƠNG TRÌNH KHUNG (KẾ HOẠCH THỰC HIỆN) > HỌC KỲ 7 > Luật Công nghệ thông tin,data/processed/Công nghệ thông tin.md,Công nghệ thông tin,markdown,data/processed/Công nghệ thông tin.md,sentence-transformers,1024
421,Công nghệ thông tin,"Công nghệ thông tin > IV. CHƯƠNG TRÌNH KHUNG (KẾ HOẠCH THỰC HIỆN) > HỌC KỲ 7 > Kỹ năng làm việc
- Mã học phần: 123016
- Số tín chỉ: 3
- Loại học phần: Học phần tự chọn",IV. CHƯƠNG TRÌNH KHUNG (KẾ HOẠCH THỰC HIỆN),HỌC KỲ 7,Kỹ năng làm việc,,Công nghệ thông tin > IV. CHƯƠNG TRÌNH KHUNG (KẾ HOẠCH THỰC HIỆN) > HỌC KỲ 7 > Kỹ năng làm việc,data/processed/Công nghệ thông tin.md,Công nghệ thông tin,markdown,data/processed/Công nghệ thông tin.md,sentence-transformers,1024
422,Công nghệ thông tin,"Công nghệ thông tin > IV. CHƯƠNG TRÌNH KHUNG (KẾ HOẠCH THỰC HIỆN) > HỌC KỲ 7 > Internet vạn vật (IoT)
- Mã học phần: 124011
- Số tín chỉ: 2
- Loại học phần: Học phần tự chọn
- Học phần học trước: 124001",IV. CHƯƠNG TRÌNH KHUNG (KẾ HOẠCH THỰC HIỆN),HỌC KỲ 7,Internet vạn vật (IoT),,Công nghệ thông tin > IV. CHƯƠNG TRÌNH KHUNG (KẾ HOẠCH THỰC HIỆN) > HỌC KỲ 7 > Internet vạn vật (IoT),data/processed/Công nghệ thông tin.md,Công nghệ thông tin,markdown,data/processed/Công nghệ thông tin.md,sentence-transformers,1024
423,Công nghệ thông tin,"Công nghệ thông tin > IV. CHƯƠNG TRÌNH KHUNG (KẾ HOẠCH THỰC HIỆN) > HỌC KỲ 7 > Môi trường và phát triển kinh tế bền vững
- Mã học phần: 154008
- Số tín chỉ: 2
- Loại học phần: Học phần tự chọn",IV. CHƯƠNG TRÌNH KHUNG (KẾ HOẠCH THỰC HIỆN),HỌC KỲ 7,Môi trường và phát triển kinh tế bền vững,,Công nghệ thông tin > IV. CHƯƠNG TRÌNH KHUNG (KẾ HOẠCH THỰC HIỆN) > HỌC KỲ 7 > Môi trường và phát triển kinh tế bền vững,data/processed/Công nghệ thông tin.md,Công nghệ thông tin,markdown,data/processed/Công nghệ thông tin.md,sentence-transformers,1024
424,Công nghệ thông tin,"Công nghệ thông tin > IV. CHƯƠNG TRÌNH KHUNG (KẾ HOẠCH THỰC HIỆN) > HỌC KỲ 7 > Tối ưu hóa
- Mã học phần: 001210
- Số tín chỉ: 2
- Loại học phần: Học phần tự chọn",IV. CHƯƠNG TRÌNH KHUNG (KẾ HOẠCH THỰC HIỆN),HỌC KỲ 7,Tối ưu hóa,,Công nghệ thông tin > IV. CHƯƠNG TRÌNH KHUNG (KẾ HOẠCH THỰC HIỆN) > HỌC KỲ 7 > Tối ưu hóa,data/processed/Công nghệ thông tin.md,Công nghệ thông tin,markdown,data/processed/Công nghệ thông tin.md,sentence-transformers,1024
425,Công nghệ thông tin,"Công nghệ thông tin > IV. CHƯƠNG TRÌNH KHUNG (KẾ HOẠCH THỰC HIỆN) > HỌC KỲ 8
TỔNG SỐ TÍN CHỈ: 12 TÍN CHỈ",IV. CHƯƠNG TRÌNH KHUNG (KẾ HOẠCH THỰC HIỆN),HỌC KỲ 8,,,Công nghệ thông tin > IV. CHƯƠNG TRÌNH KHUNG (KẾ HOẠCH THỰC HIỆN) > HỌC KỲ 8,data/processed/Công nghệ thông tin.md,Công nghệ thông tin,markdown,data/processed/Công nghệ thông tin.md,sentence-transformers,1024
426,Công nghệ thông tin,"Công nghệ thông tin > IV. CHƯƠNG TRÌNH KHUNG (KẾ HOẠCH THỰC HIỆN) > HỌC KỲ 8 > Luận văn tốt nghiệp
- Mã học phần: 126001
- Số tín chỉ: 6
- Loại học phần: Học phần bắt buộc
- Học phần tiên quyết: Tất cả

Sinh viên học 12 tín chỉ tự chọn (nếu không làm Luận văn tốt nghiệp) hoặc học thêm 6 tín chỉ tự chọn (nếu làm Luận văn tốt nghiệp) trong số các học phần sau:",IV. CHƯƠNG TRÌNH KHUNG (KẾ HOẠCH THỰC HIỆN),HỌC KỲ 8,Luận văn tốt nghiệp,,Công nghệ thông tin > IV. CHƯƠNG TRÌNH KHUNG (KẾ HOẠCH THỰC HIỆN) > HỌC KỲ 8 > Luận văn tốt nghiệp,data/processed/Công nghệ thông tin.md,Công nghệ thông tin,markdown,data/processed/Công nghệ thông tin.md,sentence-transformers,1024
427,Công nghệ thông tin,"Công nghệ thông tin > IV. CHƯƠNG TRÌNH KHUNG (KẾ HOẠCH THỰC HIỆN) > HỌC KỲ 8 > Trí tuệ nhân tạo
- Mã học phần: 121033
- Số tín chỉ: 3
- Học phần tiên quyết: Tất cả
- Loại học phần: Học phần tự chọn",IV. CHƯƠNG TRÌNH KHUNG (KẾ HOẠCH THỰC HIỆN),HỌC KỲ 8,Trí tuệ nhân tạo,,Công nghệ thông tin > IV. CHƯƠNG TRÌNH KHUNG (KẾ HOẠCH THỰC HIỆN) > HỌC KỲ 8 > Trí tuệ nhân tạo,data/processed/Công nghệ thông tin.md,Công nghệ thông tin,markdown,data/processed/Công nghệ thông tin.md,sentence-transformers,1024
428,Công nghệ thông tin,"Công nghệ thông tin > IV. CHƯƠNG TRÌNH KHUNG (KẾ HOẠCH THỰC HIỆN) > HỌC KỲ 8 > Xử lý ảnh và thị giác máy tính
- Mã học phần: 121036
- Số tín chỉ: 3
- Học phần tiên quyết: Tất cả
- Loại học phần: Học phần tự chọn",IV. CHƯƠNG TRÌNH KHUNG (KẾ HOẠCH THỰC HIỆN),HỌC KỲ 8,Xử lý ảnh và thị giác máy tính,,Công nghệ thông tin > IV. CHƯƠNG TRÌNH KHUNG (KẾ HOẠCH THỰC HIỆN) > HỌC KỲ 8 > Xử lý ảnh và thị giác máy tính,data/processed/Công nghệ thông tin.md,Công nghệ thông tin,markdown,data/processed/Công nghệ thông tin.md,sentence-transformers,1024
429,Công nghệ thông tin,"Công nghệ thông tin > IV. CHƯƠNG TRÌNH KHUNG (KẾ HOẠCH THỰC HIỆN) > HỌC KỲ 8 > Khai thác dữ liệu
- Mã học phần: 122041
- Số tín chỉ: 3
- Học phần tiên quyết: Tất cả
- Loại học phần: Học phần tự chọn",IV. CHƯƠNG TRÌNH KHUNG (KẾ HOẠCH THỰC HIỆN),HỌC KỲ 8,Khai thác dữ liệu,,Công nghệ thông tin > IV. CHƯƠNG TRÌNH KHUNG (KẾ HOẠCH THỰC HIỆN) > HỌC KỲ 8 > Khai thác dữ liệu,data/processed/Công nghệ thông tin.md,Công nghệ thông tin,markdown,data/processed/Công nghệ thông tin.md,sentence-transformers,1024
430,Công nghệ thông tin,"Công nghệ thông tin > IV. CHƯƠNG TRÌNH KHUNG (KẾ HOẠCH THỰC HIỆN) > HỌC KỲ 8 > Kiểm chứng phần mềm
- Mã học phần: 122040
- Số tín chỉ: 3
- Học phần tiên quyết: Tất cả
- Loại học phần: Học phần tự chọn",IV. CHƯƠNG TRÌNH KHUNG (KẾ HOẠCH THỰC HIỆN),HỌC KỲ 8,Kiểm chứng phần mềm,,Công nghệ thông tin > IV. CHƯƠNG TRÌNH KHUNG (KẾ HOẠCH THỰC HIỆN) > HỌC KỲ 8 > Kiểm chứng phần mềm,data/processed/Công nghệ thông tin.md,Công nghệ thông tin,markdown,data/processed/Công nghệ thông tin.md,sentence-transformers,1024
431,Công nghệ thông tin,"Công nghệ thông tin > IV. CHƯƠNG TRÌNH KHUNG (KẾ HOẠCH THỰC HIỆN) > HỌC KỲ 8 > Điện toán đám mây
- Mã học phần: 123039
- Số tín chỉ: 3
- Học phần tiên quyết: Tất cả
- Loại học phần: Học phần tự chọn",IV. CHƯƠNG TRÌNH KHUNG (KẾ HOẠCH THỰC HIỆN),HỌC KỲ 8,Điện toán đám mây,,Công nghệ thông tin > IV. CHƯƠNG TRÌNH KHUNG (KẾ HOẠCH THỰC HIỆN) > HỌC KỲ 8 > Điện toán đám mây,data/processed/Công nghệ thông tin.md,Công nghệ thông tin,markdown,data/processed/Công nghệ thông tin.md,sentence-transformers,1024
432,Công nghệ thông tin,"Công nghệ thông tin > IV. CHƯƠNG TRÌNH KHUNG (KẾ HOẠCH THỰC HIỆN) > HỌC KỲ 8 > An ninh mạng
- Mã học phần: 123038
- Số tín chỉ: 3
- Học phần tiên quyết: Tất cả
- Loại học phần: Học phần tự chọn",IV. CHƯƠNG TRÌNH KHUNG (KẾ HOẠCH THỰC HIỆN),HỌC KỲ 8,An ninh mạng,,Công nghệ thông tin > IV. CHƯƠNG TRÌNH KHUNG (KẾ HOẠCH THỰC HIỆN) > HỌC KỲ 8 > An ninh mạng,data/processed/Công nghệ thông tin.md,Công nghệ thông tin,markdown,data/processed/Công nghệ thông tin.md,sentence-transformers,1024
433,Công nghệ thông tin,"Công nghệ thông tin > IV. CHƯƠNG TRÌNH KHUNG (KẾ HOẠCH THỰC HIỆN) > KHỐI KIẾN THỨC ĐIỀU KIỆN > I. Giáo dục quốc phòng – An ninh (8 tín chỉ)
(Sinh viên học theo kế hoạch của nhà trường)",IV. CHƯƠNG TRÌNH KHUNG (KẾ HOẠCH THỰC HIỆN),KHỐI KIẾN THỨC ĐIỀU KIỆN,I. Giáo dục quốc phòng – An ninh (8 tín chỉ),,Công nghệ thông tin > IV. CHƯƠNG TRÌNH KHUNG (KẾ HOẠCH THỰC HIỆN) > KHỐI KIẾN THỨC ĐIỀU KIỆN > I. Giáo dục quốc phòng – An ninh (8 tín chỉ),data/processed/Công nghệ thông tin.md,Công nghệ thông tin,markdown,data/processed/Công nghệ thông tin.md,sentence-transformers,1024
434,Công nghệ thông tin,"Công nghệ thông tin > IV. CHƯƠNG TRÌNH KHUNG (KẾ HOẠCH THỰC HIỆN) > KHỐI KIẾN THỨC ĐIỀU KIỆN > I. Giáo dục quốc phòng – An ninh (8 tín chỉ) > Đường lối quân sự của Đảng
- Mã học phần: 007101
- Khối lượng: 30 tiết
- Loại học phần: Học phần bắt buộc",IV. CHƯƠNG TRÌNH KHUNG (KẾ HOẠCH THỰC HIỆN),KHỐI KIẾN THỨC ĐIỀU KIỆN,I. Giáo dục quốc phòng – An ninh (8 tín chỉ),Đường lối quân sự của Đảng,Công nghệ thông tin > IV. CHƯƠNG TRÌNH KHUNG (KẾ HOẠCH THỰC HIỆN) > KHỐI KIẾN THỨC ĐIỀU KIỆN > I. Giáo dục quốc phòng – An ninh (8 tín chỉ) > Đường lối quân sự của Đảng,data/processed/Công nghệ thông tin.md,Công nghệ thông tin,markdown,data/processed/Công nghệ thông tin.md,sentence-transformers,1024
435,Công nghệ thông tin,"Công nghệ thông tin > IV. CHƯƠNG TRÌNH KHUNG (KẾ HOẠCH THỰC HIỆN) > KHỐI KIẾN THỨC ĐIỀU KIỆN > I. Giáo dục quốc phòng – An ninh (8 tín chỉ) > Công tác quốc phòng an ninh
- Mã học phần: 007102
- Khối lượng: 30 tiết
- Loại học phần: Học phần bắt buộc",IV. CHƯƠNG TRÌNH KHUNG (KẾ HOẠCH THỰC HIỆN),KHỐI KIẾN THỨC ĐIỀU KIỆN,I. Giáo dục quốc phòng – An ninh (8 tín chỉ),Công tác quốc phòng an ninh,Công nghệ thông tin > IV. CHƯƠNG TRÌNH KHUNG (KẾ HOẠCH THỰC HIỆN) > KHỐI KIẾN THỨC ĐIỀU KIỆN > I. Giáo dục quốc phòng – An ninh (8 tín chỉ) > Công tác quốc phòng an ninh,data/processed/Công nghệ thông tin.md,Công nghệ thông tin,markdown,data/processed/Công nghệ thông tin.md,sentence-transformers,1024
436,Công nghệ thông tin,"Công nghệ thông tin > IV. CHƯƠNG TRÌNH KHUNG (KẾ HOẠCH THỰC HIỆN) > KHỐI KIẾN THỨC ĐIỀU KIỆN > I. Giáo dục quốc phòng – An ninh (8 tín chỉ) > Quân sự chung và kỹ chiến thuật bắn súng AK
- Mã học phần: 007103
- Khối lượng: 85 tiết
- Loại học phần: Học phần bắt buộc",IV. CHƯƠNG TRÌNH KHUNG (KẾ HOẠCH THỰC HIỆN),KHỐI KIẾN THỨC ĐIỀU KIỆN,I. Giáo dục quốc phòng – An ninh (8 tín chỉ),Quân sự chung và kỹ chiến thuật bắn súng AK,Công nghệ thông tin > IV. CHƯƠNG TRÌNH KHUNG (KẾ HOẠCH THỰC HIỆN) > KHỐI KIẾN THỨC ĐIỀU KIỆN > I. Giáo dục quốc phòng – An ninh (8 tín chỉ) > Quân sự chung và kỹ chiến thuật bắn súng AK,data/processed/Công nghệ thông tin.md,Công nghệ thông tin,markdown,data/processed/Công nghệ thông tin.md,sentence-transformers,1024
437,Công nghệ thông tin,"Công nghệ thông tin > IV. CHƯƠNG TRÌNH KHUNG (KẾ HOẠCH THỰC HIỆN) > KHỐI KIẾN THỨC ĐIỀU KIỆN > I. Giáo dục quốc phòng – An ninh (8 tín chỉ) > Hiểu biết chung về quân binh chủng
- Mã học phần: 007104
- Khối lượng: 20 tiết
- Loại học phần: Học phần bắt buộc",IV. CHƯƠNG TRÌNH KHUNG (KẾ HOẠCH THỰC HIỆN),KHỐI KIẾN THỨC ĐIỀU KIỆN,I. Giáo dục quốc phòng – An ninh (8 tín chỉ),Hiểu biết chung về quân binh chủng,Công nghệ thông tin > IV. CHƯƠNG TRÌNH KHUNG (KẾ HOẠCH THỰC HIỆN) > KHỐI KIẾN THỨC ĐIỀU KIỆN > I. Giáo dục quốc phòng – An ninh (8 tín chỉ) > Hiểu biết chung về quân binh chủng,data/processed/Công nghệ thông tin.md,Công nghệ thông tin,markdown,data/processed/Công nghệ thông tin.md,sentence-transformers,1024
438,Công nghệ thông tin,"Công nghệ thông tin > IV. CHƯƠNG TRÌNH KHUNG (KẾ HOẠCH THỰC HIỆN) > KHỐI KIẾN THỨC ĐIỀU KIỆN > II. Giáo dục thể chất (4 tín chỉ) > Lý thuyết GDTC
- Mã học phần: 004101
- Số tín chỉ: 1
- Loại học phần: Học phần tự chọn",IV. CHƯƠNG TRÌNH KHUNG (KẾ HOẠCH THỰC HIỆN),KHỐI KIẾN THỨC ĐIỀU KIỆN,II. Giáo dục thể chất (4 tín chỉ),Lý thuyết GDTC,Công nghệ thông tin > IV. CHƯƠNG TRÌNH KHUNG (KẾ HOẠCH THỰC HIỆN) > KHỐI KIẾN THỨC ĐIỀU KIỆN > II. Giáo dục thể chất (4 tín chỉ) > Lý thuyết GDTC,data/processed/Công nghệ thông tin.md,Công nghệ thông tin,markdown,data/processed/Công nghệ thông tin.md,sentence-transformers,1024
439,Công nghệ thông tin,"Công nghệ thông tin > IV. CHƯƠNG TRÌNH KHUNG (KẾ HOẠCH THỰC HIỆN) > KHỐI KIẾN THỨC ĐIỀU KIỆN > II. Giáo dục thể chất (4 tín chỉ) > Điền kinh
- Mã học phần: 004105
- Số tín chỉ: 1
- Loại học phần: Học phần tự chọn",IV. CHƯƠNG TRÌNH KHUNG (KẾ HOẠCH THỰC HIỆN),KHỐI KIẾN THỨC ĐIỀU KIỆN,II. Giáo dục thể chất (4 tín chỉ),Điền kinh,Công nghệ thông tin > IV. CHƯƠNG TRÌNH KHUNG (KẾ HOẠCH THỰC HIỆN) > KHỐI KIẾN THỨC ĐIỀU KIỆN > II. Giáo dục thể chất (4 tín chỉ) > Điền kinh,data/processed/Công nghệ thông tin.md,Công nghệ thông tin,markdown,data/processed/Công nghệ thông tin.md,sentence-transformers,1024
440,Công nghệ thông tin,"Công nghệ thông tin > IV. CHƯƠNG TRÌNH KHUNG (KẾ HOẠCH THỰC HIỆN) > KHỐI KIẾN THỨC ĐIỀU KIỆN > II. Giáo dục thể chất (4 tín chỉ) > Bơi 1 (50m)
- Mã học phần: 004103
- Số tín chỉ: 1
- Loại học phần: Học phần tự chọn",IV. CHƯƠNG TRÌNH KHUNG (KẾ HOẠCH THỰC HIỆN),KHỐI KIẾN THỨC ĐIỀU KIỆN,II. Giáo dục thể chất (4 tín chỉ),Bơi 1 (50m),Công nghệ thông tin > IV. CHƯƠNG TRÌNH KHUNG (KẾ HOẠCH THỰC HIỆN) > KHỐI KIẾN THỨC ĐIỀU KIỆN > II. Giáo dục thể chất (4 tín chỉ) > Bơi 1 (50m),data/processed/Công nghệ thông tin.md,Công nghệ thông tin,markdown,data/processed/Công nghệ thông tin.md,sentence-transformers,1024
441,Công nghệ thông tin,"Công nghệ thông tin > IV. CHƯƠNG TRÌNH KHUNG (KẾ HOẠCH THỰC HIỆN) > KHỐI KIẾN THỨC ĐIỀU KIỆN > II. Giáo dục thể chất (4 tín chỉ) > Bơi 2 (200m)
- Mã học phần: 004104
- Số tín chỉ: 1
- Loại học phần: Học phần tự chọn",IV. CHƯƠNG TRÌNH KHUNG (KẾ HOẠCH THỰC HIỆN),KHỐI KIẾN THỨC ĐIỀU KIỆN,II. Giáo dục thể chất (4 tín chỉ),Bơi 2 (200m),Công nghệ thông tin > IV. CHƯƠNG TRÌNH KHUNG (KẾ HOẠCH THỰC HIỆN) > KHỐI KIẾN THỨC ĐIỀU KIỆN > II. Giáo dục thể chất (4 tín chỉ) > Bơi 2 (200m),data/processed/Công nghệ thông tin.md,Công nghệ thông tin,markdown,data/processed/Công nghệ thông tin.md,sentence-transformers,1024
442,Công nghệ thông tin,"Công nghệ thông tin > IV. CHƯƠNG TRÌNH KHUNG (KẾ HOẠCH THỰC HIỆN) > KHỐI KIẾN THỨC ĐIỀU KIỆN > II. Giáo dục thể chất (4 tín chỉ) > Bóng chuyền
- Mã học phần: 004106
- Số tín chỉ: 1
- Loại học phần: Học phần tự chọn",IV. CHƯƠNG TRÌNH KHUNG (KẾ HOẠCH THỰC HIỆN),KHỐI KIẾN THỨC ĐIỀU KIỆN,II. Giáo dục thể chất (4 tín chỉ),Bóng chuyền,Công nghệ thông tin > IV. CHƯƠNG TRÌNH KHUNG (KẾ HOẠCH THỰC HIỆN) > KHỐI KIẾN THỨC ĐIỀU KIỆN > II. Giáo dục thể chất (4 tín chỉ) > Bóng chuyền,data/processed/Công nghệ thông tin.md,Công nghệ thông tin,markdown,data/processed/Công nghệ thông tin.md,sentence-transformers,1024
443,Công nghệ thông tin,"Công nghệ thông tin > IV. CHƯƠNG TRÌNH KHUNG (KẾ HOẠCH THỰC HIỆN) > KHỐI KIẾN THỨC ĐIỀU KIỆN > II. Giáo dục thể chất (4 tín chỉ) > Bóng đá
- Mã học phần: 004107
- Số tín chỉ: 1
- Loại học phần: Học phần tự chọn",IV. CHƯƠNG TRÌNH KHUNG (KẾ HOẠCH THỰC HIỆN),KHỐI KIẾN THỨC ĐIỀU KIỆN,II. Giáo dục thể chất (4 tín chỉ),Bóng đá,Công nghệ thông tin > IV. CHƯƠNG TRÌNH KHUNG (KẾ HOẠCH THỰC HIỆN) > KHỐI KIẾN THỨC ĐIỀU KIỆN > II. Giáo dục thể chất (4 tín chỉ) > Bóng đá,data/processed/Công nghệ thông tin.md,Công nghệ thông tin,markdown,data/processed/Công nghệ thông tin.md,sentence-transformers,1024
444,Công nghệ thông tin,"Công nghệ thông tin > IV. CHƯƠNG TRÌNH KHUNG (KẾ HOẠCH THỰC HIỆN) > KHỐI KIẾN THỨC ĐIỀU KIỆN > II. Giáo dục thể chất (4 tín chỉ) > Bóng rổ
- Mã học phần: 004108
- Số tín chỉ: 1
- Loại học phần: Học phần tự chọn",IV. CHƯƠNG TRÌNH KHUNG (KẾ HOẠCH THỰC HIỆN),KHỐI KIẾN THỨC ĐIỀU KIỆN,II. Giáo dục thể chất (4 tín chỉ),Bóng rổ,Công nghệ thông tin > IV. CHƯƠNG TRÌNH KHUNG (KẾ HOẠCH THỰC HIỆN) > KHỐI KIẾN THỨC ĐIỀU KIỆN > II. Giáo dục thể chất (4 tín chỉ) > Bóng rổ,data/processed/Công nghệ thông tin.md,Công nghệ thông tin,markdown,data/processed/Công nghệ thông tin.md,sentence-transformers,1024
445,Công nghệ thông tin,"Công nghệ thông tin > IV. CHƯƠNG TRÌNH KHUNG (KẾ HOẠCH THỰC HIỆN) > KHỐI KIẾN THỨC ĐIỀU KIỆN > II. Giáo dục thể chất (4 tín chỉ) > Bóng bàn
- Mã học phần: 004109
- Số tín chỉ: 1
- Loại học phần: Học phần tự chọn",IV. CHƯƠNG TRÌNH KHUNG (KẾ HOẠCH THỰC HIỆN),KHỐI KIẾN THỨC ĐIỀU KIỆN,II. Giáo dục thể chất (4 tín chỉ),Bóng bàn,Công nghệ thông tin > IV. CHƯƠNG TRÌNH KHUNG (KẾ HOẠCH THỰC HIỆN) > KHỐI KIẾN THỨC ĐIỀU KIỆN > II. Giáo dục thể chất (4 tín chỉ) > Bóng bàn,data/processed/Công nghệ thông tin.md,Công nghệ thông tin,markdown,data/processed/Công nghệ thông tin.md,sentence-transformers,1024
446,Công nghệ thông tin,"Công nghệ thông tin > IV. CHƯƠNG TRÌNH KHUNG (KẾ HOẠCH THỰC HIỆN) > KHỐI KIẾN THỨC ĐIỀU KIỆN > II. Giáo dục thể chất (4 tín chỉ) > Cờ vua
- Mã học phần: 004110
- Số tín chỉ: 1
- Loại học phần: Học phần tự chọn",IV. CHƯƠNG TRÌNH KHUNG (KẾ HOẠCH THỰC HIỆN),KHỐI KIẾN THỨC ĐIỀU KIỆN,II. Giáo dục thể chất (4 tín chỉ),Cờ vua,Công nghệ thông tin > IV. CHƯƠNG TRÌNH KHUNG (KẾ HOẠCH THỰC HIỆN) > KHỐI KIẾN THỨC ĐIỀU KIỆN > II. Giáo dục thể chất (4 tín chỉ) > Cờ vua,data/processed/Công nghệ thông tin.md,Công nghệ thông tin,markdown,data/processed/Công nghệ thông tin.md,sentence-transformers,1024
447,Qui_dinh,"Qui_dinh > **TRƯỜNG ĐH GIAO THÔNG VẬN TẢI** **TP. HỒ CHÍ MINH** > Số 750/QĐ-ĐHGTVT
**CỘNG HOÀ XÃ HỘI CHỦ NGHĨA VIỆT NAM**",**TRƯỜNG ĐH GIAO THÔNG VẬN TẢI** **TP. HỒ CHÍ MINH**,Số 750/QĐ-ĐHGTVT,,,Qui_dinh > **TRƯỜNG ĐH GIAO THÔNG VẬN TẢI** **TP. HỒ CHÍ MINH** > Số 750/QĐ-ĐHGTVT,data/processed/Qui_dinh.md,Qui_dinh,markdown,data/processed/Qui_dinh.md,sentence-transformers,1024
448,Qui_dinh,"Qui_dinh > **QUYẾT ĐỊNH VỀ VIỆC BAN HÀNH QUY ĐỊNH ĐÀO TẠO ĐẠI HỌC TẠI TRƯỜNG ĐẠI HỌC GIAO THÔNG VẬN TẢI THÀNH PHỐ HỒ CHÍ MINH**
---",**QUYẾT ĐỊNH VỀ VIỆC BAN HÀNH QUY ĐỊNH ĐÀO TẠO ĐẠI HỌC TẠI TRƯỜNG ĐẠI HỌC GIAO THÔNG VẬN TẢI THÀNH PHỐ HỒ CHÍ MINH**,,,,Qui_dinh > **QUYẾT ĐỊNH VỀ VIỆC BAN HÀNH QUY ĐỊNH ĐÀO TẠO ĐẠI HỌC TẠI TRƯỜNG ĐẠI HỌC GIAO THÔNG VẬN TẢI THÀNH PHỐ HỒ CHÍ MINH**,data/processed/Qui_dinh.md,Qui_dinh,markdown,data/processed/Qui_dinh.md,sentence-transformers,1024
449,Qui_dinh,"Qui_dinh > **HIỆU TRƯỞNG TRƯỜNG ĐẠI HỌC GIAO THÔNG VẬN TẢI THÀNH PHỐ HỒ CHÍ MINH**
Căn cứ Quyết định số **66/2001/QĐ-TTg** ngày 26/4/2001 của Thủ tướng Chính phủ về việc thành lập Trường Đại học Giao thông vận tải TP Hồ Chí Minh;

Căn cứ quy chế tổ chức và hoạt động của Trường Đại học Giao thông vận tải TP Hồ Chí Minh ban hành kèm theo Nghị quyết số **14/NQ-HĐT ĐHGTVT** ngày 11/01/2021 của Hội đồng Trường;

Căn cứ Thông tư số **08/2021/TT-BGDĐT** ngày 18/3/2021 của Bộ Giáo dục và Đào tạo ban hành quy chế đào tạo trình độ đại học;

Theo đề nghị của Trưởng phòng Đào tạo.

---",**HIỆU TRƯỞNG TRƯỜNG ĐẠI HỌC GIAO THÔNG VẬN TẢI THÀNH PHỐ HỒ CHÍ MINH**,,,,Qui_dinh > **HIỆU TRƯỞNG TRƯỜNG ĐẠI HỌC GIAO THÔNG VẬN TẢI THÀNH PHỐ HỒ CHÍ MINH**,data/processed/Qui_dinh.md,Qui_dinh,markdown,data/processed/Qui_dinh.md,sentence-transformers,1024
450,Qui_dinh,"Qui_dinh > **QUYẾT ĐỊNH** > **Điều 1.**
Ban hành kèm theo Quyết định này **Quy định đào tạo trình độ đại học** tại Trường Đại học Giao thông vận tải TP. Hồ Chí Minh.",**QUYẾT ĐỊNH**,**Điều 1.**,,,Qui_dinh > **QUYẾT ĐỊNH** > **Điều 1.**,data/processed/Qui_dinh.md,Qui_dinh,markdown,data/processed/Qui_dinh.md,sentence-transformers,1024
451,Qui_dinh,"Qui_dinh > **QUYẾT ĐỊNH** > **Điều 2.**
Quyết định này có hiệu lực từ năm học **2021–2022**. Các quy định trước đây trái với Quyết định này đều bị bãi bỏ.",**QUYẾT ĐỊNH**,**Điều 2.**,,,Qui_dinh > **QUYẾT ĐỊNH** > **Điều 2.**,data/processed/Qui_dinh.md,Qui_dinh,markdown,data/processed/Qui_dinh.md,sentence-transformers,1024
452,Qui_dinh,"Qui_dinh > **QUYẾT ĐỊNH** > **Điều 3.**
Các ông (bà) Trưởng phòng Đào tạo, Trưởng các Khoa/Viện, Trưởng các đơn vị có liên quan và sinh viên đang theo học tại Trường chịu trách nhiệm thi hành Quyết định này./.

---

**Nơi nhận:**

- Tập thể lãnh đạo (để b/c);
- Như Điều 3;
- Lưu: VT, PDT (Trang, 03).

---

**KT. HIỆU TRƯỞNG**
**PHÓ HIỆU TRƯỞNG**",**QUYẾT ĐỊNH**,**Điều 3.**,,,Qui_dinh > **QUYẾT ĐỊNH** > **Điều 3.**,data/processed/Qui_dinh.md,Qui_dinh,markdown,data/processed/Qui_dinh.md,sentence-transformers,1024
453,Qui_dinh,"Qui_dinh > **QUY ĐỊNH** > _(ban hành kèm theo Quyết định số 750/QĐ-ĐHGTVT ngày 01 tháng 10 năm 2021 của Hiệu trưởng Trường Đại học Giao thông vận tải TP. Hồ Chí Minh)_
---",**QUY ĐỊNH**,_(ban hành kèm theo Quyết định số 750/QĐ-ĐHGTVT ngày 01 tháng 10 năm 2021 của Hiệu trưởng Trường Đại học Giao thông vận tải TP. Hồ Chí Minh)_,,,Qui_dinh > **QUY ĐỊNH** > _(ban hành kèm theo Quyết định số 750/QĐ-ĐHGTVT ngày 01 tháng 10 năm 2021 của Hiệu trưởng Trường Đại học Giao thông vận tải TP. Hồ Chí Minh)_,data/processed/Qui_dinh.md,Qui_dinh,markdown,data/processed/Qui_dinh.md,sentence-transformers,1024
454,Qui_dinh,"Qui_dinh > **Chương I. NHỮNG QUY ĐỊNH CHUNG** > **Điều 1. Phạm vi điều chỉnh và đối tượng áp dụng** > 1. Quy định này quy định về việc tổ chức và quản lý đào tạo trình độ đại học hình thức chính quy theo tín chỉ, bao gồm:
- chương trình đào tạo và thời gian học tập;
- lập kế hoạch và tổ chức giảng dạy;
- đánh giá kết quả học tập và cấp bằng tốt nghiệp;
- những quy định khác đối với sinh viên.",**Chương I. NHỮNG QUY ĐỊNH CHUNG**,**Điều 1. Phạm vi điều chỉnh và đối tượng áp dụng**,"1. Quy định này quy định về việc tổ chức và quản lý đào tạo trình độ đại học hình thức chính quy theo tín chỉ, bao gồm:",,"Qui_dinh > **Chương I. NHỮNG QUY ĐỊNH CHUNG** > **Điều 1. Phạm vi điều chỉnh và đối tượng áp dụng** > 1. Quy định này quy định về việc tổ chức và quản lý đào tạo trình độ đại học hình thức chính quy theo tín chỉ, bao gồm:",data/processed/Qui_dinh.md,Qui_dinh,markdown,data/processed/Qui_dinh.md,sentence-transformers,1024
455,Qui_dinh,"Qui_dinh > **Chương I. NHỮNG QUY ĐỊNH CHUNG** > **Điều 2. Chương trình đào tạo và thời gian học tập** > 1. Chương trình đào tạo được xây dựng theo đơn vị tín chỉ, cấu trúc từ các học phần và môn học (một môn học có tối thiểu 02 học phần), trong đó phải có đủ các môn học và học phần bắt buộc để đáp ứng chuẩn chương trình đào tạo theo các quy định hiện hành của Bộ Giáo dục và Đào tạo, bao gồm:
a. Các học phần cần phải tích lũy được tính vào khối lượng tín chỉ cần phải tích lũy của chương trình đào tạo và được sử dụng để đánh giá kết quả học tập.

b. Các môn học và học phần điều kiện cần phải hoàn thành để đáp ứng điều kiện xét công nhận tốt nghiệp (không được tính vào khối lượng tín chỉ cần phải tích lũy và không sử dụng để đánh giá kết quả học tập), bao gồm:

- Môn học Giáo dục quốc phòng – An ninh;
- Môn học Giáo dục thể chất;
- Môn học Tiếng Anh tổng quát; Tiếng Anh Hàng hải;
- Các học phần bồi trợ khác (nếu có).

c. Nội dung, chuẩn đầu ra của chương trình đào tạo phải đáp ứng các quy định hiện hành của Chính phủ, Thủ tướng Chính phủ và Bộ Giáo dục và Đào tạo.",**Chương I. NHỮNG QUY ĐỊNH CHUNG**,**Điều 2. Chương trình đào tạo và thời gian học tập**,"1. Chương trình đào tạo được xây dựng theo đơn vị tín chỉ, cấu trúc từ các học phần và môn học (một môn học có tối thiểu 02 học phần), trong đó phải có đủ các môn học và học phần bắt buộc để đáp ứng chuẩn chương trình đào tạo theo các quy định hiện hành của Bộ Giáo dục và Đào tạo, bao gồm:",,"Qui_dinh > **Chương I. NHỮNG QUY ĐỊNH CHUNG** > **Điều 2. Chương trình đào tạo và thời gian học tập** > 1. Chương trình đào tạo được xây dựng theo đơn vị tín chỉ, cấu trúc từ các học phần và môn học (một môn học có tối thiểu 02 học phần), trong đó phải có đủ các môn học và học phần bắt buộc để đáp ứng chuẩn chương trình đào tạo theo các quy định hiện hành của Bộ Giáo dục và Đào tạo, bao gồm:",data/processed/Qui_dinh.md,Qui_dinh,markdown,data/processed/Qui_dinh.md,sentence-transformers,1024
456,Qui_dinh,"Qui_dinh > **Chương I. NHỮNG QUY ĐỊNH CHUNG** > **Điều 2. Chương trình đào tạo và thời gian học tập** > 2. Việc xây dựng, thẩm định, ban hành chương trình đào tạo và điều chỉnh, cập nhật, bổ sung chương trình đào tạo được thực hiện theo các quy định hiện hành của
Bộ Giáo dục và Đào tạo và của Trường.",**Chương I. NHỮNG QUY ĐỊNH CHUNG**,**Điều 2. Chương trình đào tạo và thời gian học tập**,"2. Việc xây dựng, thẩm định, ban hành chương trình đào tạo và điều chỉnh, cập nhật, bổ sung chương trình đào tạo được thực hiện theo các quy định hiện hành của",,"Qui_dinh > **Chương I. NHỮNG QUY ĐỊNH CHUNG** > **Điều 2. Chương trình đào tạo và thời gian học tập** > 2. Việc xây dựng, thẩm định, ban hành chương trình đào tạo và điều chỉnh, cập nhật, bổ sung chương trình đào tạo được thực hiện theo các quy định hiện hành của",data/processed/Qui_dinh.md,Qui_dinh,markdown,data/processed/Qui_dinh.md,sentence-transformers,1024
457,Qui_dinh,"Qui_dinh > **Chương I. NHỮNG QUY ĐỊNH CHUNG** > **Điều 2. Chương trình đào tạo và thời gian học tập** > 3. Chương trình đào tạo có khối lượng tín chỉ cần phải tích lũy tối thiểu 120 tín chỉ đối với người có bằng tốt nghiệp trung học phổ thông hoặc tương đương và phải được quy định cụ thể trong mỗi chương trình đào tạo.
Khối lượng tín chỉ cần phải tích lũy của chương trình đào tạo là khối lượng tính bằng tổng số tín chỉ của những học phần cần phải tích lũy trong chương trình đào tạo, tính từ đầu khóa học và có điểm học phần được xếp vào loại đạt theo quy định tại Điểm a Khoản 2 Điều 7 của Quy định này.
Đối với sinh viên liên thông khối lượng tín chỉ cần phải tích lũy còn phải học được xác định trên cơ sở khối lượng tín chỉ cần phải tích lũy của chương trình đào tạo đang theo học sau khi đã trừ đi khối lượng tín chỉ tích lũy đã được miễn trừ, nhưng không thấp hơn 50% khối lượng tín chỉ cần phải tích lũy của chương trình đào tạo.",**Chương I. NHỮNG QUY ĐỊNH CHUNG**,**Điều 2. Chương trình đào tạo và thời gian học tập**,3. Chương trình đào tạo có khối lượng tín chỉ cần phải tích lũy tối thiểu 120 tín chỉ đối với người có bằng tốt nghiệp trung học phổ thông hoặc tương đương và phải được quy định cụ thể trong mỗi chương trình đào tạo.,,Qui_dinh > **Chương I. NHỮNG QUY ĐỊNH CHUNG** > **Điều 2. Chương trình đào tạo và thời gian học tập** > 3. Chương trình đào tạo có khối lượng tín chỉ cần phải tích lũy tối thiểu 120 tín chỉ đối với người có bằng tốt nghiệp trung học phổ thông hoặc tương đương và phải được quy định cụ thể trong mỗi chương trình đào tạo.,data/processed/Qui_dinh.md,Qui_dinh,markdown,data/processed/Qui_dinh.md,sentence-transformers,1024
458,Qui_dinh,"Qui_dinh > **Chương I. NHỮNG QUY ĐỊNH CHUNG** > **Điều 2. Chương trình đào tạo và thời gian học tập** > 4. Chương trình đào tạo cần cung cấp kế hoạch học tập chuẩn toàn khóa (kế hoạch giảng dạy) để định hướng cho sinh viên xây dựng kế hoạch học tập và làm căn cứ để Trường triển khai xây dựng kế hoạch học tập và lập thời khóa biểu trong từng học kỳ của các năm học.
Thời gian hoàn thành khóa học của kế hoạch học tập chuẩn trong chương trình đào tạo là 04 năm; sinh viên có quyền được học vượt nhằm rút ngắn thời gian học tập nhưng thời gian hoàn thành khóa học không ít hơn 03 năm.
Đối với sinh viên liên thông, thời gian hoàn thành khóa học được xác định cho từng sinh viên căn cứ khối lượng tín chỉ cần phải tích lũy còn phải học với cách xác định là 30 tín chỉ tương ứng với 01 năm.",**Chương I. NHỮNG QUY ĐỊNH CHUNG**,**Điều 2. Chương trình đào tạo và thời gian học tập**,4. Chương trình đào tạo cần cung cấp kế hoạch học tập chuẩn toàn khóa (kế hoạch giảng dạy) để định hướng cho sinh viên xây dựng kế hoạch học tập và làm căn cứ để Trường triển khai xây dựng kế hoạch học tập và lập thời khóa biểu trong từng học kỳ của các năm học.,,Qui_dinh > **Chương I. NHỮNG QUY ĐỊNH CHUNG** > **Điều 2. Chương trình đào tạo và thời gian học tập** > 4. Chương trình đào tạo cần cung cấp kế hoạch học tập chuẩn toàn khóa (kế hoạch giảng dạy) để định hướng cho sinh viên xây dựng kế hoạch học tập và làm căn cứ để Trường triển khai xây dựng kế hoạch học tập và lập thời khóa biểu trong từng học kỳ của các năm học.,data/processed/Qui_dinh.md,Qui_dinh,markdown,data/processed/Qui_dinh.md,sentence-transformers,1024
459,Qui_dinh,"Qui_dinh > **Chương I. NHỮNG QUY ĐỊNH CHUNG** > **Điều 2. Chương trình đào tạo và thời gian học tập** > 5. Thời gian tối đa để hoàn thành việc tích lũy khối lượng tín chỉ cần phải tích lũy của chương trình đào tạo không vượt quá 02 lần thời gian theo kế hoạch học tập chuẩn toàn khóa đối với mỗi hình thức đào tạo.
Đối với sinh viên liên thông, thời gian tối đa để hoàn thành việc tích lũy khối lượng tín chỉ cần phải tích lũy còn phải học bằng 02 lần thời gian hoàn thành khóa học.",**Chương I. NHỮNG QUY ĐỊNH CHUNG**,**Điều 2. Chương trình đào tạo và thời gian học tập**,5. Thời gian tối đa để hoàn thành việc tích lũy khối lượng tín chỉ cần phải tích lũy của chương trình đào tạo không vượt quá 02 lần thời gian theo kế hoạch học tập chuẩn toàn khóa đối với mỗi hình thức đào tạo.,,Qui_dinh > **Chương I. NHỮNG QUY ĐỊNH CHUNG** > **Điều 2. Chương trình đào tạo và thời gian học tập** > 5. Thời gian tối đa để hoàn thành việc tích lũy khối lượng tín chỉ cần phải tích lũy của chương trình đào tạo không vượt quá 02 lần thời gian theo kế hoạch học tập chuẩn toàn khóa đối với mỗi hình thức đào tạo.,data/processed/Qui_dinh.md,Qui_dinh,markdown,data/processed/Qui_dinh.md,sentence-transformers,1024
460,Qui_dinh,"Qui_dinh > **Chương I. NHỮNG QUY ĐỊNH CHUNG** > **Điều 2. Chương trình đào tạo và thời gian học tập** > 6. Chương trình đào tạo phải được công khai đối với người học trước khi tuyển sinh và khi bắt đầu khóa học; những thay đổi, điều chỉnh liên quan đến chương trình đào tạo được thực hiện theo các quy định hiện hành và công bố trước khi áp dụng, không gây tác động bất lợi cho sinh viên.
---",**Chương I. NHỮNG QUY ĐỊNH CHUNG**,**Điều 2. Chương trình đào tạo và thời gian học tập**,"6. Chương trình đào tạo phải được công khai đối với người học trước khi tuyển sinh và khi bắt đầu khóa học; những thay đổi, điều chỉnh liên quan đến chương trình đào tạo được thực hiện theo các quy định hiện hành và công bố trước khi áp dụng, không gây tác động bất lợi cho sinh viên.",,"Qui_dinh > **Chương I. NHỮNG QUY ĐỊNH CHUNG** > **Điều 2. Chương trình đào tạo và thời gian học tập** > 6. Chương trình đào tạo phải được công khai đối với người học trước khi tuyển sinh và khi bắt đầu khóa học; những thay đổi, điều chỉnh liên quan đến chương trình đào tạo được thực hiện theo các quy định hiện hành và công bố trước khi áp dụng, không gây tác động bất lợi cho sinh viên.",data/processed/Qui_dinh.md,Qui_dinh,markdown,data/processed/Qui_dinh.md,sentence-transformers,1024
461,Qui_dinh,"Qui_dinh > **Chương I. NHỮNG QUY ĐỊNH CHUNG** > **Điều 3. Thời gian tổ chức hoạt động giảng dạy** > 1. Thời gian tổ chức hoạt động giảng dạy trong khoảng từ 06 giờ đến 20 giờ các ngày trong tuần từ thứ 2 đến thứ 7 (trừ ngày lễ, tết theo quy định hiện hành) và được 4 chia thành các ca học, tiết học theo các buổi trong ngày theo quy định hiện hành của
Trường.",**Chương I. NHỮNG QUY ĐỊNH CHUNG**,**Điều 3. Thời gian tổ chức hoạt động giảng dạy**,"1. Thời gian tổ chức hoạt động giảng dạy trong khoảng từ 06 giờ đến 20 giờ các ngày trong tuần từ thứ 2 đến thứ 7 (trừ ngày lễ, tết theo quy định hiện hành) và được 4 chia thành các ca học, tiết học theo các buổi trong ngày theo quy định hiện hành của",,"Qui_dinh > **Chương I. NHỮNG QUY ĐỊNH CHUNG** > **Điều 3. Thời gian tổ chức hoạt động giảng dạy** > 1. Thời gian tổ chức hoạt động giảng dạy trong khoảng từ 06 giờ đến 20 giờ các ngày trong tuần từ thứ 2 đến thứ 7 (trừ ngày lễ, tết theo quy định hiện hành) và được 4 chia thành các ca học, tiết học theo các buổi trong ngày theo quy định hiện hành của",data/processed/Qui_dinh.md,Qui_dinh,markdown,data/processed/Qui_dinh.md,sentence-transformers,1024
462,Qui_dinh,"Qui_dinh > **Chương I. NHỮNG QUY ĐỊNH CHUNG** > **Điều 4. Tín chỉ, học phần và đề cương chi tiết học phần** > 2. Học phần là một quy trình học nhằm cung cấp khối lượng kiến thức tương đối trọn vẹn và đầy đủ theo một giáo trình hoặc một bài giảng; hoặc được kết cấu riêng như một phần của môn học hoặc được kết cấu dưới dạng tổ hợp từ nhiều môn học gắn với một mức trình độ theo năm học trong các chương trình đào tạo và thuận tiện cho
sinh viên tích luỹ trong quá trình học tập. Mỗi học phần có một mã số riêng gồm 6 chữ số được thể hiện trong chương trình đào tạo đã được Hiệu trưởng phê duyệt và được bố trí giảng dạy trọn vẹn và phân bố đều trong một học kỳ.",**Chương I. NHỮNG QUY ĐỊNH CHUNG**,"**Điều 4. Tín chỉ, học phần và đề cương chi tiết học phần**",2. Học phần là một quy trình học nhằm cung cấp khối lượng kiến thức tương đối trọn vẹn và đầy đủ theo một giáo trình hoặc một bài giảng; hoặc được kết cấu riêng như một phần của môn học hoặc được kết cấu dưới dạng tổ hợp từ nhiều môn học gắn với một mức trình độ theo năm học trong các chương trình đào tạo và thuận tiện cho,,"Qui_dinh > **Chương I. NHỮNG QUY ĐỊNH CHUNG** > **Điều 4. Tín chỉ, học phần và đề cương chi tiết học phần** > 2. Học phần là một quy trình học nhằm cung cấp khối lượng kiến thức tương đối trọn vẹn và đầy đủ theo một giáo trình hoặc một bài giảng; hoặc được kết cấu riêng như một phần của môn học hoặc được kết cấu dưới dạng tổ hợp từ nhiều môn học gắn với một mức trình độ theo năm học trong các chương trình đào tạo và thuận tiện cho",data/processed/Qui_dinh.md,Qui_dinh,markdown,data/processed/Qui_dinh.md,sentence-transformers,1024
463,Qui_dinh,"Qui_dinh > **Chương I. NHỮNG QUY ĐỊNH CHUNG** > **Điều 4. Tín chỉ, học phần và đề cương chi tiết học phần** > 5. Đề cương chi tiết học phần là một bộ phận cấu thành của chương trình đào tạo, hướng dẫn việc tổ chức thực hiện giảng dạy và đánh giá kết quả học tập của một học phần và bao gồm các nội dung sau: mã học phần; tên học phần; số tín chỉ và số tiết học hoặc giờ học; điều kiện tiên quyết hoặc học trước hoặc song hành (nếu có);
mục tiêu cần đạt được; nội dung và kế hoạch thực hiện các nội dung của học phần; cách thức đánh giá sinh viên; tài liệu học tập chính, tài liệu tham khảo; các nội dung khác liên quan (nếu có). Đề cương chi tiết của một số học phần đặc thù không nhất thiết phải có đầy đủ các nội dung nêu trên.",**Chương I. NHỮNG QUY ĐỊNH CHUNG**,"**Điều 4. Tín chỉ, học phần và đề cương chi tiết học phần**","5. Đề cương chi tiết học phần là một bộ phận cấu thành của chương trình đào tạo, hướng dẫn việc tổ chức thực hiện giảng dạy và đánh giá kết quả học tập của một học phần và bao gồm các nội dung sau: mã học phần; tên học phần; số tín chỉ và số tiết học hoặc giờ học; điều kiện tiên quyết hoặc học trước hoặc song hành (nếu có);",,"Qui_dinh > **Chương I. NHỮNG QUY ĐỊNH CHUNG** > **Điều 4. Tín chỉ, học phần và đề cương chi tiết học phần** > 5. Đề cương chi tiết học phần là một bộ phận cấu thành của chương trình đào tạo, hướng dẫn việc tổ chức thực hiện giảng dạy và đánh giá kết quả học tập của một học phần và bao gồm các nội dung sau: mã học phần; tên học phần; số tín chỉ và số tiết học hoặc giờ học; điều kiện tiên quyết hoặc học trước hoặc song hành (nếu có);",data/processed/Qui_dinh.md,Qui_dinh,markdown,data/processed/Qui_dinh.md,sentence-transformers,1024
464,Qui_dinh,"Qui_dinh > **Chương I. NHỮNG QUY ĐỊNH CHUNG** > **Điều 5. Lớp học phần** > 2. Số lượng sinh viên tối thiểu cho mỗi lớp học phần như sau:
- Quy định chung cho các học phần có học lý thuyết là 40 sinh viên; các học phần đồ án môn học là 20 sinh viên;
- Các học phần chuyên ngành sẽ xem xét mở lớp theo sĩ số sinh viên đang theo học của chuyên ngành;
- Các học phần sử dụng phòng thí nghiệm, thực hành, xưởng thực tập, hồ bơi... mở lớp có sĩ số theo khả năng các phòng thí nghiệm, thực hành,xưởng thực tập, hồ bơi....;
- Các học phần được mở lớp có sĩ số theo đề xuất từ các Khoa/ Viện/ Bộ môn gồm: thực tập tại các doanh nghiệp (thực tập chuyên môn/ thực tập tốt nghiệp …); khóa luận tốt nghiệp/ đồ án tốt nghiệp/ thi tốt nghiệp; các học phần học thay thế khóa luận tốt nghiệp;
- Các trường hợp đặc biệt do Hiệu trưởng xem xét quyết định.",**Chương I. NHỮNG QUY ĐỊNH CHUNG**,**Điều 5. Lớp học phần**,2. Số lượng sinh viên tối thiểu cho mỗi lớp học phần như sau:,,Qui_dinh > **Chương I. NHỮNG QUY ĐỊNH CHUNG** > **Điều 5. Lớp học phần** > 2. Số lượng sinh viên tối thiểu cho mỗi lớp học phần như sau:,data/processed/Qui_dinh.md,Qui_dinh,markdown,data/processed/Qui_dinh.md,sentence-transformers,1024
465,Qui_dinh,"Qui_dinh > **Chương II. LẬP KẾ HOẠCH VÀ TỔ CHỨC GIẢNG DẠY** > Điều 6. Tiến độ học tập năm học > 3. Trước mỗi năm học ít nhất 02 tháng Trường công bố tiến độ học tập năm học, trong đó thể hiện số tuần học và thi kết thúc học phần của các học kỳ, thời gian tổ chức học và thi kết thúc học phần trong từng học kỳ theo từng khóa học và một số nội dung khác.
---",**Chương II. LẬP KẾ HOẠCH VÀ TỔ CHỨC GIẢNG DẠY**,Điều 6. Tiến độ học tập năm học,"3. Trước mỗi năm học ít nhất 02 tháng Trường công bố tiến độ học tập năm học, trong đó thể hiện số tuần học và thi kết thúc học phần của các học kỳ, thời gian tổ chức học và thi kết thúc học phần trong từng học kỳ theo từng khóa học và một số nội dung khác.",,"Qui_dinh > **Chương II. LẬP KẾ HOẠCH VÀ TỔ CHỨC GIẢNG DẠY** > Điều 6. Tiến độ học tập năm học > 3. Trước mỗi năm học ít nhất 02 tháng Trường công bố tiến độ học tập năm học, trong đó thể hiện số tuần học và thi kết thúc học phần của các học kỳ, thời gian tổ chức học và thi kết thúc học phần trong từng học kỳ theo từng khóa học và một số nội dung khác.",data/processed/Qui_dinh.md,Qui_dinh,markdown,data/processed/Qui_dinh.md,sentence-transformers,1024
466,Qui_dinh,"Qui_dinh > **Chương II. LẬP KẾ HOẠCH VÀ TỔ CHỨC GIẢNG DẠY** > Điều 7. Lập kế hoạch học tập và thời khóa biểu học kỳ > 1. **Đối với các học kỳ chính:**
Phòng Đào tạo căn cứ vào tiến độ học tập năm học, kế hoạch học tập chuẩn trong các chương trình đào tạo, việc bố trí địa điểm học cho các lớp khóa học để lập kế hoạch học tập và thời khóa biểu cho sinh viên đăng ký học phần trước khi bắt đầu mỗi học kỳ ít nhất là 03 tuần.

**Đối với học kỳ phụ:**  
 Phòng Đào tạo căn cứ vào tiến độ học tập năm học, kết quả triển khai kế hoạch học tập chuẩn trong các chương trình đào tạo ở các học kỳ chính trong năm học, kết quả học tập của sinh viên để lập kế hoạch học tập và thời khóa biểu cho sinh viên đăng ký học phần trước khi bắt đầu mỗi học kỳ ít nhất là 02 tuần.",**Chương II. LẬP KẾ HOẠCH VÀ TỔ CHỨC GIẢNG DẠY**,Điều 7. Lập kế hoạch học tập và thời khóa biểu học kỳ,1. **Đối với các học kỳ chính:**,,Qui_dinh > **Chương II. LẬP KẾ HOẠCH VÀ TỔ CHỨC GIẢNG DẠY** > Điều 7. Lập kế hoạch học tập và thời khóa biểu học kỳ > 1. **Đối với các học kỳ chính:**,data/processed/Qui_dinh.md,Qui_dinh,markdown,data/processed/Qui_dinh.md,sentence-transformers,1024
467,Qui_dinh,"Qui_dinh > **Chương II. LẬP KẾ HOẠCH VÀ TỔ CHỨC GIẢNG DẠY** > Điều 7. Lập kế hoạch học tập và thời khóa biểu học kỳ > 2. Thời khóa biểu thể hiện thời gian và địa điểm học của các lớp học phần và được phân bổ đều theo số tiết của các học phần theo trình tự thời gian các tuần của học kỳ.
Trong trường hợp do thực tế đòi hỏi phải xếp lịch học tập trung trong một thời gian ngắn thì số giờ học đối với một lớp học phần không vượt quá **15 tiết/tuần** và **04 tiết/ngày**.",**Chương II. LẬP KẾ HOẠCH VÀ TỔ CHỨC GIẢNG DẠY**,Điều 7. Lập kế hoạch học tập và thời khóa biểu học kỳ,2. Thời khóa biểu thể hiện thời gian và địa điểm học của các lớp học phần và được phân bổ đều theo số tiết của các học phần theo trình tự thời gian các tuần của học kỳ.,,Qui_dinh > **Chương II. LẬP KẾ HOẠCH VÀ TỔ CHỨC GIẢNG DẠY** > Điều 7. Lập kế hoạch học tập và thời khóa biểu học kỳ > 2. Thời khóa biểu thể hiện thời gian và địa điểm học của các lớp học phần và được phân bổ đều theo số tiết của các học phần theo trình tự thời gian các tuần của học kỳ.,data/processed/Qui_dinh.md,Qui_dinh,markdown,data/processed/Qui_dinh.md,sentence-transformers,1024
468,Qui_dinh,"Qui_dinh > **Chương II. LẬP KẾ HOẠCH VÀ TỔ CHỨC GIẢNG DẠY** > Điều 7. Lập kế hoạch học tập và thời khóa biểu học kỳ > 4. Các trường hợp Phòng Đào tạo phối hợp với các Khoa/Viện/Bộ môn lập thời khóa biểu và bố trí cho sinh viên học (sinh viên không tự đăng ký học phần) gồm:
- Môn học Giáo dục quốc phòng - An ninh (trừ trường hợp sinh viên đăng ký học lại);
- Các học phần đặc thù gồm: thực tập tại các doanh nghiệp (thực tập chuyên môn/thực tập tốt nghiệp), khóa luận tốt nghiệp/đồ án tốt nghiệp/thi tốt nghiệp, các học phần học thay thế khóa luận tốt nghiệp hoặc các trường hợp đặc biệt khác.

---",**Chương II. LẬP KẾ HOẠCH VÀ TỔ CHỨC GIẢNG DẠY**,Điều 7. Lập kế hoạch học tập và thời khóa biểu học kỳ,4. Các trường hợp Phòng Đào tạo phối hợp với các Khoa/Viện/Bộ môn lập thời khóa biểu và bố trí cho sinh viên học (sinh viên không tự đăng ký học phần) gồm:,,Qui_dinh > **Chương II. LẬP KẾ HOẠCH VÀ TỔ CHỨC GIẢNG DẠY** > Điều 7. Lập kế hoạch học tập và thời khóa biểu học kỳ > 4. Các trường hợp Phòng Đào tạo phối hợp với các Khoa/Viện/Bộ môn lập thời khóa biểu và bố trí cho sinh viên học (sinh viên không tự đăng ký học phần) gồm:,data/processed/Qui_dinh.md,Qui_dinh,markdown,data/processed/Qui_dinh.md,sentence-transformers,1024
469,Qui_dinh,"Qui_dinh > **Chương II. LẬP KẾ HOẠCH VÀ TỔ CHỨC GIẢNG DẠY** > Điều 8. Tổ chức và quản lý giảng dạy > 2. Giảng viên được phân công phụ trách lớp học phần thực hiện:
- Quản lý lớp, tổ chức giảng dạy theo thời khóa biểu và đề cương chi tiết học phần;
- Cập nhật các thông tin liên quan đến quản lý lớp học phần (chuyên cần, điểm kiểm tra định kỳ, xét điều kiện dự thi… của sinh viên) kịp thời và đầy đủ vào phần mềm quản lý đào tạo;
- Thực hiện việc báo nghỉ và dạy bù theo các quy định hiện hành của Trường.

Giảng viên phụ trách lớp học phần phải nhập điểm quá trình và xét điều kiện dự thi trong phần mềm quản lý đào tạo chậm nhất là **4 ngày làm việc** (không tính thứ 7, chủ nhật, ngày lễ...) trước ngày tổ chức thi kết thúc học phần của lớp học phần mà mình phụ trách để Phòng Quản lý chất lượng in phiếu thi.

**Sinh viên bị cấm thi** khi vi phạm một trong các quy định sau:

- Vắng mặt quá 20% số giờ lên lớp của học phần;
- Vắng từ 50% trở lên số kỳ kiểm tra thường kỳ của điểm quá trình;
- Không thực hiện đầy đủ các phần bắt buộc của học phần theo quy định trong đề cương chi tiết học phần như thí nghiệm, bài tập lớn, báo cáo tiểu luận…;
- Vi phạm nghiêm trọng kỷ luật học tập, nội quy học đường, gian dối trong học tập và bị giảng viên phụ trách học phần đề nghị bằng văn bản.",**Chương II. LẬP KẾ HOẠCH VÀ TỔ CHỨC GIẢNG DẠY**,Điều 8. Tổ chức và quản lý giảng dạy,2. Giảng viên được phân công phụ trách lớp học phần thực hiện:,,Qui_dinh > **Chương II. LẬP KẾ HOẠCH VÀ TỔ CHỨC GIẢNG DẠY** > Điều 8. Tổ chức và quản lý giảng dạy > 2. Giảng viên được phân công phụ trách lớp học phần thực hiện:,data/processed/Qui_dinh.md,Qui_dinh,markdown,data/processed/Qui_dinh.md,sentence-transformers,1024
470,Qui_dinh,"Qui_dinh > **Chương II. LẬP KẾ HOẠCH VÀ TỔ CHỨC GIẢNG DẠY** > Điều 9. Đăng ký học phần và khối lượng học tập > 1. Sinh viên thực hiện đăng ký học phần bằng hình thức trực tuyến thông qua tài khoản cá nhân trên trang thông tin sinh viên theo kế hoạch đăng ký học phần của Trường.
Riêng sinh viên trúng tuyển nhập trường của một khóa tuyển sinh, trong hai học kỳ chính của năm học đầu tiên của chương trình đào tạo, học theo bố trí thời khóa biểu của Phòng Đào tạo mà không phải đăng ký học phần.",**Chương II. LẬP KẾ HOẠCH VÀ TỔ CHỨC GIẢNG DẠY**,Điều 9. Đăng ký học phần và khối lượng học tập,1. Sinh viên thực hiện đăng ký học phần bằng hình thức trực tuyến thông qua tài khoản cá nhân trên trang thông tin sinh viên theo kế hoạch đăng ký học phần của Trường.,,Qui_dinh > **Chương II. LẬP KẾ HOẠCH VÀ TỔ CHỨC GIẢNG DẠY** > Điều 9. Đăng ký học phần và khối lượng học tập > 1. Sinh viên thực hiện đăng ký học phần bằng hình thức trực tuyến thông qua tài khoản cá nhân trên trang thông tin sinh viên theo kế hoạch đăng ký học phần của Trường.,data/processed/Qui_dinh.md,Qui_dinh,markdown,data/processed/Qui_dinh.md,sentence-transformers,1024
471,Qui_dinh,"Qui_dinh > **Chương II. LẬP KẾ HOẠCH VÀ TỔ CHỨC GIẢNG DẠY** > Điều 9. Đăng ký học phần và khối lượng học tập > 2. Việc đăng ký các học phần phải bảo đảm điều kiện về học phần học trước, học phần tiên quyết, học phần song hành và thứ tự bố trí các học phần của kế hoạch học tập chuẩn trong các chương trình đào tạo.
Đối với các học phần chuyên môn, sinh viên phải hoàn thành chương trình tiếng Anh tổng quát cấp độ A2.2 tại Trường Đại học Giao thông vận tải TP. Hồ Chí Minh hoặc tương đương mới được đăng ký.",**Chương II. LẬP KẾ HOẠCH VÀ TỔ CHỨC GIẢNG DẠY**,Điều 9. Đăng ký học phần và khối lượng học tập,"2. Việc đăng ký các học phần phải bảo đảm điều kiện về học phần học trước, học phần tiên quyết, học phần song hành và thứ tự bố trí các học phần của kế hoạch học tập chuẩn trong các chương trình đào tạo.",,"Qui_dinh > **Chương II. LẬP KẾ HOẠCH VÀ TỔ CHỨC GIẢNG DẠY** > Điều 9. Đăng ký học phần và khối lượng học tập > 2. Việc đăng ký các học phần phải bảo đảm điều kiện về học phần học trước, học phần tiên quyết, học phần song hành và thứ tự bố trí các học phần của kế hoạch học tập chuẩn trong các chương trình đào tạo.",data/processed/Qui_dinh.md,Qui_dinh,markdown,data/processed/Qui_dinh.md,sentence-transformers,1024
472,Qui_dinh,"Qui_dinh > **Chương II. LẬP KẾ HOẠCH VÀ TỔ CHỨC GIẢNG DẠY** > Điều 9. Đăng ký học phần và khối lượng học tập > 4. Khối lượng học tập tối đa mà mỗi sinh viên được phép đăng ký trong mỗi học kỳ chính:
- **Không vượt quá 20 tín chỉ** đối với sinh viên xếp loại học tập từ trung bình trở lên;
- Sinh viên xếp loại học tập yếu hoặc bị cảnh báo học tập: ưu tiên đăng ký học lại (nếu có thể) và khối lượng học tập tối đa **không vượt quá 14 tín chỉ**.",**Chương II. LẬP KẾ HOẠCH VÀ TỔ CHỨC GIẢNG DẠY**,Điều 9. Đăng ký học phần và khối lượng học tập,4. Khối lượng học tập tối đa mà mỗi sinh viên được phép đăng ký trong mỗi học kỳ chính:,,Qui_dinh > **Chương II. LẬP KẾ HOẠCH VÀ TỔ CHỨC GIẢNG DẠY** > Điều 9. Đăng ký học phần và khối lượng học tập > 4. Khối lượng học tập tối đa mà mỗi sinh viên được phép đăng ký trong mỗi học kỳ chính:,data/processed/Qui_dinh.md,Qui_dinh,markdown,data/processed/Qui_dinh.md,sentence-transformers,1024
473,Qui_dinh,"Qui_dinh > **Chương II. LẬP KẾ HOẠCH VÀ TỔ CHỨC GIẢNG DẠY** > Điều 9. Đăng ký học phần và khối lượng học tập > 10. Trong quá trình đăng ký học phần, sinh viên cần liên hệ với **Cố vấn học tập** để được tư vấn, đặc biệt đối với sinh viên học lực yếu hoặc bị cảnh báo học tập.
---",**Chương II. LẬP KẾ HOẠCH VÀ TỔ CHỨC GIẢNG DẠY**,Điều 9. Đăng ký học phần và khối lượng học tập,"10. Trong quá trình đăng ký học phần, sinh viên cần liên hệ với **Cố vấn học tập** để được tư vấn, đặc biệt đối với sinh viên học lực yếu hoặc bị cảnh báo học tập.",,"Qui_dinh > **Chương II. LẬP KẾ HOẠCH VÀ TỔ CHỨC GIẢNG DẠY** > Điều 9. Đăng ký học phần và khối lượng học tập > 10. Trong quá trình đăng ký học phần, sinh viên cần liên hệ với **Cố vấn học tập** để được tư vấn, đặc biệt đối với sinh viên học lực yếu hoặc bị cảnh báo học tập.",data/processed/Qui_dinh.md,Qui_dinh,markdown,data/processed/Qui_dinh.md,sentence-transformers,1024
474,Qui_dinh,"Qui_dinh > **Chương II. LẬP KẾ HOẠCH VÀ TỔ CHỨC GIẢNG DẠY** > Điều 10. Đăng ký học lại, học cải thiện > 5. Điểm của tất cả các lần học đều được ghi trong bảng điểm theo học kỳ; kết quả **cao nhất** sẽ được dùng để tính vào điểm trung bình chung tích lũy.
---",**Chương II. LẬP KẾ HOẠCH VÀ TỔ CHỨC GIẢNG DẠY**,"Điều 10. Đăng ký học lại, học cải thiện",5. Điểm của tất cả các lần học đều được ghi trong bảng điểm theo học kỳ; kết quả **cao nhất** sẽ được dùng để tính vào điểm trung bình chung tích lũy.,,"Qui_dinh > **Chương II. LẬP KẾ HOẠCH VÀ TỔ CHỨC GIẢNG DẠY** > Điều 10. Đăng ký học lại, học cải thiện > 5. Điểm của tất cả các lần học đều được ghi trong bảng điểm theo học kỳ; kết quả **cao nhất** sẽ được dùng để tính vào điểm trung bình chung tích lũy.",data/processed/Qui_dinh.md,Qui_dinh,markdown,data/processed/Qui_dinh.md,sentence-transformers,1024
475,Qui_dinh,"Qui_dinh > **Chương II. LẬP KẾ HOẠCH VÀ TỔ CHỨC GIẢNG DẠY** > Điều 11. Xếp trình độ năm học
Sinh viên được xếp trình độ năm học căn cứ vào **khối lượng tín chỉ tích lũy** sau mỗi học kỳ hoặc năm học so với quy định tại Khoản 3 Điều 2 của Quy định này:

- **Năm thứ nhất:** tích lũy **< 1/4** khối lượng tín chỉ của chương trình đào tạo.
- **Năm thứ hai:** tích lũy **từ 1/4 đến < 1/2** khối lượng tín chỉ.
- **Năm thứ ba:** tích lũy **từ 1/2 đến < 3/4** khối lượng tín chỉ.
- **Năm thứ tư:** tích lũy **≥ 3/4** khối lượng tín chỉ của chương trình đào tạo.",**Chương II. LẬP KẾ HOẠCH VÀ TỔ CHỨC GIẢNG DẠY**,Điều 11. Xếp trình độ năm học,,,Qui_dinh > **Chương II. LẬP KẾ HOẠCH VÀ TỔ CHỨC GIẢNG DẠY** > Điều 11. Xếp trình độ năm học,data/processed/Qui_dinh.md,Qui_dinh,markdown,data/processed/Qui_dinh.md,sentence-transformers,1024
476,Qui_dinh,"Qui_dinh > **Chương III. ĐÁNH GIÁ KẾT QUẢ HỌC TẬP VÀ CẤP BẰNG TỐT NGHIỆP** > Điều 12. Đánh giá và tính điểm học phần > 1. Đối với các học phần chỉ có lý thuyết hoặc có cả lý thuyết và thực hành:
Tùy theo tính chất của học phần, điểm tổng hợp đánh giá học phần (sau đây gọi là **điểm học phần**) bao gồm 2 loại điểm với hình thức đánh giá bộ phận, trọng số của các điểm đánh giá bộ phận và cách tính điểm tổng hợp đánh giá học phần và được thể hiện trong đề cương chi tiết học phần của các chương trình đào tạo đã được Hiệu trưởng phê duyệt như sau:",**Chương III. ĐÁNH GIÁ KẾT QUẢ HỌC TẬP VÀ CẤP BẰNG TỐT NGHIỆP**,Điều 12. Đánh giá và tính điểm học phần,1. Đối với các học phần chỉ có lý thuyết hoặc có cả lý thuyết và thực hành:,,Qui_dinh > **Chương III. ĐÁNH GIÁ KẾT QUẢ HỌC TẬP VÀ CẤP BẰNG TỐT NGHIỆP** > Điều 12. Đánh giá và tính điểm học phần > 1. Đối với các học phần chỉ có lý thuyết hoặc có cả lý thuyết và thực hành:,data/processed/Qui_dinh.md,Qui_dinh,markdown,data/processed/Qui_dinh.md,sentence-transformers,1024
477,Qui_dinh,"Qui_dinh > **Chương III. ĐÁNH GIÁ KẾT QUẢ HỌC TẬP VÀ CẤP BẰNG TỐT NGHIỆP** > Điều 12. Đánh giá và tính điểm học phần > 1. Đối với các học phần chỉ có lý thuyết hoặc có cả lý thuyết và thực hành: > a) **Điểm quá trình:** được tính căn cứ vào một hoặc tất cả các điểm đánh giá bộ phận sau:
- Điểm kiểm tra thường xuyên trong quá trình học tập;
- Điểm đánh giá nhận thức và thái độ tham gia thảo luận;
- Điểm đánh giá phần thực hành;
- Điểm chuyên cần;
- Điểm thi giữa học phần;
- Điểm tiểu luận.

Giảng viên phụ trách lớp học phần trực tiếp ra đề thi, đề kiểm tra và cho điểm đánh giá bộ phận (trừ bài thi kết thúc học phần).",**Chương III. ĐÁNH GIÁ KẾT QUẢ HỌC TẬP VÀ CẤP BẰNG TỐT NGHIỆP**,Điều 12. Đánh giá và tính điểm học phần,1. Đối với các học phần chỉ có lý thuyết hoặc có cả lý thuyết và thực hành:,a) **Điểm quá trình:** được tính căn cứ vào một hoặc tất cả các điểm đánh giá bộ phận sau:,Qui_dinh > **Chương III. ĐÁNH GIÁ KẾT QUẢ HỌC TẬP VÀ CẤP BẰNG TỐT NGHIỆP** > Điều 12. Đánh giá và tính điểm học phần > 1. Đối với các học phần chỉ có lý thuyết hoặc có cả lý thuyết và thực hành: > a) **Điểm quá trình:** được tính căn cứ vào một hoặc tất cả các điểm đánh giá bộ phận sau:,data/processed/Qui_dinh.md,Qui_dinh,markdown,data/processed/Qui_dinh.md,sentence-transformers,1024
478,Qui_dinh,"Qui_dinh > **Chương III. ĐÁNH GIÁ KẾT QUẢ HỌC TẬP VÀ CẤP BẰNG TỐT NGHIỆP** > Điều 12. Đánh giá và tính điểm học phần > 4. Khi việc thi kết thúc học phần thực hiện theo hình thức trực tuyến, điểm thi kết thúc học phần có trọng số **không vượt quá 50%** trong điểm học phần.
---",**Chương III. ĐÁNH GIÁ KẾT QUẢ HỌC TẬP VÀ CẤP BẰNG TỐT NGHIỆP**,Điều 12. Đánh giá và tính điểm học phần,"4. Khi việc thi kết thúc học phần thực hiện theo hình thức trực tuyến, điểm thi kết thúc học phần có trọng số **không vượt quá 50%** trong điểm học phần.",,"Qui_dinh > **Chương III. ĐÁNH GIÁ KẾT QUẢ HỌC TẬP VÀ CẤP BẰNG TỐT NGHIỆP** > Điều 12. Đánh giá và tính điểm học phần > 4. Khi việc thi kết thúc học phần thực hiện theo hình thức trực tuyến, điểm thi kết thúc học phần có trọng số **không vượt quá 50%** trong điểm học phần.",data/processed/Qui_dinh.md,Qui_dinh,markdown,data/processed/Qui_dinh.md,sentence-transformers,1024
479,Qui_dinh,"Qui_dinh > **Chương III. ĐÁNH GIÁ KẾT QUẢ HỌC TẬP VÀ CẤP BẰNG TỐT NGHIỆP** > Điều 13. Cách tính điểm đánh giá bộ phận, điểm học phần > 2. Điểm học phần là tổng điểm tất cả các điểm đánh giá bộ phận của học phần nhân với trọng số tương ứng. Điểm học phần làm tròn đến một chữ số thập phân, sau đó được chuyển thành **điểm chữ** và phân loại như sau: > a) **Loại đạt** (được tính vào điểm trung bình chung tích lũy):
- A (8,5 – 10): Giỏi;
- B+ (8,0 – 8,4), B (7,0 – 7,9): Khá;
- C+ (6,0 – 6,9), C (5,5 – 5,9): Trung bình;
- D+ (5,0 – 5,4), D (4,0 – 4,9): Trung bình yếu.",**Chương III. ĐÁNH GIÁ KẾT QUẢ HỌC TẬP VÀ CẤP BẰNG TỐT NGHIỆP**,"Điều 13. Cách tính điểm đánh giá bộ phận, điểm học phần","2. Điểm học phần là tổng điểm tất cả các điểm đánh giá bộ phận của học phần nhân với trọng số tương ứng. Điểm học phần làm tròn đến một chữ số thập phân, sau đó được chuyển thành **điểm chữ** và phân loại như sau:",a) **Loại đạt** (được tính vào điểm trung bình chung tích lũy):,"Qui_dinh > **Chương III. ĐÁNH GIÁ KẾT QUẢ HỌC TẬP VÀ CẤP BẰNG TỐT NGHIỆP** > Điều 13. Cách tính điểm đánh giá bộ phận, điểm học phần > 2. Điểm học phần là tổng điểm tất cả các điểm đánh giá bộ phận của học phần nhân với trọng số tương ứng. Điểm học phần làm tròn đến một chữ số thập phân, sau đó được chuyển thành **điểm chữ** và phân loại như sau: > a) **Loại đạt** (được tính vào điểm trung bình chung tích lũy):",data/processed/Qui_dinh.md,Qui_dinh,markdown,data/processed/Qui_dinh.md,sentence-transformers,1024
480,Qui_dinh,"Qui_dinh > **Chương III. ĐÁNH GIÁ KẾT QUẢ HỌC TẬP VÀ CẤP BẰNG TỐT NGHIỆP** > Điều 13. Cách tính điểm đánh giá bộ phận, điểm học phần > 2. Điểm học phần là tổng điểm tất cả các điểm đánh giá bộ phận của học phần nhân với trọng số tương ứng. Điểm học phần làm tròn đến một chữ số thập phân, sau đó được chuyển thành **điểm chữ** và phân loại như sau: > b) **Loại không đạt:**
- F+ (2,1 – 3,9), F (0 – 2,0): Kém.",**Chương III. ĐÁNH GIÁ KẾT QUẢ HỌC TẬP VÀ CẤP BẰNG TỐT NGHIỆP**,"Điều 13. Cách tính điểm đánh giá bộ phận, điểm học phần","2. Điểm học phần là tổng điểm tất cả các điểm đánh giá bộ phận của học phần nhân với trọng số tương ứng. Điểm học phần làm tròn đến một chữ số thập phân, sau đó được chuyển thành **điểm chữ** và phân loại như sau:",b) **Loại không đạt:**,"Qui_dinh > **Chương III. ĐÁNH GIÁ KẾT QUẢ HỌC TẬP VÀ CẤP BẰNG TỐT NGHIỆP** > Điều 13. Cách tính điểm đánh giá bộ phận, điểm học phần > 2. Điểm học phần là tổng điểm tất cả các điểm đánh giá bộ phận của học phần nhân với trọng số tương ứng. Điểm học phần làm tròn đến một chữ số thập phân, sau đó được chuyển thành **điểm chữ** và phân loại như sau: > b) **Loại không đạt:**",data/processed/Qui_dinh.md,Qui_dinh,markdown,data/processed/Qui_dinh.md,sentence-transformers,1024
481,Qui_dinh,"Qui_dinh > **Chương III. ĐÁNH GIÁ KẾT QUẢ HỌC TẬP VÀ CẤP BẰNG TỐT NGHIỆP** > Điều 13. Cách tính điểm đánh giá bộ phận, điểm học phần > 3. Một số trường hợp đặc biệt sử dụng các điểm chữ xếp loại, **không được tính vào điểm trung bình chung tích lũy** gồm: > a) Mức điểm **I** áp dụng cho các trường hợp:
- Trong thời gian học hoặc trong thời gian thi kết thúc học phần, sinh viên bị ốm hoặc tai nạn không thể dự thi, phải được lãnh đạo Khoa/Viện/Bộ môn xác nhận;
- Sinh viên không thể dự kiểm tra bộ phận hoặc thi kết thúc học phần vì những lý do khách quan, phải được lãnh đạo Khoa/Viện/Bộ môn chấp thuận.",**Chương III. ĐÁNH GIÁ KẾT QUẢ HỌC TẬP VÀ CẤP BẰNG TỐT NGHIỆP**,"Điều 13. Cách tính điểm đánh giá bộ phận, điểm học phần","3. Một số trường hợp đặc biệt sử dụng các điểm chữ xếp loại, **không được tính vào điểm trung bình chung tích lũy** gồm:",a) Mức điểm **I** áp dụng cho các trường hợp:,"Qui_dinh > **Chương III. ĐÁNH GIÁ KẾT QUẢ HỌC TẬP VÀ CẤP BẰNG TỐT NGHIỆP** > Điều 13. Cách tính điểm đánh giá bộ phận, điểm học phần > 3. Một số trường hợp đặc biệt sử dụng các điểm chữ xếp loại, **không được tính vào điểm trung bình chung tích lũy** gồm: > a) Mức điểm **I** áp dụng cho các trường hợp:",data/processed/Qui_dinh.md,Qui_dinh,markdown,data/processed/Qui_dinh.md,sentence-transformers,1024
482,Qui_dinh,"Qui_dinh > **Chương III. ĐÁNH GIÁ KẾT QUẢ HỌC TẬP VÀ CẤP BẰNG TỐT NGHIỆP** > Điều 13. Cách tính điểm đánh giá bộ phận, điểm học phần > 6. Trừ các trường hợp đặc biệt do Hiệu trưởng quy định, trong vòng **01 năm học** kể từ khi nhận mức điểm I, sinh viên phải trả xong các điểm bộ phận còn nợ để có điểm học phần và được chuyển điểm; nếu không thì điểm I tự động được chuyển thành điểm F.
---",**Chương III. ĐÁNH GIÁ KẾT QUẢ HỌC TẬP VÀ CẤP BẰNG TỐT NGHIỆP**,"Điều 13. Cách tính điểm đánh giá bộ phận, điểm học phần","6. Trừ các trường hợp đặc biệt do Hiệu trưởng quy định, trong vòng **01 năm học** kể từ khi nhận mức điểm I, sinh viên phải trả xong các điểm bộ phận còn nợ để có điểm học phần và được chuyển điểm; nếu không thì điểm I tự động được chuyển thành điểm F.",,"Qui_dinh > **Chương III. ĐÁNH GIÁ KẾT QUẢ HỌC TẬP VÀ CẤP BẰNG TỐT NGHIỆP** > Điều 13. Cách tính điểm đánh giá bộ phận, điểm học phần > 6. Trừ các trường hợp đặc biệt do Hiệu trưởng quy định, trong vòng **01 năm học** kể từ khi nhận mức điểm I, sinh viên phải trả xong các điểm bộ phận còn nợ để có điểm học phần và được chuyển điểm; nếu không thì điểm I tự động được chuyển thành điểm F.",data/processed/Qui_dinh.md,Qui_dinh,markdown,data/processed/Qui_dinh.md,sentence-transformers,1024
483,Qui_dinh,"Qui_dinh > **Chương III. ĐÁNH GIÁ KẾT QUẢ HỌC TẬP VÀ CẤP BẰNG TỐT NGHIỆP** > Điều 14. Trách nhiệm của sinh viên > 3. Sinh viên phải hoàn thành việc đóng học phí theo thông báo của Trường. Sinh viên chưa hoàn thành việc đóng học phí trong học kỳ sẽ bị **tạm ngừng đăng ký học phần của học kỳ kế tiếp**; sau khi hoàn thành việc đóng học phí sinh viên sẽ được hủy bỏ việc tạm ngừng đăng ký học phần để thực hiện đăng ký học phần và phải chịu hoàn toàn trách nhiệm về các vấn đề phát sinh trong việc đăng ký học phần và khối lượng học tập.
---",**Chương III. ĐÁNH GIÁ KẾT QUẢ HỌC TẬP VÀ CẤP BẰNG TỐT NGHIỆP**,Điều 14. Trách nhiệm của sinh viên,3. Sinh viên phải hoàn thành việc đóng học phí theo thông báo của Trường. Sinh viên chưa hoàn thành việc đóng học phí trong học kỳ sẽ bị **tạm ngừng đăng ký học phần của học kỳ kế tiếp**; sau khi hoàn thành việc đóng học phí sinh viên sẽ được hủy bỏ việc tạm ngừng đăng ký học phần để thực hiện đăng ký học phần và phải chịu hoàn toàn trách nhiệm về các vấn đề phát sinh trong việc đăng ký học phần và khối lượng học tập.,,Qui_dinh > **Chương III. ĐÁNH GIÁ KẾT QUẢ HỌC TẬP VÀ CẤP BẰNG TỐT NGHIỆP** > Điều 14. Trách nhiệm của sinh viên > 3. Sinh viên phải hoàn thành việc đóng học phí theo thông báo của Trường. Sinh viên chưa hoàn thành việc đóng học phí trong học kỳ sẽ bị **tạm ngừng đăng ký học phần của học kỳ kế tiếp**; sau khi hoàn thành việc đóng học phí sinh viên sẽ được hủy bỏ việc tạm ngừng đăng ký học phần để thực hiện đăng ký học phần và phải chịu hoàn toàn trách nhiệm về các vấn đề phát sinh trong việc đăng ký học phần và khối lượng học tập.,data/processed/Qui_dinh.md,Qui_dinh,markdown,data/processed/Qui_dinh.md,sentence-transformers,1024
484,Qui_dinh,"Qui_dinh > CÁC HỌC PHẦN TỐT NGHIỆP > Điều 15. Bố trí cho sinh viên đi thực tập tốt nghiệp > 1. Sinh viên sau khi hoàn thành việc học và có kết quả học tập của tất cả các học phần cần phải tích lũy được bố trí học trước học phần thực tập tốt nghiệp của kế hoạch học tập chuẩn trong các chương trình đào tạo sẽ được bố trí đi thực tập tốt nghiệp theo từng đợt trong học kỳ.
2. Phòng Đào tạo phối hợp và căn cứ theo danh sách sinh viên được bố trí đi thực tập tốt nghiệp từ các Khoa/Viện/Bộ môn quản lý chương trình đào tạo để mở và bố trí sinh viên vào các lớp học phần thực tập tốt nghiệp.

---",CÁC HỌC PHẦN TỐT NGHIỆP,Điều 15. Bố trí cho sinh viên đi thực tập tốt nghiệp,1. Sinh viên sau khi hoàn thành việc học và có kết quả học tập của tất cả các học phần cần phải tích lũy được bố trí học trước học phần thực tập tốt nghiệp của kế hoạch học tập chuẩn trong các chương trình đào tạo sẽ được bố trí đi thực tập tốt nghiệp theo từng đợt trong học kỳ.,,Qui_dinh > CÁC HỌC PHẦN TỐT NGHIỆP > Điều 15. Bố trí cho sinh viên đi thực tập tốt nghiệp > 1. Sinh viên sau khi hoàn thành việc học và có kết quả học tập của tất cả các học phần cần phải tích lũy được bố trí học trước học phần thực tập tốt nghiệp của kế hoạch học tập chuẩn trong các chương trình đào tạo sẽ được bố trí đi thực tập tốt nghiệp theo từng đợt trong học kỳ.,data/processed/Qui_dinh.md,Qui_dinh,markdown,data/processed/Qui_dinh.md,sentence-transformers,1024
485,Qui_dinh,"Qui_dinh > CÁC HỌC PHẦN TỐT NGHIỆP > Điều 16. Bố trí cho sinh viên làm khóa luận tốt nghiệp/đồ án tốt nghiệp/thi tốt nghiệp hoặc học các học phần thay thế khóa luận tốt nghiệp > 1. Sinh viên sau khi hoàn thành việc học và có kết quả học tập của tất cả các học phần phải tích lũy được bố trí học trước học phần khóa luận tốt nghiệp/đồ án tốt nghiệp/thi tốt nghiệp hoặc các học phần học thay thế khóa luận tốt nghiệp của kế hoạch học tập chuẩn trong các chương trình đào tạo sẽ được bố trí làm khóa luận tốt nghiệp/đồ án tốt nghiệp/thi tốt nghiệp hoặc học các học phần học thay thế khóa luận tốt nghiệp trong học kỳ sau khi đáp ứng các điều kiện sau:
- Không có học phần cần phải tích lũy nào bị điểm F+, F;
- Có điểm trung bình chung tích lũy từ **2.00** trở lên;
- Các điều kiện khác (nếu có) được quy định trong các chương trình đào tạo.",CÁC HỌC PHẦN TỐT NGHIỆP,Điều 16. Bố trí cho sinh viên làm khóa luận tốt nghiệp/đồ án tốt nghiệp/thi tốt nghiệp hoặc học các học phần thay thế khóa luận tốt nghiệp,1. Sinh viên sau khi hoàn thành việc học và có kết quả học tập của tất cả các học phần phải tích lũy được bố trí học trước học phần khóa luận tốt nghiệp/đồ án tốt nghiệp/thi tốt nghiệp hoặc các học phần học thay thế khóa luận tốt nghiệp của kế hoạch học tập chuẩn trong các chương trình đào tạo sẽ được bố trí làm khóa luận tốt nghiệp/đồ án tốt nghiệp/thi tốt nghiệp hoặc học các học phần học thay thế khóa luận tốt nghiệp trong học kỳ sau khi đáp ứng các điều kiện sau:,,Qui_dinh > CÁC HỌC PHẦN TỐT NGHIỆP > Điều 16. Bố trí cho sinh viên làm khóa luận tốt nghiệp/đồ án tốt nghiệp/thi tốt nghiệp hoặc học các học phần thay thế khóa luận tốt nghiệp > 1. Sinh viên sau khi hoàn thành việc học và có kết quả học tập của tất cả các học phần phải tích lũy được bố trí học trước học phần khóa luận tốt nghiệp/đồ án tốt nghiệp/thi tốt nghiệp hoặc các học phần học thay thế khóa luận tốt nghiệp của kế hoạch học tập chuẩn trong các chương trình đào tạo sẽ được bố trí làm khóa luận tốt nghiệp/đồ án tốt nghiệp/thi tốt nghiệp hoặc học các học phần học thay thế khóa luận tốt nghiệp trong học kỳ sau khi đáp ứng các điều kiện sau:,data/processed/Qui_dinh.md,Qui_dinh,markdown,data/processed/Qui_dinh.md,sentence-transformers,1024
486,Qui_dinh,"Qui_dinh > CÁC HỌC PHẦN TỐT NGHIỆP > Điều 16. Bố trí cho sinh viên làm khóa luận tốt nghiệp/đồ án tốt nghiệp/thi tốt nghiệp hoặc học các học phần thay thế khóa luận tốt nghiệp > 5. Giảng viên hướng dẫn có nhiệm vụ hướng dẫn, kiểm tra, đánh giá quá trình và kết quả làm luận văn tốt nghiệp/đồ án tốt nghiệp của sinh viên và báo cáo Khoa/Viện/Bộ môn quản lý chương trình đào tạo.
---",CÁC HỌC PHẦN TỐT NGHIỆP,Điều 16. Bố trí cho sinh viên làm khóa luận tốt nghiệp/đồ án tốt nghiệp/thi tốt nghiệp hoặc học các học phần thay thế khóa luận tốt nghiệp,"5. Giảng viên hướng dẫn có nhiệm vụ hướng dẫn, kiểm tra, đánh giá quá trình và kết quả làm luận văn tốt nghiệp/đồ án tốt nghiệp của sinh viên và báo cáo Khoa/Viện/Bộ môn quản lý chương trình đào tạo.",,"Qui_dinh > CÁC HỌC PHẦN TỐT NGHIỆP > Điều 16. Bố trí cho sinh viên làm khóa luận tốt nghiệp/đồ án tốt nghiệp/thi tốt nghiệp hoặc học các học phần thay thế khóa luận tốt nghiệp > 5. Giảng viên hướng dẫn có nhiệm vụ hướng dẫn, kiểm tra, đánh giá quá trình và kết quả làm luận văn tốt nghiệp/đồ án tốt nghiệp của sinh viên và báo cáo Khoa/Viện/Bộ môn quản lý chương trình đào tạo.",data/processed/Qui_dinh.md,Qui_dinh,markdown,data/processed/Qui_dinh.md,sentence-transformers,1024
487,Qui_dinh,"Qui_dinh > THI VÀ TỔ CHỨC THI KẾT THÚC HỌC PHẦN > Điều 17. Thi kết thúc học phần > 1. Hình thức thi kết thúc học phần được quy định trong Đề cương chi tiết, có thể là:
- Thi viết (trắc nghiệm hoặc tự luận);
- Thi trắc nghiệm trên máy tính;
- Thi trực tuyến (tự luận, trắc nghiệm, báo cáo, bài luận …);
- Thi vấn đáp;
- Viết tiểu luận, làm bài tập lớn;
- Bảo vệ chuyên đề, đồ án, khóa luận;
- Bảo vệ kết quả thực hành, thực tập (cho các học phần thực hành, thực tập);
- Hoặc kết hợp giữa các hình thức trên.

Khi có thay đổi hình thức thi kết thúc học phần thì Khoa/Viện/Bộ môn phải có thông báo bằng văn bản gửi Phòng Đào tạo để phối hợp thực hiện.",THI VÀ TỔ CHỨC THI KẾT THÚC HỌC PHẦN,Điều 17. Thi kết thúc học phần,"1. Hình thức thi kết thúc học phần được quy định trong Đề cương chi tiết, có thể là:",,"Qui_dinh > THI VÀ TỔ CHỨC THI KẾT THÚC HỌC PHẦN > Điều 17. Thi kết thúc học phần > 1. Hình thức thi kết thúc học phần được quy định trong Đề cương chi tiết, có thể là:",data/processed/Qui_dinh.md,Qui_dinh,markdown,data/processed/Qui_dinh.md,sentence-transformers,1024
488,Qui_dinh,"Qui_dinh > THI VÀ TỔ CHỨC THI KẾT THÚC HỌC PHẦN > Điều 17. Thi kết thúc học phần > 2. Thời gian dành cho ôn thi mỗi học phần tỷ lệ thuận với số tín chỉ của học phần đó và được quy định cụ thể như sau:
- Học phần có 01 tín chỉ: thời gian ôn thi ít nhất 01 ngày;
- Học phần có 02 hoặc 03 tín chỉ: thời gian ôn thi ít nhất 02 ngày;
- Học phần có 04 tín chỉ trở lên: thời gian ôn thi ít nhất 03 ngày.",THI VÀ TỔ CHỨC THI KẾT THÚC HỌC PHẦN,Điều 17. Thi kết thúc học phần,2. Thời gian dành cho ôn thi mỗi học phần tỷ lệ thuận với số tín chỉ của học phần đó và được quy định cụ thể như sau:,,Qui_dinh > THI VÀ TỔ CHỨC THI KẾT THÚC HỌC PHẦN > Điều 17. Thi kết thúc học phần > 2. Thời gian dành cho ôn thi mỗi học phần tỷ lệ thuận với số tín chỉ của học phần đó và được quy định cụ thể như sau:,data/processed/Qui_dinh.md,Qui_dinh,markdown,data/processed/Qui_dinh.md,sentence-transformers,1024
489,Qui_dinh,"Qui_dinh > THI VÀ TỔ CHỨC THI KẾT THÚC HỌC PHẦN > Điều 17. Thi kết thúc học phần > 4. Sinh viên vắng thi kết thúc học phần trong đợt thi của một học kỳ do ốm hoặc tai nạn không thể dự thi theo lịch, chậm nhất **05 ngày** kể từ ngày thi phải có đơn gửi Phòng Đào tạo để:
- Được xem xét cho phép dự thi vào nhóm lớp khác cùng học phần trong cùng học kỳ; hoặc
- Được giải quyết nhận điểm I.",THI VÀ TỔ CHỨC THI KẾT THÚC HỌC PHẦN,Điều 17. Thi kết thúc học phần,"4. Sinh viên vắng thi kết thúc học phần trong đợt thi của một học kỳ do ốm hoặc tai nạn không thể dự thi theo lịch, chậm nhất **05 ngày** kể từ ngày thi phải có đơn gửi Phòng Đào tạo để:",,"Qui_dinh > THI VÀ TỔ CHỨC THI KẾT THÚC HỌC PHẦN > Điều 17. Thi kết thúc học phần > 4. Sinh viên vắng thi kết thúc học phần trong đợt thi của một học kỳ do ốm hoặc tai nạn không thể dự thi theo lịch, chậm nhất **05 ngày** kể từ ngày thi phải có đơn gửi Phòng Đào tạo để:",data/processed/Qui_dinh.md,Qui_dinh,markdown,data/processed/Qui_dinh.md,sentence-transformers,1024
490,Qui_dinh,"Qui_dinh > THI VÀ TỔ CHỨC THI KẾT THÚC HỌC PHẦN > Điều 17. Thi kết thúc học phần > 6. Sinh viên bị **cấm thi** sẽ phải nhận điểm học phần là **F**.
---",THI VÀ TỔ CHỨC THI KẾT THÚC HỌC PHẦN,Điều 17. Thi kết thúc học phần,6. Sinh viên bị **cấm thi** sẽ phải nhận điểm học phần là **F**.,,Qui_dinh > THI VÀ TỔ CHỨC THI KẾT THÚC HỌC PHẦN > Điều 17. Thi kết thúc học phần > 6. Sinh viên bị **cấm thi** sẽ phải nhận điểm học phần là **F**.,data/processed/Qui_dinh.md,Qui_dinh,markdown,data/processed/Qui_dinh.md,sentence-transformers,1024
491,Qui_dinh,"Qui_dinh > THI VÀ TỔ CHỨC THI KẾT THÚC HỌC PHẦN > Điều 18. Tổ chức thi kết thúc học phần > 1. Trường tổ chức các đợt thi kết thúc học phần trong mỗi học kỳ của năm học theo tiến độ học tập năm học và áp dụng đối với các học phần có hình thức thi:
- Thi viết;
- Thi trắc nghiệm trên giấy;
- Thi vấn đáp;
- Thi trắc nghiệm trên máy tính.",THI VÀ TỔ CHỨC THI KẾT THÚC HỌC PHẦN,Điều 18. Tổ chức thi kết thúc học phần,1. Trường tổ chức các đợt thi kết thúc học phần trong mỗi học kỳ của năm học theo tiến độ học tập năm học và áp dụng đối với các học phần có hình thức thi:,,Qui_dinh > THI VÀ TỔ CHỨC THI KẾT THÚC HỌC PHẦN > Điều 18. Tổ chức thi kết thúc học phần > 1. Trường tổ chức các đợt thi kết thúc học phần trong mỗi học kỳ của năm học theo tiến độ học tập năm học và áp dụng đối với các học phần có hình thức thi:,data/processed/Qui_dinh.md,Qui_dinh,markdown,data/processed/Qui_dinh.md,sentence-transformers,1024
492,Qui_dinh,"Qui_dinh > THI VÀ TỔ CHỨC THI KẾT THÚC HỌC PHẦN > Điều 18. Tổ chức thi kết thúc học phần > 3. Việc thi kết thúc học phần theo hình thức trực tuyến do Hiệu trưởng quyết định và được thực hiện theo các quy định hiện hành của Bộ Giáo dục và Đào tạo và của Trường.
---",THI VÀ TỔ CHỨC THI KẾT THÚC HỌC PHẦN,Điều 18. Tổ chức thi kết thúc học phần,3. Việc thi kết thúc học phần theo hình thức trực tuyến do Hiệu trưởng quyết định và được thực hiện theo các quy định hiện hành của Bộ Giáo dục và Đào tạo và của Trường.,,Qui_dinh > THI VÀ TỔ CHỨC THI KẾT THÚC HỌC PHẦN > Điều 18. Tổ chức thi kết thúc học phần > 3. Việc thi kết thúc học phần theo hình thức trực tuyến do Hiệu trưởng quyết định và được thực hiện theo các quy định hiện hành của Bộ Giáo dục và Đào tạo và của Trường.,data/processed/Qui_dinh.md,Qui_dinh,markdown,data/processed/Qui_dinh.md,sentence-transformers,1024
493,Qui_dinh,"Qui_dinh > THI VÀ TỔ CHỨC THI KẾT THÚC HỌC PHẦN > Điều 19. Lập lịch thi kết thúc học phần > 5. Đối với hình thức thi trực tuyến, danh sách sinh viên trong phòng thi sẽ được tạo và cập nhật trên hệ thống **E-learning**.
---",THI VÀ TỔ CHỨC THI KẾT THÚC HỌC PHẦN,Điều 19. Lập lịch thi kết thúc học phần,"5. Đối với hình thức thi trực tuyến, danh sách sinh viên trong phòng thi sẽ được tạo và cập nhật trên hệ thống **E-learning**.",,"Qui_dinh > THI VÀ TỔ CHỨC THI KẾT THÚC HỌC PHẦN > Điều 19. Lập lịch thi kết thúc học phần > 5. Đối với hình thức thi trực tuyến, danh sách sinh viên trong phòng thi sẽ được tạo và cập nhật trên hệ thống **E-learning**.",data/processed/Qui_dinh.md,Qui_dinh,markdown,data/processed/Qui_dinh.md,sentence-transformers,1024
494,Qui_dinh,"Qui_dinh > THI VÀ TỔ CHỨC THI KẾT THÚC HỌC PHẦN > Điều 20. Phân công cán bộ coi thi > 2. Số lượng cán bộ coi thi được quy định như sau:
- Các môn thi viết: mỗi ca/mỗi phòng thi **ít nhất 02 cán bộ coi thi**;
- Các môn thi trên máy tính tại phòng máy: mỗi ca/mỗi phòng thi **ít nhất 02 cán bộ coi thi** kết hợp với **01 kỹ thuật viên máy tính** để giám sát thi. Quá trình thi được tổ chức theo đợt với đủ số lượng của phòng máy, sinh viên thi xong thì gọi lượt tiếp theo cho đến hết;
- Các môn thi vấn đáp: mỗi bàn/mỗi ca thi **ít nhất 02 giảng viên hỏi thi**;
- Các môn thi thực hành, giáo dục thể chất: các Khoa/Viện/Bộ môn chịu trách nhiệm huy động giảng viên có chuyên môn phù hợp (kể cả giảng viên thỉnh giảng, trừ trường hợp vắng mặt theo quy định) tham gia coi thi và bố trí đủ số lượng;
- Thi trực tuyến: mỗi ca thi có **01 giảng viên** kết hợp với **01 nhân viên kỹ thuật của Trung tâm Thông tin – Thư viện** coi thi.",THI VÀ TỔ CHỨC THI KẾT THÚC HỌC PHẦN,Điều 20. Phân công cán bộ coi thi,2. Số lượng cán bộ coi thi được quy định như sau:,,Qui_dinh > THI VÀ TỔ CHỨC THI KẾT THÚC HỌC PHẦN > Điều 20. Phân công cán bộ coi thi > 2. Số lượng cán bộ coi thi được quy định như sau:,data/processed/Qui_dinh.md,Qui_dinh,markdown,data/processed/Qui_dinh.md,sentence-transformers,1024
495,Qui_dinh,"Qui_dinh > THI VÀ TỔ CHỨC THI KẾT THÚC HỌC PHẦN > Điều 21. Làm đề thi, in sao và bảo mật đề thi > 1. Phòng Quản lý chất lượng phối hợp với các Khoa/Viện/Bộ môn tổ chức chọn lựa đề thi để tổ chức in sao và niêm phong đề thi tại phòng.
Đối với thi trực tuyến thì lãnh đạo Bộ môn chọn lựa đề thi do Bộ môn quản lý đưa lên hệ thống tổ chức thi trực tuyến của Trường và Phòng Quản lý chất lượng thanh, kiểm tra.",THI VÀ TỔ CHỨC THI KẾT THÚC HỌC PHẦN,"Điều 21. Làm đề thi, in sao và bảo mật đề thi",1. Phòng Quản lý chất lượng phối hợp với các Khoa/Viện/Bộ môn tổ chức chọn lựa đề thi để tổ chức in sao và niêm phong đề thi tại phòng.,,"Qui_dinh > THI VÀ TỔ CHỨC THI KẾT THÚC HỌC PHẦN > Điều 21. Làm đề thi, in sao và bảo mật đề thi > 1. Phòng Quản lý chất lượng phối hợp với các Khoa/Viện/Bộ môn tổ chức chọn lựa đề thi để tổ chức in sao và niêm phong đề thi tại phòng.",data/processed/Qui_dinh.md,Qui_dinh,markdown,data/processed/Qui_dinh.md,sentence-transformers,1024
496,Qui_dinh,"Qui_dinh > THI VÀ TỔ CHỨC THI KẾT THÚC HỌC PHẦN > Điều 21. Làm đề thi, in sao và bảo mật đề thi > 2. Nguyên tắc lựa chọn và in sao đề thi: > a) **Trường hợp đề thi viết (tự luận):**
Phòng Quản lý chất lượng phối hợp với các Khoa/Viện/Bộ môn tổ chức chọn lựa tối thiểu 01 đề thi để sử dụng cho từng học phần theo từng ca thi (nếu lớp chia thành 02 ca thi thì phải chuẩn bị tối thiểu 02 đề thi riêng biệt).  
 Số lượng đề thi nhân bản trong mỗi phòng thi phải bằng số sinh viên dự kiến mỗi ca thi/phòng thi + lượng đề thi dự trữ bằng 5% số sinh viên dự kiến.",THI VÀ TỔ CHỨC THI KẾT THÚC HỌC PHẦN,"Điều 21. Làm đề thi, in sao và bảo mật đề thi",2. Nguyên tắc lựa chọn và in sao đề thi:,a) **Trường hợp đề thi viết (tự luận):**,"Qui_dinh > THI VÀ TỔ CHỨC THI KẾT THÚC HỌC PHẦN > Điều 21. Làm đề thi, in sao và bảo mật đề thi > 2. Nguyên tắc lựa chọn và in sao đề thi: > a) **Trường hợp đề thi viết (tự luận):**",data/processed/Qui_dinh.md,Qui_dinh,markdown,data/processed/Qui_dinh.md,sentence-transformers,1024
497,Qui_dinh,"Qui_dinh > THI VÀ TỔ CHỨC THI KẾT THÚC HỌC PHẦN > Điều 21. Làm đề thi, in sao và bảo mật đề thi > 2. Nguyên tắc lựa chọn và in sao đề thi: > b) Việc lựa chọn đề thi phải bảo đảm nguyên tắc:
- Trường hợp các lớp có cùng mã học phần thi cùng một thời điểm thì trong mỗi ca thi/buổi thi/ngày thi các nhóm lớp của cùng một mã học phần được thi chung một đề thi.
- Các trường hợp đặc biệt khác do Khoa/Viện/Bộ môn quy định.",THI VÀ TỔ CHỨC THI KẾT THÚC HỌC PHẦN,"Điều 21. Làm đề thi, in sao và bảo mật đề thi",2. Nguyên tắc lựa chọn và in sao đề thi:,b) Việc lựa chọn đề thi phải bảo đảm nguyên tắc:,"Qui_dinh > THI VÀ TỔ CHỨC THI KẾT THÚC HỌC PHẦN > Điều 21. Làm đề thi, in sao và bảo mật đề thi > 2. Nguyên tắc lựa chọn và in sao đề thi: > b) Việc lựa chọn đề thi phải bảo đảm nguyên tắc:",data/processed/Qui_dinh.md,Qui_dinh,markdown,data/processed/Qui_dinh.md,sentence-transformers,1024
498,Qui_dinh,"Qui_dinh > THI VÀ TỔ CHỨC THI KẾT THÚC HỌC PHẦN > Điều 21. Làm đề thi, in sao và bảo mật đề thi > 2. Nguyên tắc lựa chọn và in sao đề thi: > c) **Trường hợp thi trắc nghiệm sử dụng bộ đề thi giấy:**
Phòng Quản lý chất lượng phối hợp với các Khoa/Viện/Bộ môn tổ chức chọn lựa tối thiểu 01 bộ đề thi có ít nhất 04 mã đề thi để sử dụng cho từng học phần theo từng ca thi (nếu lớp chia thành 02 ca thi thì phải chuẩn bị 02 bộ đề thi riêng biệt với các mã đề khác nhau).  
 Số lượng đề thi nhân bản trong mỗi phòng thi phải bằng số sinh viên dự kiến mỗi ca thi/phòng thi + lượng đề dự trữ bằng 5% số sinh viên dự kiến.",THI VÀ TỔ CHỨC THI KẾT THÚC HỌC PHẦN,"Điều 21. Làm đề thi, in sao và bảo mật đề thi",2. Nguyên tắc lựa chọn và in sao đề thi:,c) **Trường hợp thi trắc nghiệm sử dụng bộ đề thi giấy:**,"Qui_dinh > THI VÀ TỔ CHỨC THI KẾT THÚC HỌC PHẦN > Điều 21. Làm đề thi, in sao và bảo mật đề thi > 2. Nguyên tắc lựa chọn và in sao đề thi: > c) **Trường hợp thi trắc nghiệm sử dụng bộ đề thi giấy:**",data/processed/Qui_dinh.md,Qui_dinh,markdown,data/processed/Qui_dinh.md,sentence-transformers,1024
499,Qui_dinh,"Qui_dinh > THI VÀ TỔ CHỨC THI KẾT THÚC HỌC PHẦN > Điều 21. Làm đề thi, in sao và bảo mật đề thi > 2. Nguyên tắc lựa chọn và in sao đề thi: > d) **Trường hợp thi trắc nghiệm trên máy tính sử dụng đề thi cài đặt trong máy:**
Trước thời gian tổ chức thi kết thúc học phần ít nhất 01 ngày, Khoa/Viện/Bộ môn cử cán bộ, giảng viên phối hợp với kỹ thuật viên máy tính chuẩn bị máy tính, kiểm tra, cài đặt chương trình trộn với số lượng tối thiểu 04 mã đề thi và đảm bảo máy tính hoạt động tốt.",THI VÀ TỔ CHỨC THI KẾT THÚC HỌC PHẦN,"Điều 21. Làm đề thi, in sao và bảo mật đề thi",2. Nguyên tắc lựa chọn và in sao đề thi:,d) **Trường hợp thi trắc nghiệm trên máy tính sử dụng đề thi cài đặt trong máy:**,"Qui_dinh > THI VÀ TỔ CHỨC THI KẾT THÚC HỌC PHẦN > Điều 21. Làm đề thi, in sao và bảo mật đề thi > 2. Nguyên tắc lựa chọn và in sao đề thi: > d) **Trường hợp thi trắc nghiệm trên máy tính sử dụng đề thi cài đặt trong máy:**",data/processed/Qui_dinh.md,Qui_dinh,markdown,data/processed/Qui_dinh.md,sentence-transformers,1024
500,Qui_dinh,"Qui_dinh > THI VÀ TỔ CHỨC THI KẾT THÚC HỌC PHẦN > Điều 21. Làm đề thi, in sao và bảo mật đề thi > 2. Nguyên tắc lựa chọn và in sao đề thi: > đ) **Trường hợp thi vấn đáp:**
Phòng Quản lý chất lượng phối hợp với các Khoa/Viện/Bộ môn tổ chức chọn lựa tối thiểu 01 bộ đề thi vấn đáp để sử dụng cho từng học phần theo từng đợt thi trong mỗi kỳ thi; 01 bộ đề thi vấn đáp phải có tối thiểu 10 đề thi khác nhau.  
 Việc lựa chọn đề thi phải bảo đảm nguyên tắc: trong mỗi buổi thi hoặc ngày thi, các nhóm lớp của cùng một học phần được thi chung 01 bộ đề thi vấn đáp (lưu ý **không** được sử dụng đề thi vấn đáp để cho thi viết).",THI VÀ TỔ CHỨC THI KẾT THÚC HỌC PHẦN,"Điều 21. Làm đề thi, in sao và bảo mật đề thi",2. Nguyên tắc lựa chọn và in sao đề thi:,đ) **Trường hợp thi vấn đáp:**,"Qui_dinh > THI VÀ TỔ CHỨC THI KẾT THÚC HỌC PHẦN > Điều 21. Làm đề thi, in sao và bảo mật đề thi > 2. Nguyên tắc lựa chọn và in sao đề thi: > đ) **Trường hợp thi vấn đáp:**",data/processed/Qui_dinh.md,Qui_dinh,markdown,data/processed/Qui_dinh.md,sentence-transformers,1024
501,Qui_dinh,"Qui_dinh > THI VÀ TỔ CHỨC THI KẾT THÚC HỌC PHẦN > Điều 21. Làm đề thi, in sao và bảo mật đề thi > 4. **Vận chuyển đề thi** > b) Phòng Tổ chức – Hành chính bố trí xe trước đợt thi ít nhất 03 ngày để vận chuyển đề thi theo đề nghị của Phòng Quản lý chất lượng.
---",THI VÀ TỔ CHỨC THI KẾT THÚC HỌC PHẦN,"Điều 21. Làm đề thi, in sao và bảo mật đề thi",4. **Vận chuyển đề thi**,b) Phòng Tổ chức – Hành chính bố trí xe trước đợt thi ít nhất 03 ngày để vận chuyển đề thi theo đề nghị của Phòng Quản lý chất lượng.,"Qui_dinh > THI VÀ TỔ CHỨC THI KẾT THÚC HỌC PHẦN > Điều 21. Làm đề thi, in sao và bảo mật đề thi > 4. **Vận chuyển đề thi** > b) Phòng Tổ chức – Hành chính bố trí xe trước đợt thi ít nhất 03 ngày để vận chuyển đề thi theo đề nghị của Phòng Quản lý chất lượng.",data/processed/Qui_dinh.md,Qui_dinh,markdown,data/processed/Qui_dinh.md,sentence-transformers,1024
502,Qui_dinh,"Qui_dinh > THI VÀ TỔ CHỨC THI KẾT THÚC HỌC PHẦN > Điều 22. Tổ chức coi thi kết thúc học phần > 1. Phòng Quản lý chất lượng chịu trách nhiệm:
- In danh sách sinh viên dự thi của các lớp học phần;
- Thực hiện điểm danh cán bộ coi thi;
- Bàn giao danh sách sinh viên dự thi, đề thi và cặp hồ sơ giấy tờ liên quan cho cán bộ coi thi tại phòng hội đồng thi;
- Ghi nhận các trường hợp vi phạm;
- Giám sát, kiểm tra việc coi thi của cán bộ coi thi.",THI VÀ TỔ CHỨC THI KẾT THÚC HỌC PHẦN,Điều 22. Tổ chức coi thi kết thúc học phần,1. Phòng Quản lý chất lượng chịu trách nhiệm:,,Qui_dinh > THI VÀ TỔ CHỨC THI KẾT THÚC HỌC PHẦN > Điều 22. Tổ chức coi thi kết thúc học phần > 1. Phòng Quản lý chất lượng chịu trách nhiệm:,data/processed/Qui_dinh.md,Qui_dinh,markdown,data/processed/Qui_dinh.md,sentence-transformers,1024
503,Qui_dinh,"Qui_dinh > THI VÀ TỔ CHỨC THI KẾT THÚC HỌC PHẦN > Điều 22. Tổ chức coi thi kết thúc học phần > 2. Cán bộ coi thi có trách nhiệm:
- Có mặt tại địa điểm tổ chức thi ít nhất 15 phút trước giờ thi để nhận danh sách sinh viên dự thi, túi đựng đề thi, giấy thi;
- Kiểm tra các điều kiện trong phòng thi, đánh số báo danh và gọi tên sinh viên vào phòng thi;
- Thực hiện việc coi thi theo đúng quy định.",THI VÀ TỔ CHỨC THI KẾT THÚC HỌC PHẦN,Điều 22. Tổ chức coi thi kết thúc học phần,2. Cán bộ coi thi có trách nhiệm:,,Qui_dinh > THI VÀ TỔ CHỨC THI KẾT THÚC HỌC PHẦN > Điều 22. Tổ chức coi thi kết thúc học phần > 2. Cán bộ coi thi có trách nhiệm:,data/processed/Qui_dinh.md,Qui_dinh,markdown,data/processed/Qui_dinh.md,sentence-transformers,1024
504,Qui_dinh,"Qui_dinh > THI VÀ TỔ CHỨC THI KẾT THÚC HỌC PHẦN > Điều 22. Tổ chức coi thi kết thúc học phần > 3. Sinh viên có trách nhiệm:
- Có mặt tại phòng thi theo kế hoạch trước giờ thi để làm thủ tục vào thi;
- Trong trường hợp thi viết, nếu đến chậm quá 15 phút sau khi đã bốc đề thi thì không được dự thi;
- Mang theo thẻ sinh viên hoặc căn cước công dân;
- Thực hiện việc thi kết thúc học phần theo đúng quy định.",THI VÀ TỔ CHỨC THI KẾT THÚC HỌC PHẦN,Điều 22. Tổ chức coi thi kết thúc học phần,3. Sinh viên có trách nhiệm:,,Qui_dinh > THI VÀ TỔ CHỨC THI KẾT THÚC HỌC PHẦN > Điều 22. Tổ chức coi thi kết thúc học phần > 3. Sinh viên có trách nhiệm:,data/processed/Qui_dinh.md,Qui_dinh,markdown,data/processed/Qui_dinh.md,sentence-transformers,1024
505,Qui_dinh,"Qui_dinh > THI VÀ TỔ CHỨC THI KẾT THÚC HỌC PHẦN > Điều 22. Tổ chức coi thi kết thúc học phần > 4. Trường hợp thi trực tuyến thì thực hiện theo hướng dẫn thi của Trường.
---",THI VÀ TỔ CHỨC THI KẾT THÚC HỌC PHẦN,Điều 22. Tổ chức coi thi kết thúc học phần,4. Trường hợp thi trực tuyến thì thực hiện theo hướng dẫn thi của Trường.,,Qui_dinh > THI VÀ TỔ CHỨC THI KẾT THÚC HỌC PHẦN > Điều 22. Tổ chức coi thi kết thúc học phần > 4. Trường hợp thi trực tuyến thì thực hiện theo hướng dẫn thi của Trường.,data/processed/Qui_dinh.md,Qui_dinh,markdown,data/processed/Qui_dinh.md,sentence-transformers,1024
506,Qui_dinh,"Qui_dinh > THI VÀ TỔ CHỨC THI KẾT THÚC HỌC PHẦN > Điều 23. Chấm thi kết thúc học phần > 5. Khoa/Viện/Bộ môn phải hoàn thành việc xuất phiếu điểm học phần từ phần mềm quản lý đào tạo để lưu trữ bản file mềm trên hệ thống.
Tất cả các bản lưu (định dạng PDF, không thay đổi các thông tin xuất ra từ phần mềm) phải có chữ ký của cả hai giảng viên chấm thi và lãnh đạo Bộ môn, gửi file về Phòng Đào tạo chậm nhất sau **02 tuần** kể từ ngày thi kết thúc học phần đó.",THI VÀ TỔ CHỨC THI KẾT THÚC HỌC PHẦN,Điều 23. Chấm thi kết thúc học phần,5. Khoa/Viện/Bộ môn phải hoàn thành việc xuất phiếu điểm học phần từ phần mềm quản lý đào tạo để lưu trữ bản file mềm trên hệ thống.,,Qui_dinh > THI VÀ TỔ CHỨC THI KẾT THÚC HỌC PHẦN > Điều 23. Chấm thi kết thúc học phần > 5. Khoa/Viện/Bộ môn phải hoàn thành việc xuất phiếu điểm học phần từ phần mềm quản lý đào tạo để lưu trữ bản file mềm trên hệ thống.,data/processed/Qui_dinh.md,Qui_dinh,markdown,data/processed/Qui_dinh.md,sentence-transformers,1024
507,Qui_dinh,"Qui_dinh > THI VÀ TỔ CHỨC THI KẾT THÚC HỌC PHẦN > Điều 23. Chấm thi kết thúc học phần > 6. Bài thi viết được lưu trữ tại Phòng Quản lý chất lượng theo các quy định hiện hành của Bộ Giáo dục và Đào tạo.
---",THI VÀ TỔ CHỨC THI KẾT THÚC HỌC PHẦN,Điều 23. Chấm thi kết thúc học phần,6. Bài thi viết được lưu trữ tại Phòng Quản lý chất lượng theo các quy định hiện hành của Bộ Giáo dục và Đào tạo.,,Qui_dinh > THI VÀ TỔ CHỨC THI KẾT THÚC HỌC PHẦN > Điều 23. Chấm thi kết thúc học phần > 6. Bài thi viết được lưu trữ tại Phòng Quản lý chất lượng theo các quy định hiện hành của Bộ Giáo dục và Đào tạo.,data/processed/Qui_dinh.md,Qui_dinh,markdown,data/processed/Qui_dinh.md,sentence-transformers,1024
508,Qui_dinh,"Qui_dinh > THI VÀ TỔ CHỨC THI KẾT THÚC HỌC PHẦN > Điều 24. Đánh giá và tính điểm khóa luận tốt nghiệp > 3. Đối với các chương trình đào tạo **không có học phần học thay thế khóa luận tốt nghiệp/đồ án tốt nghiệp**:
- Sinh viên có khóa luận/đồ án bị điểm F+, F phải đăng ký làm lại khóa luận tốt nghiệp/đồ án tốt nghiệp.
- Sinh viên có khóa luận/đồ án đạt điểm D+, D nhưng điểm trung bình chung tích lũy khóa học dưới 2.00 phải đăng ký làm lại hoặc đăng ký học cải thiện theo quy định cho đến khi điểm trung bình chung tích lũy khóa học đạt từ 2.00 trở lên.",THI VÀ TỔ CHỨC THI KẾT THÚC HỌC PHẦN,Điều 24. Đánh giá và tính điểm khóa luận tốt nghiệp,3. Đối với các chương trình đào tạo **không có học phần học thay thế khóa luận tốt nghiệp/đồ án tốt nghiệp**:,,Qui_dinh > THI VÀ TỔ CHỨC THI KẾT THÚC HỌC PHẦN > Điều 24. Đánh giá và tính điểm khóa luận tốt nghiệp > 3. Đối với các chương trình đào tạo **không có học phần học thay thế khóa luận tốt nghiệp/đồ án tốt nghiệp**:,data/processed/Qui_dinh.md,Qui_dinh,markdown,data/processed/Qui_dinh.md,sentence-transformers,1024
509,Qui_dinh,"Qui_dinh > THI VÀ TỔ CHỨC THI KẾT THÚC HỌC PHẦN > Điều 24. Đánh giá và tính điểm khóa luận tốt nghiệp > 4. Đối với các chương trình đào tạo **có học phần thay thế khóa luận tốt nghiệp/đồ án tốt nghiệp**:
- Sinh viên có khóa luận/đồ án bị điểm F+, F phải đăng ký làm lại hoặc chuyển sang đăng ký học các học phần thay thế cho đến khi các học phần liên quan (khóa luận/đồ án hoặc học phần thay thế) có điểm học phần đạt từ D+, D trở lên **và** điểm trung bình chung tích lũy khóa học đạt từ 2.00 trở lên.",THI VÀ TỔ CHỨC THI KẾT THÚC HỌC PHẦN,Điều 24. Đánh giá và tính điểm khóa luận tốt nghiệp,4. Đối với các chương trình đào tạo **có học phần thay thế khóa luận tốt nghiệp/đồ án tốt nghiệp**:,,Qui_dinh > THI VÀ TỔ CHỨC THI KẾT THÚC HỌC PHẦN > Điều 24. Đánh giá và tính điểm khóa luận tốt nghiệp > 4. Đối với các chương trình đào tạo **có học phần thay thế khóa luận tốt nghiệp/đồ án tốt nghiệp**:,data/processed/Qui_dinh.md,Qui_dinh,markdown,data/processed/Qui_dinh.md,sentence-transformers,1024
510,Qui_dinh,"Qui_dinh > THI VÀ TỔ CHỨC THI KẾT THÚC HỌC PHẦN > Điều 24. Đánh giá và tính điểm khóa luận tốt nghiệp > 5. Khóa luận tốt nghiệp được lưu trữ tại Thư viện theo các quy định hiện hành của Bộ Giáo dục và Đào tạo.
---",THI VÀ TỔ CHỨC THI KẾT THÚC HỌC PHẦN,Điều 24. Đánh giá và tính điểm khóa luận tốt nghiệp,5. Khóa luận tốt nghiệp được lưu trữ tại Thư viện theo các quy định hiện hành của Bộ Giáo dục và Đào tạo.,,Qui_dinh > THI VÀ TỔ CHỨC THI KẾT THÚC HỌC PHẦN > Điều 24. Đánh giá và tính điểm khóa luận tốt nghiệp > 5. Khóa luận tốt nghiệp được lưu trữ tại Thư viện theo các quy định hiện hành của Bộ Giáo dục và Đào tạo.,data/processed/Qui_dinh.md,Qui_dinh,markdown,data/processed/Qui_dinh.md,sentence-transformers,1024
511,Qui_dinh,"Qui_dinh > THI VÀ TỔ CHỨC THI KẾT THÚC HỌC PHẦN > Điều 25. Phúc khảo bài thi kết thúc học phần > 4. Khoa/Viện/Bộ môn gửi biên bản chấm thi phúc khảo (định dạng PDF) có chữ ký của 02 giảng viên chấm phúc khảo và lãnh đạo Bộ môn cho Phòng Đào tạo chậm nhất sau 02 tuần kể từ ngày nhận đơn.
Trường hợp điểm chấm phúc khảo khác điểm thi lần đầu thì Phòng Đào tạo sẽ điều chỉnh điểm thi kết thúc học phần trên phần mềm quản lý đào tạo.

---",THI VÀ TỔ CHỨC THI KẾT THÚC HỌC PHẦN,Điều 25. Phúc khảo bài thi kết thúc học phần,4. Khoa/Viện/Bộ môn gửi biên bản chấm thi phúc khảo (định dạng PDF) có chữ ký của 02 giảng viên chấm phúc khảo và lãnh đạo Bộ môn cho Phòng Đào tạo chậm nhất sau 02 tuần kể từ ngày nhận đơn.,,Qui_dinh > THI VÀ TỔ CHỨC THI KẾT THÚC HỌC PHẦN > Điều 25. Phúc khảo bài thi kết thúc học phần > 4. Khoa/Viện/Bộ môn gửi biên bản chấm thi phúc khảo (định dạng PDF) có chữ ký của 02 giảng viên chấm phúc khảo và lãnh đạo Bộ môn cho Phòng Đào tạo chậm nhất sau 02 tuần kể từ ngày nhận đơn.,data/processed/Qui_dinh.md,Qui_dinh,markdown,data/processed/Qui_dinh.md,sentence-transformers,1024
512,Qui_dinh,"Qui_dinh > THI VÀ TỔ CHỨC THI KẾT THÚC HỌC PHẦN > Điều 26. Đánh giá kết quả học tập theo học kỳ, năm học, khóa học > 2. Trong một năm học, kết quả học tập của sinh viên được đánh giá theo **2 học kỳ chính** là học kỳ 1 và học kỳ 2.
Khi đánh giá kết quả học tập của học kỳ 2 sẽ gộp thêm kết quả học tập của các học phần trong **học kỳ phụ**.",THI VÀ TỔ CHỨC THI KẾT THÚC HỌC PHẦN,"Điều 26. Đánh giá kết quả học tập theo học kỳ, năm học, khóa học","2. Trong một năm học, kết quả học tập của sinh viên được đánh giá theo **2 học kỳ chính** là học kỳ 1 và học kỳ 2.",,"Qui_dinh > THI VÀ TỔ CHỨC THI KẾT THÚC HỌC PHẦN > Điều 26. Đánh giá kết quả học tập theo học kỳ, năm học, khóa học > 2. Trong một năm học, kết quả học tập của sinh viên được đánh giá theo **2 học kỳ chính** là học kỳ 1 và học kỳ 2.",data/processed/Qui_dinh.md,Qui_dinh,markdown,data/processed/Qui_dinh.md,sentence-transformers,1024
513,Qui_dinh,"Qui_dinh > THI VÀ TỔ CHỨC THI KẾT THÚC HỌC PHẦN > Điều 26. Đánh giá kết quả học tập theo học kỳ, năm học, khóa học > 3. Việc quy đổi các điểm chữ qua các điểm số hệ 4 để tính điểm trung bình chung và điểm trung bình chung tích lũy như sau:
- A → 4
- B+ → 3.5
- B → 3
- C+ → 2.5
- C → 2
- D+ → 1.5
- D → 1
- F+ → 0.5
- F → 0

---",THI VÀ TỔ CHỨC THI KẾT THÚC HỌC PHẦN,"Điều 26. Đánh giá kết quả học tập theo học kỳ, năm học, khóa học",3. Việc quy đổi các điểm chữ qua các điểm số hệ 4 để tính điểm trung bình chung và điểm trung bình chung tích lũy như sau:,,"Qui_dinh > THI VÀ TỔ CHỨC THI KẾT THÚC HỌC PHẦN > Điều 26. Đánh giá kết quả học tập theo học kỳ, năm học, khóa học > 3. Việc quy đổi các điểm chữ qua các điểm số hệ 4 để tính điểm trung bình chung và điểm trung bình chung tích lũy như sau:",data/processed/Qui_dinh.md,Qui_dinh,markdown,data/processed/Qui_dinh.md,sentence-transformers,1024
514,Qui_dinh,"Qui_dinh > THI VÀ TỔ CHỨC THI KẾT THÚC HỌC PHẦN > Điều 27. Điểm trung bình chung và điểm chung bình chung tích lũy > 1. Điểm trung bình chung và điểm chung bình chung tích lũy được xác định theo điểm học phần hệ 4 được quy đổi từ điểm chữ theo quy định tại khoản 3 Điều 26 của Quy định này, được làm tròn đến 2 chữ số thập phân.
- Điểm trung bình chung được tính với **tất cả các học phần cần phải tích lũy và có điểm học phần** trong kỳ đánh giá.
- Điểm trung bình chung tích lũy chỉ được tính với **các học phần cần phải tích lũy** và **có điểm học phần đạt A, B+, B, C+, C, D+, D**; và được tính theo **điểm cao nhất** của học phần trong kỳ đánh giá.",THI VÀ TỔ CHỨC THI KẾT THÚC HỌC PHẦN,Điều 27. Điểm trung bình chung và điểm chung bình chung tích lũy,"1. Điểm trung bình chung và điểm chung bình chung tích lũy được xác định theo điểm học phần hệ 4 được quy đổi từ điểm chữ theo quy định tại khoản 3 Điều 26 của Quy định này, được làm tròn đến 2 chữ số thập phân.",,"Qui_dinh > THI VÀ TỔ CHỨC THI KẾT THÚC HỌC PHẦN > Điều 27. Điểm trung bình chung và điểm chung bình chung tích lũy > 1. Điểm trung bình chung và điểm chung bình chung tích lũy được xác định theo điểm học phần hệ 4 được quy đổi từ điểm chữ theo quy định tại khoản 3 Điều 26 của Quy định này, được làm tròn đến 2 chữ số thập phân.",data/processed/Qui_dinh.md,Qui_dinh,markdown,data/processed/Qui_dinh.md,sentence-transformers,1024
515,Qui_dinh,"Qui_dinh > THI VÀ TỔ CHỨC THI KẾT THÚC HỌC PHẦN > Điều 27. Điểm trung bình chung và điểm chung bình chung tích lũy > 3. Điểm trung bình chung tích lũy được sử dụng để xếp loại học tập cho sinh viên tại thời điểm đánh giá hoặc theo kỳ đánh giá gồm: học kỳ, năm học và khóa học.
Căn cứ vào điểm trung bình chung tích lũy, xếp loại học tập của sinh viên theo học kỳ, năm học và khóa học được quy định như sau:

- Loại **xuất sắc**: điểm trung bình chung tích lũy từ 3.60 đến 4.00;
- Loại **giỏi**: điểm trung bình chung tích lũy từ 3.20 đến 3.59;
- Loại **khá**: điểm trung bình chung tích lũy từ 2.50 đến 3.19;
- Loại **trung bình**: điểm trung bình chung tích lũy từ 2.00 đến 2.49;
- Loại **yếu**: điểm trung bình chung tích lũy đạt dưới 2.00 nhưng chưa rơi vào trường hợp bị buộc thôi học.

---",THI VÀ TỔ CHỨC THI KẾT THÚC HỌC PHẦN,Điều 27. Điểm trung bình chung và điểm chung bình chung tích lũy,"3. Điểm trung bình chung tích lũy được sử dụng để xếp loại học tập cho sinh viên tại thời điểm đánh giá hoặc theo kỳ đánh giá gồm: học kỳ, năm học và khóa học.",,"Qui_dinh > THI VÀ TỔ CHỨC THI KẾT THÚC HỌC PHẦN > Điều 27. Điểm trung bình chung và điểm chung bình chung tích lũy > 3. Điểm trung bình chung tích lũy được sử dụng để xếp loại học tập cho sinh viên tại thời điểm đánh giá hoặc theo kỳ đánh giá gồm: học kỳ, năm học và khóa học.",data/processed/Qui_dinh.md,Qui_dinh,markdown,data/processed/Qui_dinh.md,sentence-transformers,1024
516,Qui_dinh,"Qui_dinh > THI VÀ TỔ CHỨC THI KẾT THÚC HỌC PHẦN > Điều 28. Xét học vụ, cảnh báo học tập và buộc thôi học > 1. Sau khi bắt đầu mỗi học kỳ chính trong năm học, Phòng Đào tạo căn cứ quy định tại Khoản 2 Điều 26 và các quy định tại Điều 27 trong Quy định này để thực hiện việc xét học vụ của học kỳ chính kế cận trước đó, nhằm:
- Cảnh báo học tập tới sinh viên có kết quả học tập yếu kém để sinh viên biết và lập phương án học tập thích hợp;
- Buộc thôi học với sinh viên không đủ năng lực và điều kiện tiếp tục tham gia học tập.",THI VÀ TỔ CHỨC THI KẾT THÚC HỌC PHẦN,"Điều 28. Xét học vụ, cảnh báo học tập và buộc thôi học","1. Sau khi bắt đầu mỗi học kỳ chính trong năm học, Phòng Đào tạo căn cứ quy định tại Khoản 2 Điều 26 và các quy định tại Điều 27 trong Quy định này để thực hiện việc xét học vụ của học kỳ chính kế cận trước đó, nhằm:",,"Qui_dinh > THI VÀ TỔ CHỨC THI KẾT THÚC HỌC PHẦN > Điều 28. Xét học vụ, cảnh báo học tập và buộc thôi học > 1. Sau khi bắt đầu mỗi học kỳ chính trong năm học, Phòng Đào tạo căn cứ quy định tại Khoản 2 Điều 26 và các quy định tại Điều 27 trong Quy định này để thực hiện việc xét học vụ của học kỳ chính kế cận trước đó, nhằm:",data/processed/Qui_dinh.md,Qui_dinh,markdown,data/processed/Qui_dinh.md,sentence-transformers,1024
517,Qui_dinh,"Qui_dinh > THI VÀ TỔ CHỨC THI KẾT THÚC HỌC PHẦN > Điều 28. Xét học vụ, cảnh báo học tập và buộc thôi học > 2. Sinh viên được **cảnh báo học tập** khi có một trong các điều kiện sau: > b) Điểm trung bình chung học kỳ:
- Đạt dưới 0.80 đối với **học kỳ đầu tiên** của khóa học;
- Đạt dưới 1.00 đối với **các học kỳ tiếp theo**;",THI VÀ TỔ CHỨC THI KẾT THÚC HỌC PHẦN,"Điều 28. Xét học vụ, cảnh báo học tập và buộc thôi học",2. Sinh viên được **cảnh báo học tập** khi có một trong các điều kiện sau:,b) Điểm trung bình chung học kỳ:,"Qui_dinh > THI VÀ TỔ CHỨC THI KẾT THÚC HỌC PHẦN > Điều 28. Xét học vụ, cảnh báo học tập và buộc thôi học > 2. Sinh viên được **cảnh báo học tập** khi có một trong các điều kiện sau: > b) Điểm trung bình chung học kỳ:",data/processed/Qui_dinh.md,Qui_dinh,markdown,data/processed/Qui_dinh.md,sentence-transformers,1024
518,Qui_dinh,"Qui_dinh > THI VÀ TỔ CHỨC THI KẾT THÚC HỌC PHẦN > Điều 28. Xét học vụ, cảnh báo học tập và buộc thôi học > 2. Sinh viên được **cảnh báo học tập** khi có một trong các điều kiện sau: > c) Điểm trung bình chung tích lũy đạt:
- Dưới 1.20 đối với sinh viên **năm nhất**;
- Dưới 1.40 đối với sinh viên **năm hai**;
- Dưới 1.60 đối với sinh viên **năm ba**;
- Dưới 1.80 đối với sinh viên **năm cuối**;",THI VÀ TỔ CHỨC THI KẾT THÚC HỌC PHẦN,"Điều 28. Xét học vụ, cảnh báo học tập và buộc thôi học",2. Sinh viên được **cảnh báo học tập** khi có một trong các điều kiện sau:,c) Điểm trung bình chung tích lũy đạt:,"Qui_dinh > THI VÀ TỔ CHỨC THI KẾT THÚC HỌC PHẦN > Điều 28. Xét học vụ, cảnh báo học tập và buộc thôi học > 2. Sinh viên được **cảnh báo học tập** khi có một trong các điều kiện sau: > c) Điểm trung bình chung tích lũy đạt:",data/processed/Qui_dinh.md,Qui_dinh,markdown,data/processed/Qui_dinh.md,sentence-transformers,1024
519,Qui_dinh,"Qui_dinh > THI VÀ TỔ CHỨC THI KẾT THÚC HỌC PHẦN > Điều 28. Xét học vụ, cảnh báo học tập và buộc thôi học > 5. Với sinh viên có quyết định buộc thôi học của Hiệu trưởng, Phòng Công tác sinh viên:
- Thực hiện **khóa tài khoản học tập** của sinh viên;
- Chủ trì phối hợp với các đơn vị liên quan thông báo cho địa phương nơi sinh viên có hộ khẩu thường trú và gia đình sinh viên theo các quy định hiện hành của Bộ Giáo dục và Đào tạo và của Trường.",THI VÀ TỔ CHỨC THI KẾT THÚC HỌC PHẦN,"Điều 28. Xét học vụ, cảnh báo học tập và buộc thôi học","5. Với sinh viên có quyết định buộc thôi học của Hiệu trưởng, Phòng Công tác sinh viên:",,"Qui_dinh > THI VÀ TỔ CHỨC THI KẾT THÚC HỌC PHẦN > Điều 28. Xét học vụ, cảnh báo học tập và buộc thôi học > 5. Với sinh viên có quyết định buộc thôi học của Hiệu trưởng, Phòng Công tác sinh viên:",data/processed/Qui_dinh.md,Qui_dinh,markdown,data/processed/Qui_dinh.md,sentence-transformers,1024
520,Qui_dinh,"Qui_dinh > THI VÀ TỔ CHỨC THI KẾT THÚC HỌC PHẦN > Điều 28. Xét học vụ, cảnh báo học tập và buộc thôi học > 6. Trình tự thực hiện xét học vụ:
- Chậm nhất **3 tuần** sau khi bắt đầu mỗi học kỳ chính, Phòng Đào tạo thống kê danh sách **dự kiến** sinh viên được cảnh báo học tập và bị buộc thôi học, gửi các Khoa/Viện quản lý sinh viên và công bố trên trang thông tin sinh viên;
- Sau đó, Phòng Đào tạo phối hợp với các Khoa/Viện quản lý sinh viên tiếp nhận và xử lý các thông tin phản hồi từ sinh viên, hoàn thiện **danh sách chính thức** sinh viên được cảnh báo học tập và bị buộc thôi học;
- Chậm nhất **06 tuần** sau khi bắt đầu mỗi học kỳ chính, Phòng Đào tạo hoàn thành việc xét học vụ; tham mưu cho Hiệu trưởng ban hành **quyết định buộc thôi học** với các sinh viên bị buộc thôi học sau xét học vụ.

---",THI VÀ TỔ CHỨC THI KẾT THÚC HỌC PHẦN,"Điều 28. Xét học vụ, cảnh báo học tập và buộc thôi học",6. Trình tự thực hiện xét học vụ:,,"Qui_dinh > THI VÀ TỔ CHỨC THI KẾT THÚC HỌC PHẦN > Điều 28. Xét học vụ, cảnh báo học tập và buộc thôi học > 6. Trình tự thực hiện xét học vụ:",data/processed/Qui_dinh.md,Qui_dinh,markdown,data/processed/Qui_dinh.md,sentence-transformers,1024
521,Qui_dinh,"Qui_dinh > THI VÀ TỔ CHỨC THI KẾT THÚC HỌC PHẦN > Điều 29. Công nhận kết quả học tập và chuyển đổi tín chỉ > 1. Việc xem xét **công nhận kết quả học tập và chuyển đổi tín chỉ** (sau đây gọi là _khối lượng tín chỉ được miễn trừ_) được áp dụng đối với:
- Sinh viên **liên thông** khi trúng tuyển nhập học;
- Sinh viên **chuyển trường** từ cơ sở giáo dục đại học khác về Trường;

và **không được sử dụng** để đánh giá kết quả học tập trong thời gian sinh viên theo học tại Trường.",THI VÀ TỔ CHỨC THI KẾT THÚC HỌC PHẦN,Điều 29. Công nhận kết quả học tập và chuyển đổi tín chỉ,1. Việc xem xét **công nhận kết quả học tập và chuyển đổi tín chỉ** (sau đây gọi là _khối lượng tín chỉ được miễn trừ_) được áp dụng đối với:,,Qui_dinh > THI VÀ TỔ CHỨC THI KẾT THÚC HỌC PHẦN > Điều 29. Công nhận kết quả học tập và chuyển đổi tín chỉ > 1. Việc xem xét **công nhận kết quả học tập và chuyển đổi tín chỉ** (sau đây gọi là _khối lượng tín chỉ được miễn trừ_) được áp dụng đối với:,data/processed/Qui_dinh.md,Qui_dinh,markdown,data/processed/Qui_dinh.md,sentence-transformers,1024
522,Qui_dinh,"Qui_dinh > THI VÀ TỔ CHỨC THI KẾT THÚC HỌC PHẦN > Điều 29. Công nhận kết quả học tập và chuyển đổi tín chỉ > 2. Hiệu trưởng thành lập các **Hội đồng chuyên môn** của các Khoa/Viện/Bộ môn quản lý chương trình đào tạo để xét và công nhận khối lượng tín chỉ được miễn trừ của những học phần trong chương trình đào tạo do Khoa/Viện/Bộ môn quản lý.
Hội đồng chuyên môn căn cứ:

- Kết quả học tập của sinh viên liên thông hoặc sinh viên chuyển trường;
- Các yêu cầu trong chương trình đào tạo;

để tiến hành xét và công nhận khối lượng tín chỉ được miễn trừ **theo từng học phần**.",THI VÀ TỔ CHỨC THI KẾT THÚC HỌC PHẦN,Điều 29. Công nhận kết quả học tập và chuyển đổi tín chỉ,2. Hiệu trưởng thành lập các **Hội đồng chuyên môn** của các Khoa/Viện/Bộ môn quản lý chương trình đào tạo để xét và công nhận khối lượng tín chỉ được miễn trừ của những học phần trong chương trình đào tạo do Khoa/Viện/Bộ môn quản lý.,,Qui_dinh > THI VÀ TỔ CHỨC THI KẾT THÚC HỌC PHẦN > Điều 29. Công nhận kết quả học tập và chuyển đổi tín chỉ > 2. Hiệu trưởng thành lập các **Hội đồng chuyên môn** của các Khoa/Viện/Bộ môn quản lý chương trình đào tạo để xét và công nhận khối lượng tín chỉ được miễn trừ của những học phần trong chương trình đào tạo do Khoa/Viện/Bộ môn quản lý.,data/processed/Qui_dinh.md,Qui_dinh,markdown,data/processed/Qui_dinh.md,sentence-transformers,1024
523,Qui_dinh,"Qui_dinh > THI VÀ TỔ CHỨC THI KẾT THÚC HỌC PHẦN > Điều 29. Công nhận kết quả học tập và chuyển đổi tín chỉ > 4. Trình tự xét và công nhận khối lượng tín chỉ được miễn trừ: > b) Hội đồng chuyên môn của các Khoa/Viện/Bộ môn căn cứ phiếu điểm của sinh viên tiến hành xét và công nhận khối lượng tín chỉ được miễn trừ và gửi kết quả (theo mẫu của Trường) cho Hiệu trưởng thông qua Phòng Đào tạo.
Kết quả xét và công nhận phải thể hiện:

- Khối lượng tín chỉ được miễn trừ;
- Khối lượng tín chỉ mà sinh viên tiếp tục phải học;

và được lập thành **03 bản**, có chữ ký của lãnh đạo Khoa/Viện/Bộ môn.",THI VÀ TỔ CHỨC THI KẾT THÚC HỌC PHẦN,Điều 29. Công nhận kết quả học tập và chuyển đổi tín chỉ,4. Trình tự xét và công nhận khối lượng tín chỉ được miễn trừ:,b) Hội đồng chuyên môn của các Khoa/Viện/Bộ môn căn cứ phiếu điểm của sinh viên tiến hành xét và công nhận khối lượng tín chỉ được miễn trừ và gửi kết quả (theo mẫu của Trường) cho Hiệu trưởng thông qua Phòng Đào tạo.,Qui_dinh > THI VÀ TỔ CHỨC THI KẾT THÚC HỌC PHẦN > Điều 29. Công nhận kết quả học tập và chuyển đổi tín chỉ > 4. Trình tự xét và công nhận khối lượng tín chỉ được miễn trừ: > b) Hội đồng chuyên môn của các Khoa/Viện/Bộ môn căn cứ phiếu điểm của sinh viên tiến hành xét và công nhận khối lượng tín chỉ được miễn trừ và gửi kết quả (theo mẫu của Trường) cho Hiệu trưởng thông qua Phòng Đào tạo.,data/processed/Qui_dinh.md,Qui_dinh,markdown,data/processed/Qui_dinh.md,sentence-transformers,1024
524,Qui_dinh,"Qui_dinh > THI VÀ TỔ CHỨC THI KẾT THÚC HỌC PHẦN > Điều 29. Công nhận kết quả học tập và chuyển đổi tín chỉ > 5. Kết quả xét và công nhận khối lượng tín chỉ được miễn trừ đã được Hiệu trưởng phê duyệt:
- Được Phòng Đào tạo lưu lại và gửi cho **sinh viên 01 bản**, **Khoa/Viện/Bộ môn 01 bản**;
- Phòng Đào tạo nhập dữ liệu vào **phần mềm quản lý đào tạo**;
- Phòng Đào tạo và các Khoa/Viện/Bộ môn sử dụng kết quả này để phối hợp quản lý đào tạo;
- Sinh viên căn cứ vào kết quả này để xây dựng **kế hoạch học tập** và **đăng ký học phần**.

---",THI VÀ TỔ CHỨC THI KẾT THÚC HỌC PHẦN,Điều 29. Công nhận kết quả học tập và chuyển đổi tín chỉ,5. Kết quả xét và công nhận khối lượng tín chỉ được miễn trừ đã được Hiệu trưởng phê duyệt:,,Qui_dinh > THI VÀ TỔ CHỨC THI KẾT THÚC HỌC PHẦN > Điều 29. Công nhận kết quả học tập và chuyển đổi tín chỉ > 5. Kết quả xét và công nhận khối lượng tín chỉ được miễn trừ đã được Hiệu trưởng phê duyệt:,data/processed/Qui_dinh.md,Qui_dinh,markdown,data/processed/Qui_dinh.md,sentence-transformers,1024
525,Qui_dinh,"Qui_dinh > THI VÀ TỔ CHỨC THI KẾT THÚC HỌC PHẦN > Điều 30. Công nhận tốt nghiệp và cấp bằng tốt nghiệp > 1. Sinh viên được Trường xét và công nhận tốt nghiệp khi có **đầy đủ các điều kiện** sau: > đ) Hoàn thành chương trình đào tạo **tiếng Anh** của Nhà trường **hoặc** có một trong các văn bằng/chứng chỉ sau:
- Bằng tốt nghiệp tiếng Anh ngành Ngôn ngữ Anh hoặc ngành Sư phạm tiếng Anh (từ cao đẳng trở lên);
- Chứng chỉ tiếng Anh bậc 3 theo Khung năng lực ngoại ngữ 6 bậc dùng cho Việt Nam (Thông tư số 01/2014/TT-BGDĐT), còn thời hạn nếu có ghi thời hạn;
- IELTS ≥ 4.5 do IDP hoặc British Council cấp, còn thời hạn nếu có ghi thời hạn;
- TOEFL iBT ≥ 45 **hoặc** TOEIC 4 kỹ năng ≥ 450 do IIG Việt Nam cấp, còn thời hạn nếu có ghi thời hạn;
- CEFR từ bậc B1 trở lên do British Council cấp, còn thời hạn nếu có ghi thời hạn;
- **Riêng** các ngành khối Hàng hải (Khoa học hàng hải, Quản lý Hàng hải, Kinh tế vận tải biển, v.v...) được phép sử dụng **chứng chỉ Anh văn Hàng hải** do Nhà trường đào tạo từ cấp độ 2 trở lên để xét tốt nghiệp.",THI VÀ TỔ CHỨC THI KẾT THÚC HỌC PHẦN,Điều 30. Công nhận tốt nghiệp và cấp bằng tốt nghiệp,1. Sinh viên được Trường xét và công nhận tốt nghiệp khi có **đầy đủ các điều kiện** sau:,đ) Hoàn thành chương trình đào tạo **tiếng Anh** của Nhà trường **hoặc** có một trong các văn bằng/chứng chỉ sau:,Qui_dinh > THI VÀ TỔ CHỨC THI KẾT THÚC HỌC PHẦN > Điều 30. Công nhận tốt nghiệp và cấp bằng tốt nghiệp > 1. Sinh viên được Trường xét và công nhận tốt nghiệp khi có **đầy đủ các điều kiện** sau: > đ) Hoàn thành chương trình đào tạo **tiếng Anh** của Nhà trường **hoặc** có một trong các văn bằng/chứng chỉ sau:,data/processed/Qui_dinh.md,Qui_dinh,markdown,data/processed/Qui_dinh.md,sentence-transformers,1024
526,Qui_dinh,"Qui_dinh > THI VÀ TỔ CHỨC THI KẾT THÚC HỌC PHẦN > Điều 30. Công nhận tốt nghiệp và cấp bằng tốt nghiệp > 2. **Hạng tốt nghiệp** là kết quả xếp loại học tập theo **khóa học** của sinh viên (quy định tại khoản 3 Điều 27).
Hạng tốt nghiệp của sinh viên có xếp loại học tập khóa học loại **xuất sắc** hoặc **giỏi** sẽ bị **giảm một mức** nếu thuộc một trong các trường hợp:

a) Khối lượng tín chỉ của các học phần cần phải tích lũy **phải học lại** vượt quá **5%** so với tổng số tín chỉ cần phải tích lũy của chương trình đào tạo (khoản 3 Điều 2);

b) Sinh viên đã bị **kỷ luật từ mức cảnh cáo trở lên** trong thời gian học.",THI VÀ TỔ CHỨC THI KẾT THÚC HỌC PHẦN,Điều 30. Công nhận tốt nghiệp và cấp bằng tốt nghiệp,2. **Hạng tốt nghiệp** là kết quả xếp loại học tập theo **khóa học** của sinh viên (quy định tại khoản 3 Điều 27).,,Qui_dinh > THI VÀ TỔ CHỨC THI KẾT THÚC HỌC PHẦN > Điều 30. Công nhận tốt nghiệp và cấp bằng tốt nghiệp > 2. **Hạng tốt nghiệp** là kết quả xếp loại học tập theo **khóa học** của sinh viên (quy định tại khoản 3 Điều 27).,data/processed/Qui_dinh.md,Qui_dinh,markdown,data/processed/Qui_dinh.md,sentence-transformers,1024
527,Qui_dinh,"Qui_dinh > THI VÀ TỔ CHỨC THI KẾT THÚC HỌC PHẦN > Điều 30. Công nhận tốt nghiệp và cấp bằng tốt nghiệp > 3. Hiệu trưởng thành lập **Hội đồng xét và công nhận tốt nghiệp** theo từng năm.
- Hội đồng do **Hiệu trưởng hoặc Phó Hiệu trưởng được ủy quyền** làm Chủ tịch;
- Trưởng phòng Đào tạo làm Thư ký;
- Các ủy viên gồm lãnh đạo các Khoa/Viện quản lý sinh viên, Phòng Công tác sinh viên, Phòng Kế hoạch – Tài vụ, Thư viện.",THI VÀ TỔ CHỨC THI KẾT THÚC HỌC PHẦN,Điều 30. Công nhận tốt nghiệp và cấp bằng tốt nghiệp,3. Hiệu trưởng thành lập **Hội đồng xét và công nhận tốt nghiệp** theo từng năm.,,Qui_dinh > THI VÀ TỔ CHỨC THI KẾT THÚC HỌC PHẦN > Điều 30. Công nhận tốt nghiệp và cấp bằng tốt nghiệp > 3. Hiệu trưởng thành lập **Hội đồng xét và công nhận tốt nghiệp** theo từng năm.,data/processed/Qui_dinh.md,Qui_dinh,markdown,data/processed/Qui_dinh.md,sentence-transformers,1024
528,Qui_dinh,"Qui_dinh > THI VÀ TỔ CHỨC THI KẾT THÚC HỌC PHẦN > Điều 30. Công nhận tốt nghiệp và cấp bằng tốt nghiệp > 4. Quy trình thực hiện xét tốt nghiệp như sau:
- Hàng tháng, Hội đồng sẽ thống nhất xét và công nhận tốt nghiệp cho sinh viên đạt đủ điều kiện tại khoản 1 Điều 30 của Quy định này thông qua việc đề xuất xét tốt nghiệp trên hệ thống quản lý đào tạo;
- Trung tâm Thông tin - Thư viện sẽ tạo đợt xét tốt nghiệp hàng tháng trên hệ thống quản lý đào tạo;
- Sinh viên đủ điều kiện xét tốt nghiệp theo quy định tại Khoản 1 của Điều này và đã hoàn thành các nghĩa vụ với Trường (không còn nợ học phí hoặc các khoản phải đóng khác, đã trả sách đã mượn cho Thư viện …) đăng ký xét tốt nghiệp với Tổ Tư vấn hỗ trợ sinh viên thuộc Phòng Đào tạo và nộp kèm theo bản sao các văn bằng, chứng chỉ... theo quy định.  
  Với những sinh viên chưa hoàn thành nghĩa vụ với Trường sẽ bị loại khỏi danh sách đề xuất xét tốt nghiệp;
- Tổ Tư vấn hỗ trợ sinh viên chịu trách nhiệm thực hiện việc đề xuất xét thử tốt nghiệp trên hệ thống sau khi đã hoàn tất việc kiểm tra thông tin, văn bằng/chứng chỉ kèm theo và dữ liệu cá nhân của sinh viên, đề xuất danh sách chính thức lên Hội đồng xét và công nhận tốt nghiệp của Trường (Trung tâm Thông tin - Thư viện hỗ trợ phần mềm xử lý kết quả);
- Hội đồng xét và công nhận tốt nghiệp của Trường, thông qua cơ sở dữ liệu của đề xuất xét thử tốt nghiệp trên hệ thống, công nhận kết quả đề xuất; giao việc chuyển trạng thái sinh viên từ “xét thử tốt nghiệp” sang “đã tốt nghiệp” cho Phòng Đào tạo phối hợp với Trung tâm Thông tin - Thư viện cùng xử lý;
- Hội đồng xét và công nhận tốt nghiệp của Trường chỉ tiến hành họp khi có các trường hợp đặc biệt cần xin ý kiến xử lý từ các thành viên trong Hội đồng thông qua báo cáo của Phòng Đào tạo.",THI VÀ TỔ CHỨC THI KẾT THÚC HỌC PHẦN,Điều 30. Công nhận tốt nghiệp và cấp bằng tốt nghiệp,4. Quy trình thực hiện xét tốt nghiệp như sau:,,Qui_dinh > THI VÀ TỔ CHỨC THI KẾT THÚC HỌC PHẦN > Điều 30. Công nhận tốt nghiệp và cấp bằng tốt nghiệp > 4. Quy trình thực hiện xét tốt nghiệp như sau:,data/processed/Qui_dinh.md,Qui_dinh,markdown,data/processed/Qui_dinh.md,sentence-transformers,1024
529,Qui_dinh,"Qui_dinh > **Chương IV NHỮNG QUY ĐỊNH KHÁC ĐỐI VỚI SINH VIÊN** > Điều 31. Nghỉ học tạm thời > 1. Sinh viên được nghỉ học tạm thời và bảo lưu kết quả các học phần đã có điểm đạt mức A, B+, B, C+, C, D+, D trong các trường hợp sau đây:
- Được điều động vào các lực lượng vũ trang;
- Được cơ quan có thẩm quyền điều động, đại diện quốc gia tham dự các kỳ thi, giải đấu quốc tế;
- Bị ốm, thai sản hoặc tai nạn phải điều trị thời gian dài, có chứng nhận của cơ sở khám bệnh, chữa bệnh có thẩm quyền theo quy định của Bộ Y tế;
- Vì lý do cá nhân khác nhưng đã phải học và có kết quả xếp loại học tập của học kỳ đầu tiên của khóa học và không thuộc các trường hợp bị xem xét buộc thôi học hoặc xem xét kỷ luật.

Thời gian nghỉ học tạm thời vì nhu cầu cá nhân tối đa **không quá 01 năm học/đợt xin nghỉ** và được tính vào **thời gian tối đa** để tích lũy khối lượng tín chỉ cần phải tích lũy của chương trình đào tạo (khoản 5 Điều 2).",**Chương IV NHỮNG QUY ĐỊNH KHÁC ĐỐI VỚI SINH VIÊN**,Điều 31. Nghỉ học tạm thời,"1. Sinh viên được nghỉ học tạm thời và bảo lưu kết quả các học phần đã có điểm đạt mức A, B+, B, C+, C, D+, D trong các trường hợp sau đây:",,"Qui_dinh > **Chương IV NHỮNG QUY ĐỊNH KHÁC ĐỐI VỚI SINH VIÊN** > Điều 31. Nghỉ học tạm thời > 1. Sinh viên được nghỉ học tạm thời và bảo lưu kết quả các học phần đã có điểm đạt mức A, B+, B, C+, C, D+, D trong các trường hợp sau đây:",data/processed/Qui_dinh.md,Qui_dinh,markdown,data/processed/Qui_dinh.md,sentence-transformers,1024
530,Qui_dinh,"Qui_dinh > **Chương IV NHỮNG QUY ĐỊNH KHÁC ĐỐI VỚI SINH VIÊN** > Điều 31. Nghỉ học tạm thời > 2. Sinh viên muốn được nghỉ học tạm thời phải viết đơn xin nghỉ học tạm thời (theo mẫu của Trường) gửi Hiệu trưởng thông qua Phòng Đào tạo và kèm theo:
- Bảng kết quả học tập;
- Giấy xác nhận việc hoàn thành các nghĩa vụ với Trường;
- Các giấy tờ hợp lệ khác chứng minh lý do nghỉ học.

Sau khi có quyết định cho phép nghỉ học tạm thời của Trường, sinh viên phải liên hệ Phòng Đào tạo để làm thủ tục **hủy các học phần đã đăng ký** nhưng chưa hoàn thành trong học kỳ xin nghỉ.",**Chương IV NHỮNG QUY ĐỊNH KHÁC ĐỐI VỚI SINH VIÊN**,Điều 31. Nghỉ học tạm thời,2. Sinh viên muốn được nghỉ học tạm thời phải viết đơn xin nghỉ học tạm thời (theo mẫu của Trường) gửi Hiệu trưởng thông qua Phòng Đào tạo và kèm theo:,,Qui_dinh > **Chương IV NHỮNG QUY ĐỊNH KHÁC ĐỐI VỚI SINH VIÊN** > Điều 31. Nghỉ học tạm thời > 2. Sinh viên muốn được nghỉ học tạm thời phải viết đơn xin nghỉ học tạm thời (theo mẫu của Trường) gửi Hiệu trưởng thông qua Phòng Đào tạo và kèm theo:,data/processed/Qui_dinh.md,Qui_dinh,markdown,data/processed/Qui_dinh.md,sentence-transformers,1024
531,Qui_dinh,"Qui_dinh > **Chương IV NHỮNG QUY ĐỊNH KHÁC ĐỐI VỚI SINH VIÊN** > Điều 31. Nghỉ học tạm thời > 4. Sinh viên nghỉ học tạm thời muốn trở lại học tiếp phải viết đơn xin nhập học lại (theo mẫu của Trường) kèm Quyết định nghỉ học tạm thời, gửi Hiệu trưởng thông qua Phòng Đào tạo **ít nhất 05 tuần** trước khi bắt đầu học kỳ chính mới.
Sau khi có quyết định cho phép trở lại học tiếp, sinh viên phải theo dõi thông báo của Phòng Đào tạo để đăng ký học phần.

Trường hợp sinh viên có quyết định cho phép trở lại học tiếp sau khi đã kết thúc lịch đăng ký học phần thì cần liên hệ với Phòng Đào tạo để được hỗ trợ.",**Chương IV NHỮNG QUY ĐỊNH KHÁC ĐỐI VỚI SINH VIÊN**,Điều 31. Nghỉ học tạm thời,"4. Sinh viên nghỉ học tạm thời muốn trở lại học tiếp phải viết đơn xin nhập học lại (theo mẫu của Trường) kèm Quyết định nghỉ học tạm thời, gửi Hiệu trưởng thông qua Phòng Đào tạo **ít nhất 05 tuần** trước khi bắt đầu học kỳ chính mới.",,"Qui_dinh > **Chương IV NHỮNG QUY ĐỊNH KHÁC ĐỐI VỚI SINH VIÊN** > Điều 31. Nghỉ học tạm thời > 4. Sinh viên nghỉ học tạm thời muốn trở lại học tiếp phải viết đơn xin nhập học lại (theo mẫu của Trường) kèm Quyết định nghỉ học tạm thời, gửi Hiệu trưởng thông qua Phòng Đào tạo **ít nhất 05 tuần** trước khi bắt đầu học kỳ chính mới.",data/processed/Qui_dinh.md,Qui_dinh,markdown,data/processed/Qui_dinh.md,sentence-transformers,1024
532,Qui_dinh,"Qui_dinh > **Chương IV NHỮNG QUY ĐỊNH KHÁC ĐỐI VỚI SINH VIÊN** > Điều 31. Nghỉ học tạm thời > 5. Quá thời gian được phép nghỉ học tạm thời được ghi trong Quyết định nghỉ học tạm thời của Hiệu trưởng mà sinh viên **không làm đơn xin nhập học lại** và **không có lý do chính đáng** thì sẽ bị xử lý **buộc thôi học**.
---",**Chương IV NHỮNG QUY ĐỊNH KHÁC ĐỐI VỚI SINH VIÊN**,Điều 31. Nghỉ học tạm thời,5. Quá thời gian được phép nghỉ học tạm thời được ghi trong Quyết định nghỉ học tạm thời của Hiệu trưởng mà sinh viên **không làm đơn xin nhập học lại** và **không có lý do chính đáng** thì sẽ bị xử lý **buộc thôi học**.,,Qui_dinh > **Chương IV NHỮNG QUY ĐỊNH KHÁC ĐỐI VỚI SINH VIÊN** > Điều 31. Nghỉ học tạm thời > 5. Quá thời gian được phép nghỉ học tạm thời được ghi trong Quyết định nghỉ học tạm thời của Hiệu trưởng mà sinh viên **không làm đơn xin nhập học lại** và **không có lý do chính đáng** thì sẽ bị xử lý **buộc thôi học**.,data/processed/Qui_dinh.md,Qui_dinh,markdown,data/processed/Qui_dinh.md,sentence-transformers,1024
533,Qui_dinh,"Qui_dinh > **Chương IV NHỮNG QUY ĐỊNH KHÁC ĐỐI VỚI SINH VIÊN** > Điều 32. Xin thôi học > 1. Sinh viên xin thôi học vì lý do cá nhân (trừ trường hợp bị xem xét buộc thôi học hoặc xem xét kỷ luật) phải viết đơn xin thôi học (theo mẫu của Trường) gửi Hiệu trưởng thông qua Phòng Đào tạo.
Sinh viên phải liên hệ Phòng Đào tạo để làm các thủ tục liên quan đến việc thôi học trước khi nhận Quyết định cho thôi học của Hiệu trưởng.

2. Sinh viên xin thôi học vì lý do cá nhân muốn quay trở lại học **phải dự tuyển đầu vào như những thí sinh khác**.

3. Sinh viên được Trường cấp chứng nhận về kết quả các học phần đã có điểm học phần trong chương trình đào tạo với điều kiện phải hoàn thành các nghĩa vụ với Trường.

---",**Chương IV NHỮNG QUY ĐỊNH KHÁC ĐỐI VỚI SINH VIÊN**,Điều 32. Xin thôi học,1. Sinh viên xin thôi học vì lý do cá nhân (trừ trường hợp bị xem xét buộc thôi học hoặc xem xét kỷ luật) phải viết đơn xin thôi học (theo mẫu của Trường) gửi Hiệu trưởng thông qua Phòng Đào tạo.,,Qui_dinh > **Chương IV NHỮNG QUY ĐỊNH KHÁC ĐỐI VỚI SINH VIÊN** > Điều 32. Xin thôi học > 1. Sinh viên xin thôi học vì lý do cá nhân (trừ trường hợp bị xem xét buộc thôi học hoặc xem xét kỷ luật) phải viết đơn xin thôi học (theo mẫu của Trường) gửi Hiệu trưởng thông qua Phòng Đào tạo.,data/processed/Qui_dinh.md,Qui_dinh,markdown,data/processed/Qui_dinh.md,sentence-transformers,1024
534,Qui_dinh,"Qui_dinh > **Chương IV NHỮNG QUY ĐỊNH KHÁC ĐỐI VỚI SINH VIÊN** > Điều 33. Học cùng lúc hai chương trình đào tạo > 5. Sinh viên chỉ được xét và công nhận tốt nghiệp chương trình đào tạo thứ hai **sau khi đã có quyết định công nhận tốt nghiệp** của Hiệu trưởng với chương trình đào tạo thứ nhất.
---",**Chương IV NHỮNG QUY ĐỊNH KHÁC ĐỐI VỚI SINH VIÊN**,Điều 33. Học cùng lúc hai chương trình đào tạo,5. Sinh viên chỉ được xét và công nhận tốt nghiệp chương trình đào tạo thứ hai **sau khi đã có quyết định công nhận tốt nghiệp** của Hiệu trưởng với chương trình đào tạo thứ nhất.,,Qui_dinh > **Chương IV NHỮNG QUY ĐỊNH KHÁC ĐỐI VỚI SINH VIÊN** > Điều 33. Học cùng lúc hai chương trình đào tạo > 5. Sinh viên chỉ được xét và công nhận tốt nghiệp chương trình đào tạo thứ hai **sau khi đã có quyết định công nhận tốt nghiệp** của Hiệu trưởng với chương trình đào tạo thứ nhất.,data/processed/Qui_dinh.md,Qui_dinh,markdown,data/processed/Qui_dinh.md,sentence-transformers,1024
535,Qui_dinh,"Qui_dinh > **Chương IV NHỮNG QUY ĐỊNH KHÁC ĐỐI VỚI SINH VIÊN** > Điều 34. Học liên thông đối với người có văn bằng khác > 3. Sinh viên liên thông học theo chương trình đào tạo và đăng ký học phần theo **kế hoạch chung của Nhà trường**, áp dụng như đối với sinh viên đại học chính quy.
---",**Chương IV NHỮNG QUY ĐỊNH KHÁC ĐỐI VỚI SINH VIÊN**,Điều 34. Học liên thông đối với người có văn bằng khác,"3. Sinh viên liên thông học theo chương trình đào tạo và đăng ký học phần theo **kế hoạch chung của Nhà trường**, áp dụng như đối với sinh viên đại học chính quy.",,"Qui_dinh > **Chương IV NHỮNG QUY ĐỊNH KHÁC ĐỐI VỚI SINH VIÊN** > Điều 34. Học liên thông đối với người có văn bằng khác > 3. Sinh viên liên thông học theo chương trình đào tạo và đăng ký học phần theo **kế hoạch chung của Nhà trường**, áp dụng như đối với sinh viên đại học chính quy.",data/processed/Qui_dinh.md,Qui_dinh,markdown,data/processed/Qui_dinh.md,sentence-transformers,1024
536,Qui_dinh,"Qui_dinh > **Chương IV NHỮNG QUY ĐỊNH KHÁC ĐỐI VỚI SINH VIÊN** > Điều 35. Chuyển ngành/chuyên ngành đào tạo > 4. Phòng Đào tạo chủ trì, phối hợp với các Khoa/Viện/Bộ môn thực hiện xét **chuyển ngành/chuyên ngành** cho sinh viên.
---",**Chương IV NHỮNG QUY ĐỊNH KHÁC ĐỐI VỚI SINH VIÊN**,Điều 35. Chuyển ngành/chuyên ngành đào tạo,"4. Phòng Đào tạo chủ trì, phối hợp với các Khoa/Viện/Bộ môn thực hiện xét **chuyển ngành/chuyên ngành** cho sinh viên.",,"Qui_dinh > **Chương IV NHỮNG QUY ĐỊNH KHÁC ĐỐI VỚI SINH VIÊN** > Điều 35. Chuyển ngành/chuyên ngành đào tạo > 4. Phòng Đào tạo chủ trì, phối hợp với các Khoa/Viện/Bộ môn thực hiện xét **chuyển ngành/chuyên ngành** cho sinh viên.",data/processed/Qui_dinh.md,Qui_dinh,markdown,data/processed/Qui_dinh.md,sentence-transformers,1024
537,Qui_dinh,"Qui_dinh > **Chương IV NHỮNG QUY ĐỊNH KHÁC ĐỐI VỚI SINH VIÊN** > Điều 36. Chuyển sang học chương trình đào tạo chất lượng cao > 4. Viện Đào tạo chất lượng cao chủ trì phối hợp với các Khoa/Viện/Bộ môn thực hiện xét bảo lưu cho sinh viên.
---",**Chương IV NHỮNG QUY ĐỊNH KHÁC ĐỐI VỚI SINH VIÊN**,Điều 36. Chuyển sang học chương trình đào tạo chất lượng cao,4. Viện Đào tạo chất lượng cao chủ trì phối hợp với các Khoa/Viện/Bộ môn thực hiện xét bảo lưu cho sinh viên.,,Qui_dinh > **Chương IV NHỮNG QUY ĐỊNH KHÁC ĐỐI VỚI SINH VIÊN** > Điều 36. Chuyển sang học chương trình đào tạo chất lượng cao > 4. Viện Đào tạo chất lượng cao chủ trì phối hợp với các Khoa/Viện/Bộ môn thực hiện xét bảo lưu cho sinh viên.,data/processed/Qui_dinh.md,Qui_dinh,markdown,data/processed/Qui_dinh.md,sentence-transformers,1024
538,Qui_dinh,"Qui_dinh > **Chương IV NHỮNG QUY ĐỊNH KHÁC ĐỐI VỚI SINH VIÊN** > Điều 37. Chuyển sang học theo hình thức vừa làm vừa học > 4. Trung tâm Đào tạo thường xuyên chủ trì phối hợp với các Khoa/Viện/Bộ môn thực hiện xét bảo lưu cho sinh viên.
---",**Chương IV NHỮNG QUY ĐỊNH KHÁC ĐỐI VỚI SINH VIÊN**,Điều 37. Chuyển sang học theo hình thức vừa làm vừa học,4. Trung tâm Đào tạo thường xuyên chủ trì phối hợp với các Khoa/Viện/Bộ môn thực hiện xét bảo lưu cho sinh viên.,,Qui_dinh > **Chương IV NHỮNG QUY ĐỊNH KHÁC ĐỐI VỚI SINH VIÊN** > Điều 37. Chuyển sang học theo hình thức vừa làm vừa học > 4. Trung tâm Đào tạo thường xuyên chủ trì phối hợp với các Khoa/Viện/Bộ môn thực hiện xét bảo lưu cho sinh viên.,data/processed/Qui_dinh.md,Qui_dinh,markdown,data/processed/Qui_dinh.md,sentence-transformers,1024
539,Qui_dinh,"Qui_dinh > **Chương IV NHỮNG QUY ĐỊNH KHÁC ĐỐI VỚI SINH VIÊN** > Điều 38. Chuyển trường > 1. Đối với sinh viên từ trường khác chuyển về Trường: > a) Sinh viên đại học chính quy đang theo học tại các trường đại học khác được xem xét chuyển tới học tại Trường khi có đủ các điều kiện sau đây:
- Chương trình đào tạo mà sinh viên đang học thuộc ngành cùng nhóm ngành hoặc lĩnh vực của ngành đào tạo có chương trình đào tạo mà sinh viên xin chuyển tới học tại Trường;
- Kết quả trúng tuyển theo hình thức xét tuyển theo học bạ trung học phổ thông hoặc kết quả thi tốt nghiệp trung học phổ thông của sinh viên không thấp hơn điều kiện trúng tuyển với cùng hình thức xét tuyển của chương trình đào tạo mà sinh viên xin theo học của Trường trong cùng khóa tuyển sinh;
- Được sự đồng ý của Hiệu trưởng trường sinh viên đang theo học.",**Chương IV NHỮNG QUY ĐỊNH KHÁC ĐỐI VỚI SINH VIÊN**,Điều 38. Chuyển trường,1. Đối với sinh viên từ trường khác chuyển về Trường:,a) Sinh viên đại học chính quy đang theo học tại các trường đại học khác được xem xét chuyển tới học tại Trường khi có đủ các điều kiện sau đây:,Qui_dinh > **Chương IV NHỮNG QUY ĐỊNH KHÁC ĐỐI VỚI SINH VIÊN** > Điều 38. Chuyển trường > 1. Đối với sinh viên từ trường khác chuyển về Trường: > a) Sinh viên đại học chính quy đang theo học tại các trường đại học khác được xem xét chuyển tới học tại Trường khi có đủ các điều kiện sau đây:,data/processed/Qui_dinh.md,Qui_dinh,markdown,data/processed/Qui_dinh.md,sentence-transformers,1024
540,Qui_dinh,"Qui_dinh > **Chương IV NHỮNG QUY ĐỊNH KHÁC ĐỐI VỚI SINH VIÊN** > Điều 38. Chuyển trường > 2. Đối với sinh viên đang theo học tại Trường xin chuyển tới các trường khác: > a) Sinh viên đang theo học tại Trường xin chuyển tới các trường khác sẽ được Hiệu trưởng xem xét chấp thuận nếu đáp ứng đầy đủ các điều kiện sau:
- Không đang là sinh viên năm nhất hoặc năm cuối;
- Không đang trong thời gian bị kỷ luật từ cảnh cáo trở lên;
- Được Hiệu trưởng trường xin chuyển đến đồng ý tiếp nhận;
- Đã hoàn thành tất cả các nghĩa vụ với Trường.",**Chương IV NHỮNG QUY ĐỊNH KHÁC ĐỐI VỚI SINH VIÊN**,Điều 38. Chuyển trường,2. Đối với sinh viên đang theo học tại Trường xin chuyển tới các trường khác:,a) Sinh viên đang theo học tại Trường xin chuyển tới các trường khác sẽ được Hiệu trưởng xem xét chấp thuận nếu đáp ứng đầy đủ các điều kiện sau:,Qui_dinh > **Chương IV NHỮNG QUY ĐỊNH KHÁC ĐỐI VỚI SINH VIÊN** > Điều 38. Chuyển trường > 2. Đối với sinh viên đang theo học tại Trường xin chuyển tới các trường khác: > a) Sinh viên đang theo học tại Trường xin chuyển tới các trường khác sẽ được Hiệu trưởng xem xét chấp thuận nếu đáp ứng đầy đủ các điều kiện sau:,data/processed/Qui_dinh.md,Qui_dinh,markdown,data/processed/Qui_dinh.md,sentence-transformers,1024
541,Qui_dinh,"Qui_dinh > **Chương IV NHỮNG QUY ĐỊNH KHÁC ĐỐI VỚI SINH VIÊN** > Điều 38. Chuyển trường > 2. Đối với sinh viên đang theo học tại Trường xin chuyển tới các trường khác: > b) Sinh viên có nguyện vọng làm đơn xin chuyển trường đính kèm giấy tờ chứng minh đã hoàn thành tất cả các nghĩa vụ với Trường gửi Hiệu trưởng thông qua Phòng Đào tạo.
---",**Chương IV NHỮNG QUY ĐỊNH KHÁC ĐỐI VỚI SINH VIÊN**,Điều 38. Chuyển trường,2. Đối với sinh viên đang theo học tại Trường xin chuyển tới các trường khác:,b) Sinh viên có nguyện vọng làm đơn xin chuyển trường đính kèm giấy tờ chứng minh đã hoàn thành tất cả các nghĩa vụ với Trường gửi Hiệu trưởng thông qua Phòng Đào tạo.,Qui_dinh > **Chương IV NHỮNG QUY ĐỊNH KHÁC ĐỐI VỚI SINH VIÊN** > Điều 38. Chuyển trường > 2. Đối với sinh viên đang theo học tại Trường xin chuyển tới các trường khác: > b) Sinh viên có nguyện vọng làm đơn xin chuyển trường đính kèm giấy tờ chứng minh đã hoàn thành tất cả các nghĩa vụ với Trường gửi Hiệu trưởng thông qua Phòng Đào tạo.,data/processed/Qui_dinh.md,Qui_dinh,markdown,data/processed/Qui_dinh.md,sentence-transformers,1024
542,Qui_dinh,"Qui_dinh > **Chương IV NHỮNG QUY ĐỊNH KHÁC ĐỐI VỚI SINH VIÊN** > Điều 39. Phân chuyên ngành đào tạo > 2. Trình tự thực hiện phân chuyên ngành đào tạo cho sinh viên như sau: > đ) Chậm nhất 02 tuần sau khi nhận được kết quả việc phân chuyên ngành cho sinh viên từ các Khoa/Viện, Phòng Công tác sinh viên chủ trì phối hợp với Phòng Đào tạo tham mưu cho Hiệu trưởng ra quyết định sắp xếp sinh viên vào các lớp chuyên ngành.
---",**Chương IV NHỮNG QUY ĐỊNH KHÁC ĐỐI VỚI SINH VIÊN**,Điều 39. Phân chuyên ngành đào tạo,2. Trình tự thực hiện phân chuyên ngành đào tạo cho sinh viên như sau:,"đ) Chậm nhất 02 tuần sau khi nhận được kết quả việc phân chuyên ngành cho sinh viên từ các Khoa/Viện, Phòng Công tác sinh viên chủ trì phối hợp với Phòng Đào tạo tham mưu cho Hiệu trưởng ra quyết định sắp xếp sinh viên vào các lớp chuyên ngành.","Qui_dinh > **Chương IV NHỮNG QUY ĐỊNH KHÁC ĐỐI VỚI SINH VIÊN** > Điều 39. Phân chuyên ngành đào tạo > 2. Trình tự thực hiện phân chuyên ngành đào tạo cho sinh viên như sau: > đ) Chậm nhất 02 tuần sau khi nhận được kết quả việc phân chuyên ngành cho sinh viên từ các Khoa/Viện, Phòng Công tác sinh viên chủ trì phối hợp với Phòng Đào tạo tham mưu cho Hiệu trưởng ra quyết định sắp xếp sinh viên vào các lớp chuyên ngành.",data/processed/Qui_dinh.md,Qui_dinh,markdown,data/processed/Qui_dinh.md,sentence-transformers,1024
543,Qui_dinh,"Qui_dinh > **Chương V TỔ CHỨC THỰC HIỆN** > Điều 40. Xử lý vi phạm đối với sinh viên > 3. Người học sử dụng hồ sơ, văn bằng, chứng chỉ giả làm điều kiện trúng tuyển hoặc điều kiện tốt nghiệp sẽ bị **buộc thôi học**; văn bằng tốt nghiệp nếu đã được cấp sẽ bị **thu hồi, hủy bỏ**.
---",**Chương V TỔ CHỨC THỰC HIỆN**,Điều 40. Xử lý vi phạm đối với sinh viên,"3. Người học sử dụng hồ sơ, văn bằng, chứng chỉ giả làm điều kiện trúng tuyển hoặc điều kiện tốt nghiệp sẽ bị **buộc thôi học**; văn bằng tốt nghiệp nếu đã được cấp sẽ bị **thu hồi, hủy bỏ**.",,"Qui_dinh > **Chương V TỔ CHỨC THỰC HIỆN** > Điều 40. Xử lý vi phạm đối với sinh viên > 3. Người học sử dụng hồ sơ, văn bằng, chứng chỉ giả làm điều kiện trúng tuyển hoặc điều kiện tốt nghiệp sẽ bị **buộc thôi học**; văn bằng tốt nghiệp nếu đã được cấp sẽ bị **thu hồi, hủy bỏ**.",data/processed/Qui_dinh.md,Qui_dinh,markdown,data/processed/Qui_dinh.md,sentence-transformers,1024
544,Logistics và quản lý chuỗi cung ứng,"Logistics và quản lý chuỗi cung ứng > TRƯỜNG ĐH GIAO THÔNG VẬN TẢI TP. HỒ CHÍ MINH
CỘNG HOÀ XÃ HỘI CHỦ NGHĨA VIỆT NAM",TRƯỜNG ĐH GIAO THÔNG VẬN TẢI TP. HỒ CHÍ MINH,,,,Logistics và quản lý chuỗi cung ứng > TRƯỜNG ĐH GIAO THÔNG VẬN TẢI TP. HỒ CHÍ MINH,data/processed/Logistics và quản lý chuỗi cung ứng.md,Logistics và quản lý chuỗi cung ứng,markdown,data/processed/Logistics và quản lý chuỗi cung ứng.md,sentence-transformers,1024
545,Logistics và quản lý chuỗi cung ứng,"Logistics và quản lý chuỗi cung ứng > I. GIỚI THIỆU CHƯƠNG TRÌNH > Tên chương trình đào tạo (tiếng Việt):
Logistics và Quản lý Chuỗi cung ứng",I. GIỚI THIỆU CHƯƠNG TRÌNH,Tên chương trình đào tạo (tiếng Việt):,,,Logistics và quản lý chuỗi cung ứng > I. GIỚI THIỆU CHƯƠNG TRÌNH > Tên chương trình đào tạo (tiếng Việt):,data/processed/Logistics và quản lý chuỗi cung ứng.md,Logistics và quản lý chuỗi cung ứng,markdown,data/processed/Logistics và quản lý chuỗi cung ứng.md,sentence-transformers,1024
546,Logistics và quản lý chuỗi cung ứng,"Logistics và quản lý chuỗi cung ứng > I. GIỚI THIỆU CHƯƠNG TRÌNH > Tên chương trình đào tạo (tiếng Anh):
Logistics and Supply chain management",I. GIỚI THIỆU CHƯƠNG TRÌNH,Tên chương trình đào tạo (tiếng Anh):,,,Logistics và quản lý chuỗi cung ứng > I. GIỚI THIỆU CHƯƠNG TRÌNH > Tên chương trình đào tạo (tiếng Anh):,data/processed/Logistics và quản lý chuỗi cung ứng.md,Logistics và quản lý chuỗi cung ứng,markdown,data/processed/Logistics và quản lý chuỗi cung ứng.md,sentence-transformers,1024
547,Logistics và quản lý chuỗi cung ứng,"Logistics và quản lý chuỗi cung ứng > I. GIỚI THIỆU CHƯƠNG TRÌNH > Trình độ đào tạo:
Đại học",I. GIỚI THIỆU CHƯƠNG TRÌNH,Trình độ đào tạo:,,,Logistics và quản lý chuỗi cung ứng > I. GIỚI THIỆU CHƯƠNG TRÌNH > Trình độ đào tạo:,data/processed/Logistics và quản lý chuỗi cung ứng.md,Logistics và quản lý chuỗi cung ứng,markdown,data/processed/Logistics và quản lý chuỗi cung ứng.md,sentence-transformers,1024
548,Logistics và quản lý chuỗi cung ứng,"Logistics và quản lý chuỗi cung ứng > I. GIỚI THIỆU CHƯƠNG TRÌNH > Ngành đào tạo:
Khai thác vận tải",I. GIỚI THIỆU CHƯƠNG TRÌNH,Ngành đào tạo:,,,Logistics và quản lý chuỗi cung ứng > I. GIỚI THIỆU CHƯƠNG TRÌNH > Ngành đào tạo:,data/processed/Logistics và quản lý chuỗi cung ứng.md,Logistics và quản lý chuỗi cung ứng,markdown,data/processed/Logistics và quản lý chuỗi cung ứng.md,sentence-transformers,1024
549,Logistics và quản lý chuỗi cung ứng,"Logistics và quản lý chuỗi cung ứng > I. GIỚI THIỆU CHƯƠNG TRÌNH > Mã ngành đào tạo:
784010103H",I. GIỚI THIỆU CHƯƠNG TRÌNH,Mã ngành đào tạo:,,,Logistics và quản lý chuỗi cung ứng > I. GIỚI THIỆU CHƯƠNG TRÌNH > Mã ngành đào tạo:,data/processed/Logistics và quản lý chuỗi cung ứng.md,Logistics và quản lý chuỗi cung ứng,markdown,data/processed/Logistics và quản lý chuỗi cung ứng.md,sentence-transformers,1024
550,Logistics và quản lý chuỗi cung ứng,"Logistics và quản lý chuỗi cung ứng > I. GIỚI THIỆU CHƯƠNG TRÌNH > Khối ngành:
Dịch vụ vận tải",I. GIỚI THIỆU CHƯƠNG TRÌNH,Khối ngành:,,,Logistics và quản lý chuỗi cung ứng > I. GIỚI THIỆU CHƯƠNG TRÌNH > Khối ngành:,data/processed/Logistics và quản lý chuỗi cung ứng.md,Logistics và quản lý chuỗi cung ứng,markdown,data/processed/Logistics và quản lý chuỗi cung ứng.md,sentence-transformers,1024
551,Logistics và quản lý chuỗi cung ứng,"Logistics và quản lý chuỗi cung ứng > I. GIỚI THIỆU CHƯƠNG TRÌNH > Loại hình đào tạo:
Chính quy; chương trình chất lượng cao",I. GIỚI THIỆU CHƯƠNG TRÌNH,Loại hình đào tạo:,,,Logistics và quản lý chuỗi cung ứng > I. GIỚI THIỆU CHƯƠNG TRÌNH > Loại hình đào tạo:,data/processed/Logistics và quản lý chuỗi cung ứng.md,Logistics và quản lý chuỗi cung ứng,markdown,data/processed/Logistics và quản lý chuỗi cung ứng.md,sentence-transformers,1024
552,Logistics và quản lý chuỗi cung ứng,"Logistics và quản lý chuỗi cung ứng > I. GIỚI THIỆU CHƯƠNG TRÌNH > Căn cứ xây dựng, điều chỉnh chương trình đào tạo:
- Căn cứ Nghị quyết số 14/QĐ - HĐT ĐHGTVT ngày 18/01/2021 của Chủ tịch Hội đồng Trường Đại học Giao thông Vận tải TP. Hồ Chí Minh về việc ban hành quy chế tổ chức và hoạt động của Trường.
- Căn cứ Quyết định số 609/QĐ - ĐHGTVT ngày 13/11/2017 của Trường Đại học Giao thông Vận tải TP. Hồ Chí Minh về việc thành lập Viện Đào tạo chất lượng cao.
- Căn cứ Thông tư số 23/2014/TT - BGDĐT ngày 18/07/2018 về “Ban hành quy định về đào tạo chất lượng cao trình độ đại học” của Bộ trưởng Bộ Giáo dục và đào tạo.
- Căn cứ Nghị định số 99/2019/NĐ - CP ngày 30/12/2019 của Chính phủ Quy định chi tiết và hướng dẫn thi hành một số điều của luật sửa đổi, bổ sung một số điều của Luật giáo dục đại học.
- Căn cứ Thông tư số 17/2021/TT - BGDĐT ngày 22/06/2021 của Bộ trưởng Bộ giáo dục và đào tạo quy định về chuẩn chương trình đào tạo; xây dựng, thẩm định và ban hành chương trình đào tạo các trình độ của giáo dục đại học
- Căn cứ Quyết định số 1982/QĐ - TTg ngày 18/10/2016 của Thủ tướng Chính phủ về phê duyệt Khung trình độ quốc gia Việt Nam.",I. GIỚI THIỆU CHƯƠNG TRÌNH,"Căn cứ xây dựng, điều chỉnh chương trình đào tạo:",,,"Logistics và quản lý chuỗi cung ứng > I. GIỚI THIỆU CHƯƠNG TRÌNH > Căn cứ xây dựng, điều chỉnh chương trình đào tạo:",data/processed/Logistics và quản lý chuỗi cung ứng.md,Logistics và quản lý chuỗi cung ứng,markdown,data/processed/Logistics và quản lý chuỗi cung ứng.md,sentence-transformers,1024
553,Logistics và quản lý chuỗi cung ứng,"Logistics và quản lý chuỗi cung ứng > II. MỤC TIÊU ĐÀO TẠO > 1.1. Mục tiêu chung
Chương trình đào tạo chuyên ngành Logistics và Quản lý Chuỗi cung ứng được xây dựng và triển khai nhằm mục tiêu đào tạo cử nhân ngành Khai thác vận tải có phẩm chất chính trị vững vàng, có ý thức tổ chức kỷ luật, đạo đức nghề nghiệp; nắm vững kiến thức cơ bản và chuyên sâu về chuyên ngành Logistics và Quản lý Chuỗi cung ứng, đáp ứng các yêu cầu về nghiên cứu phát triển và ứng dụng khoa học công nghệ trong lĩnh vực chuyên ngành.

Sinh viên được cung cấp kiến thức cơ bản về lĩnh vực Logistics và Quản lý Chuỗi cung ứng, kiến thức chuyên sâu ngành logistics và quản trị chuỗi cung ứng, khả năng xây dựng mô hình và áp dụng các nguyên tắc của chuyên ngành vào thực tiễn. Có khả năng tham mưu tư vấn và có khả năng tổ chức thực hiện nhiệm vụ của một cử nhân trong lĩnh vực Logistics và Quản lý Chuỗi cung ứng.",II. MỤC TIÊU ĐÀO TẠO,1.1. Mục tiêu chung,,,Logistics và quản lý chuỗi cung ứng > II. MỤC TIÊU ĐÀO TẠO > 1.1. Mục tiêu chung,data/processed/Logistics và quản lý chuỗi cung ứng.md,Logistics và quản lý chuỗi cung ứng,markdown,data/processed/Logistics và quản lý chuỗi cung ứng.md,sentence-transformers,1024
554,Logistics và quản lý chuỗi cung ứng,"Logistics và quản lý chuỗi cung ứng > II. MỤC TIÊU ĐÀO TẠO > 1.2 Mục tiêu cụ thể > a. Kiến thức
Đào tạo ra những cử nhân cho các lĩnh vực liên quan đến Logistics và Quản lý Chuỗi cung ứng, nhằm nâng cao chất lượng đào tạo, đáp ứng yêu cầu nguồn nhân lực chất lượng cao, đáp ứng nhu cầu của người học; tạo môi trường giảng dạy, học tập, nghiên cứu tích cực; phù hợp với nhu cầu của xã hội và đáp ứng tiêu chuẩn nhân lực
quốc tế.

Trang bị cho người học những kiến thức nền tảng cơ bản để phát triển toàn diện; có khả năng áp dụng những nguyên lý kinh tế và quản trị cơ bản, kỹ năng thực hành cao và các kỹ năng chuyên môn để tham gia quản lý, điều hành, thực hành nghiệp vụ chuyên môn và xây dựng kế hoạch, định hướng phát triển doanh nghiệp theo từng thời kỳ.",II. MỤC TIÊU ĐÀO TẠO,1.2 Mục tiêu cụ thể,a. Kiến thức,,Logistics và quản lý chuỗi cung ứng > II. MỤC TIÊU ĐÀO TẠO > 1.2 Mục tiêu cụ thể > a. Kiến thức,data/processed/Logistics và quản lý chuỗi cung ứng.md,Logistics và quản lý chuỗi cung ứng,markdown,data/processed/Logistics và quản lý chuỗi cung ứng.md,sentence-transformers,1024
555,Logistics và quản lý chuỗi cung ứng,"Logistics và quản lý chuỗi cung ứng > II. MỤC TIÊU ĐÀO TẠO > 1.2 Mục tiêu cụ thể > b. Kỹ năng
Trang bị cho người học tư duy sáng tạo và khả năng làm việc độc lập, làm việc nhóm, có thể thích ứng với sự thay đổi và phát triển của khoa học công nghệ trong lĩnh vực ngành nói chung và chuyên ngành nói riêng.",II. MỤC TIÊU ĐÀO TẠO,1.2 Mục tiêu cụ thể,b. Kỹ năng,,Logistics và quản lý chuỗi cung ứng > II. MỤC TIÊU ĐÀO TẠO > 1.2 Mục tiêu cụ thể > b. Kỹ năng,data/processed/Logistics và quản lý chuỗi cung ứng.md,Logistics và quản lý chuỗi cung ứng,markdown,data/processed/Logistics và quản lý chuỗi cung ứng.md,sentence-transformers,1024
556,Logistics và quản lý chuỗi cung ứng,"Logistics và quản lý chuỗi cung ứng > II. MỤC TIÊU ĐÀO TẠO > 1.2 Mục tiêu cụ thể > c. Mức độ tự chủ và trách nhiệm
- Đào tạo người học có phẩm chất chính trị, đạo đức, tư cách và sức khoẻ tốt, nắm vững và thực hiện tốt đường lối chính sách của Đảng, pháp luật của Nhà nước, có ý thức phục vụ nhân dân, có sức khoẻ, đáp ứng yêu cầu xây dựng và bảo vệ Tổ quốc, đúng với định hướng của Đảng, Chính phủ trong chiến lược phát triển ngành và phù hợp với Qui hoạch đào tạo Nguồn nhân lực ngành Giao thông vận tải; từng bước hội nhập với giáo dục đại học khu vực và quốc tế.

- Có tính thần học tập, không ngừng trau dồi kiến thức chuyên môn và kỹ năng nghề nghiệp;

- Có ý thức tổ chức kỷ luật, tác phong công nghiệp và trách nhiệm với cộng đồng",II. MỤC TIÊU ĐÀO TẠO,1.2 Mục tiêu cụ thể,c. Mức độ tự chủ và trách nhiệm,,Logistics và quản lý chuỗi cung ứng > II. MỤC TIÊU ĐÀO TẠO > 1.2 Mục tiêu cụ thể > c. Mức độ tự chủ và trách nhiệm,data/processed/Logistics và quản lý chuỗi cung ứng.md,Logistics và quản lý chuỗi cung ứng,markdown,data/processed/Logistics và quản lý chuỗi cung ứng.md,sentence-transformers,1024
557,Logistics và quản lý chuỗi cung ứng,"Logistics và quản lý chuỗi cung ứng > III. CHUẨN ĐẦU RA CHƯƠNG TRÌNH ĐÀO TẠO > 1.2. Khối lượng kiến thức toàn khóa > Kiến thức giáo dục đại cương
- Khối lượng kiến thức: 25 tín chỉ
- Tỷ lệ: 20.83%",III. CHUẨN ĐẦU RA CHƯƠNG TRÌNH ĐÀO TẠO,1.2. Khối lượng kiến thức toàn khóa,Kiến thức giáo dục đại cương,,Logistics và quản lý chuỗi cung ứng > III. CHUẨN ĐẦU RA CHƯƠNG TRÌNH ĐÀO TẠO > 1.2. Khối lượng kiến thức toàn khóa > Kiến thức giáo dục đại cương,data/processed/Logistics và quản lý chuỗi cung ứng.md,Logistics và quản lý chuỗi cung ứng,markdown,data/processed/Logistics và quản lý chuỗi cung ứng.md,sentence-transformers,1024
558,Logistics và quản lý chuỗi cung ứng,"Logistics và quản lý chuỗi cung ứng > III. CHUẨN ĐẦU RA CHƯƠNG TRÌNH ĐÀO TẠO > 1.2. Khối lượng kiến thức toàn khóa > Kiến thức cơ sở ngành
- Khối lượng kiến thức: 30 tín chỉ
- Tỷ lệ: 25.00%",III. CHUẨN ĐẦU RA CHƯƠNG TRÌNH ĐÀO TẠO,1.2. Khối lượng kiến thức toàn khóa,Kiến thức cơ sở ngành,,Logistics và quản lý chuỗi cung ứng > III. CHUẨN ĐẦU RA CHƯƠNG TRÌNH ĐÀO TẠO > 1.2. Khối lượng kiến thức toàn khóa > Kiến thức cơ sở ngành,data/processed/Logistics và quản lý chuỗi cung ứng.md,Logistics và quản lý chuỗi cung ứng,markdown,data/processed/Logistics và quản lý chuỗi cung ứng.md,sentence-transformers,1024
559,Logistics và quản lý chuỗi cung ứng,"Logistics và quản lý chuỗi cung ứng > III. CHUẨN ĐẦU RA CHƯƠNG TRÌNH ĐÀO TẠO > 1.2. Khối lượng kiến thức toàn khóa > Kiến thức chuyên ngành
- Khối lượng kiến thức: 65 tín chỉ
- Tỷ lệ: 54.17%",III. CHUẨN ĐẦU RA CHƯƠNG TRÌNH ĐÀO TẠO,1.2. Khối lượng kiến thức toàn khóa,Kiến thức chuyên ngành,,Logistics và quản lý chuỗi cung ứng > III. CHUẨN ĐẦU RA CHƯƠNG TRÌNH ĐÀO TẠO > 1.2. Khối lượng kiến thức toàn khóa > Kiến thức chuyên ngành,data/processed/Logistics và quản lý chuỗi cung ứng.md,Logistics và quản lý chuỗi cung ứng,markdown,data/processed/Logistics và quản lý chuỗi cung ứng.md,sentence-transformers,1024
560,Logistics và quản lý chuỗi cung ứng,"Logistics và quản lý chuỗi cung ứng > III. CHUẨN ĐẦU RA CHƯƠNG TRÌNH ĐÀO TẠO > 1.2. Khối lượng kiến thức toàn khóa > Tổng số tín chỉ:
120 tín chỉ",III. CHUẨN ĐẦU RA CHƯƠNG TRÌNH ĐÀO TẠO,1.2. Khối lượng kiến thức toàn khóa,Tổng số tín chỉ:,,Logistics và quản lý chuỗi cung ứng > III. CHUẨN ĐẦU RA CHƯƠNG TRÌNH ĐÀO TẠO > 1.2. Khối lượng kiến thức toàn khóa > Tổng số tín chỉ:,data/processed/Logistics và quản lý chuỗi cung ứng.md,Logistics và quản lý chuỗi cung ứng,markdown,data/processed/Logistics và quản lý chuỗi cung ứng.md,sentence-transformers,1024
561,Logistics và quản lý chuỗi cung ứng,"Logistics và quản lý chuỗi cung ứng > V. QUY ĐỊNH ĐÀO TẠO, QUY ĐỊNH TỐT NGHIỆP > 1.1. Căn cứ thực hiện
- Quyết định số 607/QĐ-ĐHGTVT ngày 07/11/2017 của Hiệu trưởng Trường Đại học Giao thông vận tải thành phố Hồ Chí Minh về việc ban hành Quy định về đào tạo đại học, cao đẳng chính quy theo hệ thống tín chỉ tại trường ĐH Giao thông vận tải thành phố Hồ Chí Minh;
- Quyết định số 202/QĐ-ĐHGTVT ngày 19/01/2018 của Hiệu trưởng Trường Đại học Giao thông vận tải thành phố Hồ Chí Minh về việc ban hành quy định về đào tạo chất lượng cao;
- Quyết định số 63/QĐ-ĐHGTVT ngày 05/02/2018 của Hiệu trưởng Trường Đại học Giao thông vận tải thành phố Hồ Chí Minh về việc ban hành Quy định chuẩn đầu ra ngoại ngữ đối với sinh viên chương trình chất lượng cao bậc đại học hệ chính quy;
- Quyết định số 828/QĐ-ĐHGTVT ngày 29/5/2015 của Hiệu trưởng Trường Đại học Giao thông vận tải thành phố Hồ Chí Minh về việc ban hành Quy định về tổ chức dạy, học và đánh giá kết quả học tập môn học Giáo dục quốc phòng - an ninh tại Trường Đại học Giao thông vận tải thành phố Hồ Chí Minh;
- Quyết định số 490/QĐ-ĐHGTVT ngày 06/6/2016 của Hiệu trưởng Trường Đại học Giao thông vận tải thành phố Hồ Chí Minh về việc ban hành Quy định về chuẩn chương trình, tổ chức dạy, học và đánh giá kết quả học tập môn học Giáo dục thể chất;
- Quyết định số 1201/QĐ-ĐHGTVT ngày 31/12/2019 của Hiệu trưởng Trường Đại học Giao thông vận tải thành phố Hồ Chí Minh về việc ban hành Quy định về nội dung giảng dạy, đánh giá học phần Tin học cơ bản kết hợp cấp chứng chỉ công nghệ thông tin tại Trường Đại học Giao thông vận tải thành phố Hồ Chí Minh;
- Thông tư số 03/2014/TT-BTTTT ngày 11/3/2014 của Bộ trưởng Bộ Thông tin và Truyền thông qui định Chuẩn kỹ năng sử dụng công nghệ thông tin và Chứng chỉ Ứng dụng công nghệ thông tin cơ bản (quy định tại Thông tư liên tịch số 17/2016/TTLT–BGDĐT–BTTTT ngày 21/6/2016 của Bộ trưởng Bộ Giáo dục & Đào tạo và Bộ trưởng Bộ Thông tin & Truyền thông).","V. QUY ĐỊNH ĐÀO TẠO, QUY ĐỊNH TỐT NGHIỆP",1.1. Căn cứ thực hiện,,,"Logistics và quản lý chuỗi cung ứng > V. QUY ĐỊNH ĐÀO TẠO, QUY ĐỊNH TỐT NGHIỆP > 1.1. Căn cứ thực hiện",data/processed/Logistics và quản lý chuỗi cung ứng.md,Logistics và quản lý chuỗi cung ứng,markdown,data/processed/Logistics và quản lý chuỗi cung ứng.md,sentence-transformers,1024
562,Logistics và quản lý chuỗi cung ứng,"Logistics và quản lý chuỗi cung ứng > V. QUY ĐỊNH ĐÀO TẠO, QUY ĐỊNH TỐT NGHIỆP > 1.2. Điều kiện tốt nghiệp > [1].
Cho đến thời điểm xét tốt nghiệp không bị truy cứu trách nhiệm hình sự hoặc không đang trong thời gian bị kỷ luật ở mức đình chỉ học tập.","V. QUY ĐỊNH ĐÀO TẠO, QUY ĐỊNH TỐT NGHIỆP",1.2. Điều kiện tốt nghiệp,[1].,,"Logistics và quản lý chuỗi cung ứng > V. QUY ĐỊNH ĐÀO TẠO, QUY ĐỊNH TỐT NGHIỆP > 1.2. Điều kiện tốt nghiệp > [1].",data/processed/Logistics và quản lý chuỗi cung ứng.md,Logistics và quản lý chuỗi cung ứng,markdown,data/processed/Logistics và quản lý chuỗi cung ứng.md,sentence-transformers,1024
563,Logistics và quản lý chuỗi cung ứng,"Logistics và quản lý chuỗi cung ứng > V. QUY ĐỊNH ĐÀO TẠO, QUY ĐỊNH TỐT NGHIỆP > 1.2. Điều kiện tốt nghiệp > [2].
Tích lũy đủ số học phần và khối lượng của chương trình đào tạo được quy định. <br>","V. QUY ĐỊNH ĐÀO TẠO, QUY ĐỊNH TỐT NGHIỆP",1.2. Điều kiện tốt nghiệp,[2].,,"Logistics và quản lý chuỗi cung ứng > V. QUY ĐỊNH ĐÀO TẠO, QUY ĐỊNH TỐT NGHIỆP > 1.2. Điều kiện tốt nghiệp > [2].",data/processed/Logistics và quản lý chuỗi cung ứng.md,Logistics và quản lý chuỗi cung ứng,markdown,data/processed/Logistics và quản lý chuỗi cung ứng.md,sentence-transformers,1024
564,Logistics và quản lý chuỗi cung ứng,"Logistics và quản lý chuỗi cung ứng > V. QUY ĐỊNH ĐÀO TẠO, QUY ĐỊNH TỐT NGHIỆP > 1.2. Điều kiện tốt nghiệp > [3].
Điểm trung bình chung tích lũy của toàn khóa học đạt từ 2,00 trở lên. <br>","V. QUY ĐỊNH ĐÀO TẠO, QUY ĐỊNH TỐT NGHIỆP",1.2. Điều kiện tốt nghiệp,[3].,,"Logistics và quản lý chuỗi cung ứng > V. QUY ĐỊNH ĐÀO TẠO, QUY ĐỊNH TỐT NGHIỆP > 1.2. Điều kiện tốt nghiệp > [3].",data/processed/Logistics và quản lý chuỗi cung ứng.md,Logistics và quản lý chuỗi cung ứng,markdown,data/processed/Logistics và quản lý chuỗi cung ứng.md,sentence-transformers,1024
565,Logistics và quản lý chuỗi cung ứng,"Logistics và quản lý chuỗi cung ứng > V. QUY ĐỊNH ĐÀO TẠO, QUY ĐỊNH TỐT NGHIỆP > 1.2. Điều kiện tốt nghiệp > [4].
Nộp đầy đủ các văn bằng/ chứng chỉ (bản sao có chứng thực) có liên quan theo quy định, cụ thể như sau: <br>","V. QUY ĐỊNH ĐÀO TẠO, QUY ĐỊNH TỐT NGHIỆP",1.2. Điều kiện tốt nghiệp,[4].,,"Logistics và quản lý chuỗi cung ứng > V. QUY ĐỊNH ĐÀO TẠO, QUY ĐỊNH TỐT NGHIỆP > 1.2. Điều kiện tốt nghiệp > [4].",data/processed/Logistics và quản lý chuỗi cung ứng.md,Logistics và quản lý chuỗi cung ứng,markdown,data/processed/Logistics và quản lý chuỗi cung ứng.md,sentence-transformers,1024
566,Logistics và quản lý chuỗi cung ứng,"Logistics và quản lý chuỗi cung ứng > V. QUY ĐỊNH ĐÀO TẠO, QUY ĐỊNH TỐT NGHIỆP > 1.2. Điều kiện tốt nghiệp > [4]. > [4.1].
Chứng chỉ Giáo dục thể chất Chứng chỉ giáo dục thể chất theo Quyết định 490/ĐHGTVT-ĐT ngày 06/6/2016 của Hiệu trưởng Trường Đại học Giao thông vận tải thành phố Hồ Chí Minh về chuẩn chương trình, tổ chức dạy, học và đánh giá kết quả học tập môn học giáo dục thể chất tại Trường Đại học Giao thông vận tải thành phố Hồ Chí Minh. <br>","V. QUY ĐỊNH ĐÀO TẠO, QUY ĐỊNH TỐT NGHIỆP",1.2. Điều kiện tốt nghiệp,[4].,[4.1].,"Logistics và quản lý chuỗi cung ứng > V. QUY ĐỊNH ĐÀO TẠO, QUY ĐỊNH TỐT NGHIỆP > 1.2. Điều kiện tốt nghiệp > [4]. > [4.1].",data/processed/Logistics và quản lý chuỗi cung ứng.md,Logistics và quản lý chuỗi cung ứng,markdown,data/processed/Logistics và quản lý chuỗi cung ứng.md,sentence-transformers,1024
567,Logistics và quản lý chuỗi cung ứng,"Logistics và quản lý chuỗi cung ứng > V. QUY ĐỊNH ĐÀO TẠO, QUY ĐỊNH TỐT NGHIỆP > 1.2. Điều kiện tốt nghiệp > [4]. > [4.2].
Chứng chỉ Giáo dục Quốc phòng - An Ninh Theo Quyết định số 828/QĐ-ĐHGTVT-ĐT ngày 25/9/2015 của Hiệu trưởng Trường Đại học Giao thông vận tải thành phố Hồ Chí Minh về việc ban hành Quy định tổ chức dạy, học và đánh giá kết quả học tập môn học Giáo dục Quốc phòng - An ninh tại Trường Đại học Giao thông vận tải thành phố Hồ Chí Minh. <br>","V. QUY ĐỊNH ĐÀO TẠO, QUY ĐỊNH TỐT NGHIỆP",1.2. Điều kiện tốt nghiệp,[4].,[4.2].,"Logistics và quản lý chuỗi cung ứng > V. QUY ĐỊNH ĐÀO TẠO, QUY ĐỊNH TỐT NGHIỆP > 1.2. Điều kiện tốt nghiệp > [4]. > [4.2].",data/processed/Logistics và quản lý chuỗi cung ứng.md,Logistics và quản lý chuỗi cung ứng,markdown,data/processed/Logistics và quản lý chuỗi cung ứng.md,sentence-transformers,1024
568,Logistics và quản lý chuỗi cung ứng,"Logistics và quản lý chuỗi cung ứng > V. QUY ĐỊNH ĐÀO TẠO, QUY ĐỊNH TỐT NGHIỆP > 1.2. Điều kiện tốt nghiệp > [4]. > [4.3].
Văn bằng/Chứng chỉ Ngoại ngữ Yêu cầu sinh viên phải có văn bằng/chứng chỉ đến thời điểm xét tốt nghiệp. Các loại văn bằng/chứng chỉ chỉ được công nhận theo Quyết định 63/QĐĐHGTVT ngày 05/02/2018 của Hiệu trưởng Trường Đại học Giao thông vận tải thành phố Hồ Chí Minh về việc “Ban hành quy định chuẩn đầu ra ngoại ngữ đối với sinh viên chương trình chất lượng cao bậc đại học hệ chính quy”. Cụ thể:

- Có chứng chỉ TOEIC 600, IELTS 5.5 (hoặc tương đương).
Lưu ý: Nhà trường công nhận các văn bằng/chứng chỉ ngoại ngữ sau:
- Có bằng cử nhân ngành Ngôn ngữ Anh hoặc tương đương;
- Chứng chỉ tiếng Anh quốc tế do các đơn vị có uy tín được phép cấp và chứng chỉ còn hiệu lực theo quy định. <br>","V. QUY ĐỊNH ĐÀO TẠO, QUY ĐỊNH TỐT NGHIỆP",1.2. Điều kiện tốt nghiệp,[4].,[4.3].,"Logistics và quản lý chuỗi cung ứng > V. QUY ĐỊNH ĐÀO TẠO, QUY ĐỊNH TỐT NGHIỆP > 1.2. Điều kiện tốt nghiệp > [4]. > [4.3].",data/processed/Logistics và quản lý chuỗi cung ứng.md,Logistics và quản lý chuỗi cung ứng,markdown,data/processed/Logistics và quản lý chuỗi cung ứng.md,sentence-transformers,1024
569,Logistics và quản lý chuỗi cung ứng,"Logistics và quản lý chuỗi cung ứng > V. QUY ĐỊNH ĐÀO TẠO, QUY ĐỊNH TỐT NGHIỆP > 1.2. Điều kiện tốt nghiệp > [4]. > [4.4]. Văn bằng/Chứng chỉ Tin học Yêu cầu sinh viên phải có văn bằng/chứng chỉ đến thời điểm xét tốt nghiệp, cụ thể phải có một trong các loại bằng/chứng chỉ sau:
- Bằng tốt nghiệp đại học, cao đẳng công nghệ thông tin;
- Chứng chỉ Ứng dụng công nghệ thông tin cơ bản (quy định tại Thông tư liên
  tịch số 17/2016/TTLT- BGDĐT- BTTTT ngày 21/6/2016 của Bộ trưởng Bộ Giáo dục
  & Đào tạo và Bộ trưởng Bộ Thông tin & Truyền thông)","V. QUY ĐỊNH ĐÀO TẠO, QUY ĐỊNH TỐT NGHIỆP",1.2. Điều kiện tốt nghiệp,[4].,"[4.4]. Văn bằng/Chứng chỉ Tin học Yêu cầu sinh viên phải có văn bằng/chứng chỉ đến thời điểm xét tốt nghiệp, cụ thể phải có một trong các loại bằng/chứng chỉ sau:","Logistics và quản lý chuỗi cung ứng > V. QUY ĐỊNH ĐÀO TẠO, QUY ĐỊNH TỐT NGHIỆP > 1.2. Điều kiện tốt nghiệp > [4]. > [4.4]. Văn bằng/Chứng chỉ Tin học Yêu cầu sinh viên phải có văn bằng/chứng chỉ đến thời điểm xét tốt nghiệp, cụ thể phải có một trong các loại bằng/chứng chỉ sau:",data/processed/Logistics và quản lý chuỗi cung ứng.md,Logistics và quản lý chuỗi cung ứng,markdown,data/processed/Logistics và quản lý chuỗi cung ứng.md,sentence-transformers,1024
570,Logistics và quản lý chuỗi cung ứng,"Logistics và quản lý chuỗi cung ứng > VI. CÁCH THỨC ĐÁNH GIÁ
- Căn cứ Quyết định số 607/QĐ-ĐHGTVT ngày 07/11/2017 của Hiệu trưởng Trường Đại học Giao thông vận tải thành phố Hồ Chí Minh về việc ban hành Quy định về đào tạo đại học, cao đẳng chính quy theo hệ thống tín chỉ tại trường ĐH Giao thông vận tải thành phố Hồ Chí Minh;
- Căn cứ Quyết định số 202/QĐ-ĐHGTVT ngày 19/01/2018 của Hiệu trưởng Trường Đại học Giao thông vận tải thành phố Hồ Chí Minh về việc ban hành quy định về đào tạo chất lượng cao;
- Theo quy định trong Đề cương chi tiết các học phần.",VI. CÁCH THỨC ĐÁNH GIÁ,,,,Logistics và quản lý chuỗi cung ứng > VI. CÁCH THỨC ĐÁNH GIÁ,data/processed/Logistics và quản lý chuỗi cung ứng.md,Logistics và quản lý chuỗi cung ứng,markdown,data/processed/Logistics và quản lý chuỗi cung ứng.md,sentence-transformers,1024
571,Logistics và quản lý chuỗi cung ứng,"Logistics và quản lý chuỗi cung ứng > VII. THỜI GIAN ĐÀO TẠO:
4.0 năm",VII. THỜI GIAN ĐÀO TẠO:,,,,Logistics và quản lý chuỗi cung ứng > VII. THỜI GIAN ĐÀO TẠO:,data/processed/Logistics và quản lý chuỗi cung ứng.md,Logistics và quản lý chuỗi cung ứng,markdown,data/processed/Logistics và quản lý chuỗi cung ứng.md,sentence-transformers,1024
572,Logistics và quản lý chuỗi cung ứng,"Logistics và quản lý chuỗi cung ứng > VIII. VĂN BẰNG TỐT NGHIỆP:
Văn bằng Cử nhân, Ngành Khai thác vận tải",VIII. VĂN BẰNG TỐT NGHIỆP:,,,,Logistics và quản lý chuỗi cung ứng > VIII. VĂN BẰNG TỐT NGHIỆP:,data/processed/Logistics và quản lý chuỗi cung ứng.md,Logistics và quản lý chuỗi cung ứng,markdown,data/processed/Logistics và quản lý chuỗi cung ứng.md,sentence-transformers,1024
573,Logistics và quản lý chuỗi cung ứng,"Logistics và quản lý chuỗi cung ứng > IX. VỊ TRÍ LÀM VIỆC SAU TỐT NGHIỆP:
- Có thể công tác tại các doanh nghiệp làm dịch vụ logistics, doanh nghiệp làm dịch vụ vận tải đa phương thức nói riêng và các doanh nghiệp dịch vụ vận tải, giao nhận nói chung.
- Các phòng ban nghiệp vụ phù hợp chuyên môn gồm: kế hoạch, khai thác, marketing, dịch vụ khách hàng, kinh doanh quốc tế, kho vận, cung ứng vật tư, kế toán, phân phối…
- Có thể đảm nhiệm chức danh quản lý các cấp tại các doanh nghiệp và tổ chức liên quan đến logistics và vận tải.
- Có khả năng giảng dạy các môn học chuyên môn ở các trường Cao đẳng, Trung học chuyên nghiệp, dạy nghề có mở chuyên ngành liên quan.
- Có thể tham gia vào thị trường lao động quốc tế trong lĩnh vực liên quan đến chuyên môn",IX. VỊ TRÍ LÀM VIỆC SAU TỐT NGHIỆP:,,,,Logistics và quản lý chuỗi cung ứng > IX. VỊ TRÍ LÀM VIỆC SAU TỐT NGHIỆP:,data/processed/Logistics và quản lý chuỗi cung ứng.md,Logistics và quản lý chuỗi cung ứng,markdown,data/processed/Logistics và quản lý chuỗi cung ứng.md,sentence-transformers,1024
574,Logistics và quản lý chuỗi cung ứng,"Logistics và quản lý chuỗi cung ứng > X. KHẢ NĂNG HỌC TẬP, NÂNG CAO TRÌNH ĐỘ SAU ĐẠI HỌC:
- Học cao hơn ở bậc học thạc sỹ, tiến sỹ về Logistics và quản lý chuỗi cung ứng;
- Học văn bằng 2 các ngành khác: như các ngành quản trị kinh doanh hoặc công nghệ thông tin để đưa ra các giải pháp logistics hoặc giải pháp chuỗi cung ứng hoàn hảo.
- Tham gia các lớp về bồi dưỡng nghiệp vụ như Khai báo Hải quan, giám định hàng hoá, bằng cấp do các tổ chức quốc tế cấp như: FIATA, APIC ....","X. KHẢ NĂNG HỌC TẬP, NÂNG CAO TRÌNH ĐỘ SAU ĐẠI HỌC:",,,,"Logistics và quản lý chuỗi cung ứng > X. KHẢ NĂNG HỌC TẬP, NÂNG CAO TRÌNH ĐỘ SAU ĐẠI HỌC:",data/processed/Logistics và quản lý chuỗi cung ứng.md,Logistics và quản lý chuỗi cung ứng,markdown,data/processed/Logistics và quản lý chuỗi cung ứng.md,sentence-transformers,1024
575,Logistics và quản lý chuỗi cung ứng,"Logistics và quản lý chuỗi cung ứng > XI. NỘI DUNG CHƯƠNG TRÌNH ĐÀO TẠO > Tổng số tín chỉ toàn khóa (Không tính các học phần GDTC, GDQP-AN):
120 tín chỉ",XI. NỘI DUNG CHƯƠNG TRÌNH ĐÀO TẠO,"Tổng số tín chỉ toàn khóa (Không tính các học phần GDTC, GDQP-AN):",,,"Logistics và quản lý chuỗi cung ứng > XI. NỘI DUNG CHƯƠNG TRÌNH ĐÀO TẠO > Tổng số tín chỉ toàn khóa (Không tính các học phần GDTC, GDQP-AN):",data/processed/Logistics và quản lý chuỗi cung ứng.md,Logistics và quản lý chuỗi cung ứng,markdown,data/processed/Logistics và quản lý chuỗi cung ứng.md,sentence-transformers,1024
576,Logistics và quản lý chuỗi cung ứng,"Logistics và quản lý chuỗi cung ứng > XI. NỘI DUNG CHƯƠNG TRÌNH ĐÀO TẠO > Kiến thức giáo dục đại cương
Tổng số tín chỉ: 25 tín chỉ",XI. NỘI DUNG CHƯƠNG TRÌNH ĐÀO TẠO,Kiến thức giáo dục đại cương,,,Logistics và quản lý chuỗi cung ứng > XI. NỘI DUNG CHƯƠNG TRÌNH ĐÀO TẠO > Kiến thức giáo dục đại cương,data/processed/Logistics và quản lý chuỗi cung ứng.md,Logistics và quản lý chuỗi cung ứng,markdown,data/processed/Logistics và quản lý chuỗi cung ứng.md,sentence-transformers,1024
577,Logistics và quản lý chuỗi cung ứng,"Logistics và quản lý chuỗi cung ứng > XI. NỘI DUNG CHƯƠNG TRÌNH ĐÀO TẠO > Kiến thức giáo dục đại cương > Đại số _(Algebra)_
- Mã học phần: 001201
- Số tín chỉ: 2
- Số tiết: 30
- Điều kiện: Không
- Học kỳ: 1",XI. NỘI DUNG CHƯƠNG TRÌNH ĐÀO TẠO,Kiến thức giáo dục đại cương,Đại số _(Algebra)_,,Logistics và quản lý chuỗi cung ứng > XI. NỘI DUNG CHƯƠNG TRÌNH ĐÀO TẠO > Kiến thức giáo dục đại cương > Đại số _(Algebra)_,data/processed/Logistics và quản lý chuỗi cung ứng.md,Logistics và quản lý chuỗi cung ứng,markdown,data/processed/Logistics và quản lý chuỗi cung ứng.md,sentence-transformers,1024
578,Logistics và quản lý chuỗi cung ứng,"Logistics và quản lý chuỗi cung ứng > XI. NỘI DUNG CHƯƠNG TRÌNH ĐÀO TẠO > Kiến thức giáo dục đại cương > Giải tích 1 _(Calculus 1)_
- Mã học phần: 001202
- Số tín chỉ: 3
- Số tiết: 45
- Điều kiện: Không
- Học kỳ: 1",XI. NỘI DUNG CHƯƠNG TRÌNH ĐÀO TẠO,Kiến thức giáo dục đại cương,Giải tích 1 _(Calculus 1)_,,Logistics và quản lý chuỗi cung ứng > XI. NỘI DUNG CHƯƠNG TRÌNH ĐÀO TẠO > Kiến thức giáo dục đại cương > Giải tích 1 _(Calculus 1)_,data/processed/Logistics và quản lý chuỗi cung ứng.md,Logistics và quản lý chuỗi cung ứng,markdown,data/processed/Logistics và quản lý chuỗi cung ứng.md,sentence-transformers,1024
579,Logistics và quản lý chuỗi cung ứng,"Logistics và quản lý chuỗi cung ứng > XI. NỘI DUNG CHƯƠNG TRÌNH ĐÀO TẠO > Kiến thức giáo dục đại cương > Xác suất thống kê _(Probability & Statistics)_
- Mã học phần: 001212
- Số tín chỉ: 3
- Số tiết: 45
- Điều kiện: Không
- Học kỳ: 2",XI. NỘI DUNG CHƯƠNG TRÌNH ĐÀO TẠO,Kiến thức giáo dục đại cương,Xác suất thống kê _(Probability & Statistics)_,,Logistics và quản lý chuỗi cung ứng > XI. NỘI DUNG CHƯƠNG TRÌNH ĐÀO TẠO > Kiến thức giáo dục đại cương > Xác suất thống kê _(Probability & Statistics)_,data/processed/Logistics và quản lý chuỗi cung ứng.md,Logistics và quản lý chuỗi cung ứng,markdown,data/processed/Logistics và quản lý chuỗi cung ứng.md,sentence-transformers,1024
580,Logistics và quản lý chuỗi cung ứng,"Logistics và quản lý chuỗi cung ứng > XI. NỘI DUNG CHƯƠNG TRÌNH ĐÀO TẠO > Kiến thức giáo dục đại cương > Toán kinh tế _(Economics Mathematics)_
- Mã học phần: 001211
- Số tín chỉ: 3
- Số tiết: 45
- Điều kiện: Không
- Học kỳ: 2",XI. NỘI DUNG CHƯƠNG TRÌNH ĐÀO TẠO,Kiến thức giáo dục đại cương,Toán kinh tế _(Economics Mathematics)_,,Logistics và quản lý chuỗi cung ứng > XI. NỘI DUNG CHƯƠNG TRÌNH ĐÀO TẠO > Kiến thức giáo dục đại cương > Toán kinh tế _(Economics Mathematics)_,data/processed/Logistics và quản lý chuỗi cung ứng.md,Logistics và quản lý chuỗi cung ứng,markdown,data/processed/Logistics và quản lý chuỗi cung ứng.md,sentence-transformers,1024
581,Logistics và quản lý chuỗi cung ứng,"Logistics và quản lý chuỗi cung ứng > XI. NỘI DUNG CHƯƠNG TRÌNH ĐÀO TẠO > Kiến thức giáo dục đại cương > Triết học Mác – Lênin _(Philosophy of Marxism and Leninism)_
- Mã học phần: 005105
- Số tín chỉ: 2
- Số tiết: 30
- Điều kiện: Không
- Học kỳ: 3",XI. NỘI DUNG CHƯƠNG TRÌNH ĐÀO TẠO,Kiến thức giáo dục đại cương,Triết học Mác – Lênin _(Philosophy of Marxism and Leninism)_,,Logistics và quản lý chuỗi cung ứng > XI. NỘI DUNG CHƯƠNG TRÌNH ĐÀO TẠO > Kiến thức giáo dục đại cương > Triết học Mác – Lênin _(Philosophy of Marxism and Leninism)_,data/processed/Logistics và quản lý chuỗi cung ứng.md,Logistics và quản lý chuỗi cung ứng,markdown,data/processed/Logistics và quản lý chuỗi cung ứng.md,sentence-transformers,1024
582,Logistics và quản lý chuỗi cung ứng,"Logistics và quản lý chuỗi cung ứng > XI. NỘI DUNG CHƯƠNG TRÌNH ĐÀO TẠO > Kiến thức giáo dục đại cương > Kinh tế chính trị Mác – Lênin _(Political economics of Marxism and Leninism)_
- Mã học phần: 005106
- Số tín chỉ: 2
- Số tiết: 30
- Điều kiện: học phần học trước 005105
- Học kỳ: 4",XI. NỘI DUNG CHƯƠNG TRÌNH ĐÀO TẠO,Kiến thức giáo dục đại cương,Kinh tế chính trị Mác – Lênin _(Political economics of Marxism and Leninism)_,,Logistics và quản lý chuỗi cung ứng > XI. NỘI DUNG CHƯƠNG TRÌNH ĐÀO TẠO > Kiến thức giáo dục đại cương > Kinh tế chính trị Mác – Lênin _(Political economics of Marxism and Leninism)_,data/processed/Logistics và quản lý chuỗi cung ứng.md,Logistics và quản lý chuỗi cung ứng,markdown,data/processed/Logistics và quản lý chuỗi cung ứng.md,sentence-transformers,1024
583,Logistics và quản lý chuỗi cung ứng,"Logistics và quản lý chuỗi cung ứng > XI. NỘI DUNG CHƯƠNG TRÌNH ĐÀO TẠO > Kiến thức giáo dục đại cương > Chủ nghĩa xã hội khoa học _(Scientific socialism)_
- Mã học phần: 005107
- Số tín chỉ: 2
- Số tiết: 30
- Điều kiện: học phần học trước 005106
- Học kỳ: 4",XI. NỘI DUNG CHƯƠNG TRÌNH ĐÀO TẠO,Kiến thức giáo dục đại cương,Chủ nghĩa xã hội khoa học _(Scientific socialism)_,,Logistics và quản lý chuỗi cung ứng > XI. NỘI DUNG CHƯƠNG TRÌNH ĐÀO TẠO > Kiến thức giáo dục đại cương > Chủ nghĩa xã hội khoa học _(Scientific socialism)_,data/processed/Logistics và quản lý chuỗi cung ứng.md,Logistics và quản lý chuỗi cung ứng,markdown,data/processed/Logistics và quản lý chuỗi cung ứng.md,sentence-transformers,1024
584,Logistics và quản lý chuỗi cung ứng,"Logistics và quản lý chuỗi cung ứng > XI. NỘI DUNG CHƯƠNG TRÌNH ĐÀO TẠO > Kiến thức giáo dục đại cương > Lịch sử ĐCS VN _(History of Vietnamese Communist Party)_
- Mã học phần: 005108
- Số tín chỉ: 2
- Số tiết: 30
- Điều kiện: Không
- Học kỳ: 3",XI. NỘI DUNG CHƯƠNG TRÌNH ĐÀO TẠO,Kiến thức giáo dục đại cương,Lịch sử ĐCS VN _(History of Vietnamese Communist Party)_,,Logistics và quản lý chuỗi cung ứng > XI. NỘI DUNG CHƯƠNG TRÌNH ĐÀO TẠO > Kiến thức giáo dục đại cương > Lịch sử ĐCS VN _(History of Vietnamese Communist Party)_,data/processed/Logistics và quản lý chuỗi cung ứng.md,Logistics và quản lý chuỗi cung ứng,markdown,data/processed/Logistics và quản lý chuỗi cung ứng.md,sentence-transformers,1024
585,Logistics và quản lý chuỗi cung ứng,"Logistics và quản lý chuỗi cung ứng > XI. NỘI DUNG CHƯƠNG TRÌNH ĐÀO TẠO > Kiến thức giáo dục đại cương > Tư tưởng Hồ Chí Minh _(Ho Chi Minh’s Ideology)_
- Mã học phần: 005109
- Số tín chỉ: 2
- Số tiết: 30
- Điều kiện: Không
- Học kỳ: 1",XI. NỘI DUNG CHƯƠNG TRÌNH ĐÀO TẠO,Kiến thức giáo dục đại cương,Tư tưởng Hồ Chí Minh _(Ho Chi Minh’s Ideology)_,,Logistics và quản lý chuỗi cung ứng > XI. NỘI DUNG CHƯƠNG TRÌNH ĐÀO TẠO > Kiến thức giáo dục đại cương > Tư tưởng Hồ Chí Minh _(Ho Chi Minh’s Ideology)_,data/processed/Logistics và quản lý chuỗi cung ứng.md,Logistics và quản lý chuỗi cung ứng,markdown,data/processed/Logistics và quản lý chuỗi cung ứng.md,sentence-transformers,1024
586,Logistics và quản lý chuỗi cung ứng,"Logistics và quản lý chuỗi cung ứng > XI. NỘI DUNG CHƯƠNG TRÌNH ĐÀO TẠO > Kiến thức giáo dục đại cương > Pháp luật đại cương _(Introduction to Law)_
- Mã học phần: 006102
- Số tín chỉ: 2
- Số tiết: 30
- Điều kiện: Không
- Học kỳ: 1",XI. NỘI DUNG CHƯƠNG TRÌNH ĐÀO TẠO,Kiến thức giáo dục đại cương,Pháp luật đại cương _(Introduction to Law)_,,Logistics và quản lý chuỗi cung ứng > XI. NỘI DUNG CHƯƠNG TRÌNH ĐÀO TẠO > Kiến thức giáo dục đại cương > Pháp luật đại cương _(Introduction to Law)_,data/processed/Logistics và quản lý chuỗi cung ứng.md,Logistics và quản lý chuỗi cung ứng,markdown,data/processed/Logistics và quản lý chuỗi cung ứng.md,sentence-transformers,1024
587,Logistics và quản lý chuỗi cung ứng,"Logistics và quản lý chuỗi cung ứng > XI. NỘI DUNG CHƯƠNG TRÌNH ĐÀO TẠO > Kiến thức giáo dục đại cương > Ứng dụng công nghệ thông tin cơ bản _(Basic Informatics)_
- Mã học phần: 062109
- Số tín chỉ: 2
- Số tiết: 30
- Điều kiện: Không
- Học kỳ: 1",XI. NỘI DUNG CHƯƠNG TRÌNH ĐÀO TẠO,Kiến thức giáo dục đại cương,Ứng dụng công nghệ thông tin cơ bản _(Basic Informatics)_,,Logistics và quản lý chuỗi cung ứng > XI. NỘI DUNG CHƯƠNG TRÌNH ĐÀO TẠO > Kiến thức giáo dục đại cương > Ứng dụng công nghệ thông tin cơ bản _(Basic Informatics)_,data/processed/Logistics và quản lý chuỗi cung ứng.md,Logistics và quản lý chuỗi cung ứng,markdown,data/processed/Logistics và quản lý chuỗi cung ứng.md,sentence-transformers,1024
588,Logistics và quản lý chuỗi cung ứng,"Logistics và quản lý chuỗi cung ứng > XI. NỘI DUNG CHƯƠNG TRÌNH ĐÀO TẠO > Kiến thức cơ sở ngành
Tổng số tín chỉ: 30 tín chỉ",XI. NỘI DUNG CHƯƠNG TRÌNH ĐÀO TẠO,Kiến thức cơ sở ngành,,,Logistics và quản lý chuỗi cung ứng > XI. NỘI DUNG CHƯƠNG TRÌNH ĐÀO TẠO > Kiến thức cơ sở ngành,data/processed/Logistics và quản lý chuỗi cung ứng.md,Logistics và quản lý chuỗi cung ứng,markdown,data/processed/Logistics và quản lý chuỗi cung ứng.md,sentence-transformers,1024
589,Logistics và quản lý chuỗi cung ứng,"Logistics và quản lý chuỗi cung ứng > XI. NỘI DUNG CHƯƠNG TRÌNH ĐÀO TẠO > Kiến thức cơ sở ngành > Kinh tế vi mô _(Microeconomics)_
- Mã học phần: 414022
- Số tín chỉ: 3
- Số tiết: 45
- Điều kiện: Không
- Học kỳ: 1",XI. NỘI DUNG CHƯƠNG TRÌNH ĐÀO TẠO,Kiến thức cơ sở ngành,Kinh tế vi mô _(Microeconomics)_,,Logistics và quản lý chuỗi cung ứng > XI. NỘI DUNG CHƯƠNG TRÌNH ĐÀO TẠO > Kiến thức cơ sở ngành > Kinh tế vi mô _(Microeconomics)_,data/processed/Logistics và quản lý chuỗi cung ứng.md,Logistics và quản lý chuỗi cung ứng,markdown,data/processed/Logistics và quản lý chuỗi cung ứng.md,sentence-transformers,1024
590,Logistics và quản lý chuỗi cung ứng,"Logistics và quản lý chuỗi cung ứng > XI. NỘI DUNG CHƯƠNG TRÌNH ĐÀO TẠO > Kiến thức cơ sở ngành > Kinh tế vĩ mô _(Macroeconomics)_
- Mã học phần: 414023
- Số tín chỉ: 3
- Số tiết: 45
- Điều kiện: học phần học trước 414022
- Học kỳ: 2",XI. NỘI DUNG CHƯƠNG TRÌNH ĐÀO TẠO,Kiến thức cơ sở ngành,Kinh tế vĩ mô _(Macroeconomics)_,,Logistics và quản lý chuỗi cung ứng > XI. NỘI DUNG CHƯƠNG TRÌNH ĐÀO TẠO > Kiến thức cơ sở ngành > Kinh tế vĩ mô _(Macroeconomics)_,data/processed/Logistics và quản lý chuỗi cung ứng.md,Logistics và quản lý chuỗi cung ứng,markdown,data/processed/Logistics và quản lý chuỗi cung ứng.md,sentence-transformers,1024
591,Logistics và quản lý chuỗi cung ứng,"Logistics và quản lý chuỗi cung ứng > XI. NỘI DUNG CHƯƠNG TRÌNH ĐÀO TẠO > Kiến thức cơ sở ngành > Luật kinh tế _(Economics Law)_
- Mã học phần: 411002
- Số tín chỉ: 2
- Số tiết: 30
- Điều kiện: học phần học trước 005004, 414022
- Học kỳ: 2",XI. NỘI DUNG CHƯƠNG TRÌNH ĐÀO TẠO,Kiến thức cơ sở ngành,Luật kinh tế _(Economics Law)_,,Logistics và quản lý chuỗi cung ứng > XI. NỘI DUNG CHƯƠNG TRÌNH ĐÀO TẠO > Kiến thức cơ sở ngành > Luật kinh tế _(Economics Law)_,data/processed/Logistics và quản lý chuỗi cung ứng.md,Logistics và quản lý chuỗi cung ứng,markdown,data/processed/Logistics và quản lý chuỗi cung ứng.md,sentence-transformers,1024
592,Logistics và quản lý chuỗi cung ứng,"Logistics và quản lý chuỗi cung ứng > XI. NỘI DUNG CHƯƠNG TRÌNH ĐÀO TẠO > Kiến thức cơ sở ngành > Nguyên lý thống kê _(Principles of Statistics)_
- Mã học phần: 414005
- Số tín chỉ: 2
- Số tiết: 30
- Điều kiện: học phần học trước 414022
- Học kỳ: 3",XI. NỘI DUNG CHƯƠNG TRÌNH ĐÀO TẠO,Kiến thức cơ sở ngành,Nguyên lý thống kê _(Principles of Statistics)_,,Logistics và quản lý chuỗi cung ứng > XI. NỘI DUNG CHƯƠNG TRÌNH ĐÀO TẠO > Kiến thức cơ sở ngành > Nguyên lý thống kê _(Principles of Statistics)_,data/processed/Logistics và quản lý chuỗi cung ứng.md,Logistics và quản lý chuỗi cung ứng,markdown,data/processed/Logistics và quản lý chuỗi cung ứng.md,sentence-transformers,1024
593,Logistics và quản lý chuỗi cung ứng,"Logistics và quản lý chuỗi cung ứng > XI. NỘI DUNG CHƯƠNG TRÌNH ĐÀO TẠO > Kiến thức cơ sở ngành > Nguyên lý kế toán _(Principles of Accounting)_
- Mã học phần: 413005
- Số tín chỉ: 2
- Số tiết: 30
- Điều kiện: học phần học trước 414022
- Học kỳ: 3",XI. NỘI DUNG CHƯƠNG TRÌNH ĐÀO TẠO,Kiến thức cơ sở ngành,Nguyên lý kế toán _(Principles of Accounting)_,,Logistics và quản lý chuỗi cung ứng > XI. NỘI DUNG CHƯƠNG TRÌNH ĐÀO TẠO > Kiến thức cơ sở ngành > Nguyên lý kế toán _(Principles of Accounting)_,data/processed/Logistics và quản lý chuỗi cung ứng.md,Logistics và quản lý chuỗi cung ứng,markdown,data/processed/Logistics và quản lý chuỗi cung ứng.md,sentence-transformers,1024
594,Logistics và quản lý chuỗi cung ứng,"Logistics và quản lý chuỗi cung ứng > XI. NỘI DUNG CHƯƠNG TRÌNH ĐÀO TẠO > Kiến thức chuyên ngành
Tổng số tín chỉ: 51 tín chỉ",XI. NỘI DUNG CHƯƠNG TRÌNH ĐÀO TẠO,Kiến thức chuyên ngành,,,Logistics và quản lý chuỗi cung ứng > XI. NỘI DUNG CHƯƠNG TRÌNH ĐÀO TẠO > Kiến thức chuyên ngành,data/processed/Logistics và quản lý chuỗi cung ứng.md,Logistics và quản lý chuỗi cung ứng,markdown,data/processed/Logistics và quản lý chuỗi cung ứng.md,sentence-transformers,1024
595,Logistics và quản lý chuỗi cung ứng,"Logistics và quản lý chuỗi cung ứng > XI. NỘI DUNG CHƯƠNG TRÌNH ĐÀO TẠO > Kiến thức chuyên ngành > Phân tích hoạt động kinh doanh _(Business Operation Analysis)_
- Mã học phần: 414040
- Số tín chỉ: 3
- Số tiết: 45
- Điều kiện: học phần học trước 413005, 414005, 414021
- Học kỳ: 7",XI. NỘI DUNG CHƯƠNG TRÌNH ĐÀO TẠO,Kiến thức chuyên ngành,Phân tích hoạt động kinh doanh _(Business Operation Analysis)_,,Logistics và quản lý chuỗi cung ứng > XI. NỘI DUNG CHƯƠNG TRÌNH ĐÀO TẠO > Kiến thức chuyên ngành > Phân tích hoạt động kinh doanh _(Business Operation Analysis)_,data/processed/Logistics và quản lý chuỗi cung ứng.md,Logistics và quản lý chuỗi cung ứng,markdown,data/processed/Logistics và quản lý chuỗi cung ứng.md,sentence-transformers,1024
596,Logistics và quản lý chuỗi cung ứng,"Logistics và quản lý chuỗi cung ứng > XI. NỘI DUNG CHƯƠNG TRÌNH ĐÀO TẠO > Kiến thức chuyên ngành > Kinh tế vận tải và Logistics _(Transport Economics and Logistics)_
- Mã học phần: 414021
- Số tín chỉ: 3
- Số tiết: 45
- Điều kiện: học phần học trước 413005
- Học kỳ: 3",XI. NỘI DUNG CHƯƠNG TRÌNH ĐÀO TẠO,Kiến thức chuyên ngành,Kinh tế vận tải và Logistics _(Transport Economics and Logistics)_,,Logistics và quản lý chuỗi cung ứng > XI. NỘI DUNG CHƯƠNG TRÌNH ĐÀO TẠO > Kiến thức chuyên ngành > Kinh tế vận tải và Logistics _(Transport Economics and Logistics)_,data/processed/Logistics và quản lý chuỗi cung ứng.md,Logistics và quản lý chuỗi cung ứng,markdown,data/processed/Logistics và quản lý chuỗi cung ứng.md,sentence-transformers,1024
597,Logistics và quản lý chuỗi cung ứng,"Logistics và quản lý chuỗi cung ứng > XI. NỘI DUNG CHƯƠNG TRÌNH ĐÀO TẠO > Kiến thức chuyên ngành > Hệ thống thông tin logistics _(Logistics Information System)_
- Mã học phần: 416013
- Số tín chỉ: 2
- Số tiết: 30
- Điều kiện: học phần học trước 416003, 416005
- Học kỳ: 7",XI. NỘI DUNG CHƯƠNG TRÌNH ĐÀO TẠO,Kiến thức chuyên ngành,Hệ thống thông tin logistics _(Logistics Information System)_,,Logistics và quản lý chuỗi cung ứng > XI. NỘI DUNG CHƯƠNG TRÌNH ĐÀO TẠO > Kiến thức chuyên ngành > Hệ thống thông tin logistics _(Logistics Information System)_,data/processed/Logistics và quản lý chuỗi cung ứng.md,Logistics và quản lý chuỗi cung ứng,markdown,data/processed/Logistics và quản lý chuỗi cung ứng.md,sentence-transformers,1024
598,Logistics và quản lý chuỗi cung ứng,"Logistics và quản lý chuỗi cung ứng > XI. NỘI DUNG CHƯƠNG TRÌNH ĐÀO TẠO > Kiến thức chuyên ngành > Quản trị logistics _(Logistics Management)_
- Mã học phần: 416033
- Số tín chỉ: 3
- Số tiết: 45
- Điều kiện: học phần học trước 414019
- Học kỳ: 7",XI. NỘI DUNG CHƯƠNG TRÌNH ĐÀO TẠO,Kiến thức chuyên ngành,Quản trị logistics _(Logistics Management)_,,Logistics và quản lý chuỗi cung ứng > XI. NỘI DUNG CHƯƠNG TRÌNH ĐÀO TẠO > Kiến thức chuyên ngành > Quản trị logistics _(Logistics Management)_,data/processed/Logistics và quản lý chuỗi cung ứng.md,Logistics và quản lý chuỗi cung ứng,markdown,data/processed/Logistics và quản lý chuỗi cung ứng.md,sentence-transformers,1024
599,Logistics và quản lý chuỗi cung ứng,"Logistics và quản lý chuỗi cung ứng > XI. NỘI DUNG CHƯƠNG TRÌNH ĐÀO TẠO > Kiến thức chuyên ngành > Quản trị hợp đồng _(Contract Management)_
- Mã học phần: 419003
- Số tín chỉ: 2
- Số tiết: 30
- Điều kiện: học phần học trước 416030
- Học kỳ: 7",XI. NỘI DUNG CHƯƠNG TRÌNH ĐÀO TẠO,Kiến thức chuyên ngành,Quản trị hợp đồng _(Contract Management)_,,Logistics và quản lý chuỗi cung ứng > XI. NỘI DUNG CHƯƠNG TRÌNH ĐÀO TẠO > Kiến thức chuyên ngành > Quản trị hợp đồng _(Contract Management)_,data/processed/Logistics và quản lý chuỗi cung ứng.md,Logistics và quản lý chuỗi cung ứng,markdown,data/processed/Logistics và quản lý chuỗi cung ứng.md,sentence-transformers,1024
600,Logistics và quản lý chuỗi cung ứng,"Logistics và quản lý chuỗi cung ứng > XI. NỘI DUNG CHƯƠNG TRÌNH ĐÀO TẠO > Kiến thức chuyên ngành > Quản trị Chuỗi cung ứng _(Supply Chain Management)_
- Mã học phần: 419004
- Số tín chỉ: 3
- Số tiết: 45
- Điều kiện: học phần học trước 416005
- Học kỳ: 6",XI. NỘI DUNG CHƯƠNG TRÌNH ĐÀO TẠO,Kiến thức chuyên ngành,Quản trị Chuỗi cung ứng _(Supply Chain Management)_,,Logistics và quản lý chuỗi cung ứng > XI. NỘI DUNG CHƯƠNG TRÌNH ĐÀO TẠO > Kiến thức chuyên ngành > Quản trị Chuỗi cung ứng _(Supply Chain Management)_,data/processed/Logistics và quản lý chuỗi cung ứng.md,Logistics và quản lý chuỗi cung ứng,markdown,data/processed/Logistics và quản lý chuỗi cung ứng.md,sentence-transformers,1024
601,Logistics và quản lý chuỗi cung ứng,"Logistics và quản lý chuỗi cung ứng > XI. NỘI DUNG CHƯƠNG TRÌNH ĐÀO TẠO > Kiến thức chuyên ngành > TKMH Quản trị Chuỗi cung ứng _(Supply Chain Management Assignment)_
- Mã học phần: 416006
- Số tín chỉ: 1
- Số tiết: 15
- Điều kiện: học phần song hành 416005
- Học kỳ: 6",XI. NỘI DUNG CHƯƠNG TRÌNH ĐÀO TẠO,Kiến thức chuyên ngành,TKMH Quản trị Chuỗi cung ứng _(Supply Chain Management Assignment)_,,Logistics và quản lý chuỗi cung ứng > XI. NỘI DUNG CHƯƠNG TRÌNH ĐÀO TẠO > Kiến thức chuyên ngành > TKMH Quản trị Chuỗi cung ứng _(Supply Chain Management Assignment)_,data/processed/Logistics và quản lý chuỗi cung ứng.md,Logistics và quản lý chuỗi cung ứng,markdown,data/processed/Logistics và quản lý chuỗi cung ứng.md,sentence-transformers,1024
602,Logistics và quản lý chuỗi cung ứng,"Logistics và quản lý chuỗi cung ứng > XI. NỘI DUNG CHƯƠNG TRÌNH ĐÀO TẠO > Kiến thức chuyên ngành > Quản trị phân phối _(Distribution Management)_
- Mã học phần: 419004
- Số tín chỉ: 3
- Số tiết: 45
- Điều kiện: Không
- Học kỳ: 4",XI. NỘI DUNG CHƯƠNG TRÌNH ĐÀO TẠO,Kiến thức chuyên ngành,Quản trị phân phối _(Distribution Management)_,,Logistics và quản lý chuỗi cung ứng > XI. NỘI DUNG CHƯƠNG TRÌNH ĐÀO TẠO > Kiến thức chuyên ngành > Quản trị phân phối _(Distribution Management)_,data/processed/Logistics và quản lý chuỗi cung ứng.md,Logistics và quản lý chuỗi cung ứng,markdown,data/processed/Logistics và quản lý chuỗi cung ứng.md,sentence-transformers,1024
603,Logistics và quản lý chuỗi cung ứng,"Logistics và quản lý chuỗi cung ứng > XI. NỘI DUNG CHƯƠNG TRÌNH ĐÀO TẠO > Kiến thức chuyên ngành > Khai thác vận tải _(Transport Operation)_
- Mã học phần: 416004
- Số tín chỉ: 3
- Số tiết: 45
- Điều kiện: Không
- Học kỳ: 4",XI. NỘI DUNG CHƯƠNG TRÌNH ĐÀO TẠO,Kiến thức chuyên ngành,Khai thác vận tải _(Transport Operation)_,,Logistics và quản lý chuỗi cung ứng > XI. NỘI DUNG CHƯƠNG TRÌNH ĐÀO TẠO > Kiến thức chuyên ngành > Khai thác vận tải _(Transport Operation)_,data/processed/Logistics và quản lý chuỗi cung ứng.md,Logistics và quản lý chuỗi cung ứng,markdown,data/processed/Logistics và quản lý chuỗi cung ứng.md,sentence-transformers,1024
604,Logistics và quản lý chuỗi cung ứng,"Logistics và quản lý chuỗi cung ứng > XI. NỘI DUNG CHƯƠNG TRÌNH ĐÀO TẠO > Kiến thức chuyên ngành > TKMH Quản trị vận tải _(Transport Management Assignment)_
- Mã học phần: 418026
- Số tín chỉ: 1
- Số tiết: 15
- Điều kiện: học phần song hành 418034
- Học kỳ: 4",XI. NỘI DUNG CHƯƠNG TRÌNH ĐÀO TẠO,Kiến thức chuyên ngành,TKMH Quản trị vận tải _(Transport Management Assignment)_,,Logistics và quản lý chuỗi cung ứng > XI. NỘI DUNG CHƯƠNG TRÌNH ĐÀO TẠO > Kiến thức chuyên ngành > TKMH Quản trị vận tải _(Transport Management Assignment)_,data/processed/Logistics và quản lý chuỗi cung ứng.md,Logistics và quản lý chuỗi cung ứng,markdown,data/processed/Logistics và quản lý chuỗi cung ứng.md,sentence-transformers,1024
605,Logistics và quản lý chuỗi cung ứng,"Logistics và quản lý chuỗi cung ứng > XI. NỘI DUNG CHƯƠNG TRÌNH ĐÀO TẠO > Kiến thức chuyên ngành > Quản trị kho hàng và tồn kho _(Inventory & Warehousing Management)_
- Mã học phần: 416038
- Số tín chỉ: 3
- Số tiết: 45
- Điều kiện: học phần học trước 001212, 416003, 416037
- Học kỳ: 6",XI. NỘI DUNG CHƯƠNG TRÌNH ĐÀO TẠO,Kiến thức chuyên ngành,Quản trị kho hàng và tồn kho _(Inventory & Warehousing Management)_,,Logistics và quản lý chuỗi cung ứng > XI. NỘI DUNG CHƯƠNG TRÌNH ĐÀO TẠO > Kiến thức chuyên ngành > Quản trị kho hàng và tồn kho _(Inventory & Warehousing Management)_,data/processed/Logistics và quản lý chuỗi cung ứng.md,Logistics và quản lý chuỗi cung ứng,markdown,data/processed/Logistics và quản lý chuỗi cung ứng.md,sentence-transformers,1024
606,Logistics và quản lý chuỗi cung ứng,"Logistics và quản lý chuỗi cung ứng > XI. NỘI DUNG CHƯƠNG TRÌNH ĐÀO TẠO > Kiến thức chuyên ngành > Quản trị dự án logistics và chuỗi cung ứng _(Managing Logistics & SCM Projects)_
- Mã học phần: 419007
- Số tín chỉ: 2
- Số tiết: 30
- Điều kiện: học phần học trước 416003, 416005
- Học kỳ: 7",XI. NỘI DUNG CHƯƠNG TRÌNH ĐÀO TẠO,Kiến thức chuyên ngành,Quản trị dự án logistics và chuỗi cung ứng _(Managing Logistics & SCM Projects)_,,Logistics và quản lý chuỗi cung ứng > XI. NỘI DUNG CHƯƠNG TRÌNH ĐÀO TẠO > Kiến thức chuyên ngành > Quản trị dự án logistics và chuỗi cung ứng _(Managing Logistics & SCM Projects)_,data/processed/Logistics và quản lý chuỗi cung ứng.md,Logistics và quản lý chuỗi cung ứng,markdown,data/processed/Logistics và quản lý chuỗi cung ứng.md,sentence-transformers,1024
607,Logistics và quản lý chuỗi cung ứng,"Logistics và quản lý chuỗi cung ứng > XI. NỘI DUNG CHƯƠNG TRÌNH ĐÀO TẠO > Kiến thức chuyên ngành > Quản trị tài chính doanh nghiệp _(Financial Management)_
- Mã học phần: 413015
- Số tín chỉ: 3
- Số tiết: 45
- Điều kiện: học phần học trước 414021
- Học kỳ: 5",XI. NỘI DUNG CHƯƠNG TRÌNH ĐÀO TẠO,Kiến thức chuyên ngành,Quản trị tài chính doanh nghiệp _(Financial Management)_,,Logistics và quản lý chuỗi cung ứng > XI. NỘI DUNG CHƯƠNG TRÌNH ĐÀO TẠO > Kiến thức chuyên ngành > Quản trị tài chính doanh nghiệp _(Financial Management)_,data/processed/Logistics và quản lý chuỗi cung ứng.md,Logistics và quản lý chuỗi cung ứng,markdown,data/processed/Logistics và quản lý chuỗi cung ứng.md,sentence-transformers,1024
608,Logistics và quản lý chuỗi cung ứng,"Logistics và quản lý chuỗi cung ứng > XI. NỘI DUNG CHƯƠNG TRÌNH ĐÀO TẠO > Kiến thức chuyên ngành > Quản trị nhân sự _(Human Resources Management)_
- Mã học phần: 414024
- Số tín chỉ: 3
- Số tiết: 45
- Điều kiện: học phần học trước 414021, 416003
- Học kỳ: 7",XI. NỘI DUNG CHƯƠNG TRÌNH ĐÀO TẠO,Kiến thức chuyên ngành,Quản trị nhân sự _(Human Resources Management)_,,Logistics và quản lý chuỗi cung ứng > XI. NỘI DUNG CHƯƠNG TRÌNH ĐÀO TẠO > Kiến thức chuyên ngành > Quản trị nhân sự _(Human Resources Management)_,data/processed/Logistics và quản lý chuỗi cung ứng.md,Logistics và quản lý chuỗi cung ứng,markdown,data/processed/Logistics và quản lý chuỗi cung ứng.md,sentence-transformers,1024
609,Logistics và quản lý chuỗi cung ứng,"Logistics và quản lý chuỗi cung ứng > XI. NỘI DUNG CHƯƠNG TRÌNH ĐÀO TẠO > Kiến thức chuyên ngành > Quản lý chi phí chuỗi cung ứng _(Supply Chain Cost Management)_
- Mã học phần: 419008
- Số tín chỉ: 2
- Số tiết: 30
- Điều kiện: học phần học trước 416005
- Học kỳ: 7",XI. NỘI DUNG CHƯƠNG TRÌNH ĐÀO TẠO,Kiến thức chuyên ngành,Quản lý chi phí chuỗi cung ứng _(Supply Chain Cost Management)_,,Logistics và quản lý chuỗi cung ứng > XI. NỘI DUNG CHƯƠNG TRÌNH ĐÀO TẠO > Kiến thức chuyên ngành > Quản lý chi phí chuỗi cung ứng _(Supply Chain Cost Management)_,data/processed/Logistics và quản lý chuỗi cung ứng.md,Logistics và quản lý chuỗi cung ứng,markdown,data/processed/Logistics và quản lý chuỗi cung ứng.md,sentence-transformers,1024
610,Logistics và quản lý chuỗi cung ứng,"Logistics và quản lý chuỗi cung ứng > XI. NỘI DUNG CHƯƠNG TRÌNH ĐÀO TẠO > Kiến thức chuyên ngành > Quản trị rủi ro _(Risk Management)_
- Mã học phần: 414014
- Số tín chỉ: 3
- Số tiết: 45
- Điều kiện: học phần học trước 416003, 416005
- Học kỳ: 7",XI. NỘI DUNG CHƯƠNG TRÌNH ĐÀO TẠO,Kiến thức chuyên ngành,Quản trị rủi ro _(Risk Management)_,,Logistics và quản lý chuỗi cung ứng > XI. NỘI DUNG CHƯƠNG TRÌNH ĐÀO TẠO > Kiến thức chuyên ngành > Quản trị rủi ro _(Risk Management)_,data/processed/Logistics và quản lý chuỗi cung ứng.md,Logistics và quản lý chuỗi cung ứng,markdown,data/processed/Logistics và quản lý chuỗi cung ứng.md,sentence-transformers,1024
611,Logistics và quản lý chuỗi cung ứng,"Logistics và quản lý chuỗi cung ứng > XI. NỘI DUNG CHƯƠNG TRÌNH ĐÀO TẠO > Kiến thức chuyên ngành > Quản trị vận hành và sản xuất _(Production & Operations Management)_
- Mã học phần: 416037
- Số tín chỉ: 3
- Số tiết: 45
- Điều kiện: Không
- Học kỳ: 4",XI. NỘI DUNG CHƯƠNG TRÌNH ĐÀO TẠO,Kiến thức chuyên ngành,Quản trị vận hành và sản xuất _(Production & Operations Management)_,,Logistics và quản lý chuỗi cung ứng > XI. NỘI DUNG CHƯƠNG TRÌNH ĐÀO TẠO > Kiến thức chuyên ngành > Quản trị vận hành và sản xuất _(Production & Operations Management)_,data/processed/Logistics và quản lý chuỗi cung ứng.md,Logistics và quản lý chuỗi cung ứng,markdown,data/processed/Logistics và quản lý chuỗi cung ứng.md,sentence-transformers,1024
612,Logistics và quản lý chuỗi cung ứng,"Logistics và quản lý chuỗi cung ứng > XI. NỘI DUNG CHƯƠNG TRÌNH ĐÀO TẠO > Kiến thức chuyên ngành > Quản trị mua hàng _(Procurement Management)_
- Mã học phần: 416030
- Số tín chỉ: 2
- Số tiết: 30
- Điều kiện: Không
- Học kỳ: 5",XI. NỘI DUNG CHƯƠNG TRÌNH ĐÀO TẠO,Kiến thức chuyên ngành,Quản trị mua hàng _(Procurement Management)_,,Logistics và quản lý chuỗi cung ứng > XI. NỘI DUNG CHƯƠNG TRÌNH ĐÀO TẠO > Kiến thức chuyên ngành > Quản trị mua hàng _(Procurement Management)_,data/processed/Logistics và quản lý chuỗi cung ứng.md,Logistics và quản lý chuỗi cung ứng,markdown,data/processed/Logistics và quản lý chuỗi cung ứng.md,sentence-transformers,1024
613,Logistics và quản lý chuỗi cung ứng,"Logistics và quản lý chuỗi cung ứng > XI. NỘI DUNG CHƯƠNG TRÌNH ĐÀO TẠO > Kiến thức chuyên ngành > Giao nhận và vận chuyển hàng nguy hiểm _(Delivery of Dangerous Goods)_
- Mã học phần: 416025
- Số tín chỉ: 2
- Số tiết: 30
- Điều kiện: Không
- Học kỳ: 6",XI. NỘI DUNG CHƯƠNG TRÌNH ĐÀO TẠO,Kiến thức chuyên ngành,Giao nhận và vận chuyển hàng nguy hiểm _(Delivery of Dangerous Goods)_,,Logistics và quản lý chuỗi cung ứng > XI. NỘI DUNG CHƯƠNG TRÌNH ĐÀO TẠO > Kiến thức chuyên ngành > Giao nhận và vận chuyển hàng nguy hiểm _(Delivery of Dangerous Goods)_,data/processed/Logistics và quản lý chuỗi cung ứng.md,Logistics và quản lý chuỗi cung ứng,markdown,data/processed/Logistics và quản lý chuỗi cung ứng.md,sentence-transformers,1024
614,Logistics và quản lý chuỗi cung ứng,"Logistics và quản lý chuỗi cung ứng > XI. NỘI DUNG CHƯƠNG TRÌNH ĐÀO TẠO > Kiến thức chuyên ngành > Thực tập chuyên môn _(Internship)_
- Mã học phần: 419009
- Số tín chỉ: 2
- Số tiết: 45
- Điều kiện: Không
- Học kỳ: 7",XI. NỘI DUNG CHƯƠNG TRÌNH ĐÀO TẠO,Kiến thức chuyên ngành,Thực tập chuyên môn _(Internship)_,,Logistics và quản lý chuỗi cung ứng > XI. NỘI DUNG CHƯƠNG TRÌNH ĐÀO TẠO > Kiến thức chuyên ngành > Thực tập chuyên môn _(Internship)_,data/processed/Logistics và quản lý chuỗi cung ứng.md,Logistics và quản lý chuỗi cung ứng,markdown,data/processed/Logistics và quản lý chuỗi cung ứng.md,sentence-transformers,1024
615,Logistics và quản lý chuỗi cung ứng,"Logistics và quản lý chuỗi cung ứng > XI. NỘI DUNG CHƯƠNG TRÌNH ĐÀO TẠO > Kiến thức chuyên ngành > Thực tập tốt nghiệp _(Final Internship)_
- Mã học phần: 419011
- Số tín chỉ: 3
- Số tiết: 45
- Điều kiện: Tất cả
- Học kỳ: 8",XI. NỘI DUNG CHƯƠNG TRÌNH ĐÀO TẠO,Kiến thức chuyên ngành,Thực tập tốt nghiệp _(Final Internship)_,,Logistics và quản lý chuỗi cung ứng > XI. NỘI DUNG CHƯƠNG TRÌNH ĐÀO TẠO > Kiến thức chuyên ngành > Thực tập tốt nghiệp _(Final Internship)_,data/processed/Logistics và quản lý chuỗi cung ứng.md,Logistics và quản lý chuỗi cung ứng,markdown,data/processed/Logistics và quản lý chuỗi cung ứng.md,sentence-transformers,1024
616,Logistics và quản lý chuỗi cung ứng,"Logistics và quản lý chuỗi cung ứng > XI. NỘI DUNG CHƯƠNG TRÌNH ĐÀO TẠO > Kiến thức chuyên ngành tự chọn
Tổng số tín chỉ: 14 tín chỉ",XI. NỘI DUNG CHƯƠNG TRÌNH ĐÀO TẠO,Kiến thức chuyên ngành tự chọn,,,Logistics và quản lý chuỗi cung ứng > XI. NỘI DUNG CHƯƠNG TRÌNH ĐÀO TẠO > Kiến thức chuyên ngành tự chọn,data/processed/Logistics và quản lý chuỗi cung ứng.md,Logistics và quản lý chuỗi cung ứng,markdown,data/processed/Logistics và quản lý chuỗi cung ứng.md,sentence-transformers,1024
617,Logistics và quản lý chuỗi cung ứng,"Logistics và quản lý chuỗi cung ứng > XI. NỘI DUNG CHƯƠNG TRÌNH ĐÀO TẠO > Nhóm chuyên ngành tự chọn chính > Bảo hiểm vận tải _(Transportation Insurance)_
- Mã học phần: 412015
- Số tín chỉ: 2
- Số tiết: 30
- Học kỳ: 6",XI. NỘI DUNG CHƯƠNG TRÌNH ĐÀO TẠO,Nhóm chuyên ngành tự chọn chính,Bảo hiểm vận tải _(Transportation Insurance)_,,Logistics và quản lý chuỗi cung ứng > XI. NỘI DUNG CHƯƠNG TRÌNH ĐÀO TẠO > Nhóm chuyên ngành tự chọn chính > Bảo hiểm vận tải _(Transportation Insurance)_,data/processed/Logistics và quản lý chuỗi cung ứng.md,Logistics và quản lý chuỗi cung ứng,markdown,data/processed/Logistics và quản lý chuỗi cung ứng.md,sentence-transformers,1024
618,Logistics và quản lý chuỗi cung ứng,"Logistics và quản lý chuỗi cung ứng > XI. NỘI DUNG CHƯƠNG TRÌNH ĐÀO TẠO > Nhóm chuyên ngành tự chọn chính > Giao nhận hàng hoá và khai báo hải quan _(Delivery of Goods and Customs Clearance)_
- Mã học phần: 416035
- Số tín chỉ: 2
- Số tiết: 30
- Học kỳ: 6",XI. NỘI DUNG CHƯƠNG TRÌNH ĐÀO TẠO,Nhóm chuyên ngành tự chọn chính,Giao nhận hàng hoá và khai báo hải quan _(Delivery of Goods and Customs Clearance)_,,Logistics và quản lý chuỗi cung ứng > XI. NỘI DUNG CHƯƠNG TRÌNH ĐÀO TẠO > Nhóm chuyên ngành tự chọn chính > Giao nhận hàng hoá và khai báo hải quan _(Delivery of Goods and Customs Clearance)_,data/processed/Logistics và quản lý chuỗi cung ứng.md,Logistics và quản lý chuỗi cung ứng,markdown,data/processed/Logistics và quản lý chuỗi cung ứng.md,sentence-transformers,1024
619,Logistics và quản lý chuỗi cung ứng,"Logistics và quản lý chuỗi cung ứng > XI. NỘI DUNG CHƯƠNG TRÌNH ĐÀO TẠO > Nhóm chuyên ngành tự chọn chính > Dịch vụ khách hàng _(Customer Services)_
- Mã học phần: 416031
- Số tín chỉ: 2
- Số tiết: 30
- Học kỳ: 6",XI. NỘI DUNG CHƯƠNG TRÌNH ĐÀO TẠO,Nhóm chuyên ngành tự chọn chính,Dịch vụ khách hàng _(Customer Services)_,,Logistics và quản lý chuỗi cung ứng > XI. NỘI DUNG CHƯƠNG TRÌNH ĐÀO TẠO > Nhóm chuyên ngành tự chọn chính > Dịch vụ khách hàng _(Customer Services)_,data/processed/Logistics và quản lý chuỗi cung ứng.md,Logistics và quản lý chuỗi cung ứng,markdown,data/processed/Logistics và quản lý chuỗi cung ứng.md,sentence-transformers,1024
620,Logistics và quản lý chuỗi cung ứng,"Logistics và quản lý chuỗi cung ứng > XI. NỘI DUNG CHƯƠNG TRÌNH ĐÀO TẠO > Nhóm chuyên ngành tự chọn chính > Nghiệp vụ Ngoại thương _(Foreign Trade Technique)_
- Mã học phần: 413030
- Số tín chỉ: 2
- Số tiết: 30
- Học kỳ: 5",XI. NỘI DUNG CHƯƠNG TRÌNH ĐÀO TẠO,Nhóm chuyên ngành tự chọn chính,Nghiệp vụ Ngoại thương _(Foreign Trade Technique)_,,Logistics và quản lý chuỗi cung ứng > XI. NỘI DUNG CHƯƠNG TRÌNH ĐÀO TẠO > Nhóm chuyên ngành tự chọn chính > Nghiệp vụ Ngoại thương _(Foreign Trade Technique)_,data/processed/Logistics và quản lý chuỗi cung ứng.md,Logistics và quản lý chuỗi cung ứng,markdown,data/processed/Logistics và quản lý chuỗi cung ứng.md,sentence-transformers,1024
621,Logistics và quản lý chuỗi cung ứng,"Logistics và quản lý chuỗi cung ứng > XI. NỘI DUNG CHƯƠNG TRÌNH ĐÀO TẠO > Nhóm chuyên ngành tự chọn chính > Quản trị chiến lược _(Strategic Management)_
- Mã học phần: 416020
- Số tín chỉ: 2
- Số tiết: 30
- Học kỳ: 6",XI. NỘI DUNG CHƯƠNG TRÌNH ĐÀO TẠO,Nhóm chuyên ngành tự chọn chính,Quản trị chiến lược _(Strategic Management)_,,Logistics và quản lý chuỗi cung ứng > XI. NỘI DUNG CHƯƠNG TRÌNH ĐÀO TẠO > Nhóm chuyên ngành tự chọn chính > Quản trị chiến lược _(Strategic Management)_,data/processed/Logistics và quản lý chuỗi cung ứng.md,Logistics và quản lý chuỗi cung ứng,markdown,data/processed/Logistics và quản lý chuỗi cung ứng.md,sentence-transformers,1024
622,Logistics và quản lý chuỗi cung ứng,"Logistics và quản lý chuỗi cung ứng > XI. NỘI DUNG CHƯƠNG TRÌNH ĐÀO TẠO > Nhóm chuyên ngành tự chọn chính > Kinh doanh quốc tế _(International Business)_
- Mã học phần: 416001
- Số tín chỉ: 2
- Số tiết: 30
- Học kỳ: 5",XI. NỘI DUNG CHƯƠNG TRÌNH ĐÀO TẠO,Nhóm chuyên ngành tự chọn chính,Kinh doanh quốc tế _(International Business)_,,Logistics và quản lý chuỗi cung ứng > XI. NỘI DUNG CHƯƠNG TRÌNH ĐÀO TẠO > Nhóm chuyên ngành tự chọn chính > Kinh doanh quốc tế _(International Business)_,data/processed/Logistics và quản lý chuỗi cung ứng.md,Logistics và quản lý chuỗi cung ứng,markdown,data/processed/Logistics và quản lý chuỗi cung ứng.md,sentence-transformers,1024
623,Logistics và quản lý chuỗi cung ứng,"Logistics và quản lý chuỗi cung ứng > XI. NỘI DUNG CHƯƠNG TRÌNH ĐÀO TẠO > Nhóm chuyên ngành tự chọn chính > Nghiệp vụ thuế _(Taxation Technique)_
- Mã học phần: 413017
- Số tín chỉ: 2
- Số tiết: 30
- Học kỳ: 5",XI. NỘI DUNG CHƯƠNG TRÌNH ĐÀO TẠO,Nhóm chuyên ngành tự chọn chính,Nghiệp vụ thuế _(Taxation Technique)_,,Logistics và quản lý chuỗi cung ứng > XI. NỘI DUNG CHƯƠNG TRÌNH ĐÀO TẠO > Nhóm chuyên ngành tự chọn chính > Nghiệp vụ thuế _(Taxation Technique)_,data/processed/Logistics và quản lý chuỗi cung ứng.md,Logistics và quản lý chuỗi cung ứng,markdown,data/processed/Logistics và quản lý chuỗi cung ứng.md,sentence-transformers,1024
624,Logistics và quản lý chuỗi cung ứng,"Logistics và quản lý chuỗi cung ứng > XI. NỘI DUNG CHƯƠNG TRÌNH ĐÀO TẠO > Nhóm chuyên ngành tự chọn chính > Thị trường chứng khoán _(Stocks Market)_
- Mã học phần: 413009
- Số tín chỉ: 2
- Số tiết: 30
- Học kỳ: 5",XI. NỘI DUNG CHƯƠNG TRÌNH ĐÀO TẠO,Nhóm chuyên ngành tự chọn chính,Thị trường chứng khoán _(Stocks Market)_,,Logistics và quản lý chuỗi cung ứng > XI. NỘI DUNG CHƯƠNG TRÌNH ĐÀO TẠO > Nhóm chuyên ngành tự chọn chính > Thị trường chứng khoán _(Stocks Market)_,data/processed/Logistics và quản lý chuỗi cung ứng.md,Logistics và quản lý chuỗi cung ứng,markdown,data/processed/Logistics và quản lý chuỗi cung ứng.md,sentence-transformers,1024
625,Logistics và quản lý chuỗi cung ứng,"Logistics và quản lý chuỗi cung ứng > XI. NỘI DUNG CHƯƠNG TRÌNH ĐÀO TẠO > Nhóm chuyên ngành tự chọn chuyên sâu > Chuỗi cung ứng lạnh _(Cold Supply Chain)_
- Mã học phần: 419014
- Số tín chỉ: 2
- Số tiết: 30
- Học kỳ: 8",XI. NỘI DUNG CHƯƠNG TRÌNH ĐÀO TẠO,Nhóm chuyên ngành tự chọn chuyên sâu,Chuỗi cung ứng lạnh _(Cold Supply Chain)_,,Logistics và quản lý chuỗi cung ứng > XI. NỘI DUNG CHƯƠNG TRÌNH ĐÀO TẠO > Nhóm chuyên ngành tự chọn chuyên sâu > Chuỗi cung ứng lạnh _(Cold Supply Chain)_,data/processed/Logistics và quản lý chuỗi cung ứng.md,Logistics và quản lý chuỗi cung ứng,markdown,data/processed/Logistics và quản lý chuỗi cung ứng.md,sentence-transformers,1024
626,Logistics và quản lý chuỗi cung ứng,"Logistics và quản lý chuỗi cung ứng > XI. NỘI DUNG CHƯƠNG TRÌNH ĐÀO TẠO > Nhóm chuyên ngành tự chọn chuyên sâu > Dịch vụ giá trị gia tăng trong logistics _(Value Added Service in Logistics)_
- Mã học phần: 416029
- Số tín chỉ: 2
- Số tiết: 30
- Học kỳ: 8",XI. NỘI DUNG CHƯƠNG TRÌNH ĐÀO TẠO,Nhóm chuyên ngành tự chọn chuyên sâu,Dịch vụ giá trị gia tăng trong logistics _(Value Added Service in Logistics)_,,Logistics và quản lý chuỗi cung ứng > XI. NỘI DUNG CHƯƠNG TRÌNH ĐÀO TẠO > Nhóm chuyên ngành tự chọn chuyên sâu > Dịch vụ giá trị gia tăng trong logistics _(Value Added Service in Logistics)_,data/processed/Logistics và quản lý chuỗi cung ứng.md,Logistics và quản lý chuỗi cung ứng,markdown,data/processed/Logistics và quản lý chuỗi cung ứng.md,sentence-transformers,1024
627,Logistics và quản lý chuỗi cung ứng,"Logistics và quản lý chuỗi cung ứng > XI. NỘI DUNG CHƯƠNG TRÌNH ĐÀO TẠO > Nhóm chuyên ngành tự chọn chuyên sâu > Quản trị chuỗi cung ứng trong ngành bán lẻ _(Supply Chain Management for Retail)_
- Mã học phần: 419015
- Số tín chỉ: 2
- Số tiết: 30
- Học kỳ: 8",XI. NỘI DUNG CHƯƠNG TRÌNH ĐÀO TẠO,Nhóm chuyên ngành tự chọn chuyên sâu,Quản trị chuỗi cung ứng trong ngành bán lẻ _(Supply Chain Management for Retail)_,,Logistics và quản lý chuỗi cung ứng > XI. NỘI DUNG CHƯƠNG TRÌNH ĐÀO TẠO > Nhóm chuyên ngành tự chọn chuyên sâu > Quản trị chuỗi cung ứng trong ngành bán lẻ _(Supply Chain Management for Retail)_,data/processed/Logistics và quản lý chuỗi cung ứng.md,Logistics và quản lý chuỗi cung ứng,markdown,data/processed/Logistics và quản lý chuỗi cung ứng.md,sentence-transformers,1024
628,Logistics và quản lý chuỗi cung ứng,"Logistics và quản lý chuỗi cung ứng > XI. NỘI DUNG CHƯƠNG TRÌNH ĐÀO TẠO > Nhóm chuyên ngành tự chọn chuyên sâu > Logistics vận tải biển _(Shipping Logistics)_
- Mã học phần: 416026
- Số tín chỉ: 2
- Số tiết: 30
- Học kỳ: 8",XI. NỘI DUNG CHƯƠNG TRÌNH ĐÀO TẠO,Nhóm chuyên ngành tự chọn chuyên sâu,Logistics vận tải biển _(Shipping Logistics)_,,Logistics và quản lý chuỗi cung ứng > XI. NỘI DUNG CHƯƠNG TRÌNH ĐÀO TẠO > Nhóm chuyên ngành tự chọn chuyên sâu > Logistics vận tải biển _(Shipping Logistics)_,data/processed/Logistics và quản lý chuỗi cung ứng.md,Logistics và quản lý chuỗi cung ứng,markdown,data/processed/Logistics và quản lý chuỗi cung ứng.md,sentence-transformers,1024
629,Logistics và quản lý chuỗi cung ứng,"Logistics và quản lý chuỗi cung ứng > XI. NỘI DUNG CHƯƠNG TRÌNH ĐÀO TẠO > Nhóm chuyên ngành tự chọn chuyên sâu > Logistics cảng biển _(Port Logistics)_
- Mã học phần: 416027
- Số tín chỉ: 2
- Số tiết: 30
- Học kỳ: 8",XI. NỘI DUNG CHƯƠNG TRÌNH ĐÀO TẠO,Nhóm chuyên ngành tự chọn chuyên sâu,Logistics cảng biển _(Port Logistics)_,,Logistics và quản lý chuỗi cung ứng > XI. NỘI DUNG CHƯƠNG TRÌNH ĐÀO TẠO > Nhóm chuyên ngành tự chọn chuyên sâu > Logistics cảng biển _(Port Logistics)_,data/processed/Logistics và quản lý chuỗi cung ứng.md,Logistics và quản lý chuỗi cung ứng,markdown,data/processed/Logistics và quản lý chuỗi cung ứng.md,sentence-transformers,1024
630,Logistics và quản lý chuỗi cung ứng,"Logistics và quản lý chuỗi cung ứng > XI. NỘI DUNG CHƯƠNG TRÌNH ĐÀO TẠO > Nhóm chuyên ngành tự chọn chuyên sâu > Logistics hàng không _(Air Logistics)_
- Mã học phần: 416028
- Số tín chỉ: 2
- Số tiết: 30
- Học kỳ: 8",XI. NỘI DUNG CHƯƠNG TRÌNH ĐÀO TẠO,Nhóm chuyên ngành tự chọn chuyên sâu,Logistics hàng không _(Air Logistics)_,,Logistics và quản lý chuỗi cung ứng > XI. NỘI DUNG CHƯƠNG TRÌNH ĐÀO TẠO > Nhóm chuyên ngành tự chọn chuyên sâu > Logistics hàng không _(Air Logistics)_,data/processed/Logistics và quản lý chuỗi cung ứng.md,Logistics và quản lý chuỗi cung ứng,markdown,data/processed/Logistics và quản lý chuỗi cung ứng.md,sentence-transformers,1024
631,Logistics và quản lý chuỗi cung ứng,"Logistics và quản lý chuỗi cung ứng > XI. NỘI DUNG CHƯƠNG TRÌNH ĐÀO TẠO > Nhóm chuyên ngành tự chọn tốt nghiệp > Luận văn tốt nghiệp _(Thesis)_
- Mã học phần: 419012
- Số tín chỉ: 6
- Số tiết: 90
- Học kỳ: 8",XI. NỘI DUNG CHƯƠNG TRÌNH ĐÀO TẠO,Nhóm chuyên ngành tự chọn tốt nghiệp,Luận văn tốt nghiệp _(Thesis)_,,Logistics và quản lý chuỗi cung ứng > XI. NỘI DUNG CHƯƠNG TRÌNH ĐÀO TẠO > Nhóm chuyên ngành tự chọn tốt nghiệp > Luận văn tốt nghiệp _(Thesis)_,data/processed/Logistics và quản lý chuỗi cung ứng.md,Logistics và quản lý chuỗi cung ứng,markdown,data/processed/Logistics và quản lý chuỗi cung ứng.md,sentence-transformers,1024
632,Logistics và quản lý chuỗi cung ứng,"Logistics và quản lý chuỗi cung ứng > XI. NỘI DUNG CHƯƠNG TRÌNH ĐÀO TẠO > Nhóm chuyên ngành tự chọn tốt nghiệp > Chuyên đề tốt nghiệp _(Thematic Project)_
- Mã học phần: 419013
- Số tín chỉ: 2
- Số tiết: 30
- Học kỳ: 8",XI. NỘI DUNG CHƯƠNG TRÌNH ĐÀO TẠO,Nhóm chuyên ngành tự chọn tốt nghiệp,Chuyên đề tốt nghiệp _(Thematic Project)_,,Logistics và quản lý chuỗi cung ứng > XI. NỘI DUNG CHƯƠNG TRÌNH ĐÀO TẠO > Nhóm chuyên ngành tự chọn tốt nghiệp > Chuyên đề tốt nghiệp _(Thematic Project)_,data/processed/Logistics và quản lý chuỗi cung ứng.md,Logistics và quản lý chuỗi cung ứng,markdown,data/processed/Logistics và quản lý chuỗi cung ứng.md,sentence-transformers,1024
633,Logistics và quản lý chuỗi cung ứng,"Logistics và quản lý chuỗi cung ứng > XI. NỘI DUNG CHƯƠNG TRÌNH ĐÀO TẠO > 1.2 Kiến thức bổ trợ > Giáo dục thể chất
Tổng số tín chỉ: 4 tín chỉ",XI. NỘI DUNG CHƯƠNG TRÌNH ĐÀO TẠO,1.2 Kiến thức bổ trợ,Giáo dục thể chất,,Logistics và quản lý chuỗi cung ứng > XI. NỘI DUNG CHƯƠNG TRÌNH ĐÀO TẠO > 1.2 Kiến thức bổ trợ > Giáo dục thể chất,data/processed/Logistics và quản lý chuỗi cung ứng.md,Logistics và quản lý chuỗi cung ứng,markdown,data/processed/Logistics và quản lý chuỗi cung ứng.md,sentence-transformers,1024
634,Logistics và quản lý chuỗi cung ứng,"Logistics và quản lý chuỗi cung ứng > XI. NỘI DUNG CHƯƠNG TRÌNH ĐÀO TẠO > 1.2 Kiến thức bổ trợ > Giáo dục thể chất (4 tín chỉ) > Lý thuyết giáo dục thể chất
- Mã học phần: 004101
- Số tín chỉ: 1
- Ghi chú: Học phần bắt buộc",XI. NỘI DUNG CHƯƠNG TRÌNH ĐÀO TẠO,1.2 Kiến thức bổ trợ,Giáo dục thể chất (4 tín chỉ),Lý thuyết giáo dục thể chất,Logistics và quản lý chuỗi cung ứng > XI. NỘI DUNG CHƯƠNG TRÌNH ĐÀO TẠO > 1.2 Kiến thức bổ trợ > Giáo dục thể chất (4 tín chỉ) > Lý thuyết giáo dục thể chất,data/processed/Logistics và quản lý chuỗi cung ứng.md,Logistics và quản lý chuỗi cung ứng,markdown,data/processed/Logistics và quản lý chuỗi cung ứng.md,sentence-transformers,1024
635,Logistics và quản lý chuỗi cung ứng,"Logistics và quản lý chuỗi cung ứng > XI. NỘI DUNG CHƯƠNG TRÌNH ĐÀO TẠO > 1.2 Kiến thức bổ trợ > Giáo dục thể chất (4 tín chỉ) > Điền kinh
- Mã học phần: 004105
- Số tín chỉ: 1
- Ghi chú: Học phần bắt buộc",XI. NỘI DUNG CHƯƠNG TRÌNH ĐÀO TẠO,1.2 Kiến thức bổ trợ,Giáo dục thể chất (4 tín chỉ),Điền kinh,Logistics và quản lý chuỗi cung ứng > XI. NỘI DUNG CHƯƠNG TRÌNH ĐÀO TẠO > 1.2 Kiến thức bổ trợ > Giáo dục thể chất (4 tín chỉ) > Điền kinh,data/processed/Logistics và quản lý chuỗi cung ứng.md,Logistics và quản lý chuỗi cung ứng,markdown,data/processed/Logistics và quản lý chuỗi cung ứng.md,sentence-transformers,1024
636,Logistics và quản lý chuỗi cung ứng,"Logistics và quản lý chuỗi cung ứng > XI. NỘI DUNG CHƯƠNG TRÌNH ĐÀO TẠO > 1.2 Kiến thức bổ trợ > Giáo dục thể chất (4 tín chỉ) > Bơi 1 (50 m)
- Mã học phần: 004103
- Số tín chỉ: 1
- Ghi chú: Học phần tự chọn",XI. NỘI DUNG CHƯƠNG TRÌNH ĐÀO TẠO,1.2 Kiến thức bổ trợ,Giáo dục thể chất (4 tín chỉ),Bơi 1 (50 m),Logistics và quản lý chuỗi cung ứng > XI. NỘI DUNG CHƯƠNG TRÌNH ĐÀO TẠO > 1.2 Kiến thức bổ trợ > Giáo dục thể chất (4 tín chỉ) > Bơi 1 (50 m),data/processed/Logistics và quản lý chuỗi cung ứng.md,Logistics và quản lý chuỗi cung ứng,markdown,data/processed/Logistics và quản lý chuỗi cung ứng.md,sentence-transformers,1024
637,Logistics và quản lý chuỗi cung ứng,"Logistics và quản lý chuỗi cung ứng > XI. NỘI DUNG CHƯƠNG TRÌNH ĐÀO TẠO > 1.2 Kiến thức bổ trợ > Giáo dục thể chất (4 tín chỉ) > Bơi 2 (200 m)
- Mã học phần: 004102
- Số tín chỉ: 1
- Ghi chú: Học phần tự chọn",XI. NỘI DUNG CHƯƠNG TRÌNH ĐÀO TẠO,1.2 Kiến thức bổ trợ,Giáo dục thể chất (4 tín chỉ),Bơi 2 (200 m),Logistics và quản lý chuỗi cung ứng > XI. NỘI DUNG CHƯƠNG TRÌNH ĐÀO TẠO > 1.2 Kiến thức bổ trợ > Giáo dục thể chất (4 tín chỉ) > Bơi 2 (200 m),data/processed/Logistics và quản lý chuỗi cung ứng.md,Logistics và quản lý chuỗi cung ứng,markdown,data/processed/Logistics và quản lý chuỗi cung ứng.md,sentence-transformers,1024
638,Logistics và quản lý chuỗi cung ứng,"Logistics và quản lý chuỗi cung ứng > XI. NỘI DUNG CHƯƠNG TRÌNH ĐÀO TẠO > 1.2 Kiến thức bổ trợ > Giáo dục thể chất (4 tín chỉ) > Bóng chuyền
- Mã học phần: 004106
- Số tín chỉ: 1
- Ghi chú: Học phần tự chọn",XI. NỘI DUNG CHƯƠNG TRÌNH ĐÀO TẠO,1.2 Kiến thức bổ trợ,Giáo dục thể chất (4 tín chỉ),Bóng chuyền,Logistics và quản lý chuỗi cung ứng > XI. NỘI DUNG CHƯƠNG TRÌNH ĐÀO TẠO > 1.2 Kiến thức bổ trợ > Giáo dục thể chất (4 tín chỉ) > Bóng chuyền,data/processed/Logistics và quản lý chuỗi cung ứng.md,Logistics và quản lý chuỗi cung ứng,markdown,data/processed/Logistics và quản lý chuỗi cung ứng.md,sentence-transformers,1024
639,Logistics và quản lý chuỗi cung ứng,"Logistics và quản lý chuỗi cung ứng > XI. NỘI DUNG CHƯƠNG TRÌNH ĐÀO TẠO > 1.2 Kiến thức bổ trợ > Giáo dục thể chất (4 tín chỉ) > Bóng đá
- Mã học phần: 004107
- Số tín chỉ: 1
- Ghi chú: Học phần tự chọn",XI. NỘI DUNG CHƯƠNG TRÌNH ĐÀO TẠO,1.2 Kiến thức bổ trợ,Giáo dục thể chất (4 tín chỉ),Bóng đá,Logistics và quản lý chuỗi cung ứng > XI. NỘI DUNG CHƯƠNG TRÌNH ĐÀO TẠO > 1.2 Kiến thức bổ trợ > Giáo dục thể chất (4 tín chỉ) > Bóng đá,data/processed/Logistics và quản lý chuỗi cung ứng.md,Logistics và quản lý chuỗi cung ứng,markdown,data/processed/Logistics và quản lý chuỗi cung ứng.md,sentence-transformers,1024
640,Logistics và quản lý chuỗi cung ứng,"Logistics và quản lý chuỗi cung ứng > XI. NỘI DUNG CHƯƠNG TRÌNH ĐÀO TẠO > 1.2 Kiến thức bổ trợ > Giáo dục thể chất (4 tín chỉ) > Bóng rổ
- Mã học phần: 004108
- Số tín chỉ: 1
- Ghi chú: Học phần tự chọn",XI. NỘI DUNG CHƯƠNG TRÌNH ĐÀO TẠO,1.2 Kiến thức bổ trợ,Giáo dục thể chất (4 tín chỉ),Bóng rổ,Logistics và quản lý chuỗi cung ứng > XI. NỘI DUNG CHƯƠNG TRÌNH ĐÀO TẠO > 1.2 Kiến thức bổ trợ > Giáo dục thể chất (4 tín chỉ) > Bóng rổ,data/processed/Logistics và quản lý chuỗi cung ứng.md,Logistics và quản lý chuỗi cung ứng,markdown,data/processed/Logistics và quản lý chuỗi cung ứng.md,sentence-transformers,1024
641,Logistics và quản lý chuỗi cung ứng,"Logistics và quản lý chuỗi cung ứng > XI. NỘI DUNG CHƯƠNG TRÌNH ĐÀO TẠO > 1.2 Kiến thức bổ trợ > Giáo dục thể chất (4 tín chỉ) > Bóng bàn
- Mã học phần: 004109
- Số tín chỉ: 1
- Ghi chú: Học phần tự chọn",XI. NỘI DUNG CHƯƠNG TRÌNH ĐÀO TẠO,1.2 Kiến thức bổ trợ,Giáo dục thể chất (4 tín chỉ),Bóng bàn,Logistics và quản lý chuỗi cung ứng > XI. NỘI DUNG CHƯƠNG TRÌNH ĐÀO TẠO > 1.2 Kiến thức bổ trợ > Giáo dục thể chất (4 tín chỉ) > Bóng bàn,data/processed/Logistics và quản lý chuỗi cung ứng.md,Logistics và quản lý chuỗi cung ứng,markdown,data/processed/Logistics và quản lý chuỗi cung ứng.md,sentence-transformers,1024
642,Logistics và quản lý chuỗi cung ứng,"Logistics và quản lý chuỗi cung ứng > XI. NỘI DUNG CHƯƠNG TRÌNH ĐÀO TẠO > 1.2 Kiến thức bổ trợ > Giáo dục thể chất (4 tín chỉ) > Cờ Vua
- Mã học phần: 004110
- Số tín chỉ: 1
- Ghi chú: Học phần tự chọn",XI. NỘI DUNG CHƯƠNG TRÌNH ĐÀO TẠO,1.2 Kiến thức bổ trợ,Giáo dục thể chất (4 tín chỉ),Cờ Vua,Logistics và quản lý chuỗi cung ứng > XI. NỘI DUNG CHƯƠNG TRÌNH ĐÀO TẠO > 1.2 Kiến thức bổ trợ > Giáo dục thể chất (4 tín chỉ) > Cờ Vua,data/processed/Logistics và quản lý chuỗi cung ứng.md,Logistics và quản lý chuỗi cung ứng,markdown,data/processed/Logistics và quản lý chuỗi cung ứng.md,sentence-transformers,1024
643,Logistics và quản lý chuỗi cung ứng,"Logistics và quản lý chuỗi cung ứng > XI. NỘI DUNG CHƯƠNG TRÌNH ĐÀO TẠO > 1.2 Kiến thức bổ trợ > Giáo dục Quốc phòng – An ninh
Tổng số tín chỉ: 8 tín chỉ",XI. NỘI DUNG CHƯƠNG TRÌNH ĐÀO TẠO,1.2 Kiến thức bổ trợ,Giáo dục Quốc phòng – An ninh,,Logistics và quản lý chuỗi cung ứng > XI. NỘI DUNG CHƯƠNG TRÌNH ĐÀO TẠO > 1.2 Kiến thức bổ trợ > Giáo dục Quốc phòng – An ninh,data/processed/Logistics và quản lý chuỗi cung ứng.md,Logistics và quản lý chuỗi cung ứng,markdown,data/processed/Logistics và quản lý chuỗi cung ứng.md,sentence-transformers,1024
644,Logistics và quản lý chuỗi cung ứng,"Logistics và quản lý chuỗi cung ứng > XI. NỘI DUNG CHƯƠNG TRÌNH ĐÀO TẠO > 1.2 Kiến thức bổ trợ > Giáo dục Quốc phòng – An ninh (8 tín chỉ) > Đường lối quốc phòng và an ninh của Đảng Cộng sản VN
- Mã học phần: 007201
- Số tín chỉ: 3
- Ghi chú: Học phần bắt buộc",XI. NỘI DUNG CHƯƠNG TRÌNH ĐÀO TẠO,1.2 Kiến thức bổ trợ,Giáo dục Quốc phòng – An ninh (8 tín chỉ),Đường lối quốc phòng và an ninh của Đảng Cộng sản VN,Logistics và quản lý chuỗi cung ứng > XI. NỘI DUNG CHƯƠNG TRÌNH ĐÀO TẠO > 1.2 Kiến thức bổ trợ > Giáo dục Quốc phòng – An ninh (8 tín chỉ) > Đường lối quốc phòng và an ninh của Đảng Cộng sản VN,data/processed/Logistics và quản lý chuỗi cung ứng.md,Logistics và quản lý chuỗi cung ứng,markdown,data/processed/Logistics và quản lý chuỗi cung ứng.md,sentence-transformers,1024
645,Logistics và quản lý chuỗi cung ứng,"Logistics và quản lý chuỗi cung ứng > XI. NỘI DUNG CHƯƠNG TRÌNH ĐÀO TẠO > 1.2 Kiến thức bổ trợ > Giáo dục Quốc phòng – An ninh (8 tín chỉ) > Công tác quốc phòng và an ninh
- Mã học phần: 007202
- Số tín chỉ: 2
- Ghi chú: Học phần bắt buộc",XI. NỘI DUNG CHƯƠNG TRÌNH ĐÀO TẠO,1.2 Kiến thức bổ trợ,Giáo dục Quốc phòng – An ninh (8 tín chỉ),Công tác quốc phòng và an ninh,Logistics và quản lý chuỗi cung ứng > XI. NỘI DUNG CHƯƠNG TRÌNH ĐÀO TẠO > 1.2 Kiến thức bổ trợ > Giáo dục Quốc phòng – An ninh (8 tín chỉ) > Công tác quốc phòng và an ninh,data/processed/Logistics và quản lý chuỗi cung ứng.md,Logistics và quản lý chuỗi cung ứng,markdown,data/processed/Logistics và quản lý chuỗi cung ứng.md,sentence-transformers,1024
646,Logistics và quản lý chuỗi cung ứng,"Logistics và quản lý chuỗi cung ứng > XI. NỘI DUNG CHƯƠNG TRÌNH ĐÀO TẠO > 1.2 Kiến thức bổ trợ > Giáo dục Quốc phòng – An ninh (8 tín chỉ) > Quân sự chung
- Mã học phần: 007203
- Số tín chỉ: 1
- Ghi chú: Học phần bắt buộc",XI. NỘI DUNG CHƯƠNG TRÌNH ĐÀO TẠO,1.2 Kiến thức bổ trợ,Giáo dục Quốc phòng – An ninh (8 tín chỉ),Quân sự chung,Logistics và quản lý chuỗi cung ứng > XI. NỘI DUNG CHƯƠNG TRÌNH ĐÀO TẠO > 1.2 Kiến thức bổ trợ > Giáo dục Quốc phòng – An ninh (8 tín chỉ) > Quân sự chung,data/processed/Logistics và quản lý chuỗi cung ứng.md,Logistics và quản lý chuỗi cung ứng,markdown,data/processed/Logistics và quản lý chuỗi cung ứng.md,sentence-transformers,1024
647,Logistics và quản lý chuỗi cung ứng,"Logistics và quản lý chuỗi cung ứng > XI. NỘI DUNG CHƯƠNG TRÌNH ĐÀO TẠO > 1.2 Kiến thức bổ trợ > Giáo dục Quốc phòng – An ninh (8 tín chỉ) > Kỹ thuật chiến đấu bộ binh và chiến thuật
- Mã học phần: 007204
- Số tín chỉ: 2
- Ghi chú: Học phần bắt buộc",XI. NỘI DUNG CHƯƠNG TRÌNH ĐÀO TẠO,1.2 Kiến thức bổ trợ,Giáo dục Quốc phòng – An ninh (8 tín chỉ),Kỹ thuật chiến đấu bộ binh và chiến thuật,Logistics và quản lý chuỗi cung ứng > XI. NỘI DUNG CHƯƠNG TRÌNH ĐÀO TẠO > 1.2 Kiến thức bổ trợ > Giáo dục Quốc phòng – An ninh (8 tín chỉ) > Kỹ thuật chiến đấu bộ binh và chiến thuật,data/processed/Logistics và quản lý chuỗi cung ứng.md,Logistics và quản lý chuỗi cung ứng,markdown,data/processed/Logistics và quản lý chuỗi cung ứng.md,sentence-transformers,1024
648,Logistics và quản lý chuỗi cung ứng,"Logistics và quản lý chuỗi cung ứng > XI. NỘI DUNG CHƯƠNG TRÌNH ĐÀO TẠO > 1.2 Kiến thức bổ trợ > Kỹ năng mềm
Tổng số tín chỉ: 1 tín chỉ",XI. NỘI DUNG CHƯƠNG TRÌNH ĐÀO TẠO,1.2 Kiến thức bổ trợ,Kỹ năng mềm,,Logistics và quản lý chuỗi cung ứng > XI. NỘI DUNG CHƯƠNG TRÌNH ĐÀO TẠO > 1.2 Kiến thức bổ trợ > Kỹ năng mềm,data/processed/Logistics và quản lý chuỗi cung ứng.md,Logistics và quản lý chuỗi cung ứng,markdown,data/processed/Logistics và quản lý chuỗi cung ứng.md,sentence-transformers,1024
649,Logistics và quản lý chuỗi cung ứng,"Logistics và quản lý chuỗi cung ứng > XI. NỘI DUNG CHƯƠNG TRÌNH ĐÀO TẠO > 1.2 Kiến thức bổ trợ > Kỹ năng mềm > Kỹ thuật viết và trình bày
- Mã học phần: 009003
- Số tín chỉ: 1
- Ghi chú: Học phần bắt buộc",XI. NỘI DUNG CHƯƠNG TRÌNH ĐÀO TẠO,1.2 Kiến thức bổ trợ,Kỹ năng mềm,Kỹ thuật viết và trình bày,Logistics và quản lý chuỗi cung ứng > XI. NỘI DUNG CHƯƠNG TRÌNH ĐÀO TẠO > 1.2 Kiến thức bổ trợ > Kỹ năng mềm > Kỹ thuật viết và trình bày,data/processed/Logistics và quản lý chuỗi cung ứng.md,Logistics và quản lý chuỗi cung ứng,markdown,data/processed/Logistics và quản lý chuỗi cung ứng.md,sentence-transformers,1024
650,Logistics và quản lý chuỗi cung ứng,"Logistics và quản lý chuỗi cung ứng > XI. NỘI DUNG CHƯƠNG TRÌNH ĐÀO TẠO > 1.2 Kiến thức bổ trợ > Ngoại ngữ
Đầu năm học sinh viên được khảo sát năng lực ngoại ngữ và sắp xếp vào học phần phù hợp.",XI. NỘI DUNG CHƯƠNG TRÌNH ĐÀO TẠO,1.2 Kiến thức bổ trợ,Ngoại ngữ,,Logistics và quản lý chuỗi cung ứng > XI. NỘI DUNG CHƯƠNG TRÌNH ĐÀO TẠO > 1.2 Kiến thức bổ trợ > Ngoại ngữ,data/processed/Logistics và quản lý chuỗi cung ứng.md,Logistics và quản lý chuỗi cung ứng,markdown,data/processed/Logistics và quản lý chuỗi cung ứng.md,sentence-transformers,1024
651,Logistics và quản lý chuỗi cung ứng,"Logistics và quản lý chuỗi cung ứng > XI. NỘI DUNG CHƯƠNG TRÌNH ĐÀO TẠO > 1.2 Kiến thức bổ trợ > Ngoại ngữ > TOEIC 1
- Mã học phần: 062201
- Số tín chỉ: 4
- Ghi chú: Học phần tự chọn",XI. NỘI DUNG CHƯƠNG TRÌNH ĐÀO TẠO,1.2 Kiến thức bổ trợ,Ngoại ngữ,TOEIC 1,Logistics và quản lý chuỗi cung ứng > XI. NỘI DUNG CHƯƠNG TRÌNH ĐÀO TẠO > 1.2 Kiến thức bổ trợ > Ngoại ngữ > TOEIC 1,data/processed/Logistics và quản lý chuỗi cung ứng.md,Logistics và quản lý chuỗi cung ứng,markdown,data/processed/Logistics và quản lý chuỗi cung ứng.md,sentence-transformers,1024
652,Logistics và quản lý chuỗi cung ứng,"Logistics và quản lý chuỗi cung ứng > XI. NỘI DUNG CHƯƠNG TRÌNH ĐÀO TẠO > 1.2 Kiến thức bổ trợ > Ngoại ngữ > TOEIC 2
- Mã học phần: 062202
- Số tín chỉ: 5
- Ghi chú: Học phần tự chọn",XI. NỘI DUNG CHƯƠNG TRÌNH ĐÀO TẠO,1.2 Kiến thức bổ trợ,Ngoại ngữ,TOEIC 2,Logistics và quản lý chuỗi cung ứng > XI. NỘI DUNG CHƯƠNG TRÌNH ĐÀO TẠO > 1.2 Kiến thức bổ trợ > Ngoại ngữ > TOEIC 2,data/processed/Logistics và quản lý chuỗi cung ứng.md,Logistics và quản lý chuỗi cung ứng,markdown,data/processed/Logistics và quản lý chuỗi cung ứng.md,sentence-transformers,1024
653,Logistics và quản lý chuỗi cung ứng,"Logistics và quản lý chuỗi cung ứng > XI. NỘI DUNG CHƯƠNG TRÌNH ĐÀO TẠO > 1.2 Kiến thức bổ trợ > Ngoại ngữ > TOEIC 3
- Mã học phần: 062203
- Số tín chỉ: 5
- Ghi chú: Học phần tự chọn",XI. NỘI DUNG CHƯƠNG TRÌNH ĐÀO TẠO,1.2 Kiến thức bổ trợ,Ngoại ngữ,TOEIC 3,Logistics và quản lý chuỗi cung ứng > XI. NỘI DUNG CHƯƠNG TRÌNH ĐÀO TẠO > 1.2 Kiến thức bổ trợ > Ngoại ngữ > TOEIC 3,data/processed/Logistics và quản lý chuỗi cung ứng.md,Logistics và quản lý chuỗi cung ứng,markdown,data/processed/Logistics và quản lý chuỗi cung ứng.md,sentence-transformers,1024
654,Logistics và quản lý chuỗi cung ứng,"Logistics và quản lý chuỗi cung ứng > XI. NỘI DUNG CHƯƠNG TRÌNH ĐÀO TẠO > 1.2 Kiến thức bổ trợ > Ngoại ngữ > TOEIC 4
- Mã học phần: 062204
- Số tín chỉ: 5
- Ghi chú: Học phần tự chọn",XI. NỘI DUNG CHƯƠNG TRÌNH ĐÀO TẠO,1.2 Kiến thức bổ trợ,Ngoại ngữ,TOEIC 4,Logistics và quản lý chuỗi cung ứng > XI. NỘI DUNG CHƯƠNG TRÌNH ĐÀO TẠO > 1.2 Kiến thức bổ trợ > Ngoại ngữ > TOEIC 4,data/processed/Logistics và quản lý chuỗi cung ứng.md,Logistics và quản lý chuỗi cung ứng,markdown,data/processed/Logistics và quản lý chuỗi cung ứng.md,sentence-transformers,1024
655,Logistics và quản lý chuỗi cung ứng,"Logistics và quản lý chuỗi cung ứng > XI. NỘI DUNG CHƯƠNG TRÌNH ĐÀO TẠO > 1.2 Kiến thức bổ trợ > Ngoại ngữ > TOEIC 5
- Mã học phần: 062205
- Số tín chỉ: 5
- Ghi chú: Học phần tự chọn",XI. NỘI DUNG CHƯƠNG TRÌNH ĐÀO TẠO,1.2 Kiến thức bổ trợ,Ngoại ngữ,TOEIC 5,Logistics và quản lý chuỗi cung ứng > XI. NỘI DUNG CHƯƠNG TRÌNH ĐÀO TẠO > 1.2 Kiến thức bổ trợ > Ngoại ngữ > TOEIC 5,data/processed/Logistics và quản lý chuỗi cung ứng.md,Logistics và quản lý chuỗi cung ứng,markdown,data/processed/Logistics và quản lý chuỗi cung ứng.md,sentence-transformers,1024
656,Logistics và quản lý chuỗi cung ứng,"Logistics và quản lý chuỗi cung ứng > XI. NỘI DUNG CHƯƠNG TRÌNH ĐÀO TẠO > 1.2 Kiến thức bổ trợ > Ngoại ngữ > TOEIC 6
- Mã học phần: 062206
- Số tín chỉ: 2 (
- Ghi chú: Học phần tự chọn",XI. NỘI DUNG CHƯƠNG TRÌNH ĐÀO TẠO,1.2 Kiến thức bổ trợ,Ngoại ngữ,TOEIC 6,Logistics và quản lý chuỗi cung ứng > XI. NỘI DUNG CHƯƠNG TRÌNH ĐÀO TẠO > 1.2 Kiến thức bổ trợ > Ngoại ngữ > TOEIC 6,data/processed/Logistics và quản lý chuỗi cung ứng.md,Logistics và quản lý chuỗi cung ứng,markdown,data/processed/Logistics và quản lý chuỗi cung ứng.md,sentence-transformers,1024
657,Logistics và quản lý chuỗi cung ứng,"Logistics và quản lý chuỗi cung ứng > XII. KẾ HOẠCH ĐÀO TẠO > 1.1. HỌC KỲ 1:
Tổng số tín chỉ: 14 tín chỉ",XII. KẾ HOẠCH ĐÀO TẠO,1.1. HỌC KỲ 1:,,,Logistics và quản lý chuỗi cung ứng > XII. KẾ HOẠCH ĐÀO TẠO > 1.1. HỌC KỲ 1:,data/processed/Logistics và quản lý chuỗi cung ứng.md,Logistics và quản lý chuỗi cung ứng,markdown,data/processed/Logistics và quản lý chuỗi cung ứng.md,sentence-transformers,1024
658,Logistics và quản lý chuỗi cung ứng,"Logistics và quản lý chuỗi cung ứng > XII. KẾ HOẠCH ĐÀO TẠO > 1.1. HỌC KỲ 1: > Đại số _(Algebra)_
- Mã học phần: 001201
- Số tín chỉ: 2",XII. KẾ HOẠCH ĐÀO TẠO,1.1. HỌC KỲ 1:,Đại số _(Algebra)_,,Logistics và quản lý chuỗi cung ứng > XII. KẾ HOẠCH ĐÀO TẠO > 1.1. HỌC KỲ 1: > Đại số _(Algebra)_,data/processed/Logistics và quản lý chuỗi cung ứng.md,Logistics và quản lý chuỗi cung ứng,markdown,data/processed/Logistics và quản lý chuỗi cung ứng.md,sentence-transformers,1024
659,Logistics và quản lý chuỗi cung ứng,"Logistics và quản lý chuỗi cung ứng > XII. KẾ HOẠCH ĐÀO TẠO > 1.1. HỌC KỲ 1: > Giải tích 1 _(Calculus 1)_
- Mã học phần: 001202
- Số tín chỉ: 3",XII. KẾ HOẠCH ĐÀO TẠO,1.1. HỌC KỲ 1:,Giải tích 1 _(Calculus 1)_,,Logistics và quản lý chuỗi cung ứng > XII. KẾ HOẠCH ĐÀO TẠO > 1.1. HỌC KỲ 1: > Giải tích 1 _(Calculus 1)_,data/processed/Logistics và quản lý chuỗi cung ứng.md,Logistics và quản lý chuỗi cung ứng,markdown,data/processed/Logistics và quản lý chuỗi cung ứng.md,sentence-transformers,1024
660,Logistics và quản lý chuỗi cung ứng,"Logistics và quản lý chuỗi cung ứng > XII. KẾ HOẠCH ĐÀO TẠO > 1.1. HỌC KỲ 1: > Kinh tế vi mô _(Microeconomics)_
- Mã học phần: 414022
- Số tín chỉ: 3",XII. KẾ HOẠCH ĐÀO TẠO,1.1. HỌC KỲ 1:,Kinh tế vi mô _(Microeconomics)_,,Logistics và quản lý chuỗi cung ứng > XII. KẾ HOẠCH ĐÀO TẠO > 1.1. HỌC KỲ 1: > Kinh tế vi mô _(Microeconomics)_,data/processed/Logistics và quản lý chuỗi cung ứng.md,Logistics và quản lý chuỗi cung ứng,markdown,data/processed/Logistics và quản lý chuỗi cung ứng.md,sentence-transformers,1024
661,Logistics và quản lý chuỗi cung ứng,"Logistics và quản lý chuỗi cung ứng > XII. KẾ HOẠCH ĐÀO TẠO > 1.1. HỌC KỲ 1: > Hàng hóa _(Goods)_
- Mã học phần: 412019
- Số tín chỉ: 2",XII. KẾ HOẠCH ĐÀO TẠO,1.1. HỌC KỲ 1:,Hàng hóa _(Goods)_,,Logistics và quản lý chuỗi cung ứng > XII. KẾ HOẠCH ĐÀO TẠO > 1.1. HỌC KỲ 1: > Hàng hóa _(Goods)_,data/processed/Logistics và quản lý chuỗi cung ứng.md,Logistics và quản lý chuỗi cung ứng,markdown,data/processed/Logistics và quản lý chuỗi cung ứng.md,sentence-transformers,1024
662,Logistics và quản lý chuỗi cung ứng,"Logistics và quản lý chuỗi cung ứng > XII. KẾ HOẠCH ĐÀO TẠO > 1.1. HỌC KỲ 1: > Pháp luật đại cương _(Introduction to Law)_
- Mã học phần: 005004
- Số tín chỉ: 2",XII. KẾ HOẠCH ĐÀO TẠO,1.1. HỌC KỲ 1:,Pháp luật đại cương _(Introduction to Law)_,,Logistics và quản lý chuỗi cung ứng > XII. KẾ HOẠCH ĐÀO TẠO > 1.1. HỌC KỲ 1: > Pháp luật đại cương _(Introduction to Law)_,data/processed/Logistics và quản lý chuỗi cung ứng.md,Logistics và quản lý chuỗi cung ứng,markdown,data/processed/Logistics và quản lý chuỗi cung ứng.md,sentence-transformers,1024
663,Logistics và quản lý chuỗi cung ứng,"Logistics và quản lý chuỗi cung ứng > XII. KẾ HOẠCH ĐÀO TẠO > 1.1. HỌC KỲ 1: > Ứng dụng công nghệ thông tin cơ bản _(Basic Informatics)_
- Mã học phần: 062109
- Số tín chỉ: 2

Học phần bắt buộc không tính tín chỉ tích lũy (1 TC)",XII. KẾ HOẠCH ĐÀO TẠO,1.1. HỌC KỲ 1:,Ứng dụng công nghệ thông tin cơ bản _(Basic Informatics)_,,Logistics và quản lý chuỗi cung ứng > XII. KẾ HOẠCH ĐÀO TẠO > 1.1. HỌC KỲ 1: > Ứng dụng công nghệ thông tin cơ bản _(Basic Informatics)_,data/processed/Logistics và quản lý chuỗi cung ứng.md,Logistics và quản lý chuỗi cung ứng,markdown,data/processed/Logistics và quản lý chuỗi cung ứng.md,sentence-transformers,1024
664,Logistics và quản lý chuỗi cung ứng,"Logistics và quản lý chuỗi cung ứng > XII. KẾ HOẠCH ĐÀO TẠO > 1.1. HỌC KỲ 1: > Kỹ thuật viết và trình bày
- Mã học phần: 009003
- Số tín chỉ: 1",XII. KẾ HOẠCH ĐÀO TẠO,1.1. HỌC KỲ 1:,Kỹ thuật viết và trình bày,,Logistics và quản lý chuỗi cung ứng > XII. KẾ HOẠCH ĐÀO TẠO > 1.1. HỌC KỲ 1: > Kỹ thuật viết và trình bày,data/processed/Logistics và quản lý chuỗi cung ứng.md,Logistics và quản lý chuỗi cung ứng,markdown,data/processed/Logistics và quản lý chuỗi cung ứng.md,sentence-transformers,1024
665,Logistics và quản lý chuỗi cung ứng,"Logistics và quản lý chuỗi cung ứng > XII. KẾ HOẠCH ĐÀO TẠO > 1.2. HỌC KỲ 2
Tổng số tín chỉ: 16 tín chỉ tích lũy + 6 tín chỉ không tính tích lũy

Học phần bắt buộc (16 tín chỉ)",XII. KẾ HOẠCH ĐÀO TẠO,1.2. HỌC KỲ 2,,,Logistics và quản lý chuỗi cung ứng > XII. KẾ HOẠCH ĐÀO TẠO > 1.2. HỌC KỲ 2,data/processed/Logistics và quản lý chuỗi cung ứng.md,Logistics và quản lý chuỗi cung ứng,markdown,data/processed/Logistics và quản lý chuỗi cung ứng.md,sentence-transformers,1024
666,Logistics và quản lý chuỗi cung ứng,"Logistics và quản lý chuỗi cung ứng > XII. KẾ HOẠCH ĐÀO TẠO > 1.2. HỌC KỲ 2 > Triết học Mác–Lênin _(Philosophy of Marxism and Leninism)_
- Mã học phần: 005105
- Số tín chỉ: 3",XII. KẾ HOẠCH ĐÀO TẠO,1.2. HỌC KỲ 2,Triết học Mác–Lênin _(Philosophy of Marxism and Leninism)_,,Logistics và quản lý chuỗi cung ứng > XII. KẾ HOẠCH ĐÀO TẠO > 1.2. HỌC KỲ 2 > Triết học Mác–Lênin _(Philosophy of Marxism and Leninism)_,data/processed/Logistics và quản lý chuỗi cung ứng.md,Logistics và quản lý chuỗi cung ứng,markdown,data/processed/Logistics và quản lý chuỗi cung ứng.md,sentence-transformers,1024
667,Logistics và quản lý chuỗi cung ứng,"Logistics và quản lý chuỗi cung ứng > XII. KẾ HOẠCH ĐÀO TẠO > 1.2. HỌC KỲ 2 > Kinh tế vĩ mô _(Macroeconomics)_
- Mã học phần: 414023
- Số tín chỉ: 3",XII. KẾ HOẠCH ĐÀO TẠO,1.2. HỌC KỲ 2,Kinh tế vĩ mô _(Macroeconomics)_,,Logistics và quản lý chuỗi cung ứng > XII. KẾ HOẠCH ĐÀO TẠO > 1.2. HỌC KỲ 2 > Kinh tế vĩ mô _(Macroeconomics)_,data/processed/Logistics và quản lý chuỗi cung ứng.md,Logistics và quản lý chuỗi cung ứng,markdown,data/processed/Logistics và quản lý chuỗi cung ứng.md,sentence-transformers,1024
668,Logistics và quản lý chuỗi cung ứng,"Logistics và quản lý chuỗi cung ứng > XII. KẾ HOẠCH ĐÀO TẠO > 1.2. HỌC KỲ 2 > Nguyên lý kế toán _(Principles of Accounting)_
- Mã học phần: 413005
- Số tín chỉ: 2",XII. KẾ HOẠCH ĐÀO TẠO,1.2. HỌC KỲ 2,Nguyên lý kế toán _(Principles of Accounting)_,,Logistics và quản lý chuỗi cung ứng > XII. KẾ HOẠCH ĐÀO TẠO > 1.2. HỌC KỲ 2 > Nguyên lý kế toán _(Principles of Accounting)_,data/processed/Logistics và quản lý chuỗi cung ứng.md,Logistics và quản lý chuỗi cung ứng,markdown,data/processed/Logistics và quản lý chuỗi cung ứng.md,sentence-transformers,1024
669,Logistics và quản lý chuỗi cung ứng,"Logistics và quản lý chuỗi cung ứng > XII. KẾ HOẠCH ĐÀO TẠO > 1.2. HỌC KỲ 2 > Luật kinh tế _(Economics Law)_
- Mã học phần: 411002
- Số tín chỉ: 2",XII. KẾ HOẠCH ĐÀO TẠO,1.2. HỌC KỲ 2,Luật kinh tế _(Economics Law)_,,Logistics và quản lý chuỗi cung ứng > XII. KẾ HOẠCH ĐÀO TẠO > 1.2. HỌC KỲ 2 > Luật kinh tế _(Economics Law)_,data/processed/Logistics và quản lý chuỗi cung ứng.md,Logistics và quản lý chuỗi cung ứng,markdown,data/processed/Logistics và quản lý chuỗi cung ứng.md,sentence-transformers,1024
670,Logistics và quản lý chuỗi cung ứng,"Logistics và quản lý chuỗi cung ứng > XII. KẾ HOẠCH ĐÀO TẠO > 1.2. HỌC KỲ 2 > Xác suất thống kê _(Probability & Statistics)_
- Mã học phần: 001212
- Số tín chỉ: 3",XII. KẾ HOẠCH ĐÀO TẠO,1.2. HỌC KỲ 2,Xác suất thống kê _(Probability & Statistics)_,,Logistics và quản lý chuỗi cung ứng > XII. KẾ HOẠCH ĐÀO TẠO > 1.2. HỌC KỲ 2 > Xác suất thống kê _(Probability & Statistics)_,data/processed/Logistics và quản lý chuỗi cung ứng.md,Logistics và quản lý chuỗi cung ứng,markdown,data/processed/Logistics và quản lý chuỗi cung ứng.md,sentence-transformers,1024
671,Logistics và quản lý chuỗi cung ứng,"Logistics và quản lý chuỗi cung ứng > XII. KẾ HOẠCH ĐÀO TẠO > 1.2. HỌC KỲ 2 > Nhập môn Logistics & Quản lý Chuỗi cung ứng _(Introduction to Logistics & Supply Chain Management)_
- Mã học phần: 419001
- Số tín chỉ: 3",XII. KẾ HOẠCH ĐÀO TẠO,1.2. HỌC KỲ 2,Nhập môn Logistics & Quản lý Chuỗi cung ứng _(Introduction to Logistics & Supply Chain Management)_,,Logistics và quản lý chuỗi cung ứng > XII. KẾ HOẠCH ĐÀO TẠO > 1.2. HỌC KỲ 2 > Nhập môn Logistics & Quản lý Chuỗi cung ứng _(Introduction to Logistics & Supply Chain Management)_,data/processed/Logistics và quản lý chuỗi cung ứng.md,Logistics và quản lý chuỗi cung ứng,markdown,data/processed/Logistics và quản lý chuỗi cung ứng.md,sentence-transformers,1024
672,Logistics và quản lý chuỗi cung ứng,"Logistics và quản lý chuỗi cung ứng > XII. KẾ HOẠCH ĐÀO TẠO > 1.3. HỌC KỲ 3
Tổng số tín chỉ tích lũy: 16 tín chỉ",XII. KẾ HOẠCH ĐÀO TẠO,1.3. HỌC KỲ 3,,,Logistics và quản lý chuỗi cung ứng > XII. KẾ HOẠCH ĐÀO TẠO > 1.3. HỌC KỲ 3,data/processed/Logistics và quản lý chuỗi cung ứng.md,Logistics và quản lý chuỗi cung ứng,markdown,data/processed/Logistics và quản lý chuỗi cung ứng.md,sentence-transformers,1024
673,Logistics và quản lý chuỗi cung ứng,"Logistics và quản lý chuỗi cung ứng > XII. KẾ HOẠCH ĐÀO TẠO > 1.3. HỌC KỲ 3 > Kinh tế chính trị Mác–Lênin _(Political economics of Marxism and Leninism)_
- Mã học phần: 005106
- Số tín chỉ: 2",XII. KẾ HOẠCH ĐÀO TẠO,1.3. HỌC KỲ 3,Kinh tế chính trị Mác–Lênin _(Political economics of Marxism and Leninism)_,,Logistics và quản lý chuỗi cung ứng > XII. KẾ HOẠCH ĐÀO TẠO > 1.3. HỌC KỲ 3 > Kinh tế chính trị Mác–Lênin _(Political economics of Marxism and Leninism)_,data/processed/Logistics và quản lý chuỗi cung ứng.md,Logistics và quản lý chuỗi cung ứng,markdown,data/processed/Logistics và quản lý chuỗi cung ứng.md,sentence-transformers,1024
674,Logistics và quản lý chuỗi cung ứng,"Logistics và quản lý chuỗi cung ứng > XII. KẾ HOẠCH ĐÀO TẠO > 1.3. HỌC KỲ 3 > Nguyên lý thống kê _(Principles of Statistics)_
- Mã học phần: 414005
- Số tín chỉ: 2",XII. KẾ HOẠCH ĐÀO TẠO,1.3. HỌC KỲ 3,Nguyên lý thống kê _(Principles of Statistics)_,,Logistics và quản lý chuỗi cung ứng > XII. KẾ HOẠCH ĐÀO TẠO > 1.3. HỌC KỲ 3 > Nguyên lý thống kê _(Principles of Statistics)_,data/processed/Logistics và quản lý chuỗi cung ứng.md,Logistics và quản lý chuỗi cung ứng,markdown,data/processed/Logistics và quản lý chuỗi cung ứng.md,sentence-transformers,1024
675,Logistics và quản lý chuỗi cung ứng,"Logistics và quản lý chuỗi cung ứng > XII. KẾ HOẠCH ĐÀO TẠO > 1.3. HỌC KỲ 3 > Thanh toán quốc tế _(International Payment)_
- Mã học phần: 413008
- Số tín chỉ: 2",XII. KẾ HOẠCH ĐÀO TẠO,1.3. HỌC KỲ 3,Thanh toán quốc tế _(International Payment)_,,Logistics và quản lý chuỗi cung ứng > XII. KẾ HOẠCH ĐÀO TẠO > 1.3. HỌC KỲ 3 > Thanh toán quốc tế _(International Payment)_,data/processed/Logistics và quản lý chuỗi cung ứng.md,Logistics và quản lý chuỗi cung ứng,markdown,data/processed/Logistics và quản lý chuỗi cung ứng.md,sentence-transformers,1024
676,Logistics và quản lý chuỗi cung ứng,"Logistics và quản lý chuỗi cung ứng > XII. KẾ HOẠCH ĐÀO TẠO > 1.3. HỌC KỲ 3 > Luật vận tải _(Transport Regulations)_
- Mã học phần: 416019
- Số tín chỉ: 3",XII. KẾ HOẠCH ĐÀO TẠO,1.3. HỌC KỲ 3,Luật vận tải _(Transport Regulations)_,,Logistics và quản lý chuỗi cung ứng > XII. KẾ HOẠCH ĐÀO TẠO > 1.3. HỌC KỲ 3 > Luật vận tải _(Transport Regulations)_,data/processed/Logistics và quản lý chuỗi cung ứng.md,Logistics và quản lý chuỗi cung ứng,markdown,data/processed/Logistics và quản lý chuỗi cung ứng.md,sentence-transformers,1024
677,Logistics và quản lý chuỗi cung ứng,"Logistics và quản lý chuỗi cung ứng > XII. KẾ HOẠCH ĐÀO TẠO > 1.3. HỌC KỲ 3 > Toán kinh tế _(Economics Mathematics)_
- Mã học phần: 001211
- Số tín chỉ: 2",XII. KẾ HOẠCH ĐÀO TẠO,1.3. HỌC KỲ 3,Toán kinh tế _(Economics Mathematics)_,,Logistics và quản lý chuỗi cung ứng > XII. KẾ HOẠCH ĐÀO TẠO > 1.3. HỌC KỲ 3 > Toán kinh tế _(Economics Mathematics)_,data/processed/Logistics và quản lý chuỗi cung ứng.md,Logistics và quản lý chuỗi cung ứng,markdown,data/processed/Logistics và quản lý chuỗi cung ứng.md,sentence-transformers,1024
678,Logistics và quản lý chuỗi cung ứng,"Logistics và quản lý chuỗi cung ứng > XII. KẾ HOẠCH ĐÀO TẠO > 1.3. HỌC KỲ 3 > Thương mại điện tử _(E-commerce)_
- Mã học phần: 416002
- Số tín chỉ: 2",XII. KẾ HOẠCH ĐÀO TẠO,1.3. HỌC KỲ 3,Thương mại điện tử _(E-commerce)_,,Logistics và quản lý chuỗi cung ứng > XII. KẾ HOẠCH ĐÀO TẠO > 1.3. HỌC KỲ 3 > Thương mại điện tử _(E-commerce)_,data/processed/Logistics và quản lý chuỗi cung ứng.md,Logistics và quản lý chuỗi cung ứng,markdown,data/processed/Logistics và quản lý chuỗi cung ứng.md,sentence-transformers,1024
679,Logistics và quản lý chuỗi cung ứng,"Logistics và quản lý chuỗi cung ứng > XII. KẾ HOẠCH ĐÀO TẠO > 1.3. HỌC KỲ 3 > Kinh tế vận tải và Logistics _(Transport Economics and Logistics)_
- Mã học phần: 414021
- Số tín chỉ: 3",XII. KẾ HOẠCH ĐÀO TẠO,1.3. HỌC KỲ 3,Kinh tế vận tải và Logistics _(Transport Economics and Logistics)_,,Logistics và quản lý chuỗi cung ứng > XII. KẾ HOẠCH ĐÀO TẠO > 1.3. HỌC KỲ 3 > Kinh tế vận tải và Logistics _(Transport Economics and Logistics)_,data/processed/Logistics và quản lý chuỗi cung ứng.md,Logistics và quản lý chuỗi cung ứng,markdown,data/processed/Logistics và quản lý chuỗi cung ứng.md,sentence-transformers,1024
680,Logistics và quản lý chuỗi cung ứng,"Logistics và quản lý chuỗi cung ứng > XII. KẾ HOẠCH ĐÀO TẠO > 1.4. HỌC KỲ 4
Tổng số tín chỉ tích lũy: 16 tín chỉ",XII. KẾ HOẠCH ĐÀO TẠO,1.4. HỌC KỲ 4,,,Logistics và quản lý chuỗi cung ứng > XII. KẾ HOẠCH ĐÀO TẠO > 1.4. HỌC KỲ 4,data/processed/Logistics và quản lý chuỗi cung ứng.md,Logistics và quản lý chuỗi cung ứng,markdown,data/processed/Logistics và quản lý chuỗi cung ứng.md,sentence-transformers,1024
681,Logistics và quản lý chuỗi cung ứng,"Logistics và quản lý chuỗi cung ứng > XII. KẾ HOẠCH ĐÀO TẠO > 1.4. HỌC KỲ 4 > Chủ nghĩa xã hội khoa học _(Scientific Socialism)_
- Mã học phần: 005107
- Số tín chỉ: 2",XII. KẾ HOẠCH ĐÀO TẠO,1.4. HỌC KỲ 4,Chủ nghĩa xã hội khoa học _(Scientific Socialism)_,,Logistics và quản lý chuỗi cung ứng > XII. KẾ HOẠCH ĐÀO TẠO > 1.4. HỌC KỲ 4 > Chủ nghĩa xã hội khoa học _(Scientific Socialism)_,data/processed/Logistics và quản lý chuỗi cung ứng.md,Logistics và quản lý chuỗi cung ứng,markdown,data/processed/Logistics và quản lý chuỗi cung ứng.md,sentence-transformers,1024
682,Logistics và quản lý chuỗi cung ứng,"Logistics và quản lý chuỗi cung ứng > XII. KẾ HOẠCH ĐÀO TẠO > 1.4. HỌC KỲ 4 > Lý thuyết dự báo kinh tế _(Economics Forecasting Models)_
- Mã học phần: 412005
- Số tín chỉ: 2",XII. KẾ HOẠCH ĐÀO TẠO,1.4. HỌC KỲ 4,Lý thuyết dự báo kinh tế _(Economics Forecasting Models)_,,Logistics và quản lý chuỗi cung ứng > XII. KẾ HOẠCH ĐÀO TẠO > 1.4. HỌC KỲ 4 > Lý thuyết dự báo kinh tế _(Economics Forecasting Models)_,data/processed/Logistics và quản lý chuỗi cung ứng.md,Logistics và quản lý chuỗi cung ứng,markdown,data/processed/Logistics và quản lý chuỗi cung ứng.md,sentence-transformers,1024
683,Logistics và quản lý chuỗi cung ứng,"Logistics và quản lý chuỗi cung ứng > XII. KẾ HOẠCH ĐÀO TẠO > 1.4. HỌC KỲ 4 > Quản trị Marketing _(Marketing Management)_
- Mã học phần: 416012
- Số tín chỉ: 2",XII. KẾ HOẠCH ĐÀO TẠO,1.4. HỌC KỲ 4,Quản trị Marketing _(Marketing Management)_,,Logistics và quản lý chuỗi cung ứng > XII. KẾ HOẠCH ĐÀO TẠO > 1.4. HỌC KỲ 4 > Quản trị Marketing _(Marketing Management)_,data/processed/Logistics và quản lý chuỗi cung ứng.md,Logistics và quản lý chuỗi cung ứng,markdown,data/processed/Logistics và quản lý chuỗi cung ứng.md,sentence-transformers,1024
684,Logistics và quản lý chuỗi cung ứng,"Logistics và quản lý chuỗi cung ứng > XII. KẾ HOẠCH ĐÀO TẠO > 1.4. HỌC KỲ 4 > Quản trị logistics _(Logistics Management)_
- Mã học phần: 416033
- Số tín chỉ: 3",XII. KẾ HOẠCH ĐÀO TẠO,1.4. HỌC KỲ 4,Quản trị logistics _(Logistics Management)_,,Logistics và quản lý chuỗi cung ứng > XII. KẾ HOẠCH ĐÀO TẠO > 1.4. HỌC KỲ 4 > Quản trị logistics _(Logistics Management)_,data/processed/Logistics và quản lý chuỗi cung ứng.md,Logistics và quản lý chuỗi cung ứng,markdown,data/processed/Logistics và quản lý chuỗi cung ứng.md,sentence-transformers,1024
685,Logistics và quản lý chuỗi cung ứng,"Logistics và quản lý chuỗi cung ứng > XII. KẾ HOẠCH ĐÀO TẠO > 1.4. HỌC KỲ 4 > Khai thác vận tải _(Transport Operation)_
- Mã học phần: 416004
- Số tín chỉ: 3",XII. KẾ HOẠCH ĐÀO TẠO,1.4. HỌC KỲ 4,Khai thác vận tải _(Transport Operation)_,,Logistics và quản lý chuỗi cung ứng > XII. KẾ HOẠCH ĐÀO TẠO > 1.4. HỌC KỲ 4 > Khai thác vận tải _(Transport Operation)_,data/processed/Logistics và quản lý chuỗi cung ứng.md,Logistics và quản lý chuỗi cung ứng,markdown,data/processed/Logistics và quản lý chuỗi cung ứng.md,sentence-transformers,1024
686,Logistics và quản lý chuỗi cung ứng,"Logistics và quản lý chuỗi cung ứng > XII. KẾ HOẠCH ĐÀO TẠO > 1.4. HỌC KỲ 4 > TKMH Khai thác vận tải _(Transport Operation Assignment)_
- Mã học phần: 418026
- Số tín chỉ: 1",XII. KẾ HOẠCH ĐÀO TẠO,1.4. HỌC KỲ 4,TKMH Khai thác vận tải _(Transport Operation Assignment)_,,Logistics và quản lý chuỗi cung ứng > XII. KẾ HOẠCH ĐÀO TẠO > 1.4. HỌC KỲ 4 > TKMH Khai thác vận tải _(Transport Operation Assignment)_,data/processed/Logistics và quản lý chuỗi cung ứng.md,Logistics và quản lý chuỗi cung ứng,markdown,data/processed/Logistics và quản lý chuỗi cung ứng.md,sentence-transformers,1024
687,Logistics và quản lý chuỗi cung ứng,"Logistics và quản lý chuỗi cung ứng > XII. KẾ HOẠCH ĐÀO TẠO > 1.4. HỌC KỲ 4 > Quản trị vận hành và sản xuất _(Production & Operations Management)_
- Mã học phần: 416037
- Số tín chỉ: 3",XII. KẾ HOẠCH ĐÀO TẠO,1.4. HỌC KỲ 4,Quản trị vận hành và sản xuất _(Production & Operations Management)_,,Logistics và quản lý chuỗi cung ứng > XII. KẾ HOẠCH ĐÀO TẠO > 1.4. HỌC KỲ 4 > Quản trị vận hành và sản xuất _(Production & Operations Management)_,data/processed/Logistics và quản lý chuỗi cung ứng.md,Logistics và quản lý chuỗi cung ứng,markdown,data/processed/Logistics và quản lý chuỗi cung ứng.md,sentence-transformers,1024
688,Logistics và quản lý chuỗi cung ứng,"Logistics và quản lý chuỗi cung ứng > XII. KẾ HOẠCH ĐÀO TẠO > 1.5. HỌC KỲ 5
Tổng số tín chỉ tích lũy: 17 tín chỉ",XII. KẾ HOẠCH ĐÀO TẠO,1.5. HỌC KỲ 5,,,Logistics và quản lý chuỗi cung ứng > XII. KẾ HOẠCH ĐÀO TẠO > 1.5. HỌC KỲ 5,data/processed/Logistics và quản lý chuỗi cung ứng.md,Logistics và quản lý chuỗi cung ứng,markdown,data/processed/Logistics và quản lý chuỗi cung ứng.md,sentence-transformers,1024
689,Logistics và quản lý chuỗi cung ứng,"Logistics và quản lý chuỗi cung ứng > XII. KẾ HOẠCH ĐÀO TẠO > 1.5. HỌC KỲ 5 > Học phần bắt buộc Kỳ 5 > Lịch sử ĐCS VN _(History of Vietnamese Communist Party)_
- Mã học phần: 005108
- Số tín chỉ: 2
- Loại học phần: Học phần bắt buộc",XII. KẾ HOẠCH ĐÀO TẠO,1.5. HỌC KỲ 5,Học phần bắt buộc Kỳ 5,Lịch sử ĐCS VN _(History of Vietnamese Communist Party)_,Logistics và quản lý chuỗi cung ứng > XII. KẾ HOẠCH ĐÀO TẠO > 1.5. HỌC KỲ 5 > Học phần bắt buộc Kỳ 5 > Lịch sử ĐCS VN _(History of Vietnamese Communist Party)_,data/processed/Logistics và quản lý chuỗi cung ứng.md,Logistics và quản lý chuỗi cung ứng,markdown,data/processed/Logistics và quản lý chuỗi cung ứng.md,sentence-transformers,1024
690,Logistics và quản lý chuỗi cung ứng,"Logistics và quản lý chuỗi cung ứng > XII. KẾ HOẠCH ĐÀO TẠO > 1.5. HỌC KỲ 5 > Học phần bắt buộc Kỳ 5 > Quản trị nhân sự _(Human Resources Management)_
- Mã học phần: 414024
- Số tín chỉ: 3
- Loại học phần: Học phần bắt buộc",XII. KẾ HOẠCH ĐÀO TẠO,1.5. HỌC KỲ 5,Học phần bắt buộc Kỳ 5,Quản trị nhân sự _(Human Resources Management)_,Logistics và quản lý chuỗi cung ứng > XII. KẾ HOẠCH ĐÀO TẠO > 1.5. HỌC KỲ 5 > Học phần bắt buộc Kỳ 5 > Quản trị nhân sự _(Human Resources Management)_,data/processed/Logistics và quản lý chuỗi cung ứng.md,Logistics và quản lý chuỗi cung ứng,markdown,data/processed/Logistics và quản lý chuỗi cung ứng.md,sentence-transformers,1024
691,Logistics và quản lý chuỗi cung ứng,"Logistics và quản lý chuỗi cung ứng > XII. KẾ HOẠCH ĐÀO TẠO > 1.5. HỌC KỲ 5 > Học phần bắt buộc Kỳ 5 > Quản trị Chuỗi cung ứng _(Supply Chain Management)_
- Mã học phần: 416005
- Số tín chỉ: 3
- Loại học phần: Học phần bắt buộc",XII. KẾ HOẠCH ĐÀO TẠO,1.5. HỌC KỲ 5,Học phần bắt buộc Kỳ 5,Quản trị Chuỗi cung ứng _(Supply Chain Management)_,Logistics và quản lý chuỗi cung ứng > XII. KẾ HOẠCH ĐÀO TẠO > 1.5. HỌC KỲ 5 > Học phần bắt buộc Kỳ 5 > Quản trị Chuỗi cung ứng _(Supply Chain Management)_,data/processed/Logistics và quản lý chuỗi cung ứng.md,Logistics và quản lý chuỗi cung ứng,markdown,data/processed/Logistics và quản lý chuỗi cung ứng.md,sentence-transformers,1024
692,Logistics và quản lý chuỗi cung ứng,"Logistics và quản lý chuỗi cung ứng > XII. KẾ HOẠCH ĐÀO TẠO > 1.5. HỌC KỲ 5 > Học phần bắt buộc Kỳ 5 > TKMH Quản trị Chuỗi cung ứng _(Supply Chain Management Assignment)_
- Mã học phần: 416006
- Số tín chỉ: 1
- Loại học phần: Học phần bắt buộc",XII. KẾ HOẠCH ĐÀO TẠO,1.5. HỌC KỲ 5,Học phần bắt buộc Kỳ 5,TKMH Quản trị Chuỗi cung ứng _(Supply Chain Management Assignment)_,Logistics và quản lý chuỗi cung ứng > XII. KẾ HOẠCH ĐÀO TẠO > 1.5. HỌC KỲ 5 > Học phần bắt buộc Kỳ 5 > TKMH Quản trị Chuỗi cung ứng _(Supply Chain Management Assignment)_,data/processed/Logistics và quản lý chuỗi cung ứng.md,Logistics và quản lý chuỗi cung ứng,markdown,data/processed/Logistics và quản lý chuỗi cung ứng.md,sentence-transformers,1024
693,Logistics và quản lý chuỗi cung ứng,"Logistics và quản lý chuỗi cung ứng > XII. KẾ HOẠCH ĐÀO TẠO > 1.5. HỌC KỲ 5 > Học phần bắt buộc Kỳ 5 > Quản trị mua hàng _(Procurement Management)_
- Mã học phần: 416030
- Số tín chỉ: 2
- Loại học phần: Học phần bắt buộc",XII. KẾ HOẠCH ĐÀO TẠO,1.5. HỌC KỲ 5,Học phần bắt buộc Kỳ 5,Quản trị mua hàng _(Procurement Management)_,Logistics và quản lý chuỗi cung ứng > XII. KẾ HOẠCH ĐÀO TẠO > 1.5. HỌC KỲ 5 > Học phần bắt buộc Kỳ 5 > Quản trị mua hàng _(Procurement Management)_,data/processed/Logistics và quản lý chuỗi cung ứng.md,Logistics và quản lý chuỗi cung ứng,markdown,data/processed/Logistics và quản lý chuỗi cung ứng.md,sentence-transformers,1024
694,Logistics và quản lý chuỗi cung ứng,"Logistics và quản lý chuỗi cung ứng > XII. KẾ HOẠCH ĐÀO TẠO > 1.5. HỌC KỲ 5 > Học phần bắt buộc Kỳ 5 > Quản trị chất lượng _(Quality Management)_
- Mã học phần: 419009
- Số tín chỉ: 3
- Loại học phần: Học phần bắt buộc

---",XII. KẾ HOẠCH ĐÀO TẠO,1.5. HỌC KỲ 5,Học phần bắt buộc Kỳ 5,Quản trị chất lượng _(Quality Management)_,Logistics và quản lý chuỗi cung ứng > XII. KẾ HOẠCH ĐÀO TẠO > 1.5. HỌC KỲ 5 > Học phần bắt buộc Kỳ 5 > Quản trị chất lượng _(Quality Management)_,data/processed/Logistics và quản lý chuỗi cung ứng.md,Logistics và quản lý chuỗi cung ứng,markdown,data/processed/Logistics và quản lý chuỗi cung ứng.md,sentence-transformers,1024
695,Logistics và quản lý chuỗi cung ứng,"Logistics và quản lý chuỗi cung ứng > XII. KẾ HOẠCH ĐÀO TẠO > 1.5. HỌC KỲ 5 > Học phần tự chọn Kỳ 5
_(Sinh viên chọn 2 trong 4 học phần sau)_",XII. KẾ HOẠCH ĐÀO TẠO,1.5. HỌC KỲ 5,Học phần tự chọn Kỳ 5,,Logistics và quản lý chuỗi cung ứng > XII. KẾ HOẠCH ĐÀO TẠO > 1.5. HỌC KỲ 5 > Học phần tự chọn Kỳ 5,data/processed/Logistics và quản lý chuỗi cung ứng.md,Logistics và quản lý chuỗi cung ứng,markdown,data/processed/Logistics và quản lý chuỗi cung ứng.md,sentence-transformers,1024
696,Logistics và quản lý chuỗi cung ứng,"Logistics và quản lý chuỗi cung ứng > XII. KẾ HOẠCH ĐÀO TẠO > 1.5. HỌC KỲ 5 > Học phần tự chọn Kỳ 5 > Kinh doanh quốc tế _(International Business)_
- Mã học phần: 416001
- Số tín chỉ: 2
- Loại học phần: Học phần tự chọn",XII. KẾ HOẠCH ĐÀO TẠO,1.5. HỌC KỲ 5,Học phần tự chọn Kỳ 5,Kinh doanh quốc tế _(International Business)_,Logistics và quản lý chuỗi cung ứng > XII. KẾ HOẠCH ĐÀO TẠO > 1.5. HỌC KỲ 5 > Học phần tự chọn Kỳ 5 > Kinh doanh quốc tế _(International Business)_,data/processed/Logistics và quản lý chuỗi cung ứng.md,Logistics và quản lý chuỗi cung ứng,markdown,data/processed/Logistics và quản lý chuỗi cung ứng.md,sentence-transformers,1024
697,Logistics và quản lý chuỗi cung ứng,"Logistics và quản lý chuỗi cung ứng > XII. KẾ HOẠCH ĐÀO TẠO > 1.5. HỌC KỲ 5 > Học phần tự chọn Kỳ 5 > Nghiệp vụ thuế _(Taxation Technique)_
- Mã học phần: 413017
- Số tín chỉ: 2
- Loại học phần: Học phần tự chọn",XII. KẾ HOẠCH ĐÀO TẠO,1.5. HỌC KỲ 5,Học phần tự chọn Kỳ 5,Nghiệp vụ thuế _(Taxation Technique)_,Logistics và quản lý chuỗi cung ứng > XII. KẾ HOẠCH ĐÀO TẠO > 1.5. HỌC KỲ 5 > Học phần tự chọn Kỳ 5 > Nghiệp vụ thuế _(Taxation Technique)_,data/processed/Logistics và quản lý chuỗi cung ứng.md,Logistics và quản lý chuỗi cung ứng,markdown,data/processed/Logistics và quản lý chuỗi cung ứng.md,sentence-transformers,1024
698,Logistics và quản lý chuỗi cung ứng,"Logistics và quản lý chuỗi cung ứng > XII. KẾ HOẠCH ĐÀO TẠO > 1.5. HỌC KỲ 5 > Học phần tự chọn Kỳ 5 > Thị trường chứng khoán _(Stocks Market)_
- Mã học phần: 413009
- Số tín chỉ: 2
- Loại học phần: Học phần tự chọn",XII. KẾ HOẠCH ĐÀO TẠO,1.5. HỌC KỲ 5,Học phần tự chọn Kỳ 5,Thị trường chứng khoán _(Stocks Market)_,Logistics và quản lý chuỗi cung ứng > XII. KẾ HOẠCH ĐÀO TẠO > 1.5. HỌC KỲ 5 > Học phần tự chọn Kỳ 5 > Thị trường chứng khoán _(Stocks Market)_,data/processed/Logistics và quản lý chuỗi cung ứng.md,Logistics và quản lý chuỗi cung ứng,markdown,data/processed/Logistics và quản lý chuỗi cung ứng.md,sentence-transformers,1024
699,Logistics và quản lý chuỗi cung ứng,"Logistics và quản lý chuỗi cung ứng > XII. KẾ HOẠCH ĐÀO TẠO > 1.5. HỌC KỲ 5 > Học phần tự chọn Kỳ 5 > Nghiệp vụ Ngoại thương _(Foreign Trade Technique)_
- Mã học phần: 413030
- Số tín chỉ: 2
- Loại học phần: Học phần tự chọn",XII. KẾ HOẠCH ĐÀO TẠO,1.5. HỌC KỲ 5,Học phần tự chọn Kỳ 5,Nghiệp vụ Ngoại thương _(Foreign Trade Technique)_,Logistics và quản lý chuỗi cung ứng > XII. KẾ HOẠCH ĐÀO TẠO > 1.5. HỌC KỲ 5 > Học phần tự chọn Kỳ 5 > Nghiệp vụ Ngoại thương _(Foreign Trade Technique)_,data/processed/Logistics và quản lý chuỗi cung ứng.md,Logistics và quản lý chuỗi cung ứng,markdown,data/processed/Logistics và quản lý chuỗi cung ứng.md,sentence-transformers,1024
700,Logistics và quản lý chuỗi cung ứng,"Logistics và quản lý chuỗi cung ứng > XII. KẾ HOẠCH ĐÀO TẠO > 1.6. HỌC KỲ 6
Tổng số tín chỉ tích lũy: 17 tín chỉ",XII. KẾ HOẠCH ĐÀO TẠO,1.6. HỌC KỲ 6,,,Logistics và quản lý chuỗi cung ứng > XII. KẾ HOẠCH ĐÀO TẠO > 1.6. HỌC KỲ 6,data/processed/Logistics và quản lý chuỗi cung ứng.md,Logistics và quản lý chuỗi cung ứng,markdown,data/processed/Logistics và quản lý chuỗi cung ứng.md,sentence-transformers,1024
701,Logistics và quản lý chuỗi cung ứng,"Logistics và quản lý chuỗi cung ứng > XII. KẾ HOẠCH ĐÀO TẠO > 1.6. HỌC KỲ 6 > Học phần bắt buộc học kỳ 6 > Tư tưởng Hồ Chí Minh _(Ho Chi Minh’s Ideology)_
- Mã học phần: 005102
- Số tín chỉ: 2
- Loại học phần: Học phần bắt buộc",XII. KẾ HOẠCH ĐÀO TẠO,1.6. HỌC KỲ 6,Học phần bắt buộc học kỳ 6,Tư tưởng Hồ Chí Minh _(Ho Chi Minh’s Ideology)_,Logistics và quản lý chuỗi cung ứng > XII. KẾ HOẠCH ĐÀO TẠO > 1.6. HỌC KỲ 6 > Học phần bắt buộc học kỳ 6 > Tư tưởng Hồ Chí Minh _(Ho Chi Minh’s Ideology)_,data/processed/Logistics và quản lý chuỗi cung ứng.md,Logistics và quản lý chuỗi cung ứng,markdown,data/processed/Logistics và quản lý chuỗi cung ứng.md,sentence-transformers,1024
702,Logistics và quản lý chuỗi cung ứng,"Logistics và quản lý chuỗi cung ứng > XII. KẾ HOẠCH ĐÀO TẠO > 1.6. HỌC KỲ 6 > Học phần bắt buộc học kỳ 6 > Quản trị tài chính doanh nghiệp _(Financial Management)_
- Mã học phần: 413015
- Số tín chỉ: 3
- Loại học phần: Học phần bắt buộc",XII. KẾ HOẠCH ĐÀO TẠO,1.6. HỌC KỲ 6,Học phần bắt buộc học kỳ 6,Quản trị tài chính doanh nghiệp _(Financial Management)_,Logistics và quản lý chuỗi cung ứng > XII. KẾ HOẠCH ĐÀO TẠO > 1.6. HỌC KỲ 6 > Học phần bắt buộc học kỳ 6 > Quản trị tài chính doanh nghiệp _(Financial Management)_,data/processed/Logistics và quản lý chuỗi cung ứng.md,Logistics và quản lý chuỗi cung ứng,markdown,data/processed/Logistics và quản lý chuỗi cung ứng.md,sentence-transformers,1024
703,Logistics và quản lý chuỗi cung ứng,"Logistics và quản lý chuỗi cung ứng > XII. KẾ HOẠCH ĐÀO TẠO > 1.6. HỌC KỲ 6 > Học phần bắt buộc học kỳ 6 > Quản trị phân phối _(Distribution Management)_
- Mã học phần: 419004
- Số tín chỉ: 3
- Loại học phần: Học phần bắt buộc",XII. KẾ HOẠCH ĐÀO TẠO,1.6. HỌC KỲ 6,Học phần bắt buộc học kỳ 6,Quản trị phân phối _(Distribution Management)_,Logistics và quản lý chuỗi cung ứng > XII. KẾ HOẠCH ĐÀO TẠO > 1.6. HỌC KỲ 6 > Học phần bắt buộc học kỳ 6 > Quản trị phân phối _(Distribution Management)_,data/processed/Logistics và quản lý chuỗi cung ứng.md,Logistics và quản lý chuỗi cung ứng,markdown,data/processed/Logistics và quản lý chuỗi cung ứng.md,sentence-transformers,1024
704,Logistics và quản lý chuỗi cung ứng,"Logistics và quản lý chuỗi cung ứng > XII. KẾ HOẠCH ĐÀO TẠO > 1.6. HỌC KỲ 6 > Học phần bắt buộc học kỳ 6 > Quản trị kho hàng và tồn kho _(Inventory & Warehousing Management)_
- Mã học phần: 416038
- Số tín chỉ: 3
- Loại học phần: Học phần bắt buộc",XII. KẾ HOẠCH ĐÀO TẠO,1.6. HỌC KỲ 6,Học phần bắt buộc học kỳ 6,Quản trị kho hàng và tồn kho _(Inventory & Warehousing Management)_,Logistics và quản lý chuỗi cung ứng > XII. KẾ HOẠCH ĐÀO TẠO > 1.6. HỌC KỲ 6 > Học phần bắt buộc học kỳ 6 > Quản trị kho hàng và tồn kho _(Inventory & Warehousing Management)_,data/processed/Logistics và quản lý chuỗi cung ứng.md,Logistics và quản lý chuỗi cung ứng,markdown,data/processed/Logistics và quản lý chuỗi cung ứng.md,sentence-transformers,1024
705,Logistics và quản lý chuỗi cung ứng,"Logistics và quản lý chuỗi cung ứng > XII. KẾ HOẠCH ĐÀO TẠO > 1.6. HỌC KỲ 6 > Học phần bắt buộc học kỳ 6 > Thực tập chuyên môn _(Internship)_
- Mã học phần: 419009
- Số tín chỉ: 2
- Loại học phần: Học phần bắt buộc",XII. KẾ HOẠCH ĐÀO TẠO,1.6. HỌC KỲ 6,Học phần bắt buộc học kỳ 6,Thực tập chuyên môn _(Internship)_,Logistics và quản lý chuỗi cung ứng > XII. KẾ HOẠCH ĐÀO TẠO > 1.6. HỌC KỲ 6 > Học phần bắt buộc học kỳ 6 > Thực tập chuyên môn _(Internship)_,data/processed/Logistics và quản lý chuỗi cung ứng.md,Logistics và quản lý chuỗi cung ứng,markdown,data/processed/Logistics và quản lý chuỗi cung ứng.md,sentence-transformers,1024
706,Logistics và quản lý chuỗi cung ứng,"Logistics và quản lý chuỗi cung ứng > XII. KẾ HOẠCH ĐÀO TẠO > 1.6. HỌC KỲ 6 > Học phần tự chọn học kỳ 6
_(Sinh viên chọn 2 trong 4 học phần sau)_",XII. KẾ HOẠCH ĐÀO TẠO,1.6. HỌC KỲ 6,Học phần tự chọn học kỳ 6,,Logistics và quản lý chuỗi cung ứng > XII. KẾ HOẠCH ĐÀO TẠO > 1.6. HỌC KỲ 6 > Học phần tự chọn học kỳ 6,data/processed/Logistics và quản lý chuỗi cung ứng.md,Logistics và quản lý chuỗi cung ứng,markdown,data/processed/Logistics và quản lý chuỗi cung ứng.md,sentence-transformers,1024
707,Logistics và quản lý chuỗi cung ứng,"Logistics và quản lý chuỗi cung ứng > XII. KẾ HOẠCH ĐÀO TẠO > 1.6. HỌC KỲ 6 > Học phần tự chọn học kỳ 6 > Bảo hiểm vận tải _(Transportation Insurance)_
- Mã học phần: 412015
- Số tín chỉ: 2
- Loại học phần: Học phần tự chọn",XII. KẾ HOẠCH ĐÀO TẠO,1.6. HỌC KỲ 6,Học phần tự chọn học kỳ 6,Bảo hiểm vận tải _(Transportation Insurance)_,Logistics và quản lý chuỗi cung ứng > XII. KẾ HOẠCH ĐÀO TẠO > 1.6. HỌC KỲ 6 > Học phần tự chọn học kỳ 6 > Bảo hiểm vận tải _(Transportation Insurance)_,data/processed/Logistics và quản lý chuỗi cung ứng.md,Logistics và quản lý chuỗi cung ứng,markdown,data/processed/Logistics và quản lý chuỗi cung ứng.md,sentence-transformers,1024
708,Logistics và quản lý chuỗi cung ứng,"Logistics và quản lý chuỗi cung ứng > XII. KẾ HOẠCH ĐÀO TẠO > 1.6. HỌC KỲ 6 > Học phần tự chọn học kỳ 6 > Giao nhận hàng hóa và khai báo hải quan _(Delivery of Goods and Customs Clearance)_
- Mã học phần: 416035
- Số tín chỉ: 2
- Loại học phần: Học phần tự chọn",XII. KẾ HOẠCH ĐÀO TẠO,1.6. HỌC KỲ 6,Học phần tự chọn học kỳ 6,Giao nhận hàng hóa và khai báo hải quan _(Delivery of Goods and Customs Clearance)_,Logistics và quản lý chuỗi cung ứng > XII. KẾ HOẠCH ĐÀO TẠO > 1.6. HỌC KỲ 6 > Học phần tự chọn học kỳ 6 > Giao nhận hàng hóa và khai báo hải quan _(Delivery of Goods and Customs Clearance)_,data/processed/Logistics và quản lý chuỗi cung ứng.md,Logistics và quản lý chuỗi cung ứng,markdown,data/processed/Logistics và quản lý chuỗi cung ứng.md,sentence-transformers,1024
709,Logistics và quản lý chuỗi cung ứng,"Logistics và quản lý chuỗi cung ứng > XII. KẾ HOẠCH ĐÀO TẠO > 1.6. HỌC KỲ 6 > Học phần tự chọn học kỳ 6 > Dịch vụ khách hàng _(Customer Services)_
- Mã học phần: 416031
- Số tín chỉ: 2
- Loại học phần: Học phần tự chọn",XII. KẾ HOẠCH ĐÀO TẠO,1.6. HỌC KỲ 6,Học phần tự chọn học kỳ 6,Dịch vụ khách hàng _(Customer Services)_,Logistics và quản lý chuỗi cung ứng > XII. KẾ HOẠCH ĐÀO TẠO > 1.6. HỌC KỲ 6 > Học phần tự chọn học kỳ 6 > Dịch vụ khách hàng _(Customer Services)_,data/processed/Logistics và quản lý chuỗi cung ứng.md,Logistics và quản lý chuỗi cung ứng,markdown,data/processed/Logistics và quản lý chuỗi cung ứng.md,sentence-transformers,1024
710,Logistics và quản lý chuỗi cung ứng,"Logistics và quản lý chuỗi cung ứng > XII. KẾ HOẠCH ĐÀO TẠO > 1.6. HỌC KỲ 6 > Học phần tự chọn học kỳ 6 > Quản trị chiến lược _(Strategic Management)_
- Mã học phần: 416020
- Số tín chỉ: 2
- Loại học phần: Học phần tự chọn",XII. KẾ HOẠCH ĐÀO TẠO,1.6. HỌC KỲ 6,Học phần tự chọn học kỳ 6,Quản trị chiến lược _(Strategic Management)_,Logistics và quản lý chuỗi cung ứng > XII. KẾ HOẠCH ĐÀO TẠO > 1.6. HỌC KỲ 6 > Học phần tự chọn học kỳ 6 > Quản trị chiến lược _(Strategic Management)_,data/processed/Logistics và quản lý chuỗi cung ứng.md,Logistics và quản lý chuỗi cung ứng,markdown,data/processed/Logistics và quản lý chuỗi cung ứng.md,sentence-transformers,1024
711,Logistics và quản lý chuỗi cung ứng,"Logistics và quản lý chuỗi cung ứng > XII. KẾ HOẠCH ĐÀO TẠO > 1.7. HỌC KỲ 7
Tổng số tín chỉ tích lũy: 15 tín chỉ",XII. KẾ HOẠCH ĐÀO TẠO,1.7. HỌC KỲ 7,,,Logistics và quản lý chuỗi cung ứng > XII. KẾ HOẠCH ĐÀO TẠO > 1.7. HỌC KỲ 7,data/processed/Logistics và quản lý chuỗi cung ứng.md,Logistics và quản lý chuỗi cung ứng,markdown,data/processed/Logistics và quản lý chuỗi cung ứng.md,sentence-transformers,1024
712,Logistics và quản lý chuỗi cung ứng,"Logistics và quản lý chuỗi cung ứng > XII. KẾ HOẠCH ĐÀO TẠO > 1.7. HỌC KỲ 7 > Học phần bắt buộc kỳ 7 > Hệ thống thông tin logistics _(Logistics Information System)_
- Mã học phần: 416013
- Số tín chỉ: 2
- Loại học phần: Học phần bắt buộc",XII. KẾ HOẠCH ĐÀO TẠO,1.7. HỌC KỲ 7,Học phần bắt buộc kỳ 7,Hệ thống thông tin logistics _(Logistics Information System)_,Logistics và quản lý chuỗi cung ứng > XII. KẾ HOẠCH ĐÀO TẠO > 1.7. HỌC KỲ 7 > Học phần bắt buộc kỳ 7 > Hệ thống thông tin logistics _(Logistics Information System)_,data/processed/Logistics và quản lý chuỗi cung ứng.md,Logistics và quản lý chuỗi cung ứng,markdown,data/processed/Logistics và quản lý chuỗi cung ứng.md,sentence-transformers,1024
713,Logistics và quản lý chuỗi cung ứng,"Logistics và quản lý chuỗi cung ứng > XII. KẾ HOẠCH ĐÀO TẠO > 1.7. HỌC KỲ 7 > Học phần bắt buộc kỳ 7 > Quản lý chi phí chuỗi cung ứng _(Supply Chain Cost Management)_
- Mã học phần: 419008
- Số tín chỉ: 2
- Loại học phần: Học phần bắt buộc",XII. KẾ HOẠCH ĐÀO TẠO,1.7. HỌC KỲ 7,Học phần bắt buộc kỳ 7,Quản lý chi phí chuỗi cung ứng _(Supply Chain Cost Management)_,Logistics và quản lý chuỗi cung ứng > XII. KẾ HOẠCH ĐÀO TẠO > 1.7. HỌC KỲ 7 > Học phần bắt buộc kỳ 7 > Quản lý chi phí chuỗi cung ứng _(Supply Chain Cost Management)_,data/processed/Logistics và quản lý chuỗi cung ứng.md,Logistics và quản lý chuỗi cung ứng,markdown,data/processed/Logistics và quản lý chuỗi cung ứng.md,sentence-transformers,1024
714,Logistics và quản lý chuỗi cung ứng,"Logistics và quản lý chuỗi cung ứng > XII. KẾ HOẠCH ĐÀO TẠO > 1.7. HỌC KỲ 7 > Học phần bắt buộc kỳ 7 > Quản trị rủi ro _(Risk Management)_
- Mã học phần: 414014
- Số tín chỉ: 2
- Loại học phần: Học phần bắt buộc",XII. KẾ HOẠCH ĐÀO TẠO,1.7. HỌC KỲ 7,Học phần bắt buộc kỳ 7,Quản trị rủi ro _(Risk Management)_,Logistics và quản lý chuỗi cung ứng > XII. KẾ HOẠCH ĐÀO TẠO > 1.7. HỌC KỲ 7 > Học phần bắt buộc kỳ 7 > Quản trị rủi ro _(Risk Management)_,data/processed/Logistics và quản lý chuỗi cung ứng.md,Logistics và quản lý chuỗi cung ứng,markdown,data/processed/Logistics và quản lý chuỗi cung ứng.md,sentence-transformers,1024
715,Logistics và quản lý chuỗi cung ứng,"Logistics và quản lý chuỗi cung ứng > XII. KẾ HOẠCH ĐÀO TẠO > 1.7. HỌC KỲ 7 > Học phần bắt buộc kỳ 7 > Phân tích hoạt động kinh doanh _(Business Operation Analysis)_
- Mã học phần: 414040
- Số tín chỉ: 3
- Loại học phần: Học phần bắt buộc",XII. KẾ HOẠCH ĐÀO TẠO,1.7. HỌC KỲ 7,Học phần bắt buộc kỳ 7,Phân tích hoạt động kinh doanh _(Business Operation Analysis)_,Logistics và quản lý chuỗi cung ứng > XII. KẾ HOẠCH ĐÀO TẠO > 1.7. HỌC KỲ 7 > Học phần bắt buộc kỳ 7 > Phân tích hoạt động kinh doanh _(Business Operation Analysis)_,data/processed/Logistics và quản lý chuỗi cung ứng.md,Logistics và quản lý chuỗi cung ứng,markdown,data/processed/Logistics và quản lý chuỗi cung ứng.md,sentence-transformers,1024
716,Logistics và quản lý chuỗi cung ứng,"Logistics và quản lý chuỗi cung ứng > XII. KẾ HOẠCH ĐÀO TẠO > 1.7. HỌC KỲ 7 > Học phần bắt buộc kỳ 7 > Quản trị hợp đồng _(Contract Management)_
- Mã học phần: 419003
- Số tín chỉ: 2
- Loại học phần: Học phần bắt buộc",XII. KẾ HOẠCH ĐÀO TẠO,1.7. HỌC KỲ 7,Học phần bắt buộc kỳ 7,Quản trị hợp đồng _(Contract Management)_,Logistics và quản lý chuỗi cung ứng > XII. KẾ HOẠCH ĐÀO TẠO > 1.7. HỌC KỲ 7 > Học phần bắt buộc kỳ 7 > Quản trị hợp đồng _(Contract Management)_,data/processed/Logistics và quản lý chuỗi cung ứng.md,Logistics và quản lý chuỗi cung ứng,markdown,data/processed/Logistics và quản lý chuỗi cung ứng.md,sentence-transformers,1024
717,Logistics và quản lý chuỗi cung ứng,"Logistics và quản lý chuỗi cung ứng > XII. KẾ HOẠCH ĐÀO TẠO > 1.7. HỌC KỲ 7 > Học phần tự chọn kỳ 7 > Quản trị dự án logistics & chuỗi cung ứng _(Managing Logistics & SCM Projects)_
- Mã học phần: 419007
- Số tín chỉ: 2
- Loại học phần: Học phần tự chọn",XII. KẾ HOẠCH ĐÀO TẠO,1.7. HỌC KỲ 7,Học phần tự chọn kỳ 7,Quản trị dự án logistics & chuỗi cung ứng _(Managing Logistics & SCM Projects)_,Logistics và quản lý chuỗi cung ứng > XII. KẾ HOẠCH ĐÀO TẠO > 1.7. HỌC KỲ 7 > Học phần tự chọn kỳ 7 > Quản trị dự án logistics & chuỗi cung ứng _(Managing Logistics & SCM Projects)_,data/processed/Logistics và quản lý chuỗi cung ứng.md,Logistics và quản lý chuỗi cung ứng,markdown,data/processed/Logistics và quản lý chuỗi cung ứng.md,sentence-transformers,1024
718,Logistics và quản lý chuỗi cung ứng,"Logistics và quản lý chuỗi cung ứng > XII. KẾ HOẠCH ĐÀO TẠO > 1.7. HỌC KỲ 7 > Học phần tự chọn kỳ 7 > Giao nhận và vận chuyển hàng nguy hiểm _(Delivery of Dangerous Goods)_
- Mã học phần: 416025
- Số tín chỉ: 2
- Loại học phần: Học phần tự chọn",XII. KẾ HOẠCH ĐÀO TẠO,1.7. HỌC KỲ 7,Học phần tự chọn kỳ 7,Giao nhận và vận chuyển hàng nguy hiểm _(Delivery of Dangerous Goods)_,Logistics và quản lý chuỗi cung ứng > XII. KẾ HOẠCH ĐÀO TẠO > 1.7. HỌC KỲ 7 > Học phần tự chọn kỳ 7 > Giao nhận và vận chuyển hàng nguy hiểm _(Delivery of Dangerous Goods)_,data/processed/Logistics và quản lý chuỗi cung ứng.md,Logistics và quản lý chuỗi cung ứng,markdown,data/processed/Logistics và quản lý chuỗi cung ứng.md,sentence-transformers,1024
719,Logistics và quản lý chuỗi cung ứng,"Logistics và quản lý chuỗi cung ứng > XII. KẾ HOẠCH ĐÀO TẠO > 1.8. HỌC KỲ 8
Tổng số tín chỉ tích lũy: 09 tín chỉ",XII. KẾ HOẠCH ĐÀO TẠO,1.8. HỌC KỲ 8,,,Logistics và quản lý chuỗi cung ứng > XII. KẾ HOẠCH ĐÀO TẠO > 1.8. HỌC KỲ 8,data/processed/Logistics và quản lý chuỗi cung ứng.md,Logistics và quản lý chuỗi cung ứng,markdown,data/processed/Logistics và quản lý chuỗi cung ứng.md,sentence-transformers,1024
720,Logistics và quản lý chuỗi cung ứng,"Logistics và quản lý chuỗi cung ứng > XII. KẾ HOẠCH ĐÀO TẠO > 1.8. HỌC KỲ 8 > Học phần bắt buộc kỳ 8 > Thực tập tốt nghiệp _(Final Internship)_
- Mã học phần: 419011
- Số tín chỉ: 3
- Loại học phần: Học phần bắt buộc",XII. KẾ HOẠCH ĐÀO TẠO,1.8. HỌC KỲ 8,Học phần bắt buộc kỳ 8,Thực tập tốt nghiệp _(Final Internship)_,Logistics và quản lý chuỗi cung ứng > XII. KẾ HOẠCH ĐÀO TẠO > 1.8. HỌC KỲ 8 > Học phần bắt buộc kỳ 8 > Thực tập tốt nghiệp _(Final Internship)_,data/processed/Logistics và quản lý chuỗi cung ứng.md,Logistics và quản lý chuỗi cung ứng,markdown,data/processed/Logistics và quản lý chuỗi cung ứng.md,sentence-transformers,1024
721,Logistics và quản lý chuỗi cung ứng,"Logistics và quản lý chuỗi cung ứng > XII. KẾ HOẠCH ĐÀO TẠO > 1.8. HỌC KỲ 8 > Học phần tự chọn kỳ 8
_(Sinh viên bắt buộc chọn 1 trong 2 học phần sau)_",XII. KẾ HOẠCH ĐÀO TẠO,1.8. HỌC KỲ 8,Học phần tự chọn kỳ 8,,Logistics và quản lý chuỗi cung ứng > XII. KẾ HOẠCH ĐÀO TẠO > 1.8. HỌC KỲ 8 > Học phần tự chọn kỳ 8,data/processed/Logistics và quản lý chuỗi cung ứng.md,Logistics và quản lý chuỗi cung ứng,markdown,data/processed/Logistics và quản lý chuỗi cung ứng.md,sentence-transformers,1024
722,Logistics và quản lý chuỗi cung ứng,"Logistics và quản lý chuỗi cung ứng > XII. KẾ HOẠCH ĐÀO TẠO > 1.8. HỌC KỲ 8 > Học phần tự chọn kỳ 8 > Tự chọn 1 > Luận văn tốt nghiệp _(Thesis)_
- Mã học phần: 419012
- Số tín chỉ: 6
- Loại học phần: Học phần tự chọn",XII. KẾ HOẠCH ĐÀO TẠO,1.8. HỌC KỲ 8,Học phần tự chọn kỳ 8,Tự chọn 1,Logistics và quản lý chuỗi cung ứng > XII. KẾ HOẠCH ĐÀO TẠO > 1.8. HỌC KỲ 8 > Học phần tự chọn kỳ 8 > Tự chọn 1 > Luận văn tốt nghiệp _(Thesis)_,data/processed/Logistics và quản lý chuỗi cung ứng.md,Logistics và quản lý chuỗi cung ứng,markdown,data/processed/Logistics và quản lý chuỗi cung ứng.md,sentence-transformers,1024
723,Logistics và quản lý chuỗi cung ứng,"Logistics và quản lý chuỗi cung ứng > XII. KẾ HOẠCH ĐÀO TẠO > 1.8. HỌC KỲ 8 > Học phần tự chọn kỳ 8 > Tự chọn 2 > Chuyên đề tốt nghiệp _(Thematic Project)_
- Mã học phần: 419013
- Số tín chỉ: 2
- Loại học phần: Học phần tự chọn",XII. KẾ HOẠCH ĐÀO TẠO,1.8. HỌC KỲ 8,Học phần tự chọn kỳ 8,Tự chọn 2,Logistics và quản lý chuỗi cung ứng > XII. KẾ HOẠCH ĐÀO TẠO > 1.8. HỌC KỲ 8 > Học phần tự chọn kỳ 8 > Tự chọn 2 > Chuyên đề tốt nghiệp _(Thematic Project)_,data/processed/Logistics và quản lý chuỗi cung ứng.md,Logistics và quản lý chuỗi cung ứng,markdown,data/processed/Logistics và quản lý chuỗi cung ứng.md,sentence-transformers,1024
724,Logistics và quản lý chuỗi cung ứng,"Logistics và quản lý chuỗi cung ứng > XII. KẾ HOẠCH ĐÀO TẠO > 1.8. HỌC KỲ 8 > Học phần theo nhóm chuyên sâu
_Chọn 4 tín chỉ trong số các học phần theo nhóm chuyên sâu_",XII. KẾ HOẠCH ĐÀO TẠO,1.8. HỌC KỲ 8,Học phần theo nhóm chuyên sâu,,Logistics và quản lý chuỗi cung ứng > XII. KẾ HOẠCH ĐÀO TẠO > 1.8. HỌC KỲ 8 > Học phần theo nhóm chuyên sâu,data/processed/Logistics và quản lý chuỗi cung ứng.md,Logistics và quản lý chuỗi cung ứng,markdown,data/processed/Logistics và quản lý chuỗi cung ứng.md,sentence-transformers,1024
725,Logistics và quản lý chuỗi cung ứng,"Logistics và quản lý chuỗi cung ứng > XII. KẾ HOẠCH ĐÀO TẠO > 1.8. HỌC KỲ 8 > Học phần theo nhóm chuyên sâu > Nhóm chuyên sâu 1: Logistics chuyên sâu > Logistics vận tải biển _(Shipping Logistics)_
- Mã học phần: 416026
- Số tín chỉ: 2
- Nhóm: Logistics chuyên sâu",XII. KẾ HOẠCH ĐÀO TẠO,1.8. HỌC KỲ 8,Học phần theo nhóm chuyên sâu,Nhóm chuyên sâu 1: Logistics chuyên sâu,Logistics và quản lý chuỗi cung ứng > XII. KẾ HOẠCH ĐÀO TẠO > 1.8. HỌC KỲ 8 > Học phần theo nhóm chuyên sâu > Nhóm chuyên sâu 1: Logistics chuyên sâu > Logistics vận tải biển _(Shipping Logistics)_,data/processed/Logistics và quản lý chuỗi cung ứng.md,Logistics và quản lý chuỗi cung ứng,markdown,data/processed/Logistics và quản lý chuỗi cung ứng.md,sentence-transformers,1024
726,Logistics và quản lý chuỗi cung ứng,"Logistics và quản lý chuỗi cung ứng > XII. KẾ HOẠCH ĐÀO TẠO > 1.8. HỌC KỲ 8 > Học phần theo nhóm chuyên sâu > Nhóm chuyên sâu 1: Logistics chuyên sâu > Logistics cảng biển _(Port Logistics)_
- Mã học phần: 416027
- Số tín chỉ: 2
- Nhóm: Logistics chuyên sâu",XII. KẾ HOẠCH ĐÀO TẠO,1.8. HỌC KỲ 8,Học phần theo nhóm chuyên sâu,Nhóm chuyên sâu 1: Logistics chuyên sâu,Logistics và quản lý chuỗi cung ứng > XII. KẾ HOẠCH ĐÀO TẠO > 1.8. HỌC KỲ 8 > Học phần theo nhóm chuyên sâu > Nhóm chuyên sâu 1: Logistics chuyên sâu > Logistics cảng biển _(Port Logistics)_,data/processed/Logistics và quản lý chuỗi cung ứng.md,Logistics và quản lý chuỗi cung ứng,markdown,data/processed/Logistics và quản lý chuỗi cung ứng.md,sentence-transformers,1024
727,Logistics và quản lý chuỗi cung ứng,"Logistics và quản lý chuỗi cung ứng > XII. KẾ HOẠCH ĐÀO TẠO > 1.8. HỌC KỲ 8 > Học phần theo nhóm chuyên sâu > Nhóm chuyên sâu 1: Logistics chuyên sâu > Logistics hàng không _(Air Logistics)_
- Mã học phần: 416028
- Số tín chỉ: 2
- Nhóm: Logistics chuyên sâu",XII. KẾ HOẠCH ĐÀO TẠO,1.8. HỌC KỲ 8,Học phần theo nhóm chuyên sâu,Nhóm chuyên sâu 1: Logistics chuyên sâu,Logistics và quản lý chuỗi cung ứng > XII. KẾ HOẠCH ĐÀO TẠO > 1.8. HỌC KỲ 8 > Học phần theo nhóm chuyên sâu > Nhóm chuyên sâu 1: Logistics chuyên sâu > Logistics hàng không _(Air Logistics)_,data/processed/Logistics và quản lý chuỗi cung ứng.md,Logistics và quản lý chuỗi cung ứng,markdown,data/processed/Logistics và quản lý chuỗi cung ứng.md,sentence-transformers,1024
728,Logistics và quản lý chuỗi cung ứng,"Logistics và quản lý chuỗi cung ứng > XII. KẾ HOẠCH ĐÀO TẠO > 1.8. HỌC KỲ 8 > Học phần theo nhóm chuyên sâu > Nhóm chuyên sâu 2: Chuỗi cung ứng chuyên sâu > Chuỗi cung ứng lạnh _(Cold Supply Chain)_
- Mã học phần: 419014
- Số tín chỉ: 2
- Nhóm: Chuỗi cung ứng chuyên sâu",XII. KẾ HOẠCH ĐÀO TẠO,1.8. HỌC KỲ 8,Học phần theo nhóm chuyên sâu,Nhóm chuyên sâu 2: Chuỗi cung ứng chuyên sâu,Logistics và quản lý chuỗi cung ứng > XII. KẾ HOẠCH ĐÀO TẠO > 1.8. HỌC KỲ 8 > Học phần theo nhóm chuyên sâu > Nhóm chuyên sâu 2: Chuỗi cung ứng chuyên sâu > Chuỗi cung ứng lạnh _(Cold Supply Chain)_,data/processed/Logistics và quản lý chuỗi cung ứng.md,Logistics và quản lý chuỗi cung ứng,markdown,data/processed/Logistics và quản lý chuỗi cung ứng.md,sentence-transformers,1024
729,Logistics và quản lý chuỗi cung ứng,"Logistics và quản lý chuỗi cung ứng > XII. KẾ HOẠCH ĐÀO TẠO > 1.8. HỌC KỲ 8 > Học phần theo nhóm chuyên sâu > Nhóm chuyên sâu 2: Chuỗi cung ứng chuyên sâu > Dịch vụ giá trị gia tăng trong logistics _(Value Added Service in Logistics)_
- Mã học phần: 416029
- Số tín chỉ: 2
- Nhóm: Chuỗi cung ứng chuyên sâu",XII. KẾ HOẠCH ĐÀO TẠO,1.8. HỌC KỲ 8,Học phần theo nhóm chuyên sâu,Nhóm chuyên sâu 2: Chuỗi cung ứng chuyên sâu,Logistics và quản lý chuỗi cung ứng > XII. KẾ HOẠCH ĐÀO TẠO > 1.8. HỌC KỲ 8 > Học phần theo nhóm chuyên sâu > Nhóm chuyên sâu 2: Chuỗi cung ứng chuyên sâu > Dịch vụ giá trị gia tăng trong logistics _(Value Added Service in Logistics)_,data/processed/Logistics và quản lý chuỗi cung ứng.md,Logistics và quản lý chuỗi cung ứng,markdown,data/processed/Logistics và quản lý chuỗi cung ứng.md,sentence-transformers,1024
730,Logistics và quản lý chuỗi cung ứng,"Logistics và quản lý chuỗi cung ứng > XII. KẾ HOẠCH ĐÀO TẠO > 1.8. HỌC KỲ 8 > Học phần theo nhóm chuyên sâu > Nhóm chuyên sâu 2: Chuỗi cung ứng chuyên sâu > Quản trị chuỗi cung ứng ngành bán lẻ _(Supply Chain Management for Retail)_
- Mã học phần: 419015
- Số tín chỉ: 2
- Nhóm: Chuỗi cung ứng chuyên sâu",XII. KẾ HOẠCH ĐÀO TẠO,1.8. HỌC KỲ 8,Học phần theo nhóm chuyên sâu,Nhóm chuyên sâu 2: Chuỗi cung ứng chuyên sâu,Logistics và quản lý chuỗi cung ứng > XII. KẾ HOẠCH ĐÀO TẠO > 1.8. HỌC KỲ 8 > Học phần theo nhóm chuyên sâu > Nhóm chuyên sâu 2: Chuỗi cung ứng chuyên sâu > Quản trị chuỗi cung ứng ngành bán lẻ _(Supply Chain Management for Retail)_,data/processed/Logistics và quản lý chuỗi cung ứng.md,Logistics và quản lý chuỗi cung ứng,markdown,data/processed/Logistics và quản lý chuỗi cung ứng.md,sentence-transformers,1024
731,Logistics và quản lý chuỗi cung ứng,"Logistics và quản lý chuỗi cung ứng > XIII. HƯỚNG DẪN THỰC HIỆN
- Sinh viên nên đăng ký học theo đúng học kỳ.
- Trường hợp học vượt sinh viên chỉ nên đăng ký những học phần mới sau khi đã tích lũy được các học phần được bố trí trước nó trong kế hoạch đào tạo.
- Dùng cho sinh viên ngành Khai thác vận tải, chuyên ngành Quản trị Logistics và chuỗi cung ứng",XIII. HƯỚNG DẪN THỰC HIỆN,,,,Logistics và quản lý chuỗi cung ứng > XIII. HƯỚNG DẪN THỰC HIỆN,data/processed/Logistics và quản lý chuỗi cung ứng.md,Logistics và quản lý chuỗi cung ứng,markdown,data/processed/Logistics và quản lý chuỗi cung ứng.md,sentence-transformers,1024
732,Logistics và quản lý chuỗi cung ứng,"Logistics và quản lý chuỗi cung ứng > XIII. HƯỚNG DẪN THỰC HIỆN > 1.1. Đối với các đơn vị đào tạo
- Chương trình được áp dụng cho khóa tuyển sinh năm 2022;
- Phải nghiên cứu chương trình đào tạo để tổ chức thực hiện đúng yêu cầu về nội dung của chương trình;
- Phân công giảng viên phụ trách từng học phần và cung cấp chương trình chi tiết cho giảng viên để đảm bảo ổn định kế hoạch giảng dạy;
- Tập huấn cho đội ngũ cố vấn học tập, yêu cầu cố vấn học tập tư vấn toàn bộ chương trình đào tạo theo học chế tín chỉ và hướng dẫn sinh viên đăng ký các học phần;
- Chuẩn bị đầy đủ giáo trình, tài liệu tham khảo và cơ sở vật chất để đảm bảo thực hiện tốt chương trình;
- Cần chú ý đến tính logic của việc truyền đạt và tiếp thu các mảng kiến thức, quy định các học phần tiên quyết cho các học phần bắt buộc và đảm bảo đáp ứng đủ giảng viên để giảng dạy các học phần tự chọn.",XIII. HƯỚNG DẪN THỰC HIỆN,1.1. Đối với các đơn vị đào tạo,,,Logistics và quản lý chuỗi cung ứng > XIII. HƯỚNG DẪN THỰC HIỆN > 1.1. Đối với các đơn vị đào tạo,data/processed/Logistics và quản lý chuỗi cung ứng.md,Logistics và quản lý chuỗi cung ứng,markdown,data/processed/Logistics và quản lý chuỗi cung ứng.md,sentence-transformers,1024
733,Logistics và quản lý chuỗi cung ứng,"Logistics và quản lý chuỗi cung ứng > XIII. HƯỚNG DẪN THỰC HIỆN > 1.2. Đối với giảng viên:
- Giảng viên được phân công giảng dạy một hoặc nhiều đơn vị học phần cần phải nghiên cứu kỹ nội dung đề cương tổng quát/chi tiết của từng học phần để chuẩn bị bài giảng và các trang thiết bị dạy học phù hợp;
- Chuẩn bị đầy đủ giáo trình, tài liệu học tập cung cấp cho sinh viên trước một tuần để sinh viên nghiên cứu trước khi lên lớp;
- Sử dụng đa dạng các phương pháp giảng dạy và học tập theo định hướng của triết lý giáo dục, thực hiện đúng các phương pháp kiểm tra, đánh giá trong đề cương tổng quát;
- Giám sát, đánh giá và cải tiến chất lượng giảng dạy của bản thân thông qua kết quả lấy ý kiến phản hồi về hoạt động giảng dạy của giảng viên;
- Rút kinh nghiệm đối với hoạt động giảng dạy của bản thân để cải tiến chất lượng",XIII. HƯỚNG DẪN THỰC HIỆN,1.2. Đối với giảng viên:,,,Logistics và quản lý chuỗi cung ứng > XIII. HƯỚNG DẪN THỰC HIỆN > 1.2. Đối với giảng viên:,data/processed/Logistics và quản lý chuỗi cung ứng.md,Logistics và quản lý chuỗi cung ứng,markdown,data/processed/Logistics và quản lý chuỗi cung ứng.md,sentence-transformers,1024
734,Logistics và quản lý chuỗi cung ứng,"Logistics và quản lý chuỗi cung ứng > XIII. HƯỚNG DẪN THỰC HIỆN > 1.3. Kiểm tra, đánh giá
- Việc kiểm tra, đánh giá học phần là một công cụ quan trọng cần phải được tổ chức thường xuyên để góp phần nâng cao chất lượng đào tạo nên giảng viên phải thực hiện theo đúng theo quy chế của học chế tín chỉ và đề cương tổng quát/chi tiết;
- Giảng viên và cố vấn học tập phải kiểm soát được chương trình đào tạo suốt quá trình học tập của sinh viên, kể cả ở trên lớp và ở nhà;
- Giảng viên phải kiên quyết ngăn chặn và chống gian lận trong tổ chức thi cử, kiểm tra và đánh giá.",XIII. HƯỚNG DẪN THỰC HIỆN,"1.3. Kiểm tra, đánh giá",,,"Logistics và quản lý chuỗi cung ứng > XIII. HƯỚNG DẪN THỰC HIỆN > 1.3. Kiểm tra, đánh giá",data/processed/Logistics và quản lý chuỗi cung ứng.md,Logistics và quản lý chuỗi cung ứng,markdown,data/processed/Logistics và quản lý chuỗi cung ứng.md,sentence-transformers,1024
735,Logistics và quản lý chuỗi cung ứng,"Logistics và quản lý chuỗi cung ứng > XIII. HƯỚNG DẪN THỰC HIỆN > 1.4. Đối với sinh viên
- Phải nghiên cứu chương trình học tập và tham khảo ý kiến tư vấn của cố vấn học tập để lựa chọn học phần cho phù hợp với tiến độ;
- Xem đề cương tổng quát trên hệ thống trước khi lên lớp để dễ tiếp thu bài giảng;
- Đảm bảo đầy đủ thời gian lên lớp theo quy định để nghe hướng dẫn bài giảng của giảng viên;
- Tự giác trong khâu tự học và tự nghiên cứu đồng thời tích cực tham gia học tập theo nhóm, tham dự đầy đủ các buổi seminar;
- Tích cực khai thác các tài nguyên trên mạng và trong thư viện của trường để phục vụ cho việc tự học, tự nghiên cứu và làm đồ án tốt nghiệp;
- Thực hiện nghiêm túc quy chế thi cử, kiểm tra, đánh giá.",XIII. HƯỚNG DẪN THỰC HIỆN,1.4. Đối với sinh viên,,,Logistics và quản lý chuỗi cung ứng > XIII. HƯỚNG DẪN THỰC HIỆN > 1.4. Đối với sinh viên,data/processed/Logistics và quản lý chuỗi cung ứng.md,Logistics và quản lý chuỗi cung ứng,markdown,data/processed/Logistics và quản lý chuỗi cung ứng.md,sentence-transformers,1024
