question,pipeline_type,llm_answer,has_answer,retrieved_chunks_list,retrieved_chunks_count,target_chunk_id,rank,mrr,hit_rate,recall,recall_preservation_rate,is_processed,is_corrected_by_llm
Tổng số tín chỉ của chương trình đào tạo ngành Logistics và Quản lý Chuỗi cung ứng là bao nhiêu?,metadata,"Tổng số tín chỉ của chương trình đào tạo ngành Logistics và Quản lý Chuỗi cung ứng là 120 tín chỉ.

GIẢI THÍCH CHI TIẾT:  
1) Bước 1: Chương trình đào tạo ngành Logistics và Quản lý Chuỗi cung ứng có tổng số tín chỉ được quy định rõ trong phần ""1.2. Khối lượng kiến thức toàn khóa"" của chương trình đào tạo.  
- Căn cứ: ""Tổng số tín chỉ: 120 tín chỉ"" (vị trí: Logistics và quản lý chuỗi cung ứng > III. CHUẨN ĐẦU RA CHƯƠNG TRÌNH ĐÀO TẠO > 1.2. Khối lượng kiến thức toàn khóa > Tổng số tín chỉ)  

2) Bước 2: Các thành phần khác như kiến thức cơ sở, giáo dục đại cương, kiến thức bổ trợ và chuyên ngành đều được liệt kê, nhưng tổng số tín chỉ toàn khóa được xác định rõ tại phần chuẩn đầu ra, không cần cộng tổng các phần riêng.  
- Căn cứ: ""Tổng số tín chỉ: 120 tín chỉ"" (vị trí: Logistics và quản lý chuỗi cung ứng > III. CHUẨN ĐẦU RA CHƯƠNG TRÌNH ĐÀO TẠO > 1.2. Khối lượng kiến thức toàn khóa > Tổng số tín chỉ)  

3) Bước 3: Các tín chỉ cụ thể như kiến thức cơ sở (30 tín chỉ), giáo dục đại cương (25 tín chỉ), kiến thức bổ trợ (5 tín chỉ) chỉ là thành phần cấu thành, không thay thế cho tổng số tín chỉ toàn khóa được quy định ở đầu chương trình.  
- Căn cứ: ""Tổng số tín chỉ: 30 tín chỉ"" (vị trí: Logistics và quản lý chuỗi cung ứng > XI. NỘI DUNG CHƯƠNG TRÌNH ĐÀO TẠO > Kiến thức cơ sở ngành), ""Tổng số tín chỉ: 25 tín chỉ"" (vị trí: Logistics và quản lý chuỗi cung ứng > XI. NỘI DUNG CHƯƠNG TRÌNH ĐÀO TẠO > Kiến thức giáo dục đại cương), ""Tổng số tín chỉ: 1 tín chỉ"" (vị trí: Logistics và quản lý chuỗi cung ứng > XI. NỘI DUNG CHƯƠNG TRÌNH ĐÀO TẠO > 1.2 Kiến thức bổ trợ > Kỹ năng mềm), ""Tổng số tín chỉ: 4 tín chỉ"" (vị trí: Logistics và quản lý chuỗi cung ứng > XI. NỘI DUNG CHƯƠNG TRÌNH ĐÀO TẠO > 1.2 Kiến thức bổ trợ > Giáo dục thể chất)  

NGUỒN THAM KHẢO:  
- Header/Section: Logistics và quản lý chuỗi cung ứng > III. CHUẨN ĐẦU RA CHƯƠNG TRÌNH ĐÀO TẠO > 1.2. Khối lượng kiến thức toàn khóa > Tổng số tín chỉ  
- Header/Section: Logistics và quản lý chuỗi cung ứng > XI. NỘI DUNG CHƯƠNG TRÌNH ĐÀO TẠO > Kiến thức cơ sở ngành  
- Header/Section: Logistics và quản lý chuỗi cung ứng > XI. NỘI DUNG CHƯƠNG TRÌNH ĐÀO TẠO > Kiến thức giáo dục đại cương  
- Header/Section: Logistics và quản lý chuỗi cung ứng > XI. NỘI DUNG CHƯƠNG TRÌNH ĐÀO TẠO > 1.2 Kiến thức bổ trợ > Kỹ năng mềm  
- Header/Section: Logistics và quản lý chuỗi cung ứng > XI. NỘI DUNG CHƯƠNG TRÌNH ĐÀO TẠO > 1.2 Kiến thức bổ trợ > Giáo dục thể chất",True,"[587, 560, 575, 647, 632, 599, 605, 608, 597, 634]",10,632,5,0.2,1,1,1.0,True,
Chương trình đào tạo ngành Logistics và Quản lý Chuỗi cung ứng có tổng cộng bao nhiêu tín chỉ?,metadata,"Chương trình đào tạo ngành Logistics và Quản lý Chuỗi cung ứng có tổng cộng 120 tín chỉ.

GIẢI THÍCH CHI TIẾT:  
1) Bước 1: Chương trình đào tạo ngành Logistics và Quản lý Chuỗi cung ứng có tổng số tín chỉ được nêu rõ trong phần ""Tổng số tín chỉ"" của chuẩn đầu ra chương trình.  
- Căn cứ: ""Tổng số tín chỉ: 120 tín chỉ"" (vị trí: Logistics và quản lý chuỗi cung ứng > III. CHUẨN ĐẦU RA CHƯƠNG TRÌNH ĐÀO TẠO > 1.2. Khối lượng kiến thức toàn khóa > Tổng số tín chỉ)  

2) Bước 2: Phần này xác định tổng số tín chỉ toàn khóa, bao gồm cả kiến thức cơ sở, chuyên ngành và bổ trợ, không có thông tin nào cho thấy tổng tín chỉ khác.  
- Căn cứ: ""Tổng số tín chỉ: 120 tín chỉ"" (vị trí: Logistics và quản lý chuỗi cung ứng > III. CHUẨN ĐẦU RA CHƯƠNG TRÌNH ĐÀO TẠO > 1.2. Khối lượng kiến thức toàn khóa > Tổng số tín chỉ)  

NGUỒN THAM KHẢO:  
- Header/Section: Logistics và quản lý chuỗi cung ứng > III. CHUẨN ĐẦU RA CHƯƠNG TRÌNH ĐÀO TẠO > 1.2. Khối lượng kiến thức toàn khóa > Tổng số tín chỉ",True,"[587, 599, 558, 560, 605, 608, 634, 639, 637, 623]",10,560,4,0.25,1,1,1.0,True,True
Tổng khối lượng tín chỉ mà sinh viên ngành Logistics và Quản lý Chuỗi cung ứng cần hoàn thành là bao nhiêu?,metadata,"Tổng khối lượng tín chỉ là 120 tín chỉ.  

GIẢI THÍCH CHI TIẾT:  
1) Bước 1: Tổng số tín chỉ chương trình được nêu rõ trong phần ""Tổng số tín chỉ"" của khối lượng kiến thức toàn khóa.  
- Căn cứ: ""Tổng số tín chỉ: 120 tín chỉ"" (phần ""Logistics và quản lý chuỗi cung ứng > III. CHUẨN ĐẦU RA CHƯƠNG TRÌNH ĐÀO TẠO > 1.2. Khối lượng kiến thức toàn khóa"")  

2) Bước 2: Không cần tính toán hoặc tổng hợp các học phần cụ thể vì tổng tín chỉ đã được nêu trực tiếp trong cấu trúc chương trình.  
- Căn cứ: ""Tổng số tín chỉ: 120 tín chỉ"" (cùng phần trên)  

NGUỒN THAM KHẢO:  
- Header/Section: ""Logistics và quản lý chuỗi cung ứng > III. CHUẨN ĐẦU RA CHƯƠNG TRÌNH ĐÀO TẠO > 1.2. Khối lượng kiến thức toàn khóa""",True,"[560, 558, 559, 587, 557, 630, 605, 600, 632, 614]",10,632,9,0.1111111111111111,1,1,1.0,True,
Ngành Logistics và Quản lý Chuỗi cung ứng yêu cầu tích lũy tổng số tín chỉ là bao nhiêu?,metadata,"Ngành Logistics và Quản lý Chuỗi cung ứng yêu cầu tích lũy tổng số tín chỉ là 120 tín chỉ.  

GIẢI THÍCH CHI TIẾT:  
1) Bước 1: Chương trình đào tạo yêu cầu tổng số tín chỉ toàn khóa là 120 tín chỉ, được nêu rõ trong khối lượng kiến thức toàn khóa.  
- Căn cứ: ""Tổng số tín chỉ: 120 tín chỉ"" (phần ""CHUẨN ĐẦU RA CHƯƠNG TRÌNH ĐÀO TẠO > 1.2. Khối lượng kiến thức toàn khóa"")  

2) Bước 2: Đây là tổng khối lượng kiến thức toàn khóa của chương trình, bao gồm kiến thức cơ sở ngành (30 tín chỉ) và các học phần chuyên ngành khác.  
- Căn cứ: ""Tổng số tín chỉ: 120 tín chỉ"" (phần ""CHUẨN ĐẦU RA CHƯƠNG TRÌNH ĐÀO TẠO > 1.2. Khối lượng kiến thức toàn khóa"")  

NGUỒN THAM KHẢO:  
- Header/Section: CHUẨN ĐẦU RA CHƯƠNG TRÌNH ĐÀO TẠO > 1.2. Khối lượng kiến thức toàn khóa",True,"[587, 554, 615, 560, 594, 620, 608, 605, 629, 558]",10,560,4,0.25,1,1,1.0,True,True
Số lượng tín chỉ của chương trình đào tạo ngành Logistics và Quản lý Chuỗi cung ứng được quy định là bao nhiêu?,metadata,"Số lượng tín chỉ của chương trình đào tạo ngành Logistics và Quản lý Chuỗi cung ứng được quy định là 120 tín chỉ.

GIẢI THÍCH CHI TIẾT:  
1) Bước 1: Chương trình đào tạo ngành Logistics và Quản lý Chuỗi cung ứng quy định tổng số tín chỉ là 120 tín chỉ.  
- Căn cứ: ""Tổng số tín chỉ: 120 tín chỉ"" (phần ""Logistics và quản lý chuỗi cung ứng > III. CHUẨN ĐẦU RA CHƯƠNG TRÌNH ĐÀO TẠO > 1.2. Khối lượng kiến thức toàn khóa"")  

2) Bước 2: Các học phần khác như kiến thức cơ sở, chuyên ngành, bổ trợ được liệt kê nhưng không vượt quá tổng số tín chỉ quy định, do đó không ảnh hưởng đến tổng số tín chỉ toàn khóa.  
- Căn cứ: ""Tổng số tín chỉ: 30 tín chỉ"" (phần ""Kiến thức cơ sở ngành"") – đây chỉ là một phần trong tổng số, không thay đổi tổng tín chỉ toàn khóa.  

3) Bước 3: Không có thông tin nào trong CONTEXT cho thấy tổng tín chỉ bị điều chỉnh hoặc thay đổi, nên tổng tín chỉ vẫn giữ nguyên là 120.  
- Căn cứ: ""Tổng số tín chỉ: 120 tín chỉ"" (phần ""Logistics và quản lý chuỗi cung ứng > III. CHUẨN ĐẦU RA CHƯƠNG TRÌNH ĐÀO TẠO > 1.2. Khối lượng kiến thức toàn khóa"")  

NGUỒN THAM KHẢO:  
- Header/Section: ""Logistics và quản lý chuỗi cung ứng > III. CHUẨN ĐẦU RA CHƯƠNG TRÌNH ĐÀO TẠO > 1.2. Khối lượng kiến thức toàn khóa""",True,"[560, 590, 587, 607, 605, 608, 591, 645, 650, 634]",10,560,1,1.0,1,1,1.0,True,True
Sinh viên theo học ngành Logistics và Quản lý Chuỗi cung ứng phải hoàn thành bao nhiêu tín chỉ trong toàn bộ chương trình?,metadata,"Sinh viên phải hoàn thành 13 tín chỉ trong toàn bộ chương trình.  

GIẢI THÍCH CHI TIẾT:  
1) Bước 1: Tính tổng tín chỉ của các học phần kiến thức chuyên ngành.  
- Căn cứ: ""Quản trị dự án logistics và chuỗi cung ứng _(Managing Logistics & SCM Projects)_ - Số tín chỉ: 2"" (Kiến thức chuyên ngành)  
- Căn cứ: ""Quản trị Chuỗi cung ứng _(Supply Chain Management)_ - Số tín chỉ: 3"" (Kiến thức chuyên ngành)  
- Căn cứ: ""Quản lý chi phí chuỗi cung ứng _(Supply Chain Cost Management)_ - Số tín chỉ: 2"" (Kiến thức chuyên ngành)  
→ Tổng: 2 + 3 + 2 = 7 tín chỉ.  

2) Bước 2: Tính tổng tín chỉ của các học phần kiến thức bổ trợ (Ngoại ngữ TOEIC).  
- Căn cứ: ""TOEIC 2 - Số tín chỉ: 5"" (1.2 Kiến thức bổ trợ)  
- Căn cứ: ""TOEIC 3 - Số tín chỉ: 5"" (1.2 Kiến thức bổ trợ)  
- Căn cứ: ""TOEIC 4 - Số tín chỉ: 5"" (1.2 Kiến thức bổ trợ)  
- Căn cứ: ""TOEIC 5 - Số tín chỉ: 5"" (1.2 Kiến thức bổ trợ)  
- Căn cứ: ""TOEIC 1 - Số tín chỉ: 4"" (1.2 Kiến thức bổ trợ)  
- Căn cứ: ""TOEIC 6 - Số tín chỉ: 2"" (1.2 Kiến thức bổ trợ)  
→ Tổng: 5 + 5 + 5 + 5 + 4 + 2 = 26 tín chỉ.  

3) Bước 3: Xem xét học phần có tín chỉ được ghi nhận rõ ràng và có điều kiện học trước.  
- Căn cứ: ""TKMH Quản trị Chuỗi cung ứng _(Supply Chain Management Assignment)_ - Số tín chỉ: 1"" (Kiến thức chuyên ngành)  
→ Tăng thêm 1 tín chỉ.  

4) Bước 4: Tổng hợp toàn bộ tín chỉ: 7 (chuyên ngành) + 1 (thành phần phụ) = 8 tín chỉ.  
→ Tuy nhiên, không có thông tin nào cho thấy học phần ngoại ngữ là bắt buộc.  
→ Do đó, chỉ tính các học phần có trong chương trình chính thức.  

→ Kết luận: Không có thông tin nào cho thấy tổng tín chỉ toàn bộ chương trình.  

Tôi không tìm thấy thông tin đủ để trả lời câu hỏi này.  

NGUỒN THAM KHẢO:  
- Kiến thức chuyên ngành  
- 1.2 Kiến thức bổ trợ  
- TOEIC 1, TOEIC 2, TOEIC 3, TOEIC 4, TOEIC 5, TOEIC 6  
- TKMH Quản trị Chuỗi cung ứng",False,"[605, 599, 608, 651, 652, 654, 653, 600, 650, 655]",10,632,0,0.0,0,0,0.0,True,False
Ngành Logistics cấp bằng tốt nghiệp với tên văn bằng là gì?,metadata,"Văn bằng tốt nghiệp được cấp là ""Bằng Cử nhân, Ngành Khai thác vận tải"".

GIẢI THÍCH CHI TIẾT:  
1) Bước 1: Trong phần ""Logistics và quản lý chuỗi cung ứng > VIII. VĂN BẰNG TỐT NGHIỆP"", rõ ràng ghi rằng: ""Văn bằng Cử nhân, Ngành Khai thác vận tải"".  
- Căn cứ: ""Văn bằng Cử nhân, Ngành Khai thác vận tải"" (vị trí: Logistics và quản lý chuỗi cung ứng > VIII. VĂN BẰNG TỐT NGHIỆP)  

2) Bước 2: Không có thông tin nào trong CONTEXT đề cập đến tên văn bằng khác hoặc các loại văn bằng thay thế, do đó không có cơ sở để thay đổi hoặc suy đoán.  
- Căn cứ: Không có thông tin mâu thuẫn hoặc bổ sung khác (vị trí: toàn bộ phần VIII)  

NGUỒN THAM KHẢO:  
- Header/Section: Logistics và quản lý chuỗi cung ứng > VIII. VĂN BẰNG TỐT NGHIỆP",True,"[568, 572, 569, 565, 630, 567, 526, 564, 562, 563]",10,572,2,0.5,1,1,1.0,True,
"Mỗi học kỳ chính, sinh viên đạt học lực từ trung bình trở lên được đăng ký khối lượng học tập tối đa là bao nhiêu tín chỉ?",metadata,"Mỗi học kỳ chính, sinh viên đạt học lực từ trung bình trở lên được đăng ký tối đa 20 tín chỉ.

GIẢI THÍCH CHI TIẾT:  
1) Bước 1: Theo Điều 9 của Chương II, sinh viên xếp loại học tập từ trung bình trở lên được phép đăng ký không vượt quá 20 tín chỉ.  
- Căn cứ: ""Không vượt quá 20 tín chỉ đối với sinh viên xếp loại học tập từ trung bình trở lên"" (Qui_dinh > Điều 9)  

2) Bước 2: Điều này rõ ràng chỉ áp dụng cho sinh viên có học lực từ trung bình trở lên, không có bất kỳ điều kiện nào khác như học lực yếu hoặc cảnh báo.  
- Căn cứ: ""Không vượt quá 20 tín chỉ đối với sinh viên xếp loại học tập từ trung bình trở lên"" (Qui_dinh > Điều 9)  

3) Bước 3: Không có thông tin nào trong CONTEXT cho thấy điều chỉnh khối lượng học tập theo học kỳ cụ thể (như học kỳ 5, 7, 8) đối với nhóm này.  
- Căn cứ: Không có trích dẫn về sự thay đổi theo học kỳ trong điều kiện học lực trung bình trở lên  

NGUỒN THAM KHẢO:  
- Qui_dinh > Điều 9. Đăng ký học phần và khối lượng học tập > 4. Khối lượng học tập tối đa",True,"[472, 470, 473, 165, 474, 338, 156, 159, 160, 133]",10,472,1,1.0,1,1,1.0,True,True
Khối lượng tín chỉ tối đa trong một học kỳ chính đối với sinh viên có học lực từ trung bình trở lên được quy định là bao nhiêu?,metadata,"Khối lượng tín chỉ tối đa trong một học kỳ chính đối với sinh viên có học lực từ trung bình trở lên là 20 tín chỉ.

GIẢI THÍCH CHI TIẾT:  
1) Bước 1: Xác định điều kiện học lực được nhắc đến trong quy định về khối lượng học tập.  
- Căn cứ: ""Không vượt quá 20 tín chỉ đối với sinh viên xếp loại học tập từ trung bình trở lên"" (Điều 9, Chương II).  

2) Bước 2: Xác minh rằng điều này áp dụng cho học kỳ chính, không phải học kỳ phụ.  
- Căn cứ: ""Khối lượng học tập tối đa mà mỗi sinh viên được phép đăng ký trong mỗi học kỳ chính"" (Điều 9, Chương II).  

3) Bước 3: Kết luận rằng học lực từ trung bình trở lên được phép đăng ký tối đa 20 tín chỉ trong học kỳ chính, theo quy định rõ ràng trong văn bản.  

NGUỒN THAM KHẢO:  
- Điều 9, Chương II  
- Qui_dinh > Chương II. LẬP KẾ HOẠCH VÀ TỔ CHỨC GIẢNG DẠY > Điều 9. Đăng ký học phần và khối lượng học tập",True,"[472, 462, 470, 517, 518, 473, 512, 515, 338, 479]",10,472,1,1.0,1,1,1.0,True,True
Sinh viên đạt học lực từ trung bình trở lên có thể đăng ký tối đa bao nhiêu tín chỉ cho mỗi học kỳ chính?,metadata,"Sinh viên đạt học lực từ trung bình trở lên có thể đăng ký tối đa 20 tín chỉ cho mỗi học kỳ chính.

GIẢI THÍCH CHI TIẾT:  
1) Bước 1: Theo Điều 9 của Chương II, khối lượng học tập tối đa cho sinh viên xếp loại học tập từ trung bình trở lên là không vượt quá 20 tín chỉ.  
- Căn cứ: ""Không vượt quá 20 tín chỉ đối với sinh viên xếp loại học tập từ trung bình trở lên"" (Qui_dinh > Điều 9. Đăng ký học phần và khối lượng học tập).  

2) Bước 2: Câu hỏi chỉ hỏi về sinh viên có học lực từ trung bình trở lên, không đề cập đến học lực yếu hoặc cảnh báo, nên không cần xét các điều kiện khác.  
- Căn cứ: Điều 9 quy định rõ phân biệt giữa sinh viên học lực trung bình trở lên và học lực yếu.  

3) Bước 3: Không có thông tin nào trong CONTEXT cho thấy điều chỉnh khối lượng tín chỉ theo học kỳ đầu tiên hoặc học lực cụ thể khác, nên không cần điều chỉnh.  
- Căn cứ: Không có quy định khác về học kỳ đầu tiên hoặc điều chỉnh theo học lực cụ thể trong điều kiện này.  

NGUỒN THAM KHẢO:  
- Qui_dinh > Điều 9. Đăng ký học phần và khối lượng học tập",True,"[472, 517, 515, 518, 470, 473, 338, 328, 464, 457]",10,472,1,1.0,1,1,1.0,True,True
Khối lượng học tập tối đa mỗi học kỳ đối với sinh viên bị cảnh báo học tập là bao nhiêu tín chỉ?,metadata,"Khối lượng học tập tối đa đối với sinh viên bị cảnh báo học tập là 14 tín chỉ.

GIẢI THÍCH CHI TIẾT:  
1) Bước 1: Theo Điều 9 của Chương II, sinh viên bị cảnh báo học tập (học lực yếu hoặc bị cảnh báo học tập) được ưu tiên đăng ký học lại và khối lượng học tập tối đa không vượt quá 14 tín chỉ.  
- Căn cứ: ""Sinh viên xếp loại học tập yếu hoặc bị cảnh báo học tập: ưu tiên đăng ký học lại (nếu có thể) và khối lượng học tập tối đa không vượt quá 14 tín chỉ."" (Điều 9, Chương II)  

2) Bước 2: Điều này xác định rõ mức giới hạn học tập đối với sinh viên bị cảnh báo học tập, không phụ thuộc vào năm học hoặc học kỳ cụ thể.  
- Căn cứ: ""Sinh viên xếp loại học tập yếu hoặc bị cảnh báo học tập: ưu tiên đăng ký học lại (nếu có thể) và khối lượng học tập tối đa không vượt quá 14 tín chỉ."" (Điều 9, Chương II)  

3) Bước 3: Không có thông tin nào trong CONTEXT cho thấy mức học tập khác nhau giữa các nhóm sinh viên bị cảnh báo học tập. Do đó, mức 14 tín chỉ là mức tối đa áp dụng chung.  

NGUỒN THAM KHẢO:  
- Header/Section: Điều 9, Chương II. LẬP KẾ HOẠCH VÀ TỔ CHỨC GIẢNG DẠY",True,"[472, 517, 518, 473, 470, 483, 156, 132, 133, 126]",10,472,1,1.0,1,1,1.0,True,True
Sinh viên thuộc diện cảnh báo học tập được phép đăng ký tối đa bao nhiêu tín chỉ trong mỗi học kỳ?,metadata,"Sinh viên thuộc diện cảnh báo học tập được phép đăng ký tối đa 14 tín chỉ trong mỗi học kỳ.  

GIẢI THÍCH CHI TIẾT:  
1) Bước 1: Xác định điều kiện cảnh báo học tập.  
- Căn cứ: ""Sinh viên xếp loại học tập yếu hoặc bị cảnh báo học tập: ưu tiên đăng ký học lại (nếu có thể) và khối lượng học tập tối đa không vượt quá 14 tín chỉ."" (Qui_dinh > THI VÀ TỔ CHỨC THI KẾT THÚC HỌC PHẦN > Điều 28. Xét học vụ, cảnh báo học tập và buộc thôi học)  

2) Bước 2: Xác định khối lượng học tập tối đa cho sinh viên bị cảnh báo học tập.  
- Căn cứ: ""Sinh viên xếp loại học tập yếu hoặc bị cảnh báo học tập: ưu tiên đăng ký học lại (nếu có thể) và khối lượng học tập tối đa không vượt quá 14 tín chỉ."" (Qui_dinh > CHƯƠNG II. LẬP KẾ HOẠCH VÀ TỔ CHỨC GIẢNG DẠY > Điều 9. Đăng ký học phần và khối lượng học tập)  

NGUỒN THAM KHẢO:  
- Qui_dinh > CHƯƠNG II. LẬP KẾ HOẠCH VÀ TỔ CHỨC GIẢNG DẠY > Điều 9. Đăng ký học phần và khối lượng học tập  
- Qui_dinh > THI VÀ TỔ CHỨC THI KẾT THÚC HỌC PHẦN > Điều 28. Xét học vụ, cảnh báo học tập và buộc thôi học",True,"[518, 517, 472, 483, 473, 464, 471, 458, 470, 466]",10,472,3,0.3333333333333333,1,1,1.0,True,True
"Theo quy định, số tín chỉ tối đa mà sinh viên bị cảnh báo học tập có thể đăng ký trong một học kỳ là bao nhiêu?",metadata,"Số tín chỉ tối đa mà sinh viên bị cảnh báo học tập có thể đăng ký trong một học kỳ là 14 tín chỉ.

GIẢI THÍCH CHI TIẾT:  
1) Bước 1: Theo quy định, sinh viên xếp loại học tập yếu hoặc bị cảnh báo học tập có khối lượng học tập tối đa không vượt quá 14 tín chỉ.  
- Căn cứ: ""Sinh viên xếp loại học tập yếu hoặc bị cảnh báo học tập: ưu tiên đăng ký học lại (nếu có thể) và khối lượng học tập tối đa không vượt quá 14 tín chỉ."" (Điều 9, Chương II)  

2) Bước 2: Điều kiện bị cảnh báo học tập được định nghĩa rõ trong Điều 28, bao gồm điểm trung bình chung học kỳ dưới ngưỡng cụ thể, nhưng không thay đổi giới hạn tín chỉ đăng ký.  
- Căn cứ: ""Sinh viên được cảnh báo học tập khi có một trong các điều kiện sau: b) Điểm trung bình chung học kỳ: Đạt dưới 1.00 đối với các học kỳ tiếp theo"" (Điều 28, Chương II)  

3) Bước 3: Không có quy định nào khác cho sinh viên bị cảnh báo học tập về giới hạn tín chỉ cao hơn 14 tín chỉ, nên giới hạn này vẫn áp dụng.  
- Căn cứ: ""Sinh viên xếp loại học tập yếu hoặc bị cảnh báo học tập: ưu tiên đăng ký học lại (nếu có thể) và khối lượng học tập tối đa không vượt quá 14 tín chỉ."" (Điều 9, Chương II)  

NGUỒN THAM KHẢO:  
- Điều 9, Chương II  
- Điều 28, Chương II",True,"[483, 472, 517, 470, 473, 165, 100, 133, 139, 102]",10,472,2,0.5,1,1,1.0,True,True
Khối lượng học tập tối đa trong một học kỳ đối với sinh viên đang bị cảnh báo học tập được xác định là bao nhiêu tín chỉ?,metadata,"Tôi không tìm thấy thông tin đủ để trả lời câu hỏi này.

GIẢI THÍCH CHI TIẾT:  
1) Bước 1: Context không cung cấp bất kỳ thông tin nào về ""khối lượng học tập tối đa trong một học kỳ đối với sinh viên đang bị cảnh báo học tập"".  
- Căn cứ: ""Không có đoạn văn nào đề cập đến 'cảnh báo học tập' hoặc 'khối lượng học tập tối đa'."" (vị trí: toàn bộ CONTEXT)  

2) Bước 2: Các thông tin về khối lượng học phần được liệt kê theo học kỳ, nhưng đều là tổng số tín chỉ theo học kỳ (ví dụ: 15 tín chỉ cho học kỳ 7), không có giới hạn tối đa được nêu rõ.  
- Căn cứ: ""Học kỳ 7 > Học phần tự chọn > Hệ thống số - Mã học phần: 125002 - Số tín chỉ: 2"" (vị trí: Học kỳ 7 > Học phần tự chọn)  

3) Bước 3: Không có tiêu chí nào trong CONTEXT xác định mức độ cảnh báo học tập hay giới hạn học phần cho sinh viên bị cảnh báo.  
- Căn cứ: ""Không có nội dung nào nói về cảnh báo học tập hoặc khối lượng học tập tối đa."" (vị trí: toàn bộ CONTEXT)  

NGUỒN THAM KHẢO:  
- Header/Section: Học kỳ 7 > Học phần tự chọn  
- Header/Section: Học kỳ 4 > Hệ điều hành  
- Header/Section: Học kỳ 1 > Đại số  
- Header/Section: Học kỳ 1 > Giải tích  
- Header/Section: Học kỳ 7 > Học phần tự chọn > Hệ thống số  
- Header/Section: Mạng máy tính và truyền thông dữ liệu > IV. KẾ HOẠCH HỌC TẬP > Học kỳ 8  
- Header/Section: Mạng máy tính và truyền thông dữ liệu > IV. KẾ HOẠCH HỌC TẬP > Học kỳ 7",False,"[165, 156, 133, 126, 100, 101, 124, 160, 154, 102]",10,507,0,0.0,0,0,0.0,True,False
"Mỗi học kỳ, sinh viên thuộc diện cảnh báo học tập được đăng ký không quá bao nhiêu tín chỉ?",metadata,"Sinh viên thuộc diện cảnh báo học tập được đăng ký không quá 14 tín chỉ.

GIẢI THÍCH CHI TIẾT:  
1) Bước 1: Theo Điều 9 của Chương II, khối lượng học tập tối đa đối với sinh viên xếp loại học tập yếu hoặc bị cảnh báo học tập là không vượt quá 14 tín chỉ.  
- Căn cứ: ""Sinh viên xếp loại học tập yếu hoặc bị cảnh báo học tập: ưu tiên đăng ký học lại (nếu có thể) và khối lượng học tập tối đa không vượt quá 14 tín chỉ."" (Điều 9, Chương II)

2) Bước 2: Điều kiện ""bị cảnh báo học tập"" được nêu rõ trong Điều 28, nhưng không ảnh hưởng đến giới hạn tín chỉ khác ngoài trường hợp học lực yếu.  
- Căn cứ: ""Sinh viên được cảnh báo học tập khi có một trong các điều kiện sau: b) Điểm trung bình chung học kỳ: đạt dưới 0.80 đối với học kỳ đầu tiên..."" (Điều 28, Chương III)

3) Bước 3: Việc bị cảnh báo học tập được coi là thuộc nhóm sinh viên học lực yếu, do đó áp dụng giới hạn tín chỉ 14 tín chỉ như đã nêu trong Điều 9.  
- Căn cứ: ""Sinh viên xếp loại học tập yếu hoặc bị cảnh báo học tập: ưu tiên đăng ký học lại (nếu có thể) và khối lượng học tập tối đa không vượt quá 14 tín chỉ."" (Điều 9, Chương II)

NGUỒN THAM KHẢO:  
- Điều 9, Chương II  
- Điều 28, Chương III",True,"[472, 517, 483, 518, 473, 471, 466, 470, 464, 458]",10,472,1,1.0,1,1,1.0,True,True
Quy định của nhà trường cho phép sinh viên bị cảnh báo học tập đăng ký tối đa bao nhiêu tín chỉ trong một học kỳ?,metadata,"Sinh viên bị cảnh báo học tập được đăng ký tối đa 14 tín chỉ trong một học kỳ.  

GIẢI THÍCH CHI TIẾT:  
1) Bước 1: Quy định về khối lượng học tập tối đa cho sinh viên bị cảnh báo học tập được nêu rõ trong Điều 9, mục 4 của Chương II.  
- Căn cứ: ""Sinh viên xếp loại học tập yếu hoặc bị cảnh báo học tập: ưu tiên đăng ký học lại (nếu có thể) và khối lượng học tập tối đa không vượt quá 14 tín chỉ."" (Điều 9, mục 4)  

2) Bước 2: Điều này xác định rõ ràng rằng sinh viên bị cảnh báo học tập (dù không nói cụ thể về điều kiện điểm trung bình) được giới hạn tối đa 14 tín chỉ, phù hợp với câu hỏi.  
- Căn cứ: ""Sinh viên xếp loại học tập yếu hoặc bị cảnh báo học tập: ưu tiên đăng ký học lại (nếu có thể) và khối lượng học tập tối đa không vượt quá 14 tín chỉ."" (Điều 9, mục 4)  

NGUỒN THAM KHẢO:  
- Header/Section: Điều 9, mục 4 của Chương II. LẬP KẾ HOẠCH VÀ TỔ CHỨC GIẢNG DẠY",True,"[483, 458, 470, 472, 518, 473, 517, 165, 156, 159]",10,472,4,0.25,1,1,1.0,True,True
Những môn học nào không tính vào khối lượng tín chỉ tích lũy nhưng là điều kiện để xét tốt nghiệp theo quy định của trường?,metadata,"Môn học Giáo dục quốc phòng – An ninh, Giáo dục thể chất, Tiếng Anh tổng quát, Tiếng Anh Hàng hải và các học phần bồi trợ khác không tính vào khối lượng tín chỉ tích lũy nhưng là điều kiện để xét công nhận tốt nghiệp.

GIẢI THÍCH CHI TIẾT:  
1) Bước 1: Các môn học và học phần điều kiện cần phải hoàn thành để đáp ứng điều kiện xét công nhận tốt nghiệp không được tính vào khối lượng tín chỉ cần phải tích lũy.  
- Căn cứ: ""Môn học Giáo dục quốc phòng – An ninh; Môn học Giáo dục thể chất; Môn học Tiếng Anh tổng quát; Tiếng Anh Hàng hải; Các học phần bồi trợ khác (nếu có)."" (Điều 2, Khoản b)  

2) Bước 2: Những môn học này được nêu rõ là không được tính vào khối lượng tín chỉ tích lũy và không sử dụng để đánh giá kết quả học tập.  
- Căn cứ: ""Các môn học và học phần điều kiện cần phải hoàn thành để đáp ứng điều kiện xét công nhận tốt nghiệp (không được tính vào khối lượng tín chỉ cần phải tích lũy và không sử dụng để đánh giá kết quả học tập)"" (Điều 2, Khoản b)  

NGUỒN THAM KHẢO:  
- Điều 2, Khoản b  
- Điều 2, Khoản a",True,"[457, 455, 346, 348, 347, 345, 350, 526, 349, 534]",10,457,1,1.0,1,1,1.0,True,
"Theo quy định của nhà trường, những học phần nào không được tính vào tín chỉ tích lũy nhưng vẫn là điều kiện xét tốt nghiệp?",metadata,"Các học phần không được tính vào tín chỉ tích lũy nhưng là điều kiện xét tốt nghiệp gồm: Giáo dục quốc phòng – An ninh, Giáo dục thể chất, Tiếng Anh tổng quát, Tiếng Anh Hàng hải, và các học phần bồi trợ khác (nếu có).

GIẢI THÍCH CHI TIẾT:  
1) Bước 1: Học phần không được tính vào khối lượng tín chỉ tích lũy được nêu rõ trong điều kiện xét công nhận tốt nghiệp.  
- Căn cứ: ""Các môn học và học phần điều kiện cần phải hoàn thành để đáp ứng điều kiện xét công nhận tốt nghiệp (không được tính vào khối lượng tín chỉ cần phải tích lũy và không sử dụng để đánh giá kết quả học tập)"" (Điều 2, Chương I).  

2) Bước 2: Các môn học cụ thể được liệt kê như: Giáo dục quốc phòng – An ninh, Giáo dục thể chất, Tiếng Anh tổng quát, Tiếng Anh Hàng hải, và các học phần bồi trợ khác.  
- Căn cứ: ""Môn học Giáo dục quốc phòng – An ninh; Môn học Giáo dục thể chất; Môn học Tiếng Anh tổng quát; Tiếng Anh Hàng hải; Các học phần bồi trợ khác (nếu có)."" (Điều 2, Chương I).  

3) Bước 3: Các học phần này chỉ đóng vai trò điều kiện để xét tốt nghiệp, không tham gia vào khối lượng tín chỉ tích lũy.  
- Căn cứ: ""không được tính vào khối lượng tín chỉ cần phải tích lũy và không sử dụng để đánh giá kết quả học tập"" (Điều 2, Chương I).  

NGUỒN THAM KHẢO:  
- Điều 2, Chương I  
- Điều 2, Chương I  
- Điều 2, Chương I",True,"[462, 483, 455, 514, 476, 515, 513, 463, 474, 482]",10,455,3,0.3333333333333333,1,1,1.0,True,True
Các môn học nào không thuộc khối lượng tín chỉ tích lũy nhưng bắt buộc phải hoàn thành để đủ điều kiện xét tốt nghiệp?,metadata,"Không có môn học nào trong CONTEXT được nêu là không thuộc khối lượng tín chỉ tích lũy nhưng bắt buộc phải hoàn thành để đủ điều kiện xét tốt nghiệp.

GIẢI THÍCH CHI TIẾT:  
1) Bước 1: CONTEXT không có thông tin nào cho thấy môn học nào là ""không thuộc khối lượng tín chỉ tích lũy"" nhưng lại ""bắt buộc phải hoàn thành"" để xét tốt nghiệp. Tất cả các học phần được liệt kê đều được ghi nhận là ""học phần tự chọn"" hoặc ""học phần bắt buộc"" trong chương trình.  
- Căn cứ: ""Sinh viên học 12 tín chỉ tự chọn nếu không làm luận văn tốt nghiệp (126001) hoặc học thêm 6 tín chỉ tự chọn nếu làm luận văn tốt nghiệp (126001) trong số các học phần sau"" (Công nghệ thông tin > III. CHƯƠNG TRÌNH CHI TIẾT > 2. Kiến thức giáo dục chuyên nghiệp).  

2) Bước 2: Trong phần ""Qui_dinh > THI VÀ TỔ CHỨC THI KẾT THÚC HỌC PHẦN"", chỉ có quy định về công nhận tín chỉ miễn trừ và xét tốt nghiệp, nhưng không có học phần nào được mô tả là ""không thuộc khối lượng tín chỉ tích lũy"" mà vẫn phải hoàn thành để xét tốt nghiệp.  
- Căn cứ: ""Việc xem xét công nhận kết quả học tập và chuyển đổi tín chỉ được áp dụng đối với: sinh viên liên thông khi trúng tuyển nhập học; sinh viên chuyển trường từ cơ sở giáo dục đại học khác về Trường"" (Qui_dinh > THI VÀ TỔ CHỨC THI KẾT THÚC HỌC PHẦN > Điều 29.1).  

3) Bước 3: Không có học phần nào được mô tả là ""không thuộc khối lượng tín chỉ tích lũy"" nhưng vẫn là điều kiện bắt buộc để xét tốt nghiệp. Tất cả các học phần đều được liệt kê trong chương trình học với số tín chỉ cụ thể và được quy định rõ ràng trong chương trình.  
- Căn cứ: ""Sinh viên học 12 tín chỉ tự chọn nếu không làm luận văn tốt nghiệp (126001) hoặc học thêm 6 tín chỉ tự chọn nếu làm luận văn tốt nghiệp (126001)"" (Công nghệ thông tin > III. CHƯƠNG TRÌNH CHI TIẾT > 2. Kiến thức giáo dục chuyên nghiệp).  

NGUỒN THAM KHẢO:  
- Công nghệ thông tin > III. CHƯƠNG TRÌNH CHI TIẾT > 2. Kiến thức giáo dục chuyên nghiệp  
- Qui_dinh > THI VÀ TỔ CHỨC THI KẾT THÚC HỌC PHẦN > Điều 29.1",True,"[346, 347, 523, 344, 524, 332, 521, 335, 330, 526]",10,457,0,0.0,0,0,0.0,True,False
Những học phần nào không được tính vào tổng số tín chỉ tích lũy nhưng vẫn là yêu cầu bắt buộc khi xét tốt nghiệp?,metadata,"Các học phần không được tính vào tổng số tín chỉ tích lũy nhưng là yêu cầu bắt buộc khi xét tốt nghiệp gồm: Giáo dục quốc phòng – An ninh, Giáo dục thể chất, Tiếng Anh tổng quát, Tiếng Anh Hàng hải.  

GIẢI THÍCH CHI TIẾT:  
1) Bước 1: Các môn học và học phần điều kiện cần phải hoàn thành để đáp ứng điều kiện xét công nhận tốt nghiệp không được tính vào khối lượng tín chỉ cần phải tích lũy và không sử dụng để đánh giá kết quả học tập.  
- Căn cứ: ""Môn học Giáo dục quốc phòng – An ninh; Môn học Giáo dục thể chất; Môn học Tiếng Anh tổng quát; Tiếng Anh Hàng hải; Các học phần bồi trợ khác (nếu có)."" (Điều 2, mục b)  

2) Bước 2: Những môn học này được liệt kê rõ ràng như là điều kiện bắt buộc để xét tốt nghiệp, dù không được tính vào khối lượng tín chỉ tích lũy.  
- Căn cứ: ""Các môn học và học phần điều kiện cần phải hoàn thành để đáp ứng điều kiện xét công nhận tốt nghiệp (không được tính vào khối lượng tín chỉ cần phải tích lũy và không sử dụng để đánh giá kết quả học tập)"" (Điều 2, mục b)  

3) Bước 3: Không có học phần nào trong danh sách tự chọn (như An ninh mạng, Kiểm chứng phần mềm, v.v.) được nêu là điều kiện bắt buộc ngoài việc không tính vào tín chỉ.  
- Căn cứ: Tất cả các học phần tự chọn đều được mô tả là ""học phần tự chọn"" và không có thông tin nói rằng chúng là điều kiện bắt buộc.  

NGUỒN THAM KHẢO:  
- Điều 2, mục b: ""Các môn học và học phần điều kiện cần phải hoàn thành để đáp ứng điều kiện xét công nhận tốt nghiệp (không được tính vào khối lượng tín chỉ cần phải tích lũy và không sử dụng để đánh giá kết quả học tập), bao gồm: Môn học Giáo dục quốc phòng – An ninh; Môn học Giáo dục thể chất; Môn học Tiếng Anh tổng quát; Tiếng Anh Hàng hải;""",True,"[462, 455, 463, 480, 350, 479, 349, 347, 348, 346]",10,455,2,0.5,1,1,1.0,True,True
Nhà trường quy định những môn học nào không tính vào tín chỉ tích lũy nhưng vẫn là điều kiện cần để xét tốt nghiệp?,metadata,"Không có môn học nào được quy định không tính vào tín chỉ tích lũy nhưng vẫn là điều kiện cần để xét tốt nghiệp.  

GIẢI THÍCH CHI TIẾT:  
1) Bước 1: Trong CONTEXT, chỉ có các điểm chữ ""I"" được quy định không tính vào điểm trung bình chung tích lũy, nhưng không được nêu là điều kiện cần để xét tốt nghiệp.  
- Căn cứ: ""Mức điểm I áp dụng cho các trường hợp: trong thời gian học hoặc trong thời gian thi kết thúc học phần, sinh viên bị ốm hoặc tai nạn không thể dự thi, phải được lãnh đạo Khoa/Viện/Bộ môn xác nhận"" (Điều 13, Chương III).  

2) Bước 2: Không có thông tin nào trong CONTEXT nói rằng các môn học (dù không tính vào tín chỉ tích lũy) là điều kiện bắt buộc để xét tốt nghiệp.  
- Căn cứ: ""Việc xem xét công nhận kết quả học tập và chuyển đổi tín chỉ được áp dụng đối với sinh viên liên thông hoặc sinh viên chuyển trường"" (Điều 29, Chương III).  

3) Bước 3: Các môn học như ""Trí tuệ nhân tạo"" (mã 121033) được liệt kê là học phần tự chọn và có số tín chỉ, nhưng không có thông tin nào cho thấy chúng không tính vào tín chỉ tích lũy hoặc là điều kiện xét tốt nghiệp.  
- Căn cứ: ""Sinh viên học 12 tín chỉ tự chọn nếu không làm luận văn tốt nghiệp (126001) hoặc học thêm 6 tín chỉ tự chọn nếu làm luận văn tốt nghiệp (126001)"" (Công nghệ thông tin, Chương trình chi tiết).  

NGUỒN THAM KHẢO:  
- Điều 13, Chương III  
- Điều 29, Chương III  
- Công nghệ thông tin, Chương trình chi tiết",True,"[529, 522, 523, 515, 481, 524, 521, 534, 482, 345]",10,457,0,0.0,0,0,0.0,True,False
Những học phần nào không được cộng vào khối lượng tín chỉ tích lũy nhưng vẫn được quy định là điều kiện xét tốt nghiệp?,metadata,"Không có học phần nào được quy định không cộng vào khối lượng tín chỉ tích lũy nhưng vẫn là điều kiện xét tốt nghiệp.

GIẢI THÍCH CHI TIẾT:  
1) Bước 1: Điều kiện xét tốt nghiệp được quy định dựa trên việc sinh viên hoàn thành các nghĩa vụ học tập và đạt đủ điều kiện theo quy định tại Điều 30, không đề cập đến bất kỳ học phần nào bị loại khỏi khối lượng tín chỉ tích lũy.  
- Căn cứ: ""Sinh viên đủ điều kiện xét tốt nghiệp theo quy định tại Khoản 1 của Điều này và đã hoàn thành các nghĩa vụ với Trường..."" (Điều 30)  

2) Bước 2: Các học phần như kiểm thử phần mềm (mã 122040) được liệt kê là học phần tự chọn và có số tín chỉ (3 tín chỉ), nhưng vẫn được tính vào khối lượng tín chỉ tích lũy vì được ghi nhận là ""học phần tự chọn"" trong chương trình đào tạo.  
- Căn cứ: ""Sinh viên học 12 tín chỉ tự chọn nếu không làm luận văn tốt nghiệp (126001) hoặc học thêm 6 tín chỉ tự chọn nếu làm luận văn tốt nghiệp (126001) trong số các học phần sau: Kiểm chứng phần mềm – Mã học phần: 122040 – Số tín chỉ: 3 – Ghi chú: Học phần Tự chọn"" (Công nghệ thông tin > III. CHƯƠNG TRÌNH CHI TIẾT > 2. Kiến thức giáo dục chuyên nghiệp)  

3) Bước 3: Không có đoạn nào trong CONTEXT nói về việc một học phần được công nhận là điều kiện xét tốt nghiệp nhưng không được tính vào khối lượng tín chỉ tích lũy. Các điều kiện xét tốt nghiệp đều liên quan đến việc hoàn thành học phần và tích lũy tín chỉ.  
- Căn cứ: ""Sinh viên đủ điều kiện xét tốt nghiệp theo quy định tại Khoản 1 của Điều này và đã hoàn thành các nghĩa vụ với Trường..."" (Điều 30)  

NGUỒN THAM KHẢO:  
- Điều 30, Chương III. ĐÁNH GIÁ KẾT QUẢ HỌC TẬP VÀ CẤP BẰNG TỐT NGHIỆP  
- Công nghệ thông tin > III. CHƯƠNG TRÌNH CHI TIẾT > 2. Kiến thức giáo dục chuyên nghiệp",True,"[457, 522, 524, 459, 523, 521, 481, 508, 528, 347]",10,457,1,1.0,1,1,1.0,True,
Học phần “Nhập môn Logistics & Quản lý Chuỗi cung ứng” của ngành Logistics thuộc học kỳ mấy và có bao nhiêu tín chỉ?,metadata,"Học phần ""Nhập môn Logistics & Quản lý Chuỗi cung ứng"" thuộc học kỳ 2 và có 3 tín chỉ.

GIẢI THÍCH CHI TIẾT:  
1) Bước 1: Xác định học kỳ của học phần ""Nhập môn Logistics & Quản lý Chuỗi cung ứng"".  
- Căn cứ: ""HỌC KỲ 2 > Nhập môn Logistics & Quản lý Chuỗi cung ứng"" (vị trí: Logistics và quản lý chuỗi cung ứng > XII. KẾ HOẠCH ĐÀO TẠO > 1.2. HỌC KỲ 2)  

2) Bước 2: Xác định số tín chỉ của học phần.  
- Căn cứ: ""Số tín chỉ: 3"" (vị trí: Logistics và quản lý chuỗi cung ứng > XII. KẾ HOẠCH ĐÀO TẠO > 1.2. HỌC KỲ 2)  

NGUỒN THAM KHẢO:  
- Header/Section: Logistics và quản lý chuỗi cung ứng > XII. KẾ HOẠCH ĐÀO TẠO > 1.2. HỌC KỲ 2  
- Header/Section: Logistics và quản lý chuỗi cung ứng > XII. KẾ HOẠCH ĐÀO TẠO > 1.2. HỌC KỲ 2",True,"[670, 726, 707, 689, 704, 712, 691, 690, 701, 709]",10,671,0,0.0,0,0,0.0,True,False
Học phần “Nhập môn Logistics & Quản lý Chuỗi cung ứng” trong chương trình đào tạo ngành Logistics được bố trí ở học kỳ nào và có số tín chỉ là bao nhiêu?,metadata,"Học phần ""Nhập môn Logistics & Quản lý Chuỗi cung ứng"" được bố trí ở học kỳ 2, với số tín chỉ là 3.

GIẢI THÍCH CHI TIẾT:  
1) Bước 1: Xác định học kỳ của học phần ""Nhập môn Logistics & Quản lý Chuỗi cung ứng"".  
- Căn cứ: ""Logistics và quản lý chuỗi cung ứng > XII. KẾ HOẠCH ĐÀO TẠO > 1.2. HỌC KỲ 2 > Nhập môn Logistics & Quản lý Chuỗi cung ứng _(Introduction to Logistics & Supply Chain Management)_"" (học kỳ 2)  

2) Bước 2: Xác định số tín chỉ của học phần này.  
- Căn cứ: ""Số tín chỉ: 3"" (trong cùng mục học phần trên)  

NGUỒN THAM KHẢO:  
- Header/Section: Logistics và quản lý chuỗi cung ứng > XII. KẾ HOẠCH ĐÀO TẠO > 1.2. HỌC KỲ 2 > Nhập môn Logistics & Quản lý Chuỗi cung ứng _(Introduction to Logistics & Supply Chain Management)_",True,"[670, 691, 690, 689, 712, 704, 683, 723, 709, 703]",10,671,0,0.0,0,0,0.0,True,False
Học phần “Nhập môn Logistics & Quản lý Chuỗi cung ứng” thuộc ngành Logistics được giảng dạy ở học kỳ nào và có bao nhiêu tín chỉ?,metadata,"Học phần ""Nhập môn Logistics & Quản lý Chuỗi cung ứng"" được giảng dạy ở học kỳ 2 và có 3 tín chỉ.

GIẢI THÍCH CHI TIẾT:  
1) Bước 1: Xác định học kỳ giảng dạy của học phần ""Nhập môn Logistics & Quản lý Chuỗi cung ứng"".  
- Căn cứ: ""Logistics và quản lý chuỗi cung ứng > XII. KẾ HOẠCH ĐÀO TẠO > 1.2. HỌC KỲ 2 > Nhập môn Logistics & Quản lý Chuỗi cung ứng _(Introduction to Logistics & Supply Chain Management)_"" (học kỳ 2)  

2) Bước 2: Xác định số tín chỉ của học phần.  
- Căn cứ: ""Số tín chỉ: 3"" (trong cùng phần thông tin học phần)  

NGUỒN THAM KHẢO:  
- Header/Section: Logistics và quản lý chuỗi cung ứng > XII. KẾ HOẠCH ĐÀO TẠO > 1.2. HỌC KỲ 2 > Nhập môn Logistics & Quản lý Chuỗi cung ứng _(Introduction to Logistics & Supply Chain Management)_",True,"[670, 728, 726, 707, 712, 690, 704, 691, 701, 697]",10,671,0,0.0,0,0,0.0,True,False
"Trong chương trình đào tạo ngành Logistics, học phần “Nhập môn Logistics & Quản lý Chuỗi cung ứng” được xếp vào học kỳ mấy và có khối lượng bao nhiêu tín chỉ?",metadata,"Tôi không tìm thấy thông tin đủ để trả lời câu hỏi này.

GIẢI THÍCH CHI TIẾT:  
1) Bước 1: Câu hỏi yêu cầu thông tin về học phần ""Nhập môn Logistics & Quản lý Chuỗi cung ứng"", nhưng CONTEXT không chứa bất kỳ thông tin nào về học phần này.  
- Căn cứ: ""Không có đoạn văn nào trong CONTEXT đề cập đến học phần 'Nhập môn Logistics & Quản lý Chuỗi cung ứng'."" (vị trí: toàn bộ CONTEXT)  

2) Bước 2: Dù CONTEXT có liệt kê nhiều học phần khác như ""Quản trị dự án logistics & chuỗi cung ứng"", ""Quản trị chuỗi cung ứng"", ""Quản trị nhân sự"", v.v., nhưng không có học phần nào có tên trùng hoặc liên quan trực tiếp đến ""Nhập môn Logistics & Quản lý Chuỗi cung ứng"".  
- Căn cứ: ""Logistics và quản lý chuỗi cung ứng > XI. NỘI DUNG CHƯƠNG TRÌNH ĐÀO TẠO > Kiến thức chuyên ngành > Quản trị dự án logistics và chuỗi cung ứng _(Managing Logistics & SCM Projects)_..."" (vị trí: phần nội dung chương trình đào tạo)  

3) Bước 3: Không có thông tin nào về học kỳ hay tín chỉ của học phần ""Nhập môn Logistics & Quản lý Chuỗi cung ứng"" trong bất kỳ phần nào của CONTEXT.  
- Căn cứ: Không có đoạn nào nêu học kỳ hoặc tín chỉ cho học phần này.  

NGUỒN THAM KHẢO:  
- Header/Section: Logistics và quản lý chuỗi cung ứng > XI. NỘI DUNG CHƯƠNG TRÌNH ĐÀO TẠO  
- Header/Section: Logistics và quản lý chuỗi cung ứng > XII. KẾ HOẠCH ĐÀO TẠO",False,"[605, 623, 630, 701, 716, 691, 715, 689, 709, 705]",10,671,0,0.0,0,0,0.0,True,False
Học phần “Nhập môn Logistics & Quản lý Chuỗi cung ứng” của ngành Logistics có số tín chỉ bao nhiêu và được học ở học kỳ nào?,metadata,"Học phần ""Nhập môn Logistics & Quản lý Chuỗi cung ứng"" có 3 tín chỉ và được học ở học kỳ 2.  

GIẢI THÍCH CHI TIẾT:  
1) Bước 1: Xác định số tín chỉ của học phần ""Nhập môn Logistics & Quản lý Chuỗi cung ứng"".  
- Căn cứ: ""Số tín chỉ: 3"" (phần ""Nhập môn Logistics & Quản lý Chuỗi cung ứng"")  

2) Bước 2: Xác định học kỳ học phần này được giảng dạy.  
- Căn cứ: ""1.2. HỌC KỲ 2 > Nhập môn Logistics & Quản lý Chuỗi cung ứng"" (phần ""1.2. HỌC KỲ 2"")  

NGUỒN THAM KHẢO:  
- Header/Section: ""Logistics và quản lý chuỗi cung ứng > XII. KẾ HOẠCH ĐÀO TẠO > 1.2. HỌC KỲ 2 > Nhập môn Logistics & Quản lý Chuỗi cung ứng""  
- Header/Section: ""Số tín chỉ: 3""  
- Header/Section: ""1.2. HỌC KỲ 2""",True,"[670, 726, 689, 712, 691, 690, 704, 709, 686, 692]",10,671,0,0.0,0,0,0.0,True,False
"Theo chương trình đào tạo ngành Logistics, học phần “Nhập môn Logistics & Quản lý Chuỗi cung ứng” thuộc học kỳ nào và có tổng số bao nhiêu tín chỉ?",metadata,"Học phần ""Nhập môn Logistics & Quản lý Chuỗi cung ứng"" thuộc học kỳ 2 và có tổng số 3 tín chỉ.

GIẢI THÍCH CHI TIẾT:  
1) Bước 1: Xác định học kỳ của học phần ""Nhập môn Logistics & Quản lý Chuỗi cung ứng"".  
- Căn cứ: ""Logistics và quản lý chuỗi cung ứng > XII. KẾ HOẠCH ĐÀO TẠO > 1.2. HỌC KỲ 2 > Nhập môn Logistics & Quản lý Chuỗi cung ứng _(Introduction to Logistics & Supply Chain Management)_"" (học kỳ 2)  

2) Bước 2: Xác định số tín chỉ của học phần.  
- Căn cứ: ""Logistics và quản lý chuỗi cung ứng > XII. KẾ HOẠCH ĐÀO TẠO > 1.2. HỌC KỲ 2 > Nhập môn Logistics & Quản lý Chuỗi cung ứng _(Introduction to Logistics & Supply Chain Management)_"" (số tín chỉ: 3)  

NGUỒN THAM KHẢO:  
- Header/Section: XII. KẾ HOẠCH ĐÀO TẠO > 1.2. HỌC KỲ 2 > Nhập môn Logistics & Quản lý Chuỗi cung ứng _(Introduction to Logistics & Supply Chain Management)_",True,"[605, 623, 716, 670, 689, 709, 690, 691, 683, 560]",10,671,0,0.0,0,0,0.0,True,False
Tổng số tín chỉ tối thiểu theo quy định đối với một chương trình đào tạo trình độ đại học là bao nhiêu?,metadata,"Tổng số tín chỉ tối thiểu theo quy định đối với một chương trình đào tạo trình độ đại học là 120 tín chỉ.

GIẢI THÍCH CHI TIẾT:  
1) Bước 1: Quy định nêu rõ rằng chương trình đào tạo phải tích lũy tối thiểu 120 tín chỉ đối với người có bằng tốt nghiệp trung học phổ thông hoặc tương đương.  
- Căn cứ: ""Chương trình đào tạo có khối lượng tín chỉ cần phải tích lũy tối thiểu 120 tín chỉ đối với người có bằng tốt nghiệp trung học phổ thông hoặc tương đương và phải được quy định cụ thể trong mỗi chương trình đào tạo."" (Điều 2, Chương I)  

2) Bước 2: Điều này được xác định là yêu cầu chung cho tất cả chương trình đào tạo trình độ đại học theo quy định, không phân biệt hình thức đào tạo.  
- Căn cứ: ""Quy định này quy định về việc tổ chức và quản lý đào tạo trình độ đại học hình thức chính quy theo tín chỉ..."" (Điều 1, Chương I)  

3) Bước 3: Các chương trình cụ thể như Logistics và Mạng máy tính cũng ghi nhận 120 tín chỉ, tuy nhiên không bao gồm các môn học điều kiện, điều này không làm thay đổi tổng số tín chỉ bắt buộc.  
- Căn cứ: ""Tổng số tín chỉ: 120 tín chỉ (Không bao gồm: Giáo dục Quốc phòng và An ninh, Giáo dục thể chất, kỹ năng mềm, kiến thức bổ trợ khác)"" (Mạng máy tính và truyền thông dữ liệu > Giới thiệu chương trình)  

NGUỒN THAM KHẢO:  
- Điều 2, Chương I  
- Điều 1, Chương I  
- Mạng máy tính và truyền thông dữ liệu > I. GIỚI THIỆU CHƯƠNG TRÌNH > 1. Giới thiệu chung",True,"[457, 459, 455, 454, 560, 7, 344, 460, 458, 338]",10,457,1,1.0,1,1,1.0,True,
Một chương trình đào tạo bậc đại học cần đáp ứng tối thiểu bao nhiêu tín chỉ để được xem là đạt yêu cầu?,metadata,"Một chương trình đào tạo bậc đại học cần đáp ứng tối thiểu 120 tín chỉ để được xem là đạt yêu cầu.

GIẢI THÍCH CHI TIẾT:  
1) Bước 1: Chương trình đào tạo bậc đại học phải có khối lượng tín chỉ cần phải tích lũy tối thiểu 120 tín chỉ.  
- Căn cứ: ""Chương trình đào tạo có khối lượng tín chỉ cần phải tích lũy tối thiểu 120 tín chỉ đối với người có bằng tốt nghiệp trung học phổ thông hoặc tương đương"" (Điều 2, Chương I).  

2) Bước 2: Khối lượng tín chỉ này là chuẩn bắt buộc, được quy định rõ trong quy định chung của chương trình đào tạo.  
- Căn cứ: ""Khối lượng tín chỉ cần phải tích lũy của chương trình đào tạo là khối lượng tính bằng tổng số tín chỉ của những học phần cần phải tích lũy trong chương trình đào tạo"" (Điều 2, Chương I).  

3) Bước 3: Không có thông tin nào trong CONTEXT cho thấy mức tín chỉ này được điều chỉnh theo ngành hoặc hình thức học (liên thông, tự chọn, luận văn...), nên mức 120 tín chỉ là mức tối thiểu chung.  

NGUỒN THAM KHẢO:  
- Điều 2, Chương I  
- Qui_dinh > Chương I. NHỮNG QUY ĐỊNH CHUNG > Điều 2. Chương trình đào tạo và thời gian học tập > 3.",True,"[455, 457, 348, 350, 346, 347, 471, 349, 332, 525]",10,457,2,0.5,1,1,1.0,True,
"Theo chuẩn chương trình, khối lượng tín chỉ thấp nhất của chương trình đào tạo đại học được quy định ở mức nào?",metadata,"Khối lượng tín chỉ thấp nhất được quy định là 120 tín chỉ.

GIẢI THÍCH CHI TIẾT:  
1) Bước 1: Theo Điều 2, Khoản 3 của Qui_dinh, chương trình đào tạo phải tích lũy tối thiểu 120 tín chỉ đối với người có bằng tốt nghiệp trung học phổ thông hoặc tương đương.  
- Căn cứ: ""Chương trình đào tạo có khối lượng tín chỉ cần phải tích lũy tối thiểu 120 tín chỉ đối với người có bằng tốt nghiệp trung học phổ thông hoặc tương đương và phải được quy định cụ thể trong mỗi chương trình đào tạo."" (Qui_dinh > Điều 2 > Khoản 3)  

2) Bước 2: Trong phần chuẩn đầu ra của chương trình Logistics và quản lý chuỗi cung ứng, tổng số tín chỉ được quy định là 120 tín chỉ, xác nhận mức khối lượng tín chỉ tối thiểu.  
- Căn cứ: ""Tổng số tín chỉ: 120 tín chỉ"" (Logistics và quản lý chuỗi cung ứng > III. CHUẨN ĐẦU RA CHƯƠNG TRÌNH ĐÀO TẠO > 1.2. Khối lượng kiến thức toàn khóa)  

NGUỒN THAM KHẢO:  
- Qui_dinh > Điều 2 > Khoản 3  
- Logistics và quản lý chuỗi cung ứng > III. CHUẨN ĐẦU RA CHƯƠNG TRÌNH ĐÀO TẠO > 1.2. Khối lượng kiến thức toàn khóa",True,"[457, 459, 462, 458, 347, 332, 560, 557, 558, 559]",10,457,1,1.0,1,1,1.0,True,
Số tín chỉ tối thiểu bắt buộc của chương trình đào tạo trình độ đại học là bao nhiêu?,metadata,"Số tín chỉ tối thiểu bắt buộc của chương trình đào tạo trình độ đại học là 120 tín chỉ.

GIẢI THÍCH CHI TIẾT:  
1) Bước 1: Chương trình đào tạo được quy định phải tích lũy tối thiểu 120 tín chỉ đối với người có bằng tốt nghiệp trung học phổ thông hoặc tương đương.  
- Căn cứ: ""Chương trình đào tạo có khối lượng tín chỉ cần phải tích lũy tối thiểu 120 tín chỉ đối với người có bằng tốt nghiệp trung học phổ thông hoặc tương đương và phải được quy định cụ thể trong mỗi chương trình đào tạo."" (Điều 2, Chương I)  

2) Bước 2: Đây là yêu cầu chung cho tất cả chương trình đào tạo đại học, bao gồm cả các ngành như Công nghệ thông tin, Mạng máy tính và Truyền thông dữ liệu, Logistics và Quản lý chuỗi cung ứng.  
- Căn cứ: ""Khối lượng tín chỉ cần phải tích lũy của chương trình đào tạo là khối lượng tính bằng tổng số tín chỉ của những học phần cần phải tích lũy trong chương trình đào tạo..."" (Điều 2, Chương I)  

3) Bước 3: Các học phần bắt buộc (như Quản trị tài chính doanh nghiệp, Quản trị hợp đồng, Mạng máy tính) được liệt kê cụ thể, nhưng tổng số tín chỉ bắt buộc trong chương trình không được nêu rõ hơn 120 tín chỉ.  
- Căn cứ: ""Các học phần cần phải tích lũy được tính vào khối lượng tín chỉ cần phải tích lũy của chương trình đào tạo..."" (Điều 2, Chương I)  

NGUỒN THAM KHẢO:  
- Điều 2, Chương I  
- Chương I. NHỮNG QUY ĐỊNH CHUNG > Điều 2. Chương trình đào tạo và thời gian học tập",True,"[455, 457, 344, 14, 349, 715, 350, 347, 701, 35]",10,457,2,0.5,1,1,1.0,True,
Khối lượng tín chỉ tối thiểu mà một chương trình đào tạo đại học phải có là bao nhiêu,metadata,"Khối lượng tín chỉ tối thiểu là 120 tín chỉ.

GIẢI THÍCH CHI TIẾT:  
1) Bước 1: Chương trình đào tạo phải tích lũy tối thiểu 120 tín chỉ đối với người có bằng tốt nghiệp trung học phổ thông hoặc tương đương.  
- Căn cứ: ""Chương trình đào tạo có khối lượng tín chỉ cần phải tích lũy tối thiểu 120 tín chỉ đối với người có bằng tốt nghiệp trung học phổ thông hoặc tương đương và phải được quy định cụ thể trong mỗi chương trình đào tạo."" (Điều 2, Chương I)  

2) Bước 2: Số tín chỉ này được xác định rõ trong chuẩn đầu ra của chương trình đào tạo ngành Logistics và quản lý chuỗi cung ứng, với tổng số tín chỉ là 120 tín chỉ.  
- Căn cứ: ""Tổng số tín chỉ: 120 tín chỉ"" (1.2. Khối lượng kiến thức toàn khóa, Logistics và quản lý chuỗi cung ứng)  

NGUỒN THAM KHẢO:  
- Điều 2, Chương I  
- 1.2. Khối lượng kiến thức toàn khóa, Logistics và quản lý chuỗi cung ứng",True,"[457, 326, 333, 328, 347, 557, 340, 341, 344, 560]",10,457,1,1.0,1,1,1.0,True,
"Trong chương trình ngành Công nghệ thông tin, học phần Đại số phải học bao nhiêu tín chỉ?",metadata,"Học phần Đại số phải học 2 tín chỉ.  

GIẢI THÍCH CHI TIẾT:  
1) Bước 1: Học phần Đại số có số tín chỉ được ghi rõ là 2 tín chỉ trong chương trình đào tạo.  
- Căn cứ: ""Số tín chỉ: 2"" (Công nghệ thông tin > III. CHƯƠNG TRÌNH CHI TIẾT > 1. Kiến thức khoa học cơ bản: > 1.1 Toán và Khoa học tự nhiên > Đại số)  

2) Bước 2: Học phần này được ghi nhận là học phần bắt buộc, nhưng số tín chỉ không thay đổi theo loại học phần.  
- Căn cứ: ""Ghi chú: Học phần Bắt buộc"" (Công nghệ thông tin > III. CHƯƠNG TRÌNH CHI TIẾT > 1. Kiến thức khoa học cơ bản: > 1.1 Toán và Khoa học tự nhiên > Đại số)  

3) Bước 3: Có hai học phần Đại số được liệt kê, nhưng chỉ một có số tín chỉ 2 (học phần trong chương trình kiến thức cơ bản), học phần khác ở học kỳ 2 cũng có 2 tín chỉ.  
- Căn cứ: ""Số tín chỉ: 2"" (Công nghệ thông tin > IV. CHƯƠNG TRÌNH KHUNG (KẾ HOẠCH THỰC HIỆN) > HỌC KỲ 2 > Đại số)  

NGUỒN THAM KHẢO:  
- Header/Section: Công nghệ thông tin > III. CHƯƠNG TRÌNH CHI TIẾT > 1. Kiến thức khoa học cơ bản: > 1.1 Toán và Khoa học tự nhiên > Đại số  
- Header/Section: Công nghệ thông tin > IV. CHƯƠNG TRÌNH KHUNG (KẾ HOẠCH THỰC HIỆN) > HỌC KỲ 2 > Đại số",True,"[311, 415, 387, 409, 383, 281, 366, 368, 371, 439]",10,281,6,0.16666666666666666,1,1,1.0,True,
"Theo kế hoạch đào tạo ngành Công nghệ thông tin, học phần Đại số có số tín chỉ là bao nhiêu?",metadata,"Học phần Đại số có số tín chỉ là 2.

GIẢI THÍCH CHI TIẾT:  
1) Bước 1: Học phần Đại số được liệt kê trong chương trình đào tạo ngành Công nghệ thông tin với số tín chỉ cụ thể.  
- Căn cứ: ""Công nghệ thông tin > IV. CHƯƠNG TRÌNH KHUNG (KẾ HOẠCH THỰC HIỆN) > HỌC KỲ 2 > Đại số - Mã học phần: 001201 - Số tín chỉ: 2"" (Học kỳ 2, Chương trình khung)  

2) Bước 2: Học phần này cũng được nhắc đến trong phần kiến thức khoa học cơ bản với số tín chỉ tương ứng.  
- Căn cứ: ""Công nghệ thông tin > III. CHƯƠNG TRÌNH CHI TIẾT > 1. Kiến thức khoa học cơ bản: > 1.1 Toán và Khoa học tự nhiên > Đại số - Số tín chỉ: 2"" (Kiến thức khoa học cơ bản)  

3) Bước 3: Cả hai mục đều xác nhận số tín chỉ là 2, không có sự khác biệt về tín chỉ giữa các phần.  
- Căn cứ: ""Số tín chỉ: 2"" (trong cả hai mục trên)  

NGUỒN THAM KHẢO:  
- Học kỳ 2, Chương trình khung  
- Kiến thức khoa học cơ bản",True,"[446, 375, 371, 439, 443, 281, 444, 368, 438, 445]",10,281,6,0.16666666666666666,1,1,1.0,True,
Học phần Đại số trong chương trình đào tạo ngành Công nghệ thông tin được quy định bao nhiêu tín chỉ?,metadata,"Học phần Đại số trong chương trình đào tạo ngành Công nghệ thông tin được quy định là 2 tín chỉ.

GIẢI THÍCH CHI TIẾT:  
1) Bước 1: Học phần Đại số có mã học phần 001201 và được ghi nhận với số tín chỉ là 2.  
- Căn cứ: ""Đại số - Mã học phần: 001201 - Số tín chỉ: 2"" (Công nghệ thông tin > III. CHƯƠNG TRÌNH CHI TIẾT > 1. Kiến thức khoa học cơ bản: > 1.1 Toán và Khoa học tự nhiên)  

2) Bước 2: Học phần này được liệt kê trong kế hoạch thực hiện theo học kỳ 2, với loại học phần là bắt buộc, xác nhận tính chất và tín chỉ.  
- Căn cứ: ""Công nghệ thông tin > IV. CHƯƠNG TRÌNH KHUNG (KẾ HOẠCH THỰC HIỆN) > HỌC KỲ 2 > Đại số - Mã học phần: 001201 - Số tín chỉ: 2 - Loại học phần: Học phần bắt buộc""  

NGUỒN THAM KHẢO:  
- Header/Section: Công nghệ thông tin > III. CHƯƠNG TRÌNH CHI TIẾT > 1. Kiến thức khoa học cơ bản: > 1.1 Toán và Khoa học tự nhiên  
- Header/Section: Công nghệ thông tin > IV. CHƯƠNG TRÌNH KHUNG (KẾ HOẠCH THỰC HIỆN) > HỌC KỲ 2 > Đại số",True,"[338, 281, 371, 366, 443, 439, 380, 375, 444, 442]",10,281,2,0.5,1,1,1.0,True,
"Trong khung chương trình ngành CNTT, môn/học phần Đại số có khối lượng tín chỉ như thế nào?",metadata,"Môn Đại số có 2 tín chỉ.

GIẢI THÍCH CHI TIẾT:  
1) Bước 1: Xác định học phần ""Đại số"" trong chương trình.  
- Căn cứ: ""Công nghệ thông tin > IV. CHƯƠNG TRÌNH KHUNG (KẾ HOẠCH THỰC HIỆN) > HỌC KỲ 2 > Đại số - Mã học phần: 001201 - Số tín chỉ: 2"" (phần học kỳ 2 trong chương trình khung)

2) Bước 2: Trích dẫn số tín chỉ cụ thể của học phần này.  
- Căn cứ: ""Số tín chỉ: 2"" (cùng vị trí trên)

3) Bước 3: Kết luận rằng môn Đại số có 2 tín chỉ, phù hợp với yêu cầu câu hỏi.  
- Căn cứ: ""Số tín chỉ: 2"" (cùng vị trí)

NGUỒN THAM KHẢO:  
- Header/Section: Công nghệ thông tin > IV. CHƯƠNG TRÌNH KHUNG (KẾ HOẠCH THỰC HIỆN) > HỌC KỲ 2 > Đại số",True,"[368, 439, 371, 444, 338, 445, 442, 441, 440, 336]",10,371,3,0.3333333333333333,1,1,1.0,True,True
Số tín chỉ của học phần Đại số trong chương trình đào tạo ngành Công nghệ thông tin là bao nhiêu?,metadata,"Số tín chỉ của học phần Đại số trong chương trình đào tạo ngành Công nghệ thông tin là 2.

GIẢI THÍCH CHI TIẾT:  
1) Bước 1: Học phần Đại số trong chương trình Công nghệ thông tin có mã 001201 và được ghi nhận với số tín chỉ 2.  
- Căn cứ: ""Công nghệ thông tin > III. CHƯƠNG TRÌNH CHI TIẾT > 1. Kiến thức khoa học cơ bản: > 1.1 Toán và Khoa học tự nhiên > Đại số - Mã học phần: 001201 - Số tín chỉ: 2"" (Phần: Kiến thức khoa học cơ bản > Đại số)

2) Bước 2: Học phần này được xác định là học phần bắt buộc và được liệt kê rõ ràng trong chương trình đào tạo, không có thông tin mâu thuẫn về số tín chỉ.  
- Căn cứ: ""Công nghệ thông tin > IV. CHƯƠNG TRÌNH KHUNG (KẾ HOẠCH THỰC HIỆN) > HỌC KỲ 2 > Đại số - Mã học phần: 001201 - Số tín chỉ: 2 - Loại học phần: Học phần bắt buộc"" (Phần: IV. CHƯƠNG TRÌNH KHUNG > HỌC KỲ 2 > Đại số)

NGUỒN THAM KHẢO:  
- Header/Section: Công nghệ thông tin > III. CHƯƠNG TRÌNH CHI TIẾT > 1. Kiến thức khoa học cơ bản: > 1.1 Toán và Khoa học tự nhiên > Đại số  
- Header/Section: Công nghệ thông tin > IV. CHƯƠNG TRÌNH KHUNG (KẾ HOẠCH THỰC HIỆN) > HỌC KỲ 2 > Đại số",True,"[311, 281, 371, 366, 443, 338, 576, 375, 439, 344]",10,281,2,0.5,1,1,1.0,True,
Chương trình ngành CNTT quy định học phần Đại số gồm bao nhiêu tín chỉ?,metadata,"Chương trình ngành CNTT quy định học phần Đại số gồm 2 tín chỉ.

GIẢI THÍCH CHI TIẾT:  
1) Bước 1: Học phần Đại số trong chương trình CNTT được ghi nhận với số tín chỉ là 2.  
- Căn cứ: ""Cung cấp các kiến thức cơ bản về: ma trận; định thức; hệ phương trình tuyến tính; không gian vector; không gian Euclide; chéo hóa ma trận"" (Phần nội dung học phần tóm tắt của Đại số trong Công nghệ thông tin > III. CHƯƠNG TRÌNH CHI TIẾT > 1. Kiến thức khoa học cơ bản)  

2) Bước 2: Học phần này được xác định là học phần bắt buộc với số tín chỉ 2, và được liệt kê trong chương trình đào tạo CNTT.  
- Căn cứ: ""Số tín chỉ: 2"" (Công nghệ thông tin > III. CHƯƠNG TRÌNH CHI TIẾT > 1. Kiến thức khoa học cơ bản: > Đại số)  

3) Bước 3: Dù có sự lặp lại trong chương trình Mạng máy tính và truyền thông dữ liệu, nhưng chỉ có chương trình CNTT được yêu cầu trong câu hỏi, và tín chỉ vẫn là 2.  
- Căn cứ: ""Số tín chỉ: 2"" (Mạng máy tính và truyền thông dữ liệu > III. CHƯƠNG TRÌNH CHI TIẾT > 1. Kiến thức khoa học cơ bản: > Toán và khoa học tự nhiên – 14 tín chỉ > Đại số)  

NGUỒN THAM KHẢO:  
- Header/Section: Công nghệ thông tin > III. CHƯƠNG TRÌNH CHI TIẾT > 1. Kiến thức khoa học cơ bản: > Đại số  
- Header/Section: Mạng máy tính và truyền thông dữ liệu > III. CHƯƠNG TRÌNH CHI TIẾT > 1. Kiến thức khoa học cơ bản: > Toán và khoa học tự nhiên – 14 tín chỉ > Đại số",True,"[368, 336, 281, 439, 403, 443, 371, 14, 366, 444]",10,281,3,0.3333333333333333,1,1,1.0,True,
Học phần Giải tích 1 của ngành Công nghệ thông tin thuộc học kỳ mấy trong kế hoạch học tập?,metadata,"Học phần Giải tích 1 của ngành Công nghệ thông tin thuộc học kỳ 1.

GIẢI THÍCH CHI TIẾT:  
1) Bước 1: Học phần Giải tích 1 được liệt kê trong kế hoạch học tập của ngành Công nghệ thông tin ở học kỳ 1.  
- Căn cứ: ""Công nghệ thông tin > IV. CHƯƠNG TRÌNH KHUNG (KẾ HOẠCH THỰC HIỆN) > HỌC KỲ 1 > Giải tích 1""  

2) Bước 2: Trong phần kế hoạch học tập, học phần này được ghi rõ là thuộc học kỳ 1, không có thông tin nào cho thấy nó được học ở học kỳ khác.  
- Căn cứ: ""Công nghệ thông tin > IV. CHƯƠNG TRÌNH KHUNG (KẾ HOẠCH THỰC HIỆN) > HỌC KỲ 1 > Giải tích 1""  

3) Bước 3: Không có thông tin nào trong CONTEXT cho thấy học phần này được điều chỉnh hoặc học ở học kỳ khác, do đó khẳng định học kỳ 1 là chính xác.  

NGUỒN THAM KHẢO:  
- Header/Section: Công nghệ thông tin > IV. CHƯƠNG TRÌNH KHUNG (KẾ HOẠCH THỰC HIỆN) > HỌC KỲ 1 > Giải tích 1",True,"[282, 364, 389, 107, 101, 390, 102, 366, 368, 369]",10,364,2,0.5,1,1,1.0,True,
"Theo kế hoạch học tập ngành Công nghệ thông tin, học phần Giải tích 1 được bố trí ở học kỳ nào?",metadata,"Học phần Giải tích 1 được bố trí ở học kỳ 1.  

GIẢI THÍCH CHI TIẾT:  
1) Bước 1: Học phần Giải tích 1 được liệt kê trong kế hoạch học tập của ngành Công nghệ thông tin ở học kỳ 1.  
- Căn cứ: ""Công nghệ thông tin > IV. CHƯƠNG TRÌNH KHUNG (KẾ HOẠCH THỰC HIỆN) > HỌC KỲ 1 > Giải tích 1""  

2) Bước 2: Mã học phần 001202 của Giải tích 1 được ghi nhận rõ ràng trong học kỳ 1, cùng với loại học phần là bắt buộc.  
- Căn cứ: ""Công nghệ thông tin > IV. CHƯƠNG TRÌNH KHUNG (KẾ HOẠCH THỰC HIỆN) > HỌC KỲ 1 > Giải tích 1 - Mã học phần: 001202""  

3) Bước 3: Không có thông tin nào cho thấy Giải tích 1 được bố trí ở học kỳ khác, do đó học kỳ 1 là duy nhất được xác định.  
- Căn cứ: ""Công nghệ thông tin > III. CHƯƠNG TRÌNH CHI TIẾT > 1. Kiến thức khoa học cơ bản: > 1.1 Toán và Khoa học tự nhiên > Giải tích 1""  

NGUỒN THAM KHẢO:  
- Header/Section: Công nghệ thông tin > IV. CHƯƠNG TRÌNH KHUNG (KẾ HOẠCH THỰC HIỆN) > HỌC KỲ 1 > Giải tích 1  
- Header/Section: Công nghệ thông tin > IV. CHƯƠNG TRÌNH KHUNG (KẾ HOẠCH THỰC HIỆN) > HỌC KỲ 1 > Giải tích 1 - Mã học phần: 001202  
- Header/Section: Công nghệ thông tin > III. CHƯƠNG TRÌNH CHI TIẾT > 1. Kiến thức khoa học cơ bản: > 1.1 Toán và Khoa học tự nhiên > Giải tích 1",True,"[364, 389, 282, 368, 369, 365, 107, 366, 102, 367]",10,364,1,1.0,1,1,1.0,True,
Học phần Giải tích 1 trong chương trình đào tạo ngành CNTT được sắp xếp học ở học kỳ mấy?,metadata,"Học phần Giải tích 1 được sắp xếp học ở học kỳ 1.

GIẢI THÍCH CHI TIẾT:  
1) Bước 1: Trong phần ""Công nghệ thông tin > IV. CHƯƠNG TRÌNH KHUNG (KẾ HOẠCH THỰC HIỆN) > HỌC KỲ 1 > Giải tích 1"", ghi rõ học phần này thuộc học kỳ 1.  
- Căn cứ: ""Công nghệ thông tin > IV. CHƯƠNG TRÌNH KHUNG (KẾ HOẠCH THỰC HIỆN) > HỌC KỲ 1 > Giải tích 1""  

2) Bước 2: Phần này xác nhận mã học phần 001202 và loại học phần là bắt buộc, phù hợp với chương trình ngành CNTT.  
- Căn cứ: ""Công nghệ thông tin > IV. CHƯƠNG TRÌNH KHUNG (KẾ HOẠCH THỰC HIỆN) > HỌC KỲ 1 > Giải tích 1""  

3) Bước 3: Không có thông tin nào cho thấy học phần này được điều chỉnh sang học kỳ khác trong chương trình ngành CNTT.  
- Căn cứ: ""Công nghệ thông tin > IV. CHƯƠNG TRÌNH KHUNG (KẾ HOẠCH THỰC HIỆN) > HỌC KỲ 1 > Giải tích 1""  

NGUỒN THAM KHẢO:  
- Header/Section: Công nghệ thông tin > IV. CHƯƠNG TRÌNH KHUNG (KẾ HOẠCH THỰC HIỆN) > HỌC KỲ 1 > Giải tích 1",True,"[282, 577, 364, 15, 389, 658, 368, 369, 384, 366]",10,364,3,0.3333333333333333,1,1,1.0,True,
"Trong lộ trình đào tạo ngành Công nghệ thông tin, Giải tích 1 thuộc học kỳ nào?",metadata,"Giải tích 1 thuộc học kỳ 1.

GIẢI THÍCH CHI TIẾT:  
1) Bước 1: Học phần Giải tích 1 được liệt kê trong chương trình khung học kỳ 1 của ngành Công nghệ thông tin.  
- Căn cứ: ""Công nghệ thông tin > IV. CHƯƠNG TRÌNH KHUNG (KẾ HOẠCH THỰC HIỆN) > HỌC KỲ 1 > Giải tích 1"" (học kỳ 1)  

2) Bước 2: Trong phần này, học phần có mã 001202, loại bắt buộc, được quy định rõ ràng trong học kỳ 1.  
- Căn cứ: ""Công nghệ thông tin > IV. CHƯƠNG TRÌNH KHUNG (KẾ HOẠCH THỰC HIỆN) > HỌC KỲ 1 > Giải tích 1"" (mã học phần 001202, học kỳ 1)  

NGUỒN THAM KHẢO:  
- Header/Section: Công nghệ thông tin > IV. CHƯƠNG TRÌNH KHUNG (KẾ HOẠCH THỰC HIỆN) > HỌC KỲ 1 > Giải tích 1",True,"[283, 282, 389, 364, 440, 379, 390, 368, 384, 366]",10,364,4,0.25,1,1,1.0,True,
Học kỳ nào trong kế hoạch đào tạo ngành CNTT dành cho học phần Giải tích 1?,metadata,"Học kỳ 1.  

GIẢI THÍCH CHI TIẾT:  
1) Bước 1: Học phần Giải tích 1 được liệt kê trong chương trình học kỳ 1 của ngành Công nghệ thông tin.  
- Căn cứ: ""Công nghệ thông tin > IV. CHƯƠNG TRÌNH KHUNG (KẾ HOẠCH THỰC HIỆN) > HỌC KỲ 1 > Giải tích 1"" (phần Công nghệ thông tin – Học kỳ 1)  

2) Bước 2: Học phần này cũng được ghi nhận trong học kỳ 1 của chương trình đào tạo ngành CNTT, với mã học phần 001202 và số tín chỉ 3.  
- Căn cứ: ""Công nghệ thông tin > IV. CHƯƠNG TRÌNH KHUNG (KẾ HOẠCH THỰC HIỆN) > HỌC KỲ 1 > Giải tích 1"" (phần Công nghệ thông tin – Học kỳ 1)  

3) Bước 3: Không có thông tin nào cho thấy Giải tích 1 được giảng dạy ở học kỳ khác trong chương trình ngành CNTT.  
- Căn cứ: Không có học phần Giải tích 1 được liệt kê ở học kỳ khác trong chương trình ngành CNTT (không có dữ liệu mâu thuẫn hoặc bổ sung).  

NGUỒN THAM KHẢO:  
- Header/Section: Công nghệ thông tin – IV. CHƯƠNG TRÌNH KHUNG (KẾ HOẠCH THỰC HIỆN) – HỌC KỲ 1 – Giải tích 1",True,"[658, 368, 364, 102, 389, 101, 577, 107, 403, 380]",10,364,3,0.3333333333333333,1,1,1.0,True,
Giải tích 1 của ngành Công nghệ thông tin được xếp vào học kỳ mấy theo khung chương trình?,metadata,"Giải tích 1 của ngành Công nghệ thông tin được xếp vào học kỳ 1.

GIẢI THÍCH CHI TIẾT:  
1) Bước 1: Học phần Giải tích 1 được liệt kê trong khung chương trình học kỳ 1 của ngành Công nghệ thông tin.  
- Căn cứ: ""Công nghệ thông tin > IV. CHƯƠNG TRÌNH KHUNG (KẾ HOẠCH THỰC HIỆN) > HỌC KỲ 1 > Giải tích 1""  

2) Bước 2: Mã học phần 001202 được ghi nhận rõ ràng trong học kỳ 1, và không có thông tin nào cho thấy nó được xếp vào học kỳ khác.  
- Căn cứ: ""Công nghệ thông tin > IV. CHƯƠNG TRÌNH KHUNG (KẾ HOẠCH THỰC HIỆN) > HỌC KỲ 1 > Giải tích 1""  

3) Bước 3: Không có học phần khác nào có mã 001202 hoặc tương đương được ghi nhận ở học kỳ khác, do đó không có mâu thuẫn về thời gian học.  
- Căn cứ: ""Công nghệ thông tin > IV. CHƯƠNG TRÌNH KHUNG (KẾ HOẠCH THỰC HIỆN) > HỌC KỲ 1 > Giải tích 1""  

NGUỒN THAM KHẢO:  
- Header/Section: Công nghệ thông tin > IV. CHƯƠNG TRÌNH KHUNG (KẾ HOẠCH THỰC HIỆN) > HỌC KỲ 1 > Giải tích 1",True,"[282, 283, 364, 389, 440, 379, 101, 390, 374, 366]",10,364,3,0.3333333333333333,1,1,1.0,True,
"Trong chương trình CNTT, học phần Toán chuyên đề 1 được xếp vào khối kiến thức nào và có bao nhiêu tín chỉ?",metadata,"Học phần Toán chuyên đề 1 được xếp vào khối kiến thức khoa học cơ bản và có 3 tín chỉ.

GIẢI THÍCH CHI TIẾT:  
1) Bước 1: Học phần Toán chuyên đề 1 thuộc khối kiến thức khoa học cơ bản vì trong CONTEXT rõ ràng ghi rằng: ""Công nghệ thông tin > III. CHƯƠNG TRÌNH CHI TIẾT > 1. Kiến thức khoa học cơ bản: > 1.1 Toán và Khoa học tự nhiên > Toán chuyên đề 1"" (vị trí: Công nghệ thông tin > III. CHƯƠNG TRÌNH CHI TIẾT > 1. Kiến thức khoa học cơ bản).  
2) Bước 2: Học phần này có 3 tín chỉ vì trong CONTEXT ghi rõ: ""Số tín chỉ: 3"" (vị trí: Công nghệ thông tin > III. CHƯƠNG TRÌNH CHI TIẾT > 1. Kiến thức khoa học cơ bản: > 1.1 Toán và Khoa học tự nhiên > Toán chuyên đề 1).  

NGUỒN THAM KHẢO:  
- Header/Section: Công nghệ thông tin > III. CHƯƠNG TRÌNH CHI TIẾT > 1. Kiến thức khoa học cơ bản: > 1.1 Toán và Khoa học tự nhiên > Toán chuyên đề 1",True,"[303, 301, 283, 338, 342, 336, 319, 282, 17, 369]",10,283,3,0.3333333333333333,1,1,1.0,True,
"Theo chương trình đào tạo ngành CNTT, Toán chuyên đề 1 thuộc khối kiến thức nào và có khối lượng bao nhiêu tín chỉ?",metadata,"Toán chuyên đề 1 thuộc khối kiến thức khoa học cơ bản và có 3 tín chỉ.

GIẢI THÍCH CHI TIẾT:  
1) Bước 1: Xác định khối kiến thức của Toán chuyên đề 1.  
- Căn cứ: ""Công nghệ thông tin > III. CHƯƠNG TRÌNH CHI TIẾT > 1. Kiến thức khoa học cơ bản: > 1.1 Toán và Khoa học tự nhiên > Toán chuyên đề 1"" (header/section)  

2) Bước 2: Xác định số tín chỉ của Toán chuyên đề 1.  
- Căn cứ: ""Số tín chỉ: 3"" (trong nội dung học phần tóm tắt của Toán chuyên đề 1)  

NGUỒN THAM KHẢO:  
- Header/Section: Công nghệ thông tin > III. CHƯƠNG TRÌNH CHI TIẾT > 1. Kiến thức khoa học cơ bản: > 1.1 Toán và Khoa học tự nhiên > Toán chuyên đề 1",True,"[301, 303, 283, 344, 311, 298, 342, 319, 336, 338]",10,283,3,0.3333333333333333,1,1,1.0,True,
"Học phần Toán chuyên đề 1 trong chương trình CNTT được phân loại vào nhóm/khối kiến thức nào, với bao nhiêu tín chỉ?",metadata,"Học phần Toán chuyên đề 1 thuộc nhóm kiến thức khoa học cơ bản, với 3 tín chỉ.

GIẢI THÍCH CHI TIẾT:  
1) Bước 1: Học phần Toán chuyên đề 1 được phân loại vào nhóm kiến thức khoa học cơ bản vì trong CONTEXT có ghi rõ: ""1.1 Toán và Khoa học tự nhiên > Toán chuyên đề 1"" (Công nghệ thông tin > III. CHƯƠNG TRÌNH CHI TIẾT > 1. Kiến thức khoa học cơ bản: > 1.1 Toán và Khoa học tự nhiên > Toán chuyên đề 1).  
2) Bước 2: Học phần này có số tín chỉ là 3, được nêu rõ trong nội dung: ""Số tín chỉ: 3"" (Công nghệ thông tin > III. CHƯƠNG TRÌNH CHI TIẾT > 1. Kiến thức khoa học cơ bản: > 1.1 Toán và Khoa học tự nhiên > Toán chuyên đề 1).  

NGUỒN THAM KHẢO:  
- Header/Section: Công nghệ thông tin > III. CHƯƠNG TRÌNH CHI TIẾT > 1. Kiến thức khoa học cơ bản: > 1.1 Toán và Khoa học tự nhiên > Toán chuyên đề 1",True,"[301, 283, 284, 369, 319, 17, 336, 384, 282, 293]",10,283,2,0.5,1,1,1.0,True,
"Trong khung chương trình ngành Công nghệ thông tin, Toán chuyên đề 1 nằm ở khối kiến thức nào và được quy định bao nhiêu tín chỉ?",metadata,"Toán chuyên đề 1 nằm trong khối kiến thức khoa học cơ bản và được quy định 3 tín chỉ.  

GIẢI THÍCH CHI TIẾT:  
1) Bước 1: Toán chuyên đề 1 thuộc khối kiến thức khoa học cơ bản vì được liệt kê trong phần ""1. Kiến thức khoa học cơ bản: > 1.1 Toán và Khoa học tự nhiên > Toán chuyên đề 1"".  
- Căn cứ: ""Công nghệ thông tin > III. CHƯƠNG TRÌNH CHI TIẾT > 1. Kiến thức khoa học cơ bản: > 1.1 Toán và Khoa học tự nhiên > Toán chuyên đề 1""  

2) Bước 2: Học phần này có số tín chỉ là 3, được nêu rõ trong thông tin chi tiết của học phần.  
- Căn cứ: ""Công nghệ thông tin > III. CHƯƠNG TRÌNH CHI TIẾT > 1. Kiến thức khoa học cơ bản: > 1.1 Toán và Khoa học tự nhiên > Toán chuyên đề 1"" – ""Số tín chỉ: 3""  

NGUỒN THAM KHẢO:  
- Header/Section: Công nghệ thông tin > III. CHƯƠNG TRÌNH CHI TIẾT > 1. Kiến thức khoa học cơ bản: > 1.1 Toán và Khoa học tự nhiên > Toán chuyên đề 1",True,"[284, 283, 320, 298, 301, 313, 319, 369, 303, 384]",10,283,2,0.5,1,1,1.0,True,
"Toán chuyên đề 1 của ngành CNTT thuộc khối kiến thức gì, và số tín chỉ tương ứng là bao nhiêu?",metadata,"Toán chuyên đề 1 thuộc khối kiến thức khoa học cơ bản, với số tín chỉ là 3.

GIẢI THÍCH CHI TIẾT:  
1) Bước 1: Toán chuyên đề 1 được liệt kê trong khối ""1. Kiến thức khoa học cơ bản"" của chương trình đào tạo ngành Công nghệ thông tin.  
- Căn cứ: ""Công nghệ thông tin > III. CHƯƠNG TRÌNH CHI TIẾT > 1. Kiến thức khoa học cơ bản: > 1.1 Toán và Khoa học tự nhiên > Toán chuyên đề 1"" (header/section)  

2) Bước 2: Học phần này có mã 001205 và được ghi rõ là ""Số tín chỉ: 3"" trong phần chi tiết học phần.  
- Căn cứ: ""Số tín chỉ: 3"" (trong phần nội dung học phần tóm tắt của Toán chuyên đề 1)  

NGUỒN THAM KHẢO:  
- Header/Section: Công nghệ thông tin > III. CHƯƠNG TRÌNH CHI TIẾT > 1. Kiến thức khoa học cơ bản: > 1.1 Toán và Khoa học tự nhiên > Toán chuyên đề 1",True,"[283, 301, 298, 17, 34, 36, 336, 327, 342, 339]",10,283,1,1.0,1,1,1.0,True,
"Chương trình CNTT xếp Toán chuyên đề 1 vào khối kiến thức nào, đồng thời quy định học phần này bao nhiêu tín chỉ?",metadata,"Chương trình CNTT xếp Toán chuyên đề 1 vào khối kiến thức khoa học cơ bản, quy định học phần này có 3 tín chỉ.  

GIẢI THÍCH CHI TIẾT:  
1) Bước 1: Toán chuyên đề 1 được xếp vào khối kiến thức khoa học cơ bản vì trong CONTEXT có ghi rõ: ""Công nghệ thông tin > III. CHƯƠNG TRÌNH CHI TIẾT > 1. Kiến thức khoa học cơ bản: > 1.1 Toán và Khoa học tự nhiên > Toán chuyên đề 1"".  
2) Bước 2: Học phần Toán chuyên đề 1 có số tín chỉ là 3, được nêu rõ trong dòng: ""Số tín chỉ: 3"".  
3) Bước 3: Cả hai thông tin này đều nằm trong phần ""1. Kiến thức khoa học cơ bản"" và ""Toán chuyên đề 1"" trong cấu trúc chương trình đào tạo ngành Công nghệ thông tin.  

NGUỒN THAM KHẢO:  
- Header/Section: Công nghệ thông tin > III. CHƯƠNG TRÌNH CHI TIẾT > 1. Kiến thức khoa học cơ bản: > 1.1 Toán và Khoa học tự nhiên > Toán chuyên đề 1",True,"[301, 283, 303, 284, 336, 319, 338, 342, 17, 282]",10,283,2,0.5,1,1,1.0,True,
Học phần Nhập môn ngành CNTT có bao nhiêu tín chỉ và được học ở học kỳ nào?,metadata,"Học phần Nhập môn ngành CNTT có 3 tín chỉ và được học ở học kỳ 1.  

GIẢI THÍCH CHI TIẾT:  
1) Bước 1: Học phần Nhập môn ngành CNTT có 3 tín chỉ.  
- Căn cứ: ""Số tín chỉ: 3"" (Công nghệ thông tin > IV. CHƯƠNG TRÌNH KHUNG > HỌC KỲ 1 > Nhập môn ngành CNTT)  

2) Bước 2: Học phần này được học ở học kỳ 1.  
- Căn cứ: ""HỌC KỲ 1"" (Công nghệ thông tin > IV. CHƯƠNG TRÌNH KHUNG > HỌC KỲ 1 > Nhập môn ngành CNTT)  

NGUỒN THAM KHẢO:  
- Công nghệ thông tin > IV. CHƯƠNG TRÌNH KHUNG (KẾ HOẠCH THỰC HIỆN) > HỌC KỲ 1 > Nhập môn ngành CNTT  
- Công nghệ thông tin > IV. CHƯƠNG TRÌNH KHUNG > HỌC KỲ 1",True,"[197, 368, 327, 102, 336, 105, 18, 66, 151, 163]",10,368,2,0.5,1,1,1.0,True,
"Theo kế hoạch đào tạo ngành CNTT, học phần Nhập môn ngành có bao nhiêu tín chỉ và được bố trí ở học kỳ nào?",metadata,"Học phần Nhập môn ngành CNTT có 3 tín chỉ và được bố trí ở học kỳ 1.  

GIẢI THÍCH CHI TIẾT:  
1) Bước 1: Xác định số tín chỉ của học phần ""Nhập môn ngành CNTT"".  
- Căn cứ: ""Số tín chỉ: 3"" (Công nghệ thông tin > IV. CHƯƠNG TRÌNH KHUNG (KẾ HOẠCH THỰC HIỆN) > HỌC KỲ 1 > Nhập môn ngành CNTT)  

2) Bước 2: Xác định học kỳ bố trí học phần ""Nhập môn ngành CNTT"".  
- Căn cứ: ""HỌC KỲ 1"" (Công nghệ thông tin > IV. CHƯƠNG TRÌNH KHUNG (KẾ HOẠCH THỰC HIỆN) > HỌC KỲ 1 > Nhập môn ngành CNTT)  

NGUỒN THAM KHẢO:  
- Header/Section: Công nghệ thông tin > IV. CHƯƠNG TRÌNH KHUNG (KẾ HOẠCH THỰC HIỆN) > HỌC KỲ 1 > Nhập môn ngành CNTT  
- Header/Section: Công nghệ thông tin > IV. CHƯƠNG TRÌNH KHUNG (KẾ HOẠCH THỰC HIỆN) > HỌC KỲ 1",True,"[197, 368, 102, 377, 105, 403, 151, 163, 130, 18]",10,368,2,0.5,1,1,1.0,True,
Học phần Nhập môn ngành Công nghệ thông tin được quy định số tín chỉ bao nhiêu và học vào học kỳ mấy?,metadata,"Học phần Nhập môn ngành Công nghệ thông tin có 3 tín chỉ và học vào học kỳ 1.  

GIẢI THÍCH CHI TIẾT:  
1) Bước 1: Học phần ""Nhập môn ngành CNTT"" được quy định có số tín chỉ 3.  
- Căn cứ: ""Số tín chỉ: 3"" (phần ""Công nghệ thông tin > IV. CHƯƠNG TRÌNH KHUNG > HỌC KỲ 1 > Nhập môn ngành CNTT"")  

2) Bước 2: Học phần này được quy định học vào học kỳ 1.  
- Căn cứ: ""HỌC KỲ 1 > Nhập môn ngành CNTT"" (phần ""Công nghệ thông tin > IV. CHƯƠNG TRÌNH KHUNG > HỌC KỲ 1 > Nhập môn ngành CNTT"")  

NGUỒN THAM KHẢO:  
- Header/Section: Công nghệ thông tin > IV. CHƯƠNG TRÌNH KHUNG (KẾ HOẠCH THỰC HIỆN) > HỌC KỲ 1 > Nhập môn ngành CNTT",True,"[368, 105, 138, 149, 377, 420, 383, 379, 369, 375]",10,368,1,1.0,1,1,1.0,True,
"Trong khung chương trình ngành CNTT, Nhập môn ngành có khối lượng tín chỉ thế nào và thuộc học kỳ nào?",metadata,"Nhập môn ngành CNTT có 3 tín chỉ và thuộc học kỳ 1.  

GIẢI THÍCH CHI TIẾT:  
1) Bước 1: Nhập môn ngành CNTT có số tín chỉ là 3.  
- Căn cứ: ""Số tín chỉ: 3"" (Công nghệ thông tin > III. CHƯƠNG TRÌNH CHI TIẾT > 1. Kiến thức khoa học cơ bản: > 1.1 Toán và Khoa học tự nhiên > Nhập môn ngành công nghệ thông tin)  

2) Bước 2: Nhập môn ngành CNTT thuộc học kỳ 1.  
- Căn cứ: ""HỌC KỲ 1 > Nhập môn ngành CNTT"" (Công nghệ thông tin > IV. CHƯƠNG TRÌNH KHUNG (KẾ HOẠCH THỰC HIỆN) > HỌC KỲ 1)  

NGUỒN THAM KHẢO:  
- Header/Section: Công nghệ thông tin > III. CHƯƠNG TRÌNH CHI TIẾT > 1. Kiến thức khoa học cơ bản: > 1.1 Toán và Khoa học tự nhiên > Nhập môn ngành công nghệ thông tin  
- Header/Section: Công nghệ thông tin > IV. CHƯƠNG TRÌNH KHUNG (KẾ HOẠCH THỰC HIỆN) > HỌC KỲ 1",True,"[368, 284, 377, 18, 197, 327, 339, 436, 403, 336]",10,368,1,1.0,1,1,1.0,True,
Nhập môn ngành CNTT trong chương trình đào tạo gồm bao nhiêu tín chỉ và được sắp xếp học ở học kỳ nào?,metadata,"Nhập môn ngành CNTT có 3 tín chỉ và được sắp xếp học ở học kỳ 1.  

GIẢI THÍCH CHI TIẾT:  
1) Bước 1: Nhập môn ngành CNTT có 3 tín chỉ.  
- Căn cứ: ""Số tín chỉ: 3"" (Công nghệ thông tin > III. CHƯƠNG TRÌNH CHI TIẾT > 1. Kiến thức khoa học cơ bản: > 1.1 Toán và Khoa học tự nhiên > Nhập môn ngành công nghệ thông tin)  

2) Bước 2: Nhập môn ngành CNTT được sắp xếp học ở học kỳ 1.  
- Căn cứ: ""Công nghệ thông tin > IV. CHƯƠNG TRÌNH KHUNG (KẾ HOẠCH THỰC HIỆN) > HỌC KỲ 1 > Nhập môn ngành CNTT""  

NGUỒN THAM KHẢO:  
- Công nghệ thông tin > III. CHƯƠNG TRÌNH CHI TIẾT > 1. Kiến thức khoa học cơ bản: > 1.1 Toán và Khoa học tự nhiên > Nhập môn ngành công nghệ thông tin  
- Công nghệ thông tin > IV. CHƯƠNG TRÌNH KHUNG (KẾ HOẠCH THỰC HIỆN) > HỌC KỲ 1 > Nhập môn ngành CNTT",True,"[284, 368, 327, 18, 66, 377, 63, 403, 61, 396]",10,368,2,0.5,1,1,1.0,True,
"Chương trình đào tạo ngành CNTT quy định học phần Nhập môn ngành có bao nhiêu tín chỉ, và học phần này nằm ở học kỳ mấy?",metadata,"Học phần Nhập môn ngành CNTT có 3 tín chỉ và nằm ở học kỳ 1.  

GIẢI THÍCH CHI TIẾT:  
1) Bước 1: Học phần Nhập môn ngành CNTT có 3 tín chỉ.  
- Căn cứ: ""Số tín chỉ: 3"" (trong phần ""Nhập môn ngành công nghệ thông tin"" – header ""Công nghệ thông tin > III. CHƯƠNG TRÌNH CHI TIẾT > 1. Kiến thức khoa học cơ bản"")  

2) Bước 2: Học phần này nằm ở học kỳ 1.  
- Căn cứ: ""Công nghệ thông tin > IV. CHƯƠNG TRÌNH KHUNG (KẾ HOẠCH THỰC HIỆN) > HỌC KỲ 1 > Nhập môn ngành CNTT""  

NGUỒN THAM KHẢO:  
- Header/Section: Công nghệ thông tin > III. CHƯƠNG TRÌNH CHI TIẾT > 1. Kiến thức khoa học cơ bản: > 1.1 Toán và Khoa học tự nhiên > Nhập môn ngành công nghệ thông tin  
- Header/Section: Công nghệ thông tin > IV. CHƯƠNG TRÌNH KHUNG (KẾ HOẠCH THỰC HIỆN) > HỌC KỲ 1 > Nhập môn ngành CNTT",True,"[284, 312, 327, 368, 18, 66, 377, 69, 63, 403]",10,368,4,0.25,1,1,1.0,True,
Học phần Kỹ thuật lập trình trong ngành Công nghệ thông tin có học phần học trước hoặc tiên quyết nào không?,metadata,"Không có học phần học trước hoặc tiên quyết cho học phần Kỹ thuật lập trình.

GIẢI THÍCH CHI TIẾT:  
1) Bước 1: Học phần Kỹ thuật lập trình được liệt kê là học phần bắt buộc thuộc khối kiến thức cơ sở ngành, với mã học phần 124001.  
- Căn cứ: ""Đây là học phần bắt buộc thuộc khối kiến thức chuyên ngành cơ sở của chương trình đào tạo chuyên ngành Công nghệ thông tin."" (Công nghệ thông tin > III. CHƯƠNG TRÌNH CHI TIẾT > 2. Kiến thức giáo dục chuyên nghiệp: > 2.1. Kiến thức cơ sở ngành: > Kỹ thuật lập trình)  

2) Bước 2: Trong nội dung học phần, không có thông tin nào nêu rõ học phần học trước hoặc tiên quyết.  
- Căn cứ: ""Học phần này trang bị người học phương pháp và công cụ lập trình. Học phần này đóng vai trò là học phần nhập môn..."" (Công nghệ thông tin > III. CHƯƠNG TRÌNH CHI TIẾT > 2. Kiến thức giáo dục chuyên nghiệp: > 2.1. Kiến thức cơ sở ngành: > Kỹ thuật lập trình)  

3) Bước 3: Các học phần khác như ""Lập trình hướng đối tượng"" hay ""Lập trình Java"" có học phần học trước, nhưng không liên quan đến học phần Kỹ thuật lập trình.  
- Căn cứ: ""Học phần học trước: 124001"" (trong học phần ""Lập trình hướng đối tượng"") — điều này chỉ cho thấy Kỹ thuật lập trình là học phần trước, chứ không phải học phần học trước của nó.  

NGUỒN THAM KHẢO:  
- Header/Section: Công nghệ thông tin > III. CHƯƠNG TRÌNH CHI TIẾT > 2. Kiến thức giáo dục chuyên nghiệp: > 2.1. Kiến thức cơ sở ngành: > Kỹ thuật lập trình",True,"[304, 312, 284, 305, 328, 327, 314, 381, 397, 395]",10,304,1,1.0,1,1,1.0,True,
Học phần Kỹ thuật lập trình thuộc ngành Công nghệ thông tin có yêu cầu sinh viên phải hoàn thành học phần học trước hoặc tiên quyết hay không?,metadata,"Không, học phần Kỹ thuật lập trình không yêu cầu sinh viên phải hoàn thành học phần học trước.  

GIẢI THÍCH CHI TIẾT:  
1) Bước 1: Học phần Kỹ thuật lập trình được mô tả là học phần bắt buộc thuộc khối kiến thức chuyên ngành cơ sở, nhưng không có thông tin nào cho thấy nó yêu cầu học phần học trước.  
- Căn cứ: ""Đây là học phần bắt buộc thuộc khối kiến thức chuyên ngành cơ sở của chương trình đào tạo chuyên ngành Công nghệ thông tin. Học phần trang bị người học phương pháp và công cụ lập trình."" (Công nghệ thông tin > III. CHƯƠNG TRÌNH CHI TIẾT > 2. Kiến thức giáo dục chuyên nghiệp: > 2.1. Kiến thức cơ sở ngành: > Kỹ thuật lập trình)  

2) Bước 2: Trong toàn bộ CONTEXT, không có học phần nào được liệt kê có yêu cầu học phần học trước cụ thể cho học phần Kỹ thuật lập trình. Các học phần khác như Lập trình Java, Lập trình Web, v.v. có yêu cầu học phần học trước, nhưng không áp dụng cho Kỹ thuật lập trình.  
- Căn cứ: ""Học phần học trước: 122005; 124001"" (được ghi trong học phần Đồ án thực tế công nghệ phần mềm, không liên quan đến Kỹ thuật lập trình)  

3) Bước 3: Không có dòng nào trong CONTEXT nói rằng Kỹ thuật lập trình là học phần tiên quyết cho các học phần khác, hay yêu cầu học phần học trước.  
- Căn cứ: ""Học phần tiên quyết: tất cả các học phần bắt buộc và tự chọn tối thiểu cần phải tích lũy trong chương trình."" (Công nghệ thông tin > III. CHƯƠNG TRÌNH CHI TIẾT > 2. Kiến thức giáo dục chuyên nghiệp: > Lập trình mạng) – chỉ áp dụng cho học phần khác, không phải Kỹ thuật lập trình.  

NGUỒN THAM KHẢO:  
- Header/Section: Công nghệ thông tin > III. CHƯƠNG TRÌNH CHI TIẾT > 2. Kiến thức giáo dục chuyên nghiệp: > 2.1. Kiến thức cơ sở ngành: > Kỹ thuật lập trình  
- Header/Section: Công nghệ thông tin > III. CHƯƠNG TRÌNH CHI TIẾT > 2. Kiến thức giáo dục chuyên nghiệp: > Lập trình mạng  
- Header/Section: Công nghệ thông tin > III. CHƯƠNG TRÌNH CHI TIẾT > 2. Kiến thức giáo dục chuyên nghiệp: > Đồ án thực tế công nghệ phần mềm",True,"[304, 284, 333, 332, 314, 328, 327, 331, 342, 397]",10,304,1,1.0,1,1,1.0,True,
"Trong chương trình đào tạo ngành Công nghệ thông tin, học phần Kỹ thuật lập trình có quy định học phần học trước hoặc học phần tiên quyết không?",metadata,"Không có quy định học phần học trước hoặc học phần tiên quyết cho học phần Kỹ thuật lập trình.

GIẢI THÍCH CHI TIẾT:  
1) Bước 1: Học phần Kỹ thuật lập trình không được nêu rõ có học phần học trước hay tiên quyết.  
- Căn cứ: ""Học phần này đóng vai trò là học phần nhập môn, giúp người học tiếp cận với ngành học."" (Công nghệ thông tin > III. CHƯƠNG TRÌNH CHI TIẾT > 2. Kiến thức giáo dục chuyên nghiệp: > 2.1. Kiến thức cơ sở ngành: > Kỹ thuật lập trình)  

2) Bước 2: Trong toàn bộ CONTEXT, không có dòng nào ghi rõ học phần ""Kỹ thuật lập trình"" có học phần học trước hoặc tiên quyết.  
- Căn cứ: Không có đoạn nào đề cập đến học phần học trước hoặc tiên quyết cho học phần 124001.  

3) Bước 3: Các học phần khác như ""Lập trình hướng đối tượng"" có học phần học trước (124001), nhưng điều đó không áp dụng cho ""Kỹ thuật lập trình"".  
- Căn cứ: ""Học phần học trước: 124001"" (Công nghệ thông tin > III. CHƯƠNG TRÌNH CHI TIẾT > 2. Kiến thức giáo dục chuyên nghiệp: > 2.1. Kiến thức cơ sở ngành: > Lập trình hướng đối tượng) — đây là học phần khác, không phải Kỹ thuật lập trình.  

NGUỒN THAM KHẢO:  
- Header/Section: Công nghệ thông tin > III. CHƯƠNG TRÌNH CHI TIẾT > 2. Kiến thức giáo dục chuyên nghiệp: > 2.1. Kiến thức cơ sở ngành: > Kỹ thuật lập trình  
- Header/Section: Công nghệ thông tin > III. CHƯƠNG TRÌNH CHI TIẾT > 2. Kiến thức giáo dục chuyên nghiệp: > 2.1. Kiến thức cơ sở ngành: > Lập trình hướng đối tượng",True,"[304, 284, 299, 312, 305, 327, 314, 293, 381, 397]",10,304,1,1.0,1,1,1.0,True,
Học phần Kỹ thuật lập trình của ngành Công nghệ thông tin có bắt buộc sinh viên phải học qua môn nào trước khi đăng ký hay không?,metadata,"Không, học phần Kỹ thuật lập trình không yêu cầu sinh viên phải học qua môn nào trước khi đăng ký.

GIẢI THÍCH CHI TIẾT:  
1) Bước 1: Học phần Kỹ thuật lập trình được liệt kê là học phần bắt buộc nhưng không có yêu cầu học phần trước trong nội dung tóm tắt.  
- Căn cứ: ""Học phần này trang bị người học phương pháp và công cụ lập trình. Học phần này đóng vai trò là học phần nhập môn..."" (Công nghệ thông tin > III. CHƯƠNG TRÌNH CHI TIẾT > 2. Kiến thức giáo dục chuyên nghiệp: > 2.1. Kiến thức cơ sở ngành: > Kỹ thuật lập trình)  

2) Bước 2: Trong phần kế hoạch thực hiện, học phần Kỹ thuật lập trình được xếp ở học kỳ 2, và không có học phần nào được nêu là học phần trước cho học phần này.  
- Căn cứ: ""Công nghệ thông tin > IV. CHƯƠNG TRÌNH KHUNG (KẾ HOẠCH THỰC HIỆN) > HỌC KỲ 2 > Kỹ thuật lập trình"" (Công nghệ thông tin > IV. CHƯƠNG TRÌNH KHUNG)  

3) Bước 3: Các học phần khác như Lập trình hướng đối tượng (122003) có yêu cầu học trước Kỹ thuật lập trình, nhưng điều đó không có nghĩa là Kỹ thuật lập trình cần học trước một môn nào khác.  
- Căn cứ: ""Học phần học trước: 124001"" (Công nghệ thông tin > IV. CHƯƠNG TRÌNH KHUNG > HỌC KỲ 3 > Lập trình hướng đối tượng)  

NGUỒN THAM KHẢO:  
- Công nghệ thông tin > III. CHƯƠNG TRÌNH CHI TIẾT > 2. Kiến thức giáo dục chuyên nghiệp: > 2.1. Kiến thức cơ sở ngành: > Kỹ thuật lập trình  
- Công nghệ thông tin > IV. CHƯƠNG TRÌNH KHUNG (KẾ HOẠCH THỰC HIỆN) > HỌC KỲ 2 > Kỹ thuật lập trình  
- Công nghệ thông tin > IV. CHƯƠNG TRÌNH KHUNG (KẾ HOẠCH THỰC HIỆN) > HỌC KỲ 3 > Lập trình hướng đối tượng",True,"[304, 284, 314, 332, 328, 333, 327, 372, 381, 342]",10,304,1,1.0,1,1,1.0,True,
"Theo chương trình đào tạo ngành Công nghệ thông tin, học phần Kỹ thuật lập trình có kèm theo điều kiện về học phần học trước hoặc tiên quyết không?",metadata,"Không, học phần Kỹ thuật lập trình không có điều kiện học phần học trước hoặc tiên quyết.

GIẢI THÍCH CHI TIẾT:  
1) Bước 1: Học phần Kỹ thuật lập trình không được ghi rõ có điều kiện học phần học trước hay tiên quyết.  
- Căn cứ: ""Học phần học trước: không có"" (phần nội dung học phần tóm tắt của Kỹ thuật lập trình)  
- Vị trí: Công nghệ thông tin > III. CHƯƠNG TRÌNH CHI TIẾT > 2. Kiến thức giáo dục chuyên nghiệp: > 2.1. Kiến thức cơ sở ngành: > Kỹ thuật lập trình  

2) Bước 2: Trong phần nội dung học phần, không có thông tin nào đề cập đến học phần tiên quyết hay học phần học trước khác.  
- Căn cứ: ""Học phần học trước: không có"" (cùng phần nội dung học phần tóm tắt)  
- Vị trí: Công nghệ thông tin > III. CHƯƠNG TRÌNH CHI TIẾT > 2. Kiến thức giáo dục chuyên nghiệp: > 2.1. Kiến thức cơ sở ngành: > Kỹ thuật lập trình  

NGUỒN THAM KHẢO:  
- Header/Section: Công nghệ thông tin > III. CHƯƠNG TRÌNH CHI TIẾT > 2. Kiến thức giáo dục chuyên nghiệp: > 2.1. Kiến thức cơ sở ngành: > Kỹ thuật lập trình",True,"[284, 312, 304, 299, 293, 305, 327, 314, 306, 282]",10,304,3,0.3333333333333333,1,1,1.0,True,
Sinh viên ngành Công nghệ thông tin khi học học phần Kỹ thuật lập trình có cần hoàn thành học phần tiên quyết hoặc học trước nào không?,metadata,"Có, sinh viên cần hoàn thành học phần học trước là 124001 (Kỹ thuật lập trình) để học học phần này.  

GIẢI THÍCH CHI TIẾT:  
1) Bước 1: Học phần ""Kỹ thuật lập trình"" được liệt kê là học phần bắt buộc và có yêu cầu học phần học trước.  
- Căn cứ: ""Học phần học trước: 122005; 124001"" (trong phần nội dung tóm tắt của Đồ án thực tế công nghệ phần mềm) – tuy nhiên, đây là học phần học trước cho Đồ án, không phải cho Kỹ thuật lập trình.  

2) Bước 2: Trong phần nội dung học phần của ""Kỹ thuật lập trình"", không có thông tin về học phần tiên quyết hay học trước được nêu rõ.  
- Căn cứ: ""Học phần bắt buộc thuộc khối kiến thức chuyên ngành cơ sở... Học phần này cung cấp các kỹ thuật cơ bản thường được sử dụng trong công việc lập trình như: cách tổ chức biểu diễn dữ liệu, kỹ thuật chia để trị, kỹ thuật đặt cờ hiệu, kỹ thuật đệ quy..."" (trong phần nội dung học phần tóm tắt của Kỹ thuật lập trình) – không có thông tin về học phần học trước.  

3) Bước 3: Dù không có thông tin cụ thể về học phần học trước cho Kỹ thuật lập trình trong CONTEXT, nhưng học phần này được liệt kê là bắt buộc và có thể là học phần nhập môn, nên thường yêu cầu hoàn thành các học phần trước.  
- Căn cứ: ""Đây là học phần bắt buộc thuộc khối kiến thức chuyên ngành cơ sở của chương trình đào tạo chuyên ngành Công nghệ thông tin"" (trong phần nội dung học phần tóm tắt của Kỹ thuật lập trình) – cho thấy tính bắt buộc nhưng không nêu học phần học trước.  

→ Tuy nhiên, trong CONTEXT không có thông tin nào nói rõ sinh viên cần hoàn thành học phần học trước nào để học Kỹ thuật lập trình.  

Tôi không tìm thấy thông tin đủ để trả lời câu hỏi này.  

NGUỒN THAM KHẢO:  
- Header/Section: Công nghệ thông tin > III. CHƯƠNG TRÌNH CHI TIẾT > 2. Kiến thức giáo dục chuyên nghiệp: > 2.1. Kiến thức cơ sở ngành: > Kỹ thuật lập trình  
- Header/Section: Công nghệ thông tin > III. CHƯƠNG TRÌNH CHI TIẾT > 2. Kiến thức giáo dục chuyên nghiệp: > Sinh viên có thể chọn 28 tín chỉ và 6 tín chỉ luận văn tốt nghiệp > Đồ án thực tế công nghệ phần mềm",False,"[284, 333, 304, 332, 328, 327, 344, 342, 337, 372]",10,304,3,0.3333333333333333,1,1,1.0,True,
Học phần Cấu trúc dữ liệu và giải thuật yêu cầu sinh viên phải học trước học phần nào trong chương trình đào tạo ngành Công nghệ thông tin?,metadata,"Học phần Cấu trúc dữ liệu và giải thuật yêu cầu sinh viên phải học trước học phần 124001.

GIẢI THÍCH CHI TIẾT:  
1) Bước 1: Học phần Cấu trúc dữ liệu và giải thuật có yêu cầu học phần học trước là 124001.  
- Căn cứ: ""Học phần học trước: 124001"" (Công nghệ thông tin > III. CHƯƠNG TRÌNH CHI TIẾT > 2. Kiến thức giáo dục chuyên nghiệp: > 2.1. Kiến thức cơ sở ngành: > Cấu trúc dữ liệu và giải thuật)  

2) Bước 2: Trong phần mô tả học phần, có ghi rõ học phần này là học phần bắt buộc và nằm trong khối kiến thức cơ sở ngành, hỗ trợ kỹ năng lập trình đã được học trước đó.  
- Căn cứ: ""Học phần này còn giúp sinh viên củng cố và phát triển kỹ năng lập trình vừa được học trong các học phần trước trước."" (Công nghệ thông tin > III. CHƯƠNG TRÌNH CHI TIẾT > 2. Kiến thức giáo dục chuyên nghiệp: > 2.1. Kiến thức cơ sở ngành: > Cấu trúc dữ liệu và giải thuật)  

NGUỒN THAM KHẢO:  
- Header/Section: Công nghệ thông tin > III. CHƯƠNG TRÌNH CHI TIẾT > 2. Kiến thức giáo dục chuyên nghiệp: > 2.1. Kiến thức cơ sở ngành: > Cấu trúc dữ liệu và giải thuật  
- Header/Section: Công nghệ thông tin > III. CHƯƠNG TRÌNH CHI TIẾT > 2. Kiến thức giáo dục chuyên nghiệp: > 2.1. Kiến thức cơ sở ngành: > Cấu trúc dữ liệu và giải thuật",True,"[305, 214, 326, 299, 380, 38, 298, 335, 316, 329]",10,305,1,1.0,1,1,1.0,True,
"Trong chương trình đào tạo ngành Công nghệ thông tin, học phần Cấu trúc dữ liệu và giải thuật yêu cầu sinh viên phải hoàn thành học phần học trước nào?",metadata,"Học phần Cấu trúc dữ liệu và giải thuật yêu cầu sinh viên phải hoàn thành học phần học trước là 124001.

GIẢI THÍCH CHI TIẾT:  
1) Bước 1: Học phần Cấu trúc dữ liệu và giải thuật có mã học phần 124002 và được ghi nhận có học phần học trước.  
- Căn cứ: ""Học phần học trước: 124001"" (phần ""Cấu trúc dữ liệu và giải thuật"" trong CONTEXT)  

2) Bước 2: Trong phần nội dung tóm tắt của học phần này, rõ ràng nêu học phần học trước là 124001, không có thông tin nào khác.  
- Căn cứ: ""Học phần học trước: 124001"" (phần ""Cấu trúc dữ liệu và giải thuật"" trong CONTEXT)  

NGUỒN THAM KHẢO:  
- Header/Section: Công nghệ thông tin > III. CHƯƠNG TRÌNH CHI TIẾT > 2. Kiến thức giáo dục chuyên nghiệp: > 2.1. Kiến thức cơ sở ngành: > Cấu trúc dữ liệu và giải thuật",True,"[305, 332, 326, 329, 316, 284, 342, 327, 306, 380]",10,305,1,1.0,1,1,1.0,True,
Học phần Cấu trúc dữ liệu và giải thuật của ngành Công nghệ thông tin có quy định học phần học trước là môn nào?,metadata,"Học phần Cấu trúc dữ liệu và giải thuật quy định học phần học trước là môn 124001.

GIẢI THÍCH CHI TIẾT:  
1) Bước 1: Trong phần ""Công nghệ thông tin > III. CHƯƠNG TRÌNH CHI TIẾT > 2. Kiến thức giáo dục chuyên nghiệp: > 2.1. Kiến thức cơ sở ngành: > Cấu trúc dữ liệu và giải thuật"", có ghi rõ ""Học phần học trước: 124001"".  
- Căn cứ: ""Học phần học trước: 124001"" (phần ""Cấu trúc dữ liệu và giải thuật"" trong ""Công nghệ thông tin > III. CHƯƠNG TRÌNH CHI TIẾT > 2. Kiến thức giáo dục chuyên nghiệp: > 2.1. Kiến thức cơ sở ngành: > Cấu trúc dữ liệu và giải thuật"")  

2) Bước 2: Trong phần ""Công nghệ thông tin > IV. CHƯƠNG TRÌNH KHUNG (KẾ HOẠCH THỰC HIỆN) > HỌC KỲ 3 > Cấu trúc dữ liệu và giải thuật"", cũng ghi rõ ""Học phần học trước: 124001"".  
- Căn cứ: ""Học phần học trước: 124001"" (phần ""Cấu trúc dữ liệu và giải thuật"" trong ""Công nghệ thông tin > IV. CHƯƠNG TRÌNH KHUNG > HỌC KỲ 3"")  

3) Bước 3: Trong phần ""Mạng máy tính và truyền thông dữ liệu > PHỤ LỤC 2: BẢNG MÔ TẢ CÁC HỌC PHẦN MMT&TTDL > 2. Kiến thức giáo dục chuyên nghiệp: 94 tín chỉ > 2.1. Kiến thức cơ sở ngành – 29 tín chỉ > Cấu trúc dữ liệu & giải thuật"", có ghi rõ ""Học phần học trước: 124001"" (mặc dù không có trong nội dung tóm tắt, nhưng được liệt kê trong mô tả học phần).  
- Căn cứ: ""Học phần học trước: 124001"" (phần ""Cấu trúc dữ liệu & giải thuật"" trong ""PHỤ LỤC 2: BẢNG MÔ TẢ CÁC HỌC PHẦN MMT&TTDL"")  

NGUỒN THAM KHẢO:  
- Header/Section: ""Công nghệ thông tin > III. CHƯƠNG TRÌNH CHI TIẾT > 2. Kiến thức giáo dục chuyên nghiệp: > 2.1. Kiến thức cơ sở ngành: > Cấu trúc dữ liệu và giải thuật""  
- Header/Section: ""Công nghệ thông tin > IV. CHƯƠNG TRÌNH KHUNG (KẾ HOẠCH THỰC HIỆN) > HỌC KỲ 3 > Cấu trúc dữ liệu và giải thuật""  
- Header/Section: ""Mạng máy tính và truyền thông dữ liệu > PHỤ LỤC 2: BẢNG MÔ TẢ CÁC HỌC PHẦN MMT&TTDL > 2. Kiến thức giáo dục chuyên nghiệp: 94 tín chỉ > 2.1. Kiến thức cơ sở ngành – 29 tín chỉ > Cấu trúc dữ liệu & giải thuật""",True,"[305, 205, 214, 197, 215, 380, 38, 316, 284, 125]",10,305,1,1.0,1,1,1.0,True,
Sinh viên ngành Công nghệ thông tin cần học trước những học phần nào để đủ điều kiện đăng ký học phần Cấu trúc dữ liệu và giải thuật?,metadata,"Sinh viên cần học trước học phần 124001 để đăng ký học phần Cấu trúc dữ liệu và giải thuật.

GIẢI THÍCH CHI TIẾT:  
1) Bước 1: Học phần Cấu trúc dữ liệu và giải thuật yêu cầu học phần học trước là 124001.  
- Căn cứ: ""Học phần học trước: 124001"" (Công nghệ thông tin > III. CHƯƠNG TRÌNH CHI TIẾT > 2. Kiến thức giáo dục chuyên nghiệp: > Cấu trúc dữ liệu và giải thuật)  

2) Bước 2: Thông tin này được xác nhận trong phần ""Học phần học trước"" của học phần Cấu trúc dữ liệu và giải thuật, nằm trong cấu trúc chương trình đào tạo ngành Công nghệ thông tin.  
- Căn cứ: ""Học phần học trước: 124001"" (Công nghệ thông tin > III. CHƯƠNG TRÌNH CHI TIẾT > 2. Kiến thức giáo dục chuyên nghiệp: > Cấu trúc dữ liệu và giải thuật)  

NGUỒN THAM KHẢO:  
- Header/Section: Công nghệ thông tin > III. CHƯƠNG TRÌNH CHI TIẾT > 2. Kiến thức giáo dục chuyên nghiệp: > Cấu trúc dữ liệu và giải thuật",True,"[284, 305, 326, 327, 330, 350, 337, 205, 380, 214]",10,305,2,0.5,1,1,1.0,True,
"Theo chương trình đào tạo ngành Công nghệ thông tin, học phần Cấu trúc dữ liệu và giải thuật yêu cầu hoàn thành những học phần nào trước đó?",metadata,"Học phần Cấu trúc dữ liệu và giải thuật yêu cầu hoàn thành học phần 124001 trước đó.  

GIẢI THÍCH CHI TIẾT:  
1) Bước 1: Học phần Cấu trúc dữ liệu và giải thuật yêu cầu học phần trước là 124001.  
- Căn cứ: ""Học phần học trước: 124001"" (Công nghệ thông tin > III. CHƯƠNG TRÌNH CHI TIẾT > 2. Kiến thức giáo dục chuyên nghiệp: > Cấu trúc dữ liệu và giải thuật)  

2) Bước 2: Trong chương trình khung, học phần này được liệt kê là học phần bắt buộc trong học kỳ 3, điều này xác nhận vị trí học phần trong kế hoạch học tập.  
- Căn cứ: ""Học phần học trước: 124001"" (Công nghệ thông tin > IV. CHƯƠNG TRÌNH KHUNG (KẾ HOẠCH THỰC HIỆN) > HỌC KỲ 3 > Cấu trúc dữ liệu và giải thuật)  

NGUỒN THAM KHẢO:  
- Header/Section: Công nghệ thông tin > III. CHƯƠNG TRÌNH CHI TIẾT > 2. Kiến thức giáo dục chuyên nghiệp: > Cấu trúc dữ liệu và giải thuật  
- Header/Section: Công nghệ thông tin > IV. CHƯƠNG TRÌNH KHUNG (KẾ HOẠCH THỰC HIỆN) > HỌC KỲ 3 > Cấu trúc dữ liệu và giải thuật",True,"[284, 305, 326, 316, 380, 306, 282, 38, 281, 383]",10,305,2,0.5,1,1,1.0,True,
Những học phần học trước nào được quy định cho học phần Cấu trúc dữ liệu và giải thuật trong ngành Công nghệ thông tin?,metadata,"Học phần học trước cho Cấu trúc dữ liệu và giải thuật là ""Nhập môn ngành công nghệ thông tin"" (mã 122042).  

GIẢI THÍCH CHI TIẾT:  
1) Bước 1: Học phần ""Cấu trúc dữ liệu và giải thuật"" yêu cầu học phần học trước là 124001, được nêu rõ trong thông tin về chương trình học kỳ 3 và học kỳ 4.  
- Căn cứ: ""Học phần học trước: 124001"" (Công nghệ thông tin > III. CHƯƠNG TRÌNH CHI TIẾT > 2. Kiến thức giáo dục chuyên nghiệp: > 2.1. Kiến thức cơ sở ngành: > Cấu trúc dữ liệu và giải thuật)  

2) Bước 2: Trong phần mô tả học phần ""Nhập môn ngành công nghệ thông tin"", sinh viên được làm quen với lập trình cơ bản bằng Python, là nền tảng cho các học phần chuyên ngành như Cấu trúc dữ liệu và giải thuật.  
- Căn cứ: ""Đây là học phần thuộc khối kiến thức đại cương... giúp sinh viên chuẩn bị các kỹ năng cần thiết cho các học phần tiếp theo"" (Công nghệ thông tin > III. CHƯƠNG TRÌNH CHI TIẾT > 1. Kiến thức khoa học cơ bản: > 1.1 Toán và Khoa học tự nhiên > Nhập môn ngành công nghệ thông tin)  

NGUỒN THAM KHẢO:  
- Header/Section: Công nghệ thông tin > III. CHƯƠNG TRÌNH CHI TIẾT > 2. Kiến thức giáo dục chuyên nghiệp: > 2.1. Kiến thức cơ sở ngành: > Cấu trúc dữ liệu và giải thuật  
- Header/Section: Công nghệ thông tin > III. CHƯƠNG TRÌNH CHI TIẾT > 1. Kiến thức khoa học cơ bản: > 1.1 Toán và Khoa học tự nhiên > Nhập môn ngành công nghệ thông tin",True,"[305, 284, 316, 214, 205, 380, 125, 282, 134, 38]",10,305,1,1.0,1,1,1.0,True,
"Trong chương trình ngành Mạng máy tính và truyền thông dữ liệu, học phần Nhập môn ngành MMT&TTDL có bao nhiêu tín chỉ?",metadata,"Học phần Nhập môn ngành MMT&TTDL có 3 tín chỉ.  

GIẢI THÍCH CHI TIẾT:  
1) Bước 1: Học phần ""Nhập môn ngành Mạng máy tính và truyền thông dữ liệu"" được liệt kê với số tín chỉ rõ ràng trong phần ""Toán và khoa học tự nhiên – 14 tín chỉ"".  
- Căn cứ: ""Số tín chỉ: 3"" (Mạng máy tính và truyền thông dữ liệu > PHỤ LỤC 2: BẢNG MÔ TẢ CÁC HỌC PHẦN MMT&TTDL > 1. Kiến thức giáo dục đại cương – 29 tín chỉ > 1.1. Toán và khoa học tự nhiên – 14 tín chỉ > Nhập môn ngành MMT&TTDL)  

2) Bước 2: Thông tin này được xác nhận đồng thời trong phần ""CHƯƠNG TRÌNH CHI TIẾT"" với cùng mã học phần (125015) và số tín chỉ 3.  
- Căn cứ: ""Số tín chỉ: 3"" (Mạng máy tính và truyền thông dữ liệu > III. CHƯƠNG TRÌNH CHI TIẾT > 1. Kiến thức khoa học cơ bản: 29 tín chỉ > Toán và khoa học tự nhiên – 14 tín chỉ > Nhập môn ngành mạng máy tính và truyền thông dữ liệu)  

NGUỒN THAM KHẢO:  
- Header/Section: PHỤ LỤC 2: BẢNG MÔ TẢ CÁC HỌC PHẦN MMT&TTDL > 1. Kiến thức giáo dục đại cương – 29 tín chỉ > 1.1. Toán và khoa học tự nhiên – 14 tín chỉ > Nhập môn ngành MMT&TTDL  
- Header/Section: III. CHƯƠNG TRÌNH CHI TIẾT > 1. Kiến thức khoa học cơ bản: 29 tín chỉ > Toán và khoa học tự nhiên – 14 tín chỉ > Nhập môn ngành mạng máy tính và truyền thông dữ liệu",True,"[197, 18, 206, 213, 215, 211, 254, 242, 210, 205]",10,197,1,1.0,1,1,1.0,True,True
"Theo chương trình đào tạo ngành Mạng máy tính và truyền thông dữ liệu, học phần Nhập môn ngành MMT&TTDL có số tín chỉ là bao nhiêu?",metadata,"Học phần Nhập môn ngành MMT&TTDL có số tín chỉ là 3.

GIẢI THÍCH CHI TIẾT:  
1) Bước 1: Học phần ""Nhập môn ngành mạng máy tính và truyền thông dữ liệu"" được liệt kê với mã học phần 125015 trong chương trình đào tạo.  
- Căn cứ: ""Mã học phần: 125015"" (Mạng máy tính và truyền thông dữ liệu > III. CHƯƠNG TRÌNH CHI TIẾT > 1. Kiến thức khoa học cơ bản: 29 tín chỉ > Toán và khoa học tự nhiên – 14 tín chỉ > Nhập môn ngành mạng máy tính và truyền thông dữ liệu)  

2) Bước 2: Trong phần chi tiết chương trình, học phần này được ghi rõ có ""Số tín chỉ: 3"".  
- Căn cứ: ""Số tín chỉ: 3"" (Mạng máy tính và truyền thông dữ liệu > III. CHƯƠNG TRÌNH CHI TIẾT > 1. Kiến thức khoa học cơ bản: 29 tín chỉ > Toán và khoa học tự nhiên – 14 tín chỉ > Nhập môn ngành mạng máy tính và truyền thông dữ liệu)  

NGUỒN THAM KHẢO:  
- Header/Section: Mạng máy tính và truyền thông dữ liệu > III. CHƯƠNG TRÌNH CHI TIẾT > 1. Kiến thức khoa học cơ bản: 29 tín chỉ > Toán và khoa học tự nhiên – 14 tín chỉ > Nhập môn ngành mạng máy tính và truyền thông dữ liệu",True,"[197, 204, 206, 215, 18, 254, 213, 210, 211, 207]",10,197,1,1.0,1,1,1.0,True,True
Học phần Nhập môn ngành MMT&TTDL trong chương trình đào tạo ngành Mạng máy tính và truyền thông dữ liệu được quy định bao nhiêu tín chỉ?,metadata,"Học phần Nhập môn ngành MMT&TTDL được quy định là 14 tín chỉ.

GIẢI THÍCH CHI TIẾT:  
1) Bước 1: Học phần ""Nhập môn ngành MMT&TTDL"" được liệt kê trong mục ""1.1. Toán và khoa học tự nhiên – 14 tín chỉ"" thuộc nhóm ""Kiến thức giáo dục đại cương"".  
- Căn cứ: ""1.1. Toán và khoa học tự nhiên – 14 tín chỉ > Nhập môn ngành Mạng máy tính và truyền thông dữ liệu"" (phần 1.1 trong Phụ lục 2)

2) Bước 2: Nội dung học phần này được mô tả rõ ràng là một phần của nhóm kiến thức giáo dục đại cương với tổng số tín chỉ là 14, không có thông tin nào cho thấy tín chỉ khác.  
- Căn cứ: ""1.1. Toán và khoa học tự nhiên – 14 tín chỉ > Nhập môn ngành Mạng máy tính và truyền thông dữ liệu"" (phần 1.1 trong Phụ lục 2)

NGUỒN THAM KHẢO:  
- Header/Section: 1.1. Toán và khoa học tự nhiên – 14 tín chỉ > Nhập môn ngành Mạng máy tính và truyền thông dữ liệu",True,"[197, 231, 206, 213, 242, 254, 215, 243, 211, 205]",10,197,1,1.0,1,1,1.0,True,True
Chương trình ngành Mạng máy tính và truyền thông dữ liệu xác định học phần Nhập môn ngành MMT&TTDL có khối lượng bao nhiêu tín chỉ?,metadata,"Học phần Nhập môn ngành MMT&TTDL có khối lượng 3 tín chỉ.  

GIẢI THÍCH CHI TIẾT:  
1) Bước 1: Học phần ""Nhập môn ngành Mạng máy tính và truyền thông dữ liệu"" được liệt kê với số tín chỉ rõ ràng trong phần ""Toán và khoa học tự nhiên – 14 tín chỉ"" của chương trình.  
- Căn cứ: ""Số tín chỉ: 3"" (Mạng máy tính và truyền thông dữ liệu > PHỤ LỤC 2: BẢNG MÔ TẢ CÁC HỌC PHẦN MMT&TTDL > 1. Kiến thức giáo dục đại cương – 29 tín chỉ > 1.1. Toán và khoa học tự nhiên – 14 tín chỉ > Nhập môn ngành MMT&TTDL)  

2) Bước 2: Thông tin này được xác nhận ở phần ""CHƯƠNG TRÌNH CHI TIẾT"" với cùng mã học phần (125015) và số tín chỉ 3, nằm trong nhóm kiến thức giáo dục đại cương.  
- Căn cứ: ""Số tín chỉ: 3"" (Mạng máy tính và truyền thông dữ liệu > III. CHƯƠNG TRÌNH CHI TIẾT > 1. Kiến thức khoa học cơ bản: 29 tín chỉ > Toán và khoa học tự nhiên – 14 tín chỉ > Nhập môn ngành mạng máy tính và truyền thông dữ liệu)  

NGUỒN THAM KHẢO:  
- Header/Section: PHỤ LỤC 2: BẢNG MÔ TẢ CÁC HỌC PHẦN MMT&TTDL > 1. Kiến thức giáo dục đại cương – 29 tín chỉ > 1.1. Toán và khoa học tự nhiên – 14 tín chỉ > Nhập môn ngành MMT&TTDL  
- Header/Section: III. CHƯƠNG TRÌNH CHI TIẾT > 1. Kiến thức khoa học cơ bản: 29 tín chỉ > Toán và khoa học tự nhiên – 14 tín chỉ > Nhập môn ngành mạng máy tính và truyền thông dữ liệu",True,"[197, 18, 206, 211, 254, 35, 29, 242, 205, 46]",10,197,1,1.0,1,1,1.0,True,True
"Trong kế hoạch đào tạo ngành Mạng máy tính và truyền thông dữ liệu, học phần Nhập môn ngành MMT&TTDL có số tín chỉ là bao nhiêu?",metadata,"Học phần Nhập môn ngành MMT&TTDL có số tín chỉ là 3.

GIẢI THÍCH CHI TIẾT:  
1) Bước 1: Học phần ""Nhập môn ngành mạng máy tính và truyền thông dữ liệu"" được liệt kê trong phần kế hoạch học tập của chương trình.  
- Căn cứ: ""Mạng máy tính và truyền thông dữ liệu > IV. KẾ HOẠCH HỌC TẬP > Học kỳ 1 > Nhập môn ngành MMT&TTDL - Mã học phần: 125015 - Số tín chỉ: 3"" (phần IV. KẾ HOẠCH HỌC TẬP)  

2) Bước 2: Trong cùng phần này, thông tin về số tín chỉ được nêu rõ là 3, phù hợp với câu hỏi.  
- Căn cứ: ""Số tín chỉ: 3"" (phần IV. KẾ HOẠCH HỌC TẬP)  

NGUỒN THAM KHẢO:  
- Header/Section: IV. KẾ HOẠCH HỌC TẬP  
- Header/Section: PHỤ LỤC 2: BẢNG MÔ TẢ CÁC HỌC PHẦN MMT&TTDL",True,"[197, 206, 211, 193, 18, 218, 105, 219, 116, 155]",10,105,7,0.14285714285714285,1,1,1.0,True,
Học phần Nhập môn ngành MMT&TTDL thuộc chương trình đào tạo ngành Mạng máy tính và truyền thông dữ liệu có bao nhiêu tín chỉ?,metadata,"Học phần Nhập môn ngành MMT&TTDL có 14 tín chỉ.

GIẢI THÍCH CHI TIẾT:  
1) Bước 1: Học phần ""Nhập môn ngành MMT&TTDL"" được liệt kê trong phần ""1.1. Toán và khoa học tự nhiên – 14 tín chỉ"" của chương trình đào tạo.  
- Căn cứ: ""1.1. Toán và khoa học tự nhiên – 14 tín chỉ > Nhập môn ngành Mạng máy tính và truyền thông dữ liệu"" (phần 1.1 trong CONTEXT)

2) Bước 2: Trong nội dung mô tả, học phần này được xác định là thuộc nhóm ""Kiến thức giáo dục đại cương – 29 tín chỉ"", cụ thể là phần ""Toán và khoa học tự nhiên – 14 tín chỉ"", từ đó suy ra số tín chỉ là 14.  
- Căn cứ: ""1.1. Toán và khoa học tự nhiên – 14 tín chỉ > Nhập môn ngành Mạng máy tính và truyền thông dữ liệu"" (phần 1.1 trong CONTEXT)

NGUỒN THAM KHẢO:  
- Header/Section: 1.1. Toán và khoa học tự nhiên – 14 tín chỉ > Nhập môn ngành Mạng máy tính và truyền thông dữ liệu",True,"[197, 231, 206, 213, 205, 254, 242, 211, 243, 215]",10,197,1,1.0,1,1,1.0,True,True
Học phần Kỹ thuật truyền số liệu thuộc học kỳ mấy trong kế hoạch học tập ngành MMT&TTDL?,metadata,"Học phần Kỹ thuật truyền số liệu thuộc học kỳ 2.  

GIẢI THÍCH CHI TIẾT:  
1) Bước 1: Học phần ""Kỹ thuật truyền số liệu"" được liệt kê trong học kỳ 2 của chương trình Mạng máy tính và truyền thông dữ liệu.  
- Căn cứ: ""Mạng máy tính và truyền thông dữ liệu > IV. KẾ HOẠCH HỌC TẬP > Học kỳ 2 > Kỹ thuật truyền số liệu""  

2) Bước 2: Trong phần này, mã học phần là 125003, loại học phần là bắt buộc, và không có thông tin cho học kỳ khác có cùng tên học phần.  
- Căn cứ: ""Mạng máy tính và truyền thông dữ liệu > IV. KẾ HOẠCH HỌC TẬP > Học kỳ 2 > Kỹ thuật truyền số liệu""  

3) Bước 3: Có một học phần cùng tên nhưng ở học kỳ 5 trong chương trình Công nghệ thông tin, nhưng đó là học phần tự chọn và không phải trong ngành MMT&TTDL.  
- Căn cứ: ""Công nghệ thông tin > IV. CHƯƠNG TRÌNH KHUNG (KẾ HOẠCH THỰC HIỆN) > HỌC KỲ 5 > Kỹ thuật truyền số liệu""  

NGUỒN THAM KHẢO:  
- Header/Section: Mạng máy tính và truyền thông dữ liệu > IV. KẾ HOẠCH HỌC TẬP > Học kỳ 2 > Kỹ thuật truyền số liệu  
- Header/Section: Công nghệ thông tin > IV. CHƯƠNG TRÌNH KHUNG (KẾ HOẠCH THỰC HIỆN) > HỌC KỲ 5 > Kỹ thuật truyền số liệu",True,"[111, 163, 161, 400, 110, 160, 130, 131, 100, 116]",10,111,1,1.0,1,1,1.0,True,
"Trong kế hoạch học tập ngành Mạng máy tính và truyền thông dữ liệu, học phần Kỹ thuật truyền số liệu được bố trí ở học kỳ mấy?",metadata,"Học phần Kỹ thuật truyền số liệu được bố trí ở học kỳ 2.

GIẢI THÍCH CHI TIẾT:  
1) Bước 1: Xác định học phần ""Kỹ thuật truyền số liệu"" trong kế hoạch học tập.  
- Căn cứ: ""Mạng máy tính và truyền thông dữ liệu > IV. KẾ HOẠCH HỌC TẬP > Học kỳ 2 > Kỹ thuật truyền số liệu"" (phần ""Học kỳ 2 > Kỹ thuật truyền số liệu"")  

2) Bước 2: Xác minh học kỳ của học phần này thông qua thông tin được cung cấp trong CONTEXT.  
- Căn cứ: ""Học kỳ 2 > Kỹ thuật truyền số liệu"" (phần ""Học kỳ 2 > Kỹ thuật truyền số liệu"")  

3) Bước 3: Kết luận học kỳ cụ thể dựa trên thông tin đã xác định.  
- Căn cứ: ""Học kỳ 2 > Kỹ thuật truyền số liệu"" (phần ""Học kỳ 2 > Kỹ thuật truyền số liệu"")  

NGUỒN THAM KHẢO:  
- Header/Section: Học kỳ 2 > Kỹ thuật truyền số liệu",True,"[111, 120, 130, 110, 116, 163, 161, 160, 138, 137]",10,111,1,1.0,1,1,1.0,True,
Học phần Kỹ thuật truyền số liệu trong chương trình đào tạo ngành MMT&TTDL thuộc học kỳ nào?,metadata,"Học phần Kỹ thuật truyền số liệu thuộc học kỳ 5 và học kỳ 2.  

GIẢI THÍCH CHI TIẾT:  
1) Bước 1: Học phần Kỹ thuật truyền số liệu được liệt kê trong học kỳ 5 với mã 125003, loại học phần là học phần tự chọn, số tín chỉ 2.  
- Căn cứ: ""Học kỳ 5 > Kỹ thuật truyền số liệu - Mã học phần: 125003"" (phần CONTEXT: Học kỳ 5 > Kỹ thuật truyền số liệu)  

2) Bước 2: Học phần này cũng được ghi nhận trong học kỳ 2 với mã 125003, loại học phần là học phần bắt buộc, số tín chỉ 3.  
- Căn cứ: ""Học kỳ 2 > Kỹ thuật truyền số liệu - Mã học phần: 125003"" (phần CONTEXT: Học kỳ 2 > Kỹ thuật truyền số liệu)  

3) Bước 3: Việc học phần này xuất hiện ở cả hai học kỳ cho thấy có sự thay đổi chương trình hoặc cấu trúc học phần theo học kỳ. Tuy nhiên, trong chương trình đào tạo, học phần này được xác định rõ ràng ở cả hai học kỳ.  
- Căn cứ: ""Học kỳ 2 > Kỹ thuật truyền số liệu"" và ""Học kỳ 5 > Kỹ thuật truyền số liệu"" (cùng trong phần IV. KẾ HOẠCH HỌC TẬP)  

NGUỒN THAM KHẢO:  
- Header/Section: Học kỳ 5 > Kỹ thuật truyền số liệu  
- Header/Section: Học kỳ 2 > Kỹ thuật truyền số liệu",True,"[400, 220, 246, 111, 110, 163, 161, 134, 139, 131]",10,111,4,0.25,1,1,1.0,True,
"Theo kế hoạch đào tạo ngành MMT&TTDL, học phần Kỹ thuật truyền số liệu được sắp xếp vào học kỳ mấy?",metadata,"Học phần Kỹ thuật truyền số liệu được sắp xếp vào học kỳ 2 và học kỳ 5.  

GIẢI THÍCH CHI TIẾT:  
1) Bước 1: Học phần Kỹ thuật truyền số liệu được xếp vào học kỳ 2 theo kế hoạch học tập của ngành MMT&TTDL.  
- Căn cứ: ""Học kỳ 2 > Kỹ thuật truyền số liệu"" (Mạng máy tính và truyền thông dữ liệu > IV. KẾ HOẠCH HỌC TẬP > Học kỳ 2)  

2) Bước 2: Học phần này cũng được liệt kê trong học kỳ 5, nhưng với loại học phần tự chọn, thuộc chương trình công nghệ thông tin.  
- Căn cứ: ""Học kỳ 5 > Kỹ thuật truyền số liệu"" (Công nghệ thông tin > IV. CHƯƠNG TRÌNH KHUNG > HỌC KỲ 5)  

3) Bước 3: Học kỳ 5 có học phần này nhưng là tự chọn, trong khi học kỳ 2 là bắt buộc, nên cả hai học kỳ đều có học phần này.  
- Căn cứ: ""Loại học phần: Học phần tự chọn"" (Công nghệ thông tin > IV. CHƯƠNG TRÌNH KHUNG > HỌC KỲ 5)  

NGUỒN THAM KHẢO:  
- Mạng máy tính và truyền thông dữ liệu > IV. KẾ HOẠCH HỌC TẬP > Học kỳ 2  
- Công nghệ thông tin > IV. CHƯƠNG TRÌNH KHUNG > HỌC KỲ 5",True,"[220, 111, 400, 134, 163, 149, 139, 116, 110, 161]",10,111,2,0.5,1,1,1.0,True,
Học phần Kỹ thuật truyền số liệu của ngành MMT&TTDL được giảng dạy ở học kỳ nào trong kế hoạch học tập?,metadata,"Học phần Kỹ thuật truyền số liệu được giảng dạy ở học kỳ 2 và học kỳ 5.  

GIẢI THÍCH CHI TIẾT:  
1) Bước 1: Học phần Kỹ thuật truyền số liệu được giảng dạy ở học kỳ 2 trong chương trình Mạng máy tính và truyền thông dữ liệu.  
- Căn cứ: ""Mạng máy tính và truyền thông dữ liệu > IV. KẾ HOẠCH HỌC TẬP > Học kỳ 2 > Kỹ thuật truyền số liệu"" (học kỳ 2)  

2) Bước 2: Học phần Kỹ thuật truyền số liệu cũng được giảng dạy ở học kỳ 5 trong chương trình Công nghệ thông tin.  
- Căn cứ: ""Công nghệ thông tin > IV. CHƯƠNG TRÌNH KHUNG (KẾ HOẠCH THỰC HIỆN) > HỌC KỲ 5 > Kỹ thuật truyền số liệu"" (học kỳ 5)  

NGUỒN THAM KHẢO:  
- Header/Section: ""Mạng máy tính và truyền thông dữ liệu > IV. KẾ HOẠCH HỌC TẬP > Học kỳ 2 > Kỹ thuật truyền số liệu""  
- Header/Section: ""Công nghệ thông tin > IV. CHƯƠNG TRÌNH KHUNG (KẾ HOẠCH THỰC HIỆN) > HỌC KỲ 5 > Kỹ thuật truyền số liệu""",True,"[111, 400, 163, 161, 131, 110, 100, 116, 160, 149]",10,111,1,1.0,1,1,1.0,True,
Kế hoạch học tập ngành Mạng máy tính và truyền thông dữ liệu quy định học phần Kỹ thuật truyền số liệu thuộc học kỳ mấy?,metadata,"Học phần Kỹ thuật truyền số liệu thuộc học kỳ 2.

GIẢI THÍCH CHI TIẾT:  
1) Bước 1: Xác định học phần ""Kỹ thuật truyền số liệu"" trong kế hoạch học tập.  
- Căn cứ: ""Mạng máy tính và truyền thông dữ liệu > IV. KẾ HOẠCH HỌC TẬP > Học kỳ 2 > Kỹ thuật truyền số liệu"" (phần học kỳ 2)  

2) Bước 2: Kiểm tra thông tin học kỳ cụ thể của học phần này.  
- Căn cứ: ""Học kỳ 2 > Kỹ thuật truyền số liệu"" (phần học kỳ 2)  

3) Bước 3: Kết luận học kỳ của học phần dựa trên thông tin đã xác định.  
- Căn cứ: ""Mạng máy tính và truyền thông dữ liệu > IV. KẾ HOẠCH HỌC TẬP > Học kỳ 2 > Kỹ thuật truyền số liệu"" (phần học kỳ 2)  

NGUỒN THAM KHẢO:  
- Header/Section: Mạng máy tính và truyền thông dữ liệu > IV. KẾ HOẠCH HỌC TẬP > Học kỳ 2 > Kỹ thuật truyền số liệu",True,"[111, 149, 116, 138, 163, 130, 161, 160, 110, 137]",10,111,1,1.0,1,1,1.0,True,
Học phần Hệ thống thông tin di động tích hợp có các học phần tiên quyết nào theo mô tả chương trình?,metadata,"Học phần Hệ thống thông tin di động tích hợp có học phần tiên quyết là 125003 và 125006.

GIẢI THÍCH CHI TIẾT:  
1) Bước 1: Học phần Hệ thống thông tin di động tích hợp có học phần tiên quyết được nêu rõ trong phần mô tả học phần.  
- Căn cứ: ""Học phần tiên quyết: 125003; 125006"" (phần ""Nội dung (tóm tắt)"" của học phần Hệ thống thông tin di động tích hợp trong PHỤ LỤC 2).  

2) Bước 2: Thông tin này xuất hiện trong cả hai phần mô tả học phần (trong PHỤ LỤC 2 và trong KẾ HOẠCH HỌC TẬP), khẳng định tính nhất quán của điều kiện tiên quyết.  
- Căn cứ: ""Học phần tiên quyết: 125003; 125006"" (trong phần ""Học kỳ 4"" của KẾ HOẠCH HỌC TẬP).  

NGUỒN THAM KHẢO:  
- PHỤ LỤC 2: BẢNG MÔ TẢ CÁC HỌC PHẦN MMT&TTDL  
- IV. KẾ HOẠCH HỌC TẬP > Học kỳ 4",True,"[224, 204, 127, 328, 338, 48, 158, 16, 15, 62]",10,127,3,0.3333333333333333,1,1,1.0,True,
"Theo mô tả chương trình đào tạo, học phần Hệ thống thông tin di động tích hợp yêu cầu những học phần tiên quyết nào?",metadata,"Học phần Hệ thống thông tin di động tích hợp yêu cầu học phần tiên quyết là 125003 và 125006.

GIẢI THÍCH CHI TIẾT:  
1) Bước 1: Học phần Hệ thống thông tin di động tích hợp có ghi rõ học phần tiên quyết là 125003 và 125006.  
- Căn cứ: ""Học phần tiên quyết: 125003; 125006"" (Mạng máy tính và truyền thông dữ liệu > PHỤ LỤC 2: BẢNG MÔ TẢ CÁC HỌC PHẦN MMT&TTDL > 2.2.1. Kiến thức bắt buộc – 25 tín chỉ > Hệ thống thông tin di động tích hợp)  

2) Bước 2: Thông tin này được xác định rõ trong phần mô tả học phần thuộc nhóm kiến thức bắt buộc của ngành MMT&TTDL.  
- Căn cứ: ""Môn học thuộc nhóm ngành bắt buộc của ngành MMT&TTDL. Môn học trình bày các đề tổng quan về khía cạnh mạng truy nhập vô tuyến..."" (Mạng máy tính và truyền thông dữ liệu > PHỤ LỤC 2: BẢNG MÔ TẢ CÁC HỌC PHẦN MMT&TTDL > 2.2.1. Kiến thức bắt buộc – 25 tín chỉ > Hệ thống thông tin di động tích hợp)  

NGUỒN THAM KHẢO:  
- Header/Section: Mạng máy tính và truyền thông dữ liệu > PHỤ LỤC 2: BẢNG MÔ TẢ CÁC HỌC PHẦN MMT&TTDL > 2.2.1. Kiến thức bắt buộc – 25 tín chỉ > Hệ thống thông tin di động tích hợp",True,"[239, 204, 224, 195, 328, 48, 338, 255, 197, 237]",10,224,3,0.3333333333333333,1,1,1.0,True,True
Học phần Hệ thống thông tin di động tích hợp trong chương trình đào tạo có quy định các học phần tiên quyết nào?,metadata,"Học phần Hệ thống thông tin di động tích hợp không có quy định học phần tiên quyết.

GIẢI THÍCH CHI TIẾT:  
1) Bước 1: Trong phần ""Hệ thống thông tin di động tích hợp"" thuộc chương trình Mạng máy tính và truyền thông dữ liệu, không có thông tin nào nêu rõ học phần tiên quyết.  
- Căn cứ: ""Mã học phần: 125009. Số tín chỉ: 3. Ghi chú: Học phần bắt buộc"" (phần ""Hệ thống thông tin di động tích hợp"" trong chương trình đào tạo).  

2) Bước 2: So sánh với các học phần khác, ví dụ học phần ""Mạng không dây"" có học phần tiên quyết là 123002, nhưng học phần ""Hệ thống thông tin di động tích hợp"" không có thông tin tương tự.  
- Căn cứ: ""Học phần tiên quyết: 123002"" (trong phần ""Mạng không dây"", không liên quan đến học phần này).  

3) Bước 3: Không có đoạn nào trong CONTEXT liệt kê học phần tiên quyết cho học phần 125009 (Hệ thống thông tin di động tích hợp).  
- Căn cứ: ""Học phần tiên quyết: 123002"" (trong phần ""Mạng không dây"", không áp dụng cho học phần này).  

NGUỒN THAM KHẢO:  
- Header/Section: Hệ thống thông tin di động tích hợp (Mạng máy tính và truyền thông dữ liệu > III. CHƯƠNG TRÌNH CHI TIẾT > 2. Kiến thức nền tảng kỹ thuật/Kinh tế cốt lõi)",True,"[340, 48, 328, 338, 127, 410, 408, 391, 62, 16]",10,127,5,0.2,1,1,1.0,True,
Mô tả chương trình cho biết học phần Hệ thống thông tin di động tích hợp có những học phần tiên quyết nào?,metadata,"Tôi không tìm thấy thông tin đủ để trả lời câu hỏi này.

GIẢI THÍCH CHI TIẾT:  
1) Bước 1: Câu hỏi yêu cầu xác định các học phần tiên quyết (học phần học trước) cho học phần ""Hệ thống thông tin di động tích hợp"".  
- Căn cứ: ""Mã học phần: 125009 - Số tín chỉ: 3 - Ghi chú: Học phần bắt buộc"" (Mạng máy tính và truyền thông dữ liệu > III. CHƯƠNG TRÌNH CHI TIẾT > 2. Kiến thức nền tảng kỹ thuật/Kinh tế cốt lõi: 63 tín chỉ > Kiến thức chung của ngành – 34 tín chỉ > Hệ thống thông tin di động tích hợp)  

2) Bước 2: Trong CONTEXT, không có thông tin nào nêu rõ học phần ""Hệ thống thông tin di động tích hợp"" có học phần học trước nào.  
- Căn cứ: Không có dòng nào trong CONTEXT ghi rõ học phần học trước cho học phần 125009 (vị trí như trên)  

3) Bước 3: Do đó, không có dữ liệu nào xác định học phần tiên quyết cụ thể cho học phần này.  
- Căn cứ: Không có đoạn văn nào trong CONTEXT liệt kê học phần học trước cho học phần 125009  

NGUỒN THAM KHẢO:  
- Mạng máy tính và truyền thông dữ liệu > III. CHƯƠNG TRÌNH CHI TIẾT > 2. Kiến thức nền tảng kỹ thuật/Kinh tế cốt lõi: 63 tín chỉ > Kiến thức chung của ngành – 34 tín chỉ > Hệ thống thông tin di động tích hợp",False,"[328, 341, 338, 48, 47, 64, 391, 14, 16, 15]",10,127,0,0.0,0,0,0.0,True,False
"Theo chương trình đào tạo, sinh viên cần hoàn thành những học phần tiên quyết nào trước khi học học phần Hệ thống thông tin di động tích hợp?",metadata,"Tôi không tìm thấy thông tin đủ để trả lời câu hỏi này.

GIẢI THÍCH CHI TIẾT:  
1) Bước 1: Chương trình không nêu rõ học phần ""Hệ thống thông tin di động tích hợp"" hay bất kỳ học phần tương tự nào.  
- Căn cứ: ""Công nghệ thông tin > III. CHƯƠNG TRÌNH CHI TIẾT > 2. Kiến thức giáo dục chuyên nghiệp: > Sinh viên có thể chọn 28 tín chỉ và 6 tín chỉ luận văn tốt nghiệp >"" (phần danh sách học phần tự chọn)  

2) Bước 2: Không có học phần nào trong CONTEXT được gọi là ""Hệ thống thông tin di động tích hợp"" hoặc liên quan trực tiếp đến nó.  
- Căn cứ: Không có đoạn văn nào đề cập đến học phần này (vị trí không xác định)  

3) Bước 3: Không có thông tin về học phần tiên quyết cho học phần ""Hệ thống thông tin di động tích hợp"".  
- Căn cứ: Không có học phần nào trong CONTEXT có tên hoặc nội dung liên quan đến ""Hệ thống thông tin di động tích hợp""  

NGUỒN THAM KHẢO:  
- Header/Section: Công nghệ thông tin > III. CHƯƠNG TRÌNH CHI TIẾT > 2. Kiến thức giáo dục chuyên nghiệp: > Sinh viên có thể chọn 28 tín chỉ và 6 tín chỉ luận văn tốt nghiệp >",False,"[347, 350, 331, 349, 332, 326, 330, 338, 335, 328]",10,127,0,0.0,0,0,0.0,True,False
Những học phần tiên quyết nào được quy định cho học phần Hệ thống thông tin di động tích hợp theo mô tả chương trình?,metadata,"Học phần tiên quyết cho Hệ thống thông tin di động tích hợp là 125003 và 125006.

GIẢI THÍCH CHI TIẾT:  
1) Bước 1: Học phần tiên quyết được nêu rõ trong mô tả của học phần ""Hệ thống thông tin di động tích hợp"".  
- Căn cứ: ""Học phần tiên quyết: 125003; 125006"" (phụ lục 2: Bảng mô tả các học phần MMT&TTDL, mục 2.2.1)  

2) Bước 2: Nội dung này được xác định trong phần mô tả học phần thuộc nhóm ngành bắt buộc của ngành MMT&TTDL.  
- Căn cứ: ""Môn học thuộc nhóm ngành bắt buộc của ngành MMT&TTDL. Môn học trình bày các đề tổng quan về khía cạnh mạng truy nhập vô tuyến..."" (phụ lục 2: Bảng mô tả các học phần MMT&TTDL, mục 2.2.1)  

3) Bước 3: Không có thông tin nào khác trong CONTEXT cho thấy học phần này có học phần tiên quyết khác.  
- Căn cứ: Không có thông tin bổ sung về học phần tiên quyết khác (phần IV. Kế hoạch học tập – Học kỳ 4, học phần 125009 không ghi rõ học phần tiên quyết khác).  

NGUỒN THAM KHẢO:  
- Header/Section: ""Mạng máy tính và truyền thông dữ liệu > PHỤ LỤC 2: BẢNG MÔ TẢ CÁC HỌC PHẦN MMT&TTDL > 2.2.1. Kiến thức bắt buộc – 25 tín chỉ > Hệ thống thông tin di động tích hợp""",True,"[338, 328, 224, 127, 237, 48, 158, 14, 62, 17]",10,127,4,0.25,1,1,1.0,True,
Môn Mô phỏng hệ thống truyền thông thuộc khối kiến thức nào và có bao nhiêu tín chỉ?,metadata,"Môn Mô phỏng hệ thống truyền thông thuộc khối kiến thức chung của ngành và có 3 tín chỉ.  

GIẢI THÍCH CHI TIẾT:  
1) Bước 1: Xác định khối kiến thức mà môn học thuộc về.  
- Căn cứ: ""Môn học Mô phỏng hệ thống truyền thông thuộc khối kiến thức chung của ngành Mạng máy tính và truyền thông dữ liệu."" (PHỤ LỤC 2: BẢNG MÔ TẢ CÁC HỌC PHẦN MMT&TTDL > 2. Kiến thức giáo dục chuyên nghiệp: 94 tín chỉ > 2.2. Kiến thức ngành 34 tín chỉ > 2.2.1. Kiến thức bắt buộc – 25 tín chỉ > Mô phỏng hệ thống truyền thông)  

2) Bước 2: Xác định số tín chỉ của môn học.  
- Căn cứ: ""Mã học phần: 125008 - Số tín chỉ: 3"" (Mạng máy tính và truyền thông dữ liệu > III. CHƯƠNG TRÌNH CHI TIẾT > 2. Kiến thức nền tảng kỹ thuật/Kinh tế cốt lõi: 63 tín chỉ > Kiến thức chung của ngành – 34 tín chỉ > Mô phỏng hệ thống truyền thông)  

NGUỒN THAM KHẢO:  
- PHỤ LỤC 2: BẢNG MÔ TẢ CÁC HỌC PHẦN MMT&TTDL > 2. Kiến thức giáo dục chuyên nghiệp: 94 tín chỉ > 2.2. Kiến thức ngành 34 tín chỉ > 2.2.1. Kiến thức bắt buộc – 25 tín chỉ > Mô phỏng hệ thống truyền thông  
- Mạng máy tính và truyền thông dữ liệu > III. CHƯƠNG TRÌNH CHI TIẾT > 2. Kiến thức nền tảng kỹ thuật/Kinh tế cốt lõi: 63 tín chỉ > Kiến thức chung của ngành – 34 tín chỉ > Mô phỏng hệ thống truyền thông",True,"[223, 219, 47, 221, 218, 211, 226, 40, 33, 58]",10,47,3,0.3333333333333333,1,1,1.0,True,
Học phần Mô phỏng hệ thống truyền thông thuộc khối kiến thức nào và được quy định bao nhiêu tín chỉ?,metadata,"Học phần Mô phỏng hệ thống truyền thông thuộc khối kiến thức chung của ngành và được quy định 3 tín chỉ.  

GIẢI THÍCH CHI TIẾT:  
1) Bước 1: Học phần Mô phỏng hệ thống truyền thông thuộc khối kiến thức chung của ngành.  
- Căn cứ: ""Môn học Mô phỏng hệ thống truyền thông thuộc khối kiến thức chung của ngành Mạng máy tính và truyền thông dữ liệu."" (PHỤ LỤC 2: BẢNG MÔ TẢ CÁC HỌC PHẦN MMT&TTDL)  

2) Bước 2: Học phần này được quy định 3 tín chỉ.  
- Căn cứ: ""Số tín chỉ: 3"" (Mạng máy tính và truyền thông dữ liệu > III. CHƯƠNG TRÌNH CHI TIẾT > 2. Kiến thức nền tảng kỹ thuật/Kinh tế cốt lõi: 63 tín chỉ > Kiến thức chung của ngành – 34 tín chỉ > Mô phỏng hệ thống truyền thông)  

NGUỒN THAM KHẢO:  
- PHỤ LỤC 2: BẢNG MÔ TẢ CÁC HỌC PHẦN MMT&TTDL  
- Mạng máy tính và truyền thông dữ liệu > III. CHƯƠNG TRÌNH CHI TIẾT > 2. Kiến thức nền tảng kỹ thuật/Kinh tế cốt lõi: 63 tín chỉ > Kiến thức chung của ngành – 34 tín chỉ > Mô phỏng hệ thống truyền thông",True,"[223, 218, 219, 221, 47, 58, 40, 33, 50, 14]",10,47,5,0.2,1,1,1.0,True,
"Theo chương trình đào tạo, môn Mô phỏng hệ thống truyền thông được xếp vào khối kiến thức nào và có số tín chỉ là bao nhiêu?",metadata,"Môn Mô phỏng hệ thống truyền thông được xếp vào khối ""Kiến thức chung của ngành"" và có số tín chỉ là 3.

GIẢI THÍCH CHI TIẾT:  
1) Bước 1: Xác định khối kiến thức chứa môn Mô phỏng hệ thống truyền thông.  
- Căn cứ: ""Mạng máy tính và truyền thông dữ liệu > III. CHƯƠNG TRÌNH CHI TIẾT > 2. Kiến thức nền tảng kỹ thuật/Kinh tế cốt lõi: 63 tín chỉ > Kiến thức chung của ngành – 34 tín chỉ > Mô phỏng hệ thống truyền thông"" (phần ""Kiến thức chung của ngành – 34 tín chỉ"")  

2) Bước 2: Xác định số tín chỉ của môn học.  
- Căn cứ: ""Số tín chỉ: 3"" (trong dòng mô tả môn học)  

NGUỒN THAM KHẢO:  
- Header/Section: Mạng máy tính và truyền thông dữ liệu > III. CHƯƠNG TRÌNH CHI TIẾT > 2. Kiến thức nền tảng kỹ thuật/Kinh tế cốt lõi: 63 tín chỉ > Kiến thức chung của ngành – 34 tín chỉ > Mô phỏng hệ thống truyền thông",True,"[47, 46, 40, 14, 33, 32, 58, 31, 38, 50]",10,47,1,1.0,1,1,1.0,True,
Môn Mô phỏng hệ thống truyền thông nằm trong khối kiến thức nào và có khối lượng tín chỉ bao nhiêu?,metadata,"Môn Mô phỏng hệ thống truyền thông nằm trong khối kiến thức chuyên ngành và có 3 tín chỉ.

GIẢI THÍCH CHI TIẾT:  
1) Bước 1: Môn Mô phỏng hệ thống truyền thông thuộc khối kiến thức chuyên ngành vì trong phần ""PHỤ LỤC 2: BẢNG MÔ TẢ CÁC HỌC PHẦN MMT&TTDL"", nó được liệt kê trong mục ""2.2. Kiến thức ngành 34 tín chỉ > 2.2.1. Kiến thức bắt buộc – 25 tín chỉ"".  
- Căn cứ: ""Mô phỏng hệ thống truyền thông... thuộc khối kiến thức chung của ngành Mạng máy tính và truyền thông dữ liệu"" (phần 2.2.1. Kiến thức bắt buộc – 25 tín chỉ)  

2) Bước 2: Môn học có 3 tín chỉ vì trong phần ""III. CHƯƠNG TRÌNH CHI TIẾT"", mục ""Kiến thức chung của ngành – 34 tín chỉ"" ghi rõ ""Mô phỏng hệ thống truyền thông"" có ""Số tín chỉ: 3"".  
- Căn cứ: ""Số tín chỉ: 3"" (mục Mô phỏng hệ thống truyền thông trong phần III. CHƯƠNG TRÌNH CHI TIẾT)  

NGUỒN THAM KHẢO:  
- Header/Section: PHỤ LỤC 2: BẢNG MÔ TẢ CÁC HỌC PHẦN MMT&TTDL  
- Header/Section: III. CHƯƠNG TRÌNH CHI TIẾT",True,"[223, 47, 232, 221, 218, 226, 219, 211, 33, 14]",10,47,2,0.5,1,1,1.0,True,
Học phần Mô phỏng hệ thống truyền thông được phân loại vào khối kiến thức nào và có bao nhiêu tín chỉ theo quy định?,metadata,"Học phần Mô phỏng hệ thống truyền thông thuộc khối kiến thức ngành và có 3 tín chỉ.  

GIẢI THÍCH CHI TIẾT:  
1) Bước 1: Học phần Mô phỏng hệ thống truyền thông được phân loại vào khối kiến thức ngành.  
- Căn cứ: ""Môn học Mô phỏng hệ thống truyền thông thuộc khối kiến thức chung của ngành Mạng máy tính và truyền thông dữ liệu."" (PHỤ LỤC 2: BẢNG MÔ TẢ CÁC HỌC PHẦN MMT&TTDL > 2.2.1. Kiến thức bắt buộc – 25 tín chỉ > Mô phỏng hệ thống truyền thông)  

2) Bước 2: Học phần này có 3 tín chỉ.  
- Căn cứ: ""Số tín chỉ: 3"" (Mạng máy tính và truyền thông dữ liệu > IV. KẾ HOẠCH HỌC TẬP > Học kỳ 6 > Học phần bắt buộc > Mô phỏng hệ thống truyền thông)  

NGUỒN THAM KHẢO:  
- Header/Section: PHỤ LỤC 2: BẢNG MÔ TẢ CÁC HỌC PHẦN MMT&TTDL > 2.2.1. Kiến thức bắt buộc – 25 tín chỉ > Mô phỏng hệ thống truyền thông  
- Header/Section: Mạng máy tính và truyền thông dữ liệu > IV. KẾ HOẠCH HỌC TẬP > Học kỳ 6 > Học phần bắt buộc > Mô phỏng hệ thống truyền thông",True,"[223, 204, 218, 146, 47, 222, 226, 221, 219, 40]",10,47,5,0.2,1,1,1.0,True,
"Trong chương trình đào tạo, môn Mô phỏng hệ thống truyền thông thuộc nhóm kiến thức nào và có tổng số bao nhiêu tín chỉ?",metadata,"Môn Mô phỏng hệ thống truyền thông thuộc nhóm ""Kiến thức chung của ngành"" và có tổng số 3 tín chỉ.

GIẢI THÍCH CHI TIẾT:  
1) Bước 1: Xác định nhóm kiến thức của môn Mô phỏng hệ thống truyền thông.  
- Căn cứ: ""Mạng máy tính và truyền thông dữ liệu > III. CHƯƠNG TRÌNH CHI TIẾT > 2. Kiến thức nền tảng kỹ thuật/Kinh tế cốt lõi: 63 tín chỉ > Kiến thức chung của ngành – 34 tín chỉ > Mô phỏng hệ thống truyền thông"" (phần ""Kiến thức chung của ngành – 34 tín chỉ"")  

2) Bước 2: Xác định số tín chỉ của môn học.  
- Căn cứ: ""Mã học phần: 125008 - Số tín chỉ: 3"" (dòng mô tả học phần)  

NGUỒN THAM KHẢO:  
- Header/Section: Mạng máy tính và truyền thông dữ liệu > III. CHƯƠNG TRÌNH CHI TIẾT > 2. Kiến thức nền tảng kỹ thuật/Kinh tế cốt lõi: 63 tín chỉ > Kiến thức chung của ngành – 34 tín chỉ > Mô phỏng hệ thống truyền thông  
- Header/Section: Mã học phần: 125008 - Số tín chỉ: 3",True,"[47, 32, 40, 33, 46, 31, 35, 30, 37, 29]",10,47,1,1.0,1,1,1.0,True,
"Trong danh mục kiến thức bắt buộc chuyên ngành MMT&TTDL, học phần Quản trị mạng yêu cầu học trước học phần nào?",metadata,"Học phần Quản trị mạng yêu cầu học trước học phần 123002.

GIẢI THÍCH CHI TIẾT:  
1) Bước 1: Học phần Quản trị mạng có ghi chú ""Học phần học trước: 123002"" trong phần mô tả học phần.  
- Căn cứ: ""Học phần học trước: 123002"" (Mạng máy tính và truyền thông dữ liệu > PHỤ LỤC 2: BẢNG MÔ TẢ CÁC HỌC PHẦN MMT&TTDL > 2. Kiến thức giáo dục chuyên nghiệp: 94 tín chỉ > 2.2. Kiến thức ngành 34 tín chỉ > 2.2.1. Kiến thức bắt buộc – 25 tín chỉ > Quản trị mạng)  

2) Bước 2: Đây là thông tin trực tiếp trong bảng mô tả học phần, xác định rõ trình tự học phần.  
- Căn cứ: ""Học phần học trước: 123002"" (cùng vị trí như trên)  

NGUỒN THAM KHẢO:  
- Header/Section: Mạng máy tính và truyền thông dữ liệu > PHỤ LỤC 2: BẢNG MÔ TẢ CÁC HỌC PHẦN MMT&TTDL > 2. Kiến thức giáo dục chuyên nghiệp: 94 tín chỉ > 2.2. Kiến thức ngành 34 tín chỉ > 2.2.1. Kiến thức bắt buộc – 25 tín chỉ > Quản trị mạng",True,"[220, 206, 219, 217, 218, 222, 223, 250, 221, 254]",10,219,3,0.3333333333333333,1,1,1.0,True,True
"Theo danh mục kiến thức bắt buộc chuyên ngành MMT&TTDL, học phần Quản trị mạng yêu cầu sinh viên phải học trước học phần nào?",metadata,"Học phần Quản trị mạng yêu cầu sinh viên phải học trước học phần 123002.

GIẢI THÍCH CHI TIẾT:  
1) Bước 1: Học phần Quản trị mạng có ghi chú ""Học phần học trước: 123002"" trong phần mô tả học phần.  
- Căn cứ: ""Học phần học trước: 123002"" (Mạng máy tính và truyền thông dữ liệu > PHỤ LỤC 2: BẢNG MÔ TẢ CÁC HỌC PHẦN MMT&TTDL > 2. Kiến thức giáo dục chuyên nghiệp: 94 tín chỉ > 2.2. Kiến thức ngành 34 tín chỉ > 2.2.1. Kiến thức bắt buộc – 25 tín chỉ > Quản trị mạng)  

2) Bước 2: Điều này xác định rõ trình tự học tập, nghĩa là sinh viên phải hoàn thành học phần 123002 trước khi học Quản trị mạng.  
- Căn cứ: ""Học phần học trước: 123002"" (cùng vị trí như trên)  

NGUỒN THAM KHẢO:  
- Header/Section: Mạng máy tính và truyền thông dữ liệu > PHỤ LỤC 2: BẢNG MÔ TẢ CÁC HỌC PHẦN MMT&TTDL > 2. Kiến thức giáo dục chuyên nghiệp: 94 tín chỉ > 2.2. Kiến thức ngành 34 tín chỉ > 2.2.1. Kiến thức bắt buộc – 25 tín chỉ > Quản trị mạng",True,"[250, 220, 197, 217, 219, 206, 218, 222, 207, 221]",10,217,4,0.25,1,1,1.0,True,True
Học phần Quản trị mạng trong khối kiến thức bắt buộc chuyên ngành MMT&TTDL có quy định học phần học trước là môn nào?,metadata,"Học phần Quản trị mạng có quy định học phần học trước là môn 123002.

GIẢI THÍCH CHI TIẾT:  
1) Bước 1: Học phần Quản trị mạng được liệt kê trong khối kiến thức bắt buộc chuyên ngành với mã học phần 123005.  
- Căn cứ: ""Môn học Quản trị mạng là môn mang nặng tính thực hành nhiều hơn là lý thuyết dựa trên nền tảng sinh viên đã có kiến thức nền về mạng máy tính."" (Phụ lục 2: Bảng mô tả các học phần MMT&TTDL > 2.2.1. Kiến thức bắt buộc – 25 tín chỉ > Quản trị mạng)  

2) Bước 2: Trong phần mô tả của học phần Quản trị mạng, có ghi rõ ""Học phần học trước: 123002"".  
- Căn cứ: ""Học phần học trước: 123002"" (Phụ lục 2: Bảng mô tả các học phần MMT&TTDL > 2.2.1. Kiến thức bắt buộc – 25 tín chỉ > Quản trị mạng)  

NGUỒN THAM KHẢO:  
- Header/Section: Mạng máy tính và truyền thông dữ liệu > PHỤ LỤC 2: BẢNG MÔ TẢ CÁC HỌC PHẦN MMT&TTDL > 2.2.1. Kiến thức bắt buộc – 25 tín chỉ > Quản trị mạng",True,"[217, 206, 218, 197, 219, 205, 207, 196, 209, 232]",10,217,1,1.0,1,1,1.0,True,True
"Trong danh mục học phần bắt buộc chuyên ngành MMT&TTDL, sinh viên cần hoàn thành học phần nào trước khi học Quản trị mạng?",metadata,"Sinh viên cần hoàn thành học phần Mạng máy tính (mã 123002) trước khi học Quản trị mạng.

GIẢI THÍCH CHI TIẾT:  
1) Bước 1: Học phần Quản trị mạng yêu cầu kiến thức nền về mạng máy tính, được nêu rõ trong nội dung học phần.  
- Căn cứ: ""Môn học Quản trị mạng là môn mang nặng tính thực hành nhiều hơn là lý thuyết dựa trên nền tảng sinh viên đã có kiến thức nền về mạng máy tính."" (Phụ lục 2: Bảng mô tả học phần MMT&TTDL > 2.2.1. Kiến thức bắt buộc – 25 tín chỉ > Quản trị mạng)  

2) Bước 2: Học phần Mạng máy tính (mã 123002) là học phần bắt buộc và được liệt kê như nền tảng cho các môn chuyên ngành khác.  
- Căn cứ: ""Học phần là nền tảng quan trọng cho các môn chuyên ngành như an ninh mạng, quản trị mạng, kỹ thuật truyền thông,…"" (Phụ lục 2: Bảng mô tả học phần MMT&TTDL > 2.1. Kiến thức cơ sở ngành – 29 tín chỉ > Mạng máy tính)  

3) Bước 3: Học phần Quản trị mạng có yêu cầu học trước là 123002, được ghi rõ trong thông tin học phần.  
- Căn cứ: ""Học phần học trước: 123002"" (Phụ lục 2: Bảng mô tả học phần MMT&TTDL > 2.2.1. Kiến thức bắt buộc – 25 tín chỉ > Quản trị mạng)  

NGUỒN THAM KHẢO:  
- Header/Section: Mạng máy tính và truyền thông dữ liệu > PHỤ LỤC 2: BẢNG MÔ TẢ CÁC HỌC PHẦN MMT&TTDL > 2.2.1. Kiến thức bắt buộc – 25 tín chỉ > Quản trị mạng  
- Header/Section: Mạng máy tính và truyền thông dữ liệu > PHỤ LỤC 2: BẢNG MÔ TẢ CÁC HỌC PHẦN MMT&TTDL > 2.1. Kiến thức cơ sở ngành – 29 tín chỉ > Mạng máy tính  
- Header/Section: Mạng máy tính và truyền thông dữ liệu > PHỤ LỤC 2: BẢNG MÔ TẢ CÁC HỌC PHẦN MMT&TTDL > 2.2.1. Kiến thức bắt buộc – 25 tín chỉ > Quản trị mạng",True,"[217, 206, 250, 223, 222, 219, 218, 211, 205, 196]",10,217,1,1.0,1,1,1.0,True,True
Học phần Quản trị mạng của chuyên ngành MMT&TTDL yêu cầu hoàn thành những học phần học trước nào?,metadata,"Học phần Quản trị mạng yêu cầu hoàn thành học phần 123002.  

GIẢI THÍCH CHI TIẾT:  
1) Bước 1: Học phần Quản trị mạng có ghi chú ""Học phần học trước: 123002"" trong phần mô tả học phần.  
- Căn cứ: ""Học phần học trước: 123002"" (Mạng máy tính và truyền thông dữ liệu > PHỤ LỤC 2: BẢNG MÔ TẢ CÁC HỌC PHẦN MMT&TTDL > 2.2.1. Kiến thức bắt buộc – 25 tín chỉ > Quản trị mạng)  

2) Bước 2: Không có thông tin nào trong CONTEXT cho thấy học phần khác cần được hoàn thành trước học phần Quản trị mạng. Do đó, chỉ có học phần 123002 được nêu rõ là học phần học trước.  

NGUỒN THAM KHẢO:  
- Header/Section: Mạng máy tính và truyền thông dữ liệu > PHỤ LỤC 2: BẢNG MÔ TẢ CÁC HỌC PHẦN MMT&TTDL > 2.2.1. Kiến thức bắt buộc – 25 tín chỉ > Quản trị mạng",True,"[206, 217, 257, 231, 205, 226, 241, 250, 218, 196]",10,217,2,0.5,1,1,1.0,True,True
"Theo danh mục kiến thức chuyên ngành bắt buộc MMT&TTDL, học phần Quản trị mạng có điều kiện học trước là học phần nào?",metadata,"Học phần Quản trị mạng có điều kiện học trước là học phần 123002.  

GIẢI THÍCH CHI TIẾT:  
1) Bước 1: Học phần Quản trị mạng có yêu cầu học trước được nêu rõ trong thông tin về học phần.  
- Căn cứ: ""Học phần học trước: 123002"" (phần nội dung của học phần Quản trị mạng)  
2) Bước 2: Trong phần mô tả học phần Quản trị mạng, có ghi rõ điều kiện học trước là học phần 123002, phù hợp với yêu cầu của câu hỏi.  
- Căn cứ: ""Học phần học trước: 123002"" (phần nội dung của học phần Quản trị mạng)  
3) Bước 3: Không có thông tin nào trong CONTEXT cho thấy học phần khác là điều kiện học trước cho Quản trị mạng, nên kết luận là học phần 123002 là điều kiện học trước duy nhất.  

NGUỒN THAM KHẢO:  
- Header/Section: Mạng máy tính và truyền thông dữ liệu > PHỤ LỤC 2: BẢNG MÔ TẢ CÁC HỌC PHẦN MMT&TTDL > 2. Kiến thức giáo dục chuyên nghiệp: 94 tín chỉ > 2.2. Kiến thức ngành 34 tín chỉ > 2.2.1. Kiến thức bắt buộc – 25 tín chỉ > Quản trị mạng",True,"[250, 217, 254, 206, 222, 205, 219, 218, 221, 209]",10,217,2,0.5,1,1,1.0,True,True
Học phần Lý thuyết thông tin được xếp là bắt buộc hay tự chọn trong chương trình MMT&TTDL?,metadata,"Học phần Lý thuyết thông tin được xếp là tự chọn.

GIẢI THÍCH CHI TIẾT:  
1) Bước 1: Học phần Lý thuyết thông tin được ghi rõ là ""Học phần tự chọn"" trong danh sách các học phần chuyên ngành tự chọn.  
- Căn cứ: ""Lý thuyết thông tin... Ghi chú: Học phần tự chọn"" (PHỤ LỤC 2: BẢNG MÔ TẢ CÁC HỌC PHẦN MMT&TTDL > 2.3. Kiến thức chuyên ngành tự chọn)  

2) Bước 2: Trong phần ""2.3. Kiến thức chuyên ngành tự chọn"", tất cả các học phần được liệt kê đều có ghi chú ""Học phần tự chọn"", trong đó Lý thuyết thông tin là một trong số đó.  
- Căn cứ: ""Ghi chú: Học phần tự chọn"" (PHỤ LỤC 2: BẢNG MÔ TẢ CÁC HỌC PHẦN MMT&TTDL > 2.3. Kiến thức chuyên ngành tự chọn)  

NGUỒN THAM KHẢO:  
- Header/Section: PHỤ LỤC 2: BẢNG MÔ TẢ CÁC HỌC PHẦN MMT&TTDL > 2.3. Kiến thức chuyên ngành tự chọn",True,"[257, 209, 254, 250, 196, 247, 249, 129, 243, 245]",10,257,1,1.0,1,1,1.0,True,True
"Trong chương trình đào tạo ngành MMT&TTDL, học phần Lý thuyết thông tin được xếp vào nhóm học phần bắt buộc hay tự chọn?",metadata,"Học phần Lý thuyết thông tin được xếp vào nhóm học phần tự chọn.

GIẢI THÍCH CHI TIẾT:  
1) Bước 1: Trong phần mô tả học phần Lý thuyết thông tin, được ghi rõ rằng ""Môn học thuộc nhóm chuyên ngành tự chọn của ngành Mạng máy tính và truyền thông dữ liệu"".  
- Căn cứ: ""Lý thuyết thông tin là lý thuyết ngẫu nhiên của tin tức, đóng một vai trò quyết định trong sự phát triển mạnh mẽ của các phương tiện mới về truyền thông, lưu trữ thông tin. Lý thuyết thông tin có mối quan hệ với mô hình hoá nhầm mục đích điều khiển lỗi (lớp 2 mô hình OSI) và lưu trữ. Về kiến thức, môn học cung cấp kiến thức cơ bản các khái niệm về thông tin và mã hoá âm trong hệ thống truyền thông (mã hoá nguồn, mã hoá kênh,…). Về kỹ năng, môn học cung cấp kỹ năng phân tích, nhận dạng vấn đề, hợp tác nhóm."" (Mạng máy tính và truyền thông dữ liệu > PHỤ LỤC 2: BẢNG MÔ TẢ CÁC HỌC PHẦN MMT&TTDL > 2. Kiến thức giáo dục chuyên nghiệp: 94 tín chỉ > 2.3. Kiến thức chuyên ngành tự chọn: chọn 19 TC + 9 TC > Lý thuyết thông tin)  

2) Bước 2: Trong cùng phần mô tả, dòng ""Môn học thuộc nhóm chuyên ngành tự chọn"" xác định rõ nhóm học phần mà môn học thuộc về.  
- Căn cứ: ""Môn học thuộc nhóm chuyên ngành tự chọn của ngành Mạng máy tính và truyền thông dữ liệu."" (Mạng máy tính và truyền thông dữ liệu > PHỤ LỤC 2: BẢNG MÔ TẢ CÁC HỌC PHẦN MMT&TTDL > 2. Kiến thức giáo dục chuyên nghiệp: 94 tín chỉ > 2.3. Kiến thức chuyên ngành tự chọn: chọn 19 TC + 9 TC > Lý thuyết thông tin)  

NGUỒN THAM KHẢO:  
- Header/Section: Mạng máy tính và truyền thông dữ liệu > PHỤ LỤC 2: BẢNG MÔ TẢ CÁC HỌC PHẦN MMT&TTDL > 2. Kiến thức giáo dục chuyên nghiệp: 94 tín chỉ > 2.3. Kiến thức chuyên ngành tự chọn: chọn 19 TC + 9 TC > Lý thuyết thông tin",True,"[252, 197, 257, 255, 209, 247, 256, 254, 253, 243]",10,247,6,0.16666666666666666,1,1,1.0,True,True
Học phần Lý thuyết thông tin trong chương trình MMT&TTDL được phân loại là bắt buộc hay tự chọn?,metadata,"Tôi không tìm thấy thông tin đủ để trả lời câu hỏi này.

GIẢI THÍCH CHI TIẾT:  
1) Bước 1: Trong toàn bộ CONTEXT, không có đề cập đến học phần ""Lý thuyết thông tin"".  
- Căn cứ: ""Mạng máy tính và truyền thông dữ liệu > PHỤ LỤC 2: BẢNG MÔ TẢ CÁC HỌC PHẦN MMT&TTDL"" (không có học phần tên ""Lý thuyết thông tin"")  

2) Bước 2: Các học phần chuyên ngành tự chọn được liệt kê như: Quản lý mạng viễn thông, Hệ thống tín quang, Lập trình mạng, Hệ thống số — đều không phải là ""Lý thuyết thông tin"".  
- Căn cứ: ""Học phần tự chọn"" (vị trí: Quản lý mạng viễn thông, Hệ thống tín quang, Lập trình mạng, Hệ thống số)  

3) Bước 3: Không có thông tin nào nói về việc phân loại ""Lý thuyết thông tin"" là bắt buộc hay tự chọn.  
- Căn cứ: Không có đoạn văn nào đề cập đến học phần ""Lý thuyết thông tin"" trong toàn bộ CONTEXT  

NGUỒN THAM KHẢO:  
- Header/Section: Mạng máy tính và truyền thông dữ liệu > PHỤ LỤC 2: BẢNG MÔ TẢ CÁC HỌC PHẦN MMT&TTDL",False,"[257, 249, 196, 254, 197, 194, 193, 245, 195, 250]",10,162,0,0.0,0,0,0.0,True,False
Chương trình đào tạo ngành MMT&TTDL quy định học phần Lý thuyết thông tin là học phần bắt buộc hay tự chọn?,metadata,"Học phần Lý thuyết thông tin là học phần tự chọn.

GIẢI THÍCH CHI TIẾT:  
1) Bước 1: Trong phần mô tả học phần ""Lý thuyết thông tin"", ghi chú rõ ràng ghi rằng ""Học phần tự chọn"".  
- Căn cứ: ""Lý thuyết thông tin - Ghi chú: Học phần tự chọn"" (Mạng máy tính và truyền thông dữ liệu > PHỤ LỤC 2: BẢNG MÔ TẢ CÁC HỌC PHẦN MMT&TTDL > 2. Kiến thức giáo dục chuyên nghiệp: 94 tín chỉ > 2.3. Kiến thức chuyên ngành tự chọn: chọn 19 TC + 9 TC > Lý thuyết thông tin)  

2) Bước 2: Không có thông tin nào trong CONTEXT cho thấy Lý thuyết thông tin là học phần bắt buộc, chỉ có học phần bắt buộc như ""Nhập môn ngành MMT&TTDL"" được nêu rõ.  
- Căn cứ: ""Học phần bắt buộc"" chỉ được gán cho ""Nhập môn ngành MMT&TTDL"", không áp dụng cho Lý thuyết thông tin.  

NGUỒN THAM KHẢO:  
- Header/Section: Mạng máy tính và truyền thông dữ liệu > PHỤ LỤC 2: BẢNG MÔ TẢ CÁC HỌC PHẦN MMT&TTDL > 2. Kiến thức giáo dục chuyên nghiệp: 94 tín chỉ > 2.3. Kiến thức chuyên ngành tự chọn: chọn 19 TC + 9 TC > Lý thuyết thông tin",True,"[257, 209, 254, 256, 247, 197, 243, 250, 249, 241]",10,257,1,1.0,1,1,1.0,True,True
"Trong chương trình đào tạo MMT&TTDL, học phần Lý thuyết thông tin được xác định là bắt buộc hay tự chọn?",metadata,"Học phần Lý thuyết thông tin được xác định là học phần tự chọn.

GIẢI THÍCH CHI TIẾT:  
1) Bước 1: Học phần Lý thuyết thông tin được liệt kê trong nhóm ""Kiến thức chuyên ngành tự chọn"" của chương trình.  
- Căn cứ: ""Lý thuyết thông tin... môn học thuộc nhóm chuyên ngành tự chọn của ngành Mạng máy tính và truyền thông dữ liệu."" (Mạng máy tính và truyền thông dữ liệu > PHỤ LỤC 2: BẢNG MÔ TẢ CÁC HỌC PHẦN MMT&TTDL > 2.3. Kiến thức chuyên ngành tự chọn: chọn 19 TC + 9 TC > Lý thuyết thông tin)  

2) Bước 2: Trong phần ghi chú của học phần, rõ ràng ghi rằng ""Học phần tự chọn"" chứ không có ghi ""bắt buộc"".  
- Căn cứ: ""Ghi chú: Học phần tự chọn"" (Mạng máy tính và truyền thông dữ liệu > PHỤ LỤC 2: BẢNG MÔ TẢ CÁC HỌC PHẦN MMT&TTDL > 2.3. Kiến thức chuyên ngành tự chọn: chọn 19 TC + 9 TC > Lý thuyết thông tin)  

NGUỒN THAM KHẢO:  
- Header/Section: Mạng máy tính và truyền thông dữ liệu > PHỤ LỤC 2: BẢNG MÔ TẢ CÁC HỌC PHẦN MMT&TTDL > 2.3. Kiến thức chuyên ngành tự chọn: chọn 19 TC + 9 TC > Lý thuyết thông tin",True,"[209, 197, 247, 196, 254, 193, 249, 243, 245, 242]",10,247,3,0.3333333333333333,1,1,1.0,True,True
"Trong danh mục kiến thức chuyên ngành tự chọn MMT&TTDL, học phần Hệ điều hành Linux có bao nhiêu tín chỉ?",metadata,"Học phần Hệ điều hành Linux có 9 tín chỉ.

GIẢI THÍCH CHI TIẾT:  
1) Bước 1: Trong danh mục kiến thức chuyên ngành tự chọn của chương trình MMT&TTDL, học phần ""Hệ điều hành Linux"" được liệt kê trong nhóm chọn 19 TC + 9 TC.  
- Căn cứ: ""2.3. Kiến thức chuyên ngành tự chọn: chọn 19 TC + 9 TC > Hệ điều hành Linux"" (phần ""Kiến thức chuyên ngành tự chọn"")  

2) Bước 2: Cụ thể, trong danh mục này, học phần Hệ điều hành Linux được ghi nhận là một trong các học phần tự chọn thuộc nhóm 19 TC + 9 TC, cho thấy tổng số tín chỉ là 9 TC.  
- Căn cứ: ""chọn 19 TC + 9 TC > Hệ điều hành Linux"" (phần ""Kiến thức chuyên ngành tự chọn"")  

NGUỒN THAM KHẢO:  
- Header/Section: Mạng máy tính và truyền thông dữ liệu > PHỤ LỤC 2: BẢNG MÔ TẢ CÁC HỌC PHẦN MMT&TTDL > 2. Kiến thức giáo dục chuyên nghiệp: 94 tín chỉ > 2.3. Kiến thức chuyên ngành tự chọn: chọn 19 TC + 9 TC",True,"[244, 237, 238, 232, 249, 243, 245, 242, 236, 257]",10,244,1,1.0,1,1,1.0,True,True
"Theo danh mục kiến thức chuyên ngành tự chọn MMT&TTDL, học phần Hệ điều hành Linux có số tín chỉ là bao nhiêu?",metadata,"Tôi không tìm thấy thông tin đủ để trả lời câu hỏi này.

GIẢI THÍCH CHI TIẾT:  
1) Bước 1: Câu hỏi yêu cầu xác định số tín chỉ của học phần ""Hệ điều hành Linux"".  
- Căn cứ: Không có đoạn nào trong CONTEXT ghi rõ số tín chỉ cho học phần ""Hệ điều hành Linux"".  

2) Bước 2: Trong toàn bộ CONTEXT, các học phần chuyên ngành tự chọn đều được liệt kê với mã học phần và nội dung, nhưng không có thông tin nào về số tín chỉ cụ thể cho học phần ""Hệ điều hành Linux"".  

3) Bước 3: Các học phần khác như ""Hệ điều hành"" (mã 125001) được ghi rõ là học phần bắt buộc, nhưng không có thông tin về tín chỉ của học phần ""Hệ điều hành Linux"".  

NGUỒN THAM KHẢO:  
- PHỤ LỤC 2: BẢNG MÔ TẢ CÁC HỌC PHẦN MMT&TTDL > 2. Kiến thức giáo dục chuyên nghiệp: 94 tín chỉ > 2.3. Kiến thức chuyên ngành tự chọn: chọn 19 TC + 9 TC > Hệ điều hành Linux  
- PHỤ LỤC 2: BẢNG MÔ TẢ CÁC HỌC PHẦN MMT&TTDL > 2. Kiến thức giáo dục chuyên nghiệp: 94 tín chỉ > 2.1. Kiến thức cơ sở ngành – 29 tín chỉ > Hệ điều hành",False,"[250, 244, 238, 216, 232, 245, 254, 239, 237, 243]",10,244,2,0.5,1,1,1.0,True,True
Học phần Hệ điều hành Linux trong khối kiến thức chuyên ngành tự chọn MMT&TTDL được quy định bao nhiêu tín chỉ?,metadata,"Học phần Hệ điều hành Linux được quy định 3 tín chỉ.  

GIẢI THÍCH CHI TIẾT:  
1) Bước 1: Học phần Hệ điều hành Linux có mã học phần 123041 và được ghi nhận trong danh sách các học phần tự chọn của khối kiến thức chuyên ngành tự chọn.  
- Căn cứ: ""Hệ điều hành Linux - Mã học phần: 123041"" (PHỤ LỤC 2: BẢNG MÔ TẢ CÁC HỌC PHẦN MMT&TTDL)  

2) Bước 2: Trong phần mô tả học phần, rõ ràng ghi rằng học phần này có ""Số tín chỉ: 3"" trong chương trình chi tiết của ngành Mạng máy tính và truyền thông dữ liệu.  
- Căn cứ: ""Số tín chỉ: 3"" (Mạng máy tính và truyền thông dữ liệu > III. CHƯƠNG TRÌNH CHI TIẾT > 2. Kiến thức giáo dục chuyên nghiệp)  

3) Bước 3: Các thông tin liên quan đến tín chỉ của học phần này được thống nhất giữa hai phần: Phụ lục 2 và Chương trình chi tiết, đều cho thấy 3 tín chỉ.  
- Căn cứ: ""Số tín chỉ: 3"" (Mạng máy tính và truyền thông dữ liệu > III. CHƯƠNG TRÌNH CHI TIẾT > 2. Kiến thức giáo dục chuyên nghiệp)  

NGUỒN THAM KHẢO:  
- Header/Section: PHỤ LỤC 2: BẢNG MÔ TẢ CÁC HỌC PHẦN MMT&TTDL  
- Header/Section: Mạng máy tính và truyền thông dữ liệu > III. CHƯƠNG TRÌNH CHI TIẾT > 2. Kiến thức giáo dục chuyên nghiệp",True,"[244, 341, 69, 237, 238, 257, 243, 245, 232, 249]",10,69,3,0.3333333333333333,1,1,1.0,True,
"Trong danh mục học phần tự chọn chuyên ngành MMT&TTDL, học phần Hệ điều hành Linux có khối lượng bao nhiêu tín chỉ?",metadata,"Học phần Hệ điều hành Linux có khối lượng 9 tín chỉ.

GIẢI THÍCH CHI TIẾT:  
1) Bước 1: Học phần Hệ điều hành Linux được liệt kê trong danh mục ""Kiến thức chuyên ngành tự chọn: chọn 19 TC + 9 TC"".  
- Căn cứ: ""2.3. Kiến thức chuyên ngành tự chọn: chọn 19 TC + 9 TC > Hệ điều hành Linux"" (phần ""Hệ điều hành Linux"" trong danh mục tự chọn)  

2) Bước 2: Trong danh mục này, các học phần tự chọn được chia theo cấu trúc ""19 TC + 9 TC"", cho thấy có hai loại tín chỉ: 19 tín chỉ và 9 tín chỉ. Học phần Hệ điều hành Linux được liệt kê trong nhóm này, không có thông tin khác cho thấy nó thuộc nhóm 19 TC.  
- Căn cứ: ""chọn 19 TC + 9 TC > Hệ điều hành Linux"" (cùng phần trên)  

3) Bước 3: Không có thông tin nào cho thấy học phần này thuộc nhóm 19 TC, và không có tên học phần nào khác được gán cho 19 TC trong danh sách. Do đó, việc phân bổ 9 TC cho học phần này là hợp lý dựa trên cấu trúc nhóm.  
- Căn cứ: ""chọn 19 TC + 9 TC"" (cùng phần)  

NGUỒN THAM KHẢO:  
- Header/Section: Mạng máy tính và truyền thông dữ liệu > PHỤ LỤC 2: BẢNG MÔ TẢ CÁC HỌC PHẦN MMT&TTDL > 2. Kiến thức giáo dục chuyên nghiệp: 94 tín chỉ > 2.3. Kiến thức chuyên ngành tự chọn: chọn 19 TC + 9 TC > Hệ điều hành Linux",True,"[244, 245, 236, 249, 238, 242, 237, 232, 254, 243]",10,244,1,1.0,1,1,1.0,True,True
Chương trình đào tạo MMT&TTDL quy định học phần Hệ điều hành Linux thuộc nhóm tự chọn có bao nhiêu tín chỉ?,metadata,"Học phần Hệ điều hành Linux thuộc nhóm tự chọn có 3 tín chỉ.  

GIẢI THÍCH CHI TIẾT:  
1) Bước 1: Học phần Hệ điều hành Linux được liệt kê trong danh sách các học phần tự chọn chuyên ngành của chương trình MMT&TTDL.  
- Căn cứ: ""Hệ điều hành Linux - Mã học phần: 123041 - Số tín chỉ: 3"" (Mạng máy tính và truyền thông dữ liệu > PHỤ LỤC 2: BẢNG MÔ TẢ CÁC HỌC PHẦN MMT&TTDL)  

2) Bước 2: Trong phần mô tả học phần, rõ ràng ghi rằng số tín chỉ là 3, phù hợp với yêu cầu về tín chỉ tự chọn.  
- Căn cứ: ""Số tín chỉ: 3"" (Mạng máy tính và truyền thông dữ liệu > PHỤ LỤC 2: BẢNG MÔ TẢ CÁC HỌC PHẦN MMT&TTDL)  

3) Bước 3: Không có thông tin mâu thuẫn hoặc khác biệt giữa các phiên bản (ví dụ: học phần tự chọn ở chương trình chi tiết có tín chỉ khác), nên xác định 3 tín chỉ là chính xác.  
- Căn cứ: ""Học phần tự chọn"" (Mạng máy tính và truyền thông dữ liệu > PHỤ LỤC 2: BẢNG MÔ TẢ CÁC HỌC PHẦN MMT&TTDL)  

NGUỒN THAM KHẢO:  
- Header/Section: Mạng máy tính và truyền thông dữ liệu > PHỤ LỤC 2: BẢNG MÔ TẢ CÁC HỌC PHẦN MMT&TTDL",True,"[238, 341, 244, 237, 254, 69, 249, 241, 250, 251]",10,69,6,0.16666666666666666,1,1,1.0,True,
Học phần Hệ điều hành Linux thuộc danh mục kiến thức chuyên ngành tự chọn MMT&TTDL có tổng số tín chỉ là bao nhiêu?,metadata,"Học phần Hệ điều hành Linux có tổng số tín chỉ là 3 tín chỉ.  

GIẢI THÍCH CHI TIẾT:  
1) Bước 1: Học phần Hệ điều hành Linux được liệt kê với mã học phần 123041 và có số tín chỉ là 3 trong nhiều phần của CONTEXT.  
- Căn cứ: ""Số tín chỉ: 3"" (Mạng máy tính và truyền thông dữ liệu > III. CHƯƠNG TRÌNH CHI TIẾT > 2. Kiến thức giáo dục chuyên nghiệp: > Sinh viên có thể chọn 28 tín chỉ và 6 tín chỉ luận văn tốt nghiệp > Hệ điều hành Linux)  

2) Bước 2: Trong phần ""PHỤ LỤC 2: BẢNG MÔ TẢ CÁC HỌC PHẦN MMT&TTDL"", học phần này được xác định là học phần tự chọn trong kiến thức chuyên ngành tự chọn, nhưng không có thông tin về tổng tín chỉ khác.  
- Căn cứ: ""Số tín chỉ: 3"" (Mạng máy tính và truyền thông dữ liệu > PHỤ LỤC 2: BẢNG MÔ TẢ CÁC HỌC PHẦN MMT&TTDL > 2.3. Kiến thức chuyên ngành tự chọn: chọn 19 TC + 9 TC > Hệ điều hành Linux)  

3) Bước 3: Không có thông tin nào trong CONTEXT cho thấy học phần này có tín chỉ khác hoặc được tính vào tổng tín chỉ chuyên ngành tự chọn khác. Do đó, tín chỉ 3 là giá trị duy nhất được nêu.  
- Căn cứ: ""Số tín chỉ: 3"" (Mạng máy tính và truyền thông dữ liệu > III. CHƯƠNG TRÌNH CHI TIẾT > 3. Kiến thức chuyên ngành: 28 tín chỉ > TC2: Sinh viên chọn 19 tín chỉ > Hệ điều hành Linux)  

NGUỒN THAM KHẢO:  
- Header/Section: Mạng máy tính và truyền thông dữ liệu > III. CHƯƠNG TRÌNH CHI TIẾT > 2. Kiến thức giáo dục chuyên nghiệp: > Sinh viên có thể chọn 28 tín chỉ và 6 tín chỉ luận văn tốt nghiệp > Hệ điều hành Linux  
- Header/Section: Mạng máy tính và truyền thông dữ liệu > PHỤ LỤC 2: BẢNG MÔ TẢ CÁC HỌC PHẦN MMT&TTDL > 2.3. Kiến thức chuyên ngành tự chọn: chọn 19 TC + 9 TC > Hệ điều hành Linux  
- Header/Section: Mạng máy tính và truyền thông dữ liệu > III. CHƯƠNG TRÌNH CHI TIẾT > 3. Kiến thức chuyên ngành: 28 tín chỉ > TC2: Sinh viên chọn 19 tín chỉ > Hệ điều hành Linux",True,"[341, 244, 69, 237, 245, 249, 232, 242, 238, 240]",10,69,3,0.3333333333333333,1,1,1.0,True,
"Trong chương trình ngành Logistics và Quản lý chuỗi cung ứng, tổng số tín chỉ toàn khóa (không tính các học phần GDTC, GDQP-AN) là bao nhiêu?",metadata,"Tổng số tín chỉ toàn khóa (không tính các học phần GDTC, GDQP-AN) là 120 tín chỉ.

GIẢI THÍCH CHI TIẾT:  
1) Bước 1: Chương trình đào tạo xác định tổng số tín chỉ toàn khóa (không tính GDTC, GDQP-AN) là 120 tín chỉ.  
- Căn cứ: ""Tổng số tín chỉ toàn khóa (Không tính các học phần GDTC, GDQP-AN): 120 tín chỉ"" (phần ""CHUẨN ĐẦU RA CHƯƠNG TRÌNH ĐÀO TẠO > 1.2. Khối lượng kiến thức toàn khóa"")  

2) Bước 2: Đây là con số được nêu rõ trong phần chuẩn đầu ra chương trình, không bị ảnh hưởng bởi các học phần khác như giáo dục đại cương hoặc kiến thức bổ trợ.  
- Căn cứ: ""Tổng số tín chỉ: 120 tín chỉ"" (phần ""CHUẨN ĐẦU RA CHƯƠNG TRÌNH ĐÀO TẠO > 1.2. Khối lượng kiến thức toàn khóa"")  

NGUỒN THAM KHẢO:  
- Header/Section: CHUẨN ĐẦU RA CHƯƠNG TRÌNH ĐÀO TẠO > 1.2. Khối lượng kiến thức toàn khóa",True,"[631, 605, 560, 587, 647, 608, 575, 607, 597, 632]",10,560,3,0.3333333333333333,1,1,1.0,True,True
"Theo chương trình đào tạo ngành Logistics và Quản lý chuỗi cung ứng, tổng số tín chỉ toàn khóa, không bao gồm các học phần GDTC và GDQP-AN, là bao nhiêu?",metadata,"Tổng số tín chỉ toàn khóa, không bao gồm các học phần GDTC và GDQP-AN, là 120 tín chỉ.

GIẢI THÍCH CHI TIẾT:  
1) Bước 1: Chương trình đào tạo ngành Logistics và Quản lý chuỗi cung ứng quy định tổng số tín chỉ toàn khóa (không tính GDTC, GDQP-AN) là 120 tín chỉ.  
- Căn cứ: ""Tổng số tín chỉ toàn khóa (Không tính các học phần GDTC, GDQP-AN): 120 tín chỉ"" (phần ""Logistics và quản lý chuỗi cung ứng > XI. NỘI DUNG CHƯƠNG TRÌNH ĐÀO TẠO > 1.2. Khối lượng kiến thức toàn khóa > Tổng số tín chỉ"")  

2) Bước 2: Đây là con số được xác định rõ ràng trong phần ""Tổng số tín chỉ toàn khóa"" và được nhắc lại ở mục ""1.2. Khối lượng kiến thức toàn khóa"" để đảm bảo tính nhất quán.  
- Căn cứ: ""Tổng số tín chỉ: 120 tín chỉ"" (phần ""Logistics và quản lý chuỗi cung ứng > III. CHUẨN ĐẦU RA CHƯƠNG TRÌNH ĐÀO TẠO > 1.2. Khối lượng kiến thức toàn khóa"")  

NGUỒN THAM KHẢO:  
- Header/Section: ""Logistics và quản lý chuỗi cung ứng > XI. NỘI DUNG CHƯƠNG TRÌNH ĐÀO TẠO > 1.2. Khối lượng kiến thức toàn khóa > Tổng số tín chỉ""  
- Header/Section: ""Logistics và quản lý chuỗi cung ứng > III. CHUẨN ĐẦU RA CHƯƠNG TRÌNH ĐÀO TẠO > 1.2. Khối lượng kiến thức toàn khóa""",True,"[631, 587, 560, 575, 605, 608, 647, 558, 606, 632]",10,560,3,0.3333333333333333,1,1,1.0,True,True
"Chương trình đào tạo ngành Logistics và Quản lý chuỗi cung ứng quy định tổng số tín chỉ toàn khóa (không tính GDTC, GDQP-AN) là bao nhiêu?",metadata,"Tổng số tín chỉ toàn khóa là 120 tín chỉ.  
Số tín chỉ giáo dục thể chất và giáo dục quốc phòng – an ninh được trừ ra, nên tổng tín chỉ thực tế là 120 - 4 - 8 = 108 tín chỉ.

GIẢI THÍCH CHI TIẾT:  
1) Bước 1: Tổng số tín chỉ toàn khóa được quy định là 120 tín chỉ.  
- Căn cứ: ""Tổng số tín chỉ: 120 tín chỉ"" (phần ""Logistics và quản lý chuỗi cung ứng > III. CHUẨN ĐẦU RA CHƯƠNG TRÌNH ĐÀO TẠO > 1.2. Khối lượng kiến thức toàn khóa"")  

2) Bước 2: Tín chỉ giáo dục thể chất là 4 tín chỉ, được nêu rõ trong phần ""1.2 Kiến thức bổ trợ > Giáo dục thể chất"".  
- Căn cứ: ""Tổng số tín chỉ: 4 tín chỉ"" (phần ""Logistics và quản lý chuỗi cung ứng > XI. NỘI DUNG CHƯƠNG TRÌNH ĐÀO TẠO > 1.2 Kiến thức bổ trợ > Giáo dục thể chất"")  

3) Bước 3: Tín chỉ giáo dục quốc phòng – an ninh là 8 tín chỉ, được nêu rõ trong phần ""1.2 Kiến thức bổ trợ > Giáo dục Quốc phòng – An ninh (8 tín chỉ)"".  
- Căn cứ: ""Giáo dục Quốc phòng – An ninh (8 tín chỉ)"" (phần ""Logistics và quản lý chuỗi cung ứng > XI. NỘI DUNG CHƯƠNG TRÌNH ĐÀO TẠO > 1.2 Kiến thức bổ trợ > Giáo dục Quốc phòng – An ninh"")  

4) Bước 4: Trừ đi các tín chỉ không tính (GDTC, GDQP-AN), ta có: 120 - 4 - 8 = 108 tín chỉ.  

NGUỒN THAM KHẢO:  
- Header/Section: Logistics và quản lý chuỗi cung ứng > III. CHUẨN ĐẦU RA CHƯƠNG TRÌNH ĐÀO TẠO > 1.2. Khối lượng kiến thức toàn khóa  
- Header/Section: Logistics và quản lý chuỗi cung ứng > XI. NỘI DUNG CHƯƠNG TRÌNH ĐÀO TẠO > 1.2 Kiến thức bổ trợ > Giáo dục thể chất  
- Header/Section: Logistics và quản lý chuỗi cung ứng > XI. NỘI DUNG CHƯƠNG TRÌNH ĐÀO TẠO > 1.2 Kiến thức bổ trợ > Giáo dục Quốc phòng – An ninh",True,"[560, 605, 575, 558, 608, 607, 609, 632, 620, 645]",10,560,1,1.0,1,1,1.0,True,True
"Trong chương trình đào tạo ngành Logistics và Quản lý chuỗi cung ứng, sinh viên cần tích lũy bao nhiêu tín chỉ toàn khóa, không tính các học phần GDTC và GDQP-AN?",metadata,"Sinh viên cần tích lũy 120 tín chỉ toàn khóa, không tính các học phần GDTC và GDQP-AN.

GIẢI THÍCH CHI TIẾT:  
1) Bước 1: Chương trình đào tạo quy định tổng số tín chỉ toàn khóa (không tính GDTC, GDQP-AN) là 120 tín chỉ.  
- Căn cứ: ""Tổng số tín chỉ toàn khóa (Không tính các học phần GDTC, GDQP-AN): 120 tín chỉ"" (CONTEXT – Logistics và quản lý chuỗi cung ứng > XI. NỘI DUNG CHƯƠNG TRÌNH ĐÀO TẠO)  

2) Bước 2: Các học phần thuộc nhóm Giáo dục Quốc phòng – An ninh (GDQP-AN) và Giáo dục đại cương (GDTC) được loại trừ khỏi tổng số tín chỉ này theo yêu cầu câu hỏi.  
- Căn cứ: ""Tổng số tín chỉ toàn khóa (Không tính các học phần GDTC, GDQP-AN): 120 tín chỉ"" (cùng vị trí như trên)  

3) Bước 3: Không có thông tin nào trong CONTEXT cho thấy việc điều chỉnh tín chỉ do học phần khác (như ngoại ngữ hoặc quản trị dự án) ảnh hưởng đến tổng số tín chỉ toàn khóa.  
- Căn cứ: Không có thông tin mâu thuẫn hoặc điều chỉnh tổng tín chỉ trong các học phần chuyên ngành hoặc bổ trợ.  

NGUỒN THAM KHẢO:  
- Header/Section: Logistics và quản lý chuỗi cung ứng > XI. NỘI DUNG CHƯƠNG TRÌNH ĐÀO TẠO > Tổng số tín chỉ toàn khóa (Không tính các học phần GDTC, GDQP-AN)",True,"[631, 605, 644, 608, 558, 645, 651, 652, 653, 654]",10,650,0,0.0,0,0,0.0,True,False
"Theo quy định của chương trình ngành Logistics và Quản lý chuỗi cung ứng, tổng số tín chỉ toàn khóa (loại trừ GDTC và GDQP-AN) là bao nhiêu?",metadata,"Tổng số tín chỉ toàn khóa (loại trừ GDTC và GDQP-AN) là 120 tín chỉ.

GIẢI THÍCH CHI TIẾT:  
1) Bước 1: Chương trình quy định tổng số tín chỉ toàn khóa (không tính các học phần GDTC, GDQP-AN) là 120 tín chỉ.  
- Căn cứ: ""Tổng số tín chỉ toàn khóa (Không tính các học phần GDTC, GDQP-AN): 120 tín chỉ"" (phần ""Logistics và quản lý chuỗi cung ứng > XI. NỘI DUNG CHƯƠNG TRÌNH ĐÀO TẠO > Nhóm chuyên ngành tự chọn tốt nghiệp > Chuyên đề tốt nghiệp"")  

2) Bước 2: Thông tin này được xác nhận ở phần ""Chuẩn đầu ra chương trình đào tạo"" với tỷ lệ kiến thức chuyên ngành là 54,17%, tổng cộng 65 tín chỉ, và kiến thức cơ sở ngành là 30 tín chỉ, tổng cộng 95 tín chỉ, nhưng tổng tín chỉ toàn khóa vẫn được nêu rõ là 120 tín chỉ.  
- Căn cứ: ""Tổng số tín chỉ: 120 tín chỉ"" (phần ""Logistics và quản lý chuỗi cung ứng > III. CHUẨN ĐẦU RA CHƯƠNG TRÌNH ĐÀO TẠO > 1.2. Khối lượng kiến thức toàn khóa"")  

3) Bước 3: Không có thông tin mâu thuẫn hoặc thay đổi nào khác về tổng tín chỉ, nên kết luận là 120 tín chỉ là giá trị chính xác được quy định.  
- Căn cứ: ""Tổng số tín chỉ toàn khóa (Không tính các học phần GDTC, GDQP-AN): 120 tín chỉ"" (phần ""Logistics và quản lý chuỗi cung ứng > XI. NỘI DUNG CHƯƠNG TRÌNH ĐÀO TẠO"")  

NGUỒN THAM KHẢO:  
- Header/Section: ""Logistics và quản lý chuỗi cung ứng > XI. NỘI DUNG CHƯƠNG TRÌNH ĐÀO TẠO > Nhóm chuyên ngành tự chọn tốt nghiệp > Chuyên đề tốt nghiệp""  
- Header/Section: ""Logistics và quản lý chuỗi cung ứng > III. CHUẨN ĐẦU RA CHƯƠNG TRÌNH ĐÀO TẠO > 1.2. Khối lượng kiến thức toàn khóa""",True,"[631, 560, 605, 608, 558, 642, 620, 559, 632, 577]",10,560,2,0.5,1,1,1.0,True,True
Học phần Nhập môn Logistics & Quản lý Chuỗi cung ứng được học ở học kỳ mấy và có bao nhiêu tín chỉ?,metadata,"Học phần Nhập môn Logistics & Quản lý Chuỗi cung ứng được học ở học kỳ 2 và có 3 tín chỉ.

GIẢI THÍCH CHI TIẾT:  
1) Bước 1: Xác định học kỳ của học phần ""Nhập môn Logistics & Quản lý Chuỗi cung ứng"".  
- Căn cứ: ""HỌC KỲ 2 > Nhập môn Logistics & Quản lý Chuỗi cung ứng"" (phần ""Logistics và quản lý chuỗi cung ứng > XII. KẾ HOẠCH ĐÀO TẠO > 1.2. HỌC KỲ 2"")  

2) Bước 2: Xác định số tín chỉ của học phần.  
- Căn cứ: ""Số tín chỉ: 3"" (phần ""Logistics và quản lý chuỗi cung ứng > XII. KẾ HOẠCH ĐÀO TẠO > 1.2. HỌC KỲ 2"")  

NGUỒN THAM KHẢO:  
- Header/Section: Logistics và quản lý chuỗi cung ứng > XII. KẾ HOẠCH ĐÀO TẠO > 1.2. HỌC KỲ 2  
- Header/Section: Logistics và quản lý chuỗi cung ứng > XII. KẾ HOẠCH ĐÀO TẠO > 1.2. HỌC KỲ 2",True,"[670, 707, 729, 728, 704, 690, 712, 709, 691, 703]",10,671,0,0.0,0,0,0.0,True,False
Học phần Nhập môn Logistics & Quản lý Chuỗi cung ứng được bố trí ở học kỳ nào và có số tín chỉ là bao nhiêu?,metadata,"Học phần Nhập môn Logistics & Quản lý Chuỗi cung ứng được bố trí ở học kỳ 2 và có số tín chỉ là 3.

GIẢI THÍCH CHI TIẾT:  
1) Bước 1: Xác định học kỳ của học phần ""Nhập môn Logistics & Quản lý Chuỗi cung ứng"".  
- Căn cứ: ""Logistics và quản lý chuỗi cung ứng > XII. KẾ HOẠCH ĐÀO TẠO > 1.2. HỌC KỲ 2 > Nhập môn Logistics & Quản lý Chuỗi cung ứng _(Introduction to Logistics & Supply Chain Management)_"" (học kỳ 2)  

2) Bước 2: Xác định số tín chỉ của học phần này.  
- Căn cứ: ""Số tín chỉ: 3"" (trong cùng mục học phần trên)  

NGUỒN THAM KHẢO:  
- Header/Section: Logistics và quản lý chuỗi cung ứng > XII. KẾ HOẠCH ĐÀO TẠO > 1.2. HỌC KỲ 2 > Nhập môn Logistics & Quản lý Chuỗi cung ứng _(Introduction to Logistics & Supply Chain Management)_",True,"[670, 690, 689, 691, 703, 709, 701, 692, 686, 693]",10,671,0,0.0,0,0,0.0,True,False
"Theo chương trình đào tạo, học phần Nhập môn Logistics & Quản lý Chuỗi cung ứng được giảng dạy ở học kỳ mấy và có bao nhiêu tín chỉ?",metadata,"Học phần Nhập môn Logistics & Quản lý Chuỗi cung ứng được giảng dạy ở học kỳ 2 và có 3 tín chỉ.

GIẢI THÍCH CHI TIẾT:  
1) Bước 1: Xác định học kỳ giảng dạy của học phần ""Nhập môn Logistics & Quản lý Chuỗi cung ứng"".  
- Căn cứ: ""Logistics và quản lý chuỗi cung ứng > XII. KẾ HOẠCH ĐÀO TẠO > 1.2. HỌC KỲ 2 > Nhập môn Logistics & Quản lý Chuỗi cung ứng _(Introduction to Logistics & Supply Chain Management)_"" (học kỳ 2)  

2) Bước 2: Xác định số tín chỉ của học phần.  
- Căn cứ: ""Mã học phần: 419001 - Số tín chỉ: 3"" (số tín chỉ là 3)  

NGUỒN THAM KHẢO:  
- Header/Section: Logistics và quản lý chuỗi cung ứng > XII. KẾ HOẠCH ĐÀO TẠO > 1.2. HỌC KỲ 2 > Nhập môn Logistics & Quản lý Chuỗi cung ứng _(Introduction to Logistics & Supply Chain Management)_",True,"[729, 670, 665, 709, 690, 701, 691, 686, 692, 703]",10,671,0,0.0,0,0,0.0,True,False
"Trong chương trình đào tạo ngành Logistics, học phần Nhập môn Logistics & Quản lý Chuỗi cung ứng thuộc học kỳ nào và có khối lượng bao nhiêu tín chỉ?",metadata,"Học phần Nhập môn Logistics & Quản lý Chuỗi cung ứng thuộc học kỳ 2 và có 3 tín chỉ.

GIẢI THÍCH CHI TIẾT:  
1) Bước 1: Xác định học kỳ của học phần ""Nhập môn Logistics & Quản lý Chuỗi cung ứng"".  
- Căn cứ: ""Logistics và quản lý chuỗi cung ứng > XII. KẾ HOẠCH ĐÀO TẠO > 1.2. HỌC KỲ 2 > Nhập môn Logistics & Quản lý Chuỗi cung ứng _(Introduction to Logistics & Supply Chain Management)_"" (học kỳ 2)  

2) Bước 2: Xác định số tín chỉ của học phần.  
- Căn cứ: ""Logistics và quản lý chuỗi cung ứng > XII. KẾ HOẠCH ĐÀO TẠO > 1.2. HỌC KỲ 2 > Nhập môn Logistics & Quản lý Chuỗi cung ứng _(Introduction to Logistics & Supply Chain Management)_"" (số tín chỉ: 3)  

NGUỒN THAM KHẢO:  
- Header/Section: XII. KẾ HOẠCH ĐÀO TẠO > 1.2. HỌC KỲ 2 > Nhập môn Logistics & Quản lý Chuỗi cung ứng _(Introduction to Logistics & Supply Chain Management)_",True,"[604, 623, 701, 670, 705, 683, 691, 697, 709, 690]",10,671,0,0.0,0,0,0.0,True,False
Học phần Nhập môn Logistics & Quản lý Chuỗi cung ứng trong kế hoạch đào tạo được xếp vào học kỳ mấy và có bao nhiêu tín chỉ?,metadata,"Học phần Nhập môn Logistics & Quản lý Chuỗi cung ứng được xếp vào học kỳ 2 và có 3 tín chỉ.

GIẢI THÍCH CHI TIẾT:  
1) Bước 1: Xác định học kỳ của học phần ""Nhập môn Logistics & Quản lý Chuỗi cung ứng"".  
- Căn cứ: ""1.2. HỌC KỲ 2 > Nhập môn Logistics & Quản lý Chuỗi cung ứng"" (học kỳ 2)  

2) Bước 2: Xác định số tín chỉ của học phần.  
- Căn cứ: ""Số tín chỉ: 3"" (trong mục học phần ""Nhập môn Logistics & Quản lý Chuỗi cung ứng"")  

NGUỒN THAM KHẢO:  
- Header/Section: Logistics và quản lý chuỗi cung ứng > XII. KẾ HOẠCH ĐÀO TẠO > 1.2. HỌC KỲ 2 > Nhập môn Logistics & Quản lý Chuỗi cung ứng",True,"[670, 728, 729, 707, 712, 691, 704, 686, 703, 709]",10,671,0,0.0,0,0,0.0,True,False
"Theo chương trình đào tạo ngành Logistics, học phần Nhập môn Logistics & Quản lý Chuỗi cung ứng có số tín chỉ bao nhiêu và được học ở học kỳ nào?",metadata,"Học phần Nhập môn Logistics & Quản lý Chuỗi cung ứng có 3 tín chỉ và được học ở học kỳ 2.

GIẢI THÍCH CHI TIẾT:  
1) Bước 1: Xác định số tín chỉ của học phần Nhập môn Logistics & Quản lý Chuỗi cung ứng.  
- Căn cứ: ""Số tín chỉ: 3"" (phần ""Logistics và quản lý chuỗi cung ứng > XII. KẾ HOẠCH ĐÀO TẠO > 1.2. HỌC KỲ 2 > Nhập môn Logistics & Quản lý Chuỗi cung ứng"")  

2) Bước 2: Xác định học kỳ mà học phần này được học.  
- Căn cứ: ""HỌC KỲ 2"" (phần ""Logistics và quản lý chuỗi cung ứng > XII. KẾ HOẠCH ĐÀO TẠO > 1.2. HỌC KỲ 2 > Nhập môn Logistics & Quản lý Chuỗi cung ứng"")  

NGUỒN THAM KHẢO:  
- Header/Section: Logistics và quản lý chuỗi cung ứng > XII. KẾ HOẠCH ĐÀO TẠO > 1.2. HỌC KỲ 2 > Nhập môn Logistics & Quản lý Chuỗi cung ứng",True,"[725, 726, 605, 670, 689, 560, 691, 683, 690, 709]",10,605,3,0.3333333333333333,1,1,1.0,True,True
"Trong chương trình Logistics, học phần Kinh tế vận tải và Logistics được xếp ở học kỳ nào?",metadata,"Học phần Kinh tế vận tải và Logistics được xếp ở học kỳ 3.

GIẢI THÍCH CHI TIẾT:  
1) Bước 1: Xác định học phần ""Kinh tế vận tải và Logistics"" trong chương trình.  
- Căn cứ: ""Logistics và quản lý chuỗi cung ứng > XII. KẾ HOẠCH ĐÀO TẠO > 1.3. HỌC KỲ 3 > Kinh tế vận tải và Logistics _(Transport Economics and Logistics)_"" (phần chương trình học kỳ 3).  

2) Bước 2: Xác định học kỳ cụ thể của học phần này.  
- Căn cứ: ""1.3. HỌC KỲ 3"" trong tiêu đề học phần (phần chương trình học kỳ 3).  

3) Bước 3: Kết luận học kỳ phù hợp dựa trên thông tin đã nêu.  
- Căn cứ: Học phần được ghi rõ trong học kỳ 3, không có thông tin nào cho thấy thay đổi học kỳ.  

NGUỒN THAM KHẢO:  
- Header/Section: Logistics và quản lý chuỗi cung ứng > XII. KẾ HOẠCH ĐÀO TẠO > 1.3. HỌC KỲ 3 > Kinh tế vận tải và Logistics _(Transport Economics and Logistics)_",True,"[678, 701, 706, 695, 672, 709, 705, 720, 694, 690]",10,672,5,0.2,1,1,1.0,True,True
"Theo chương trình đào tạo ngành Logistics, học phần Kinh tế vận tải và Logistics được bố trí ở học kỳ nào?",metadata,"Học phần Kinh tế vận tải và Logistics được bố trí ở học kỳ 3.

GIẢI THÍCH CHI TIẾT:  
1) Bước 1: Xác định học phần ""Kinh tế vận tải và Logistics"" trong chương trình đào tạo.  
- Căn cứ: ""Logistics và quản lý chuỗi cung ứng > XII. KẾ HOẠCH ĐÀO TẠO > 1.3. HỌC KỲ 3 > Kinh tế vận tải và Logistics _(Transport Economics and Logistics)_"" (học kỳ 3)  

2) Bước 2: Xác minh học kỳ được gán cho học phần này thông qua cấu trúc chương trình.  
- Căn cứ: ""1.3. HỌC KỲ 3 > Kinh tế vận tải và Logistics"" (cùng phần header học kỳ 3)  

3) Bước 3: Kết luận học phần nằm ở học kỳ 3 vì được liệt kê rõ trong mục học kỳ 3.  
- Căn cứ: ""Logistics và quản lý chuỗi cung ứng > XII. KẾ HOẠCH ĐÀO TẠO > 1.3. HỌC KỲ 3 > Kinh tế vận tải và Logistics""  

NGUỒN THAM KHẢO:  
- Header/Section: Logistics và quản lý chuỗi cung ứng > XII. KẾ HOẠCH ĐÀO TẠO > 1.3. HỌC KỲ 3 > Kinh tế vận tải và Logistics",True,"[678, 672, 686, 663, 709, 721, 691, 676, 689, 693]",10,672,2,0.5,1,1,1.0,True,True
Học phần Kinh tế vận tải và Logistics trong chương trình ngành Logistics được xếp vào học kỳ mấy?,metadata,"Học phần Kinh tế vận tải và Logistics được xếp vào học kỳ 3.

GIẢI THÍCH CHI TIẾT:  
1) Bước 1: Học phần ""Kinh tế vận tải và Logistics"" được liệt kê trong phần học kỳ 3 của chương trình.  
- Căn cứ: ""Logistics và quản lý chuỗi cung ứng > XII. KẾ HOẠCH ĐÀO TẠO > 1.3. HỌC KỲ 3 > Kinh tế vận tải và Logistics _(Transport Economics and Logistics)_"" (học kỳ 3)

2) Bước 2: Mã học phần và thông tin về học kỳ được cung cấp rõ ràng trong dòng này, không có thông tin mâu thuẫn hoặc thay đổi theo học kỳ khác.  
- Căn cứ: ""Logistics và quản lý chuỗi cung ứng > XII. KẾ HOẠCH ĐÀO TẠO > 1.3. HỌC KỲ 3 > Kinh tế vận tải và Logistics _(Transport Economics and Logistics)_"" (học kỳ 3)

NGUỒN THAM KHẢO:  
- Header/Section: Logistics và quản lý chuỗi cung ứng > XII. KẾ HOẠCH ĐÀO TẠO > 1.3. HỌC KỲ 3 > Kinh tế vận tải và Logistics _(Transport Economics and Logistics)_",True,"[678, 701, 695, 686, 706, 672, 709, 720, 691, 696]",10,672,6,0.16666666666666666,1,1,1.0,True,True
Chương trình đào tạo ngành Logistics quy định học phần Kinh tế vận tải và Logistics thuộc học kỳ nào?,metadata,"Học phần Kinh tế vận tải và Logistics thuộc học kỳ 3.

GIẢI THÍCH CHI TIẾT:  
1) Bước 1: Xác định học phần ""Kinh tế vận tải và Logistics"" trong chương trình đào tạo.  
- Căn cứ: ""Logistics và quản lý chuỗi cung ứng > XII. KẾ HOẠCH ĐÀO TẠO > 1.3. HỌC KỲ 3 > Kinh tế vận tải và Logistics _(Transport Economics and Logistics)_"" (học kỳ 3)  

2) Bước 2: Xác minh học kỳ cụ thể của học phần này dựa trên cấu trúc chương trình.  
- Căn cứ: ""1.3. HỌC KỲ 3 > Kinh tế vận tải và Logistics"" (trong phần KẾ HOẠCH ĐÀO TẠO)  

NGUỒN THAM KHẢO:  
- Header/Section: Logistics và quản lý chuỗi cung ứng > XII. KẾ HOẠCH ĐÀO TẠO > 1.3. HỌC KỲ 3 > Kinh tế vận tải và Logistics",True,"[590, 678, 695, 686, 709, 672, 706, 691, 690, 692]",10,672,6,0.16666666666666666,1,1,1.0,True,True
"Trong kế hoạch học tập ngành Logistics, học phần Kinh tế vận tải và Logistics được giảng dạy ở học kỳ mấy?",metadata,"Học phần Kinh tế vận tải và Logistics được giảng dạy ở học kỳ 3.

GIẢI THÍCH CHI TIẾT:  
1) Bước 1: Xác định học phần ""Kinh tế vận tải và Logistics"" trong kế hoạch học tập.  
- Căn cứ: ""Logistics và quản lý chuỗi cung ứng > XII. KẾ HOẠCH ĐÀO TẠO > 1.3. HỌC KỲ 3 > Kinh tế vận tải và Logistics _(Transport Economics and Logistics)_"" (học kỳ 3)  

2) Bước 2: Xác nhận học kỳ được ghi rõ trong phần kế hoạch học kỳ 3.  
- Căn cứ: ""1.3. HỌC KỲ 3 > Kinh tế vận tải và Logistics"" (phần học kỳ 3)  

3) Bước 3: Kết luận học phần này thuộc học kỳ 3, không có thông tin nào cho thấy thay đổi học kỳ.  
- Căn cứ: Không có thông tin thay đổi học kỳ, nên giữ nguyên học kỳ 3.  

NGUỒN THAM KHẢO:  
- Header/Section: ""Logistics và quản lý chuỗi cung ứng > XII. KẾ HOẠCH ĐÀO TẠO > 1.3. HỌC KỲ 3 > Kinh tế vận tải và Logistics""",True,"[701, 678, 697, 706, 720, 705, 694, 709, 708, 703]",10,679,0,0.0,0,0,0.0,True,False
Học phần Kinh tế vận tải và Logistics của ngành Logistics được sắp xếp vào học kỳ nào trong chương trình đào tạo?,metadata,"Học phần Kinh tế vận tải và Logistics được sắp xếp vào học kỳ 3.

GIẢI THÍCH CHI TIẾT:  
1) Bước 1: Học phần ""Kinh tế vận tải và Logistics"" được liệt kê trong học kỳ 3 theo chương trình đào tạo.  
- Căn cứ: ""Logistics và quản lý chuỗi cung ứng > XII. KẾ HOẠCH ĐÀO TẠO > 1.3. HỌC KỲ 3 > Kinh tế vận tải và Logistics _(Transport Economics and Logistics)_"" (học kỳ 3)  

2) Bước 2: Mã học phần 414021 và số tín chỉ 3 được gán cho học kỳ 3, xác nhận vị trí học phần.  
- Căn cứ: ""Mã học phần: 414021"" (học kỳ 3)  

3) Bước 3: Không có thông tin nào cho thấy học phần này được sắp xếp vào học kỳ khác, do đó không có mâu thuẫn hoặc thay đổi vị trí.  
- Căn cứ: Không có thông tin mâu thuẫn (chỉ có một ghi nhận duy nhất tại học kỳ 3)  

NGUỒN THAM KHẢO:  
- Header/Section: Logistics và quản lý chuỗi cung ứng > XII. KẾ HOẠCH ĐÀO TẠO > 1.3. HỌC KỲ 3 > Kinh tế vận tải và Logistics _(Transport Economics and Logistics)_",True,"[678, 695, 706, 672, 676, 686, 666, 709, 668, 692]",10,672,4,0.25,1,1,1.0,True,True
Học phần Quản trị logistics trong ngành Logistics có bao nhiêu tín chỉ?,metadata,"Học phần Quản trị logistics có 3 tín chỉ.

GIẢI THÍCH CHI TIẾT:  
1) Bước 1: Học phần Quản trị logistics được liệt kê trong phần ""Kiến thức chuyên ngành"" với mã học phần 416033.  
- Căn cứ: ""Mã học phần: 416033 - Số tín chỉ: 3"" (phần ""Quản trị logistics _(Logistics Management)_"")  

2) Bước 2: Trong thông tin cụ thể, dòng ""Số tín chỉ: 3"" được ghi rõ, xác định chính xác số tín chỉ của học phần này.  
- Căn cứ: ""Số tín chỉ: 3"" (phần ""Quản trị logistics _(Logistics Management)_"")  

NGUỒN THAM KHẢO:  
- Header/Section: Logistics và quản lý chuỗi cung ứng > XI. NỘI DUNG CHƯƠNG TRÌNH ĐÀO TẠO > Kiến thức chuyên ngành > Quản trị logistics _(Logistics Management)_",True,"[597, 641, 634, 638, 639, 640, 637, 689, 701, 635]",10,598,0,0.0,0,0,0.0,True,False
"Theo chương trình đào tạo ngành Logistics, học phần Quản trị logistics có số tín chỉ là bao nhiêu?",metadata,"Học phần Quản trị logistics có số tín chỉ là 3.

GIẢI THÍCH CHI TIẾT:  
1) Bước 1: Xác định học phần ""Quản trị logistics"" trong chương trình đào tạo.  
- Căn cứ: ""Logistics và quản lý chuỗi cung ứng > XI. NỘI DUNG CHƯƠNG TRÌNH ĐÀO TẠO > Kiến thức chuyên ngành > Quản trị logistics _(Logistics Management)_"" (context)  

2) Bước 2: Tìm số tín chỉ của học phần này trong thông tin được cung cấp.  
- Căn cứ: ""Số tín chỉ: 3"" (vị trí: phần mô tả học phần Quản trị logistics)  

3) Bước 3: Kết luận trực tiếp từ dữ liệu đã xác định.  
- Căn cứ: ""Số tín chỉ: 3"" (trong phần mô tả học phần Quản trị logistics)  

NGUỒN THAM KHẢO:  
- Header/Section: Logistics và quản lý chuỗi cung ứng > XI. NỘI DUNG CHƯƠNG TRÌNH ĐÀO TẠO > Kiến thức chuyên ngành > Quản trị logistics _(Logistics Management)_",True,"[597, 598, 605, 609, 620, 601, 608, 634, 638, 636]",10,598,2,0.5,1,1,1.0,True,
Học phần Quản trị logistics trong chương trình ngành Logistics được quy định bao nhiêu tín chỉ?,metadata,"Học phần Quản trị logistics được quy định là 3 tín chỉ.

GIẢI THÍCH CHI TIẾT:  
1) Bước 1: Xác định học phần ""Quản trị logistics"" trong chương trình.  
- Căn cứ: ""Quản trị logistics _(Logistics Management)_ - Mã học phần: 416033 - Số tín chỉ: 3"" (phần ""Kiến thức chuyên ngành"" trong CONTEXT)  

2) Bước 2: Xác nhận số tín chỉ của học phần này.  
- Căn cứ: ""Số tín chỉ: 3"" (trong thông tin về học phần Quản trị logistics)  

3) Bước 3: Kết luận rằng học phần này có đúng 3 tín chỉ, phù hợp với yêu cầu câu hỏi.  
- Căn cứ: ""Số tín chỉ: 3"" (cùng đoạn trên)  

NGUỒN THAM KHẢO:  
- Header/Section: Logistics và quản lý chuỗi cung ứng > XI. NỘI DUNG CHƯƠNG TRÌNH ĐÀO TẠO > Kiến thức chuyên ngành > Quản trị logistics _(Logistics Management)_",True,"[597, 605, 634, 638, 635, 636, 639, 637, 640, 633]",10,598,0,0.0,0,0,0.0,True,False
Chương trình đào tạo ngành Logistics xác định học phần Quản trị logistics có khối lượng bao nhiêu tín chỉ?,metadata,"Học phần Quản trị logistics có 3 tín chỉ.

GIẢI THÍCH CHI TIẾT:  
1) Bước 1: Học phần ""Quản trị logistics (Logistics Management)"" được liệt kê trong phần ""NỘI DUNG CHƯƠNG TRÌNH ĐÀO TẠO"" với mã học phần 416033.  
- Căn cứ: ""Quản trị logistics _(Logistics Management)_ - Mã học phần: 416033 - Số tín chỉ: 3"" (phần ""NỘI DUNG CHƯƠNG TRÌNH ĐÀO TẠO"")  

2) Bước 2: Số tín chỉ được nêu rõ là 3, phù hợp với yêu cầu của câu hỏi.  
- Căn cứ: ""Số tín chỉ: 3"" (phần ""NỘI DUNG CHƯƠNG TRÌNH ĐÀO TẠO"")  

NGUỒN THAM KHẢO:  
- Header/Section: XI. NỘI DUNG CHƯƠNG TRÌNH ĐÀO TẠO > Kiến thức chuyên ngành > Quản trị logistics _(Logistics Management)_",True,"[597, 558, 605, 620, 559, 608, 578, 557, 634, 560]",10,598,0,0.0,0,0,0.0,True,False
"Trong kế hoạch đào tạo ngành Logistics, học phần Quản trị logistics có tổng số tín chỉ là bao nhiêu?",metadata,"Học phần Quản trị logistics có tổng số tín chỉ là 3.

GIẢI THÍCH CHI TIẾT:  
1) Bước 1: Học phần Quản trị logistics có mã học phần 416033 và được ghi nhận với số tín chỉ là 3.  
- Căn cứ: ""Mã học phần: 416033 - Số tín chỉ: 3"" (Logistics và quản lý chuỗi cung ứng > XI. NỘI DUNG CHƯƠNG TRÌNH ĐÀO TẠO > Kiến thức chuyên ngành > Quản trị logistics _(Logistics Management)_)

2) Bước 2: Trong phần kế hoạch đào tạo, học phần này được liệt kê ở cả học kỳ 4 và học kỳ 7, nhưng số tín chỉ không thay đổi.  
- Căn cứ: ""Mã học phần: 416033 - Số tín chỉ: 3"" (Logistics và quản lý chuỗi cung ứng > XII. KẾ HOẠCH ĐÀO TẠO > 1.4. HỌC KỲ 4 > Quản trị logistics _(Logistics Management)_)

NGUỒN THAM KHẢO:  
- Header/Section: Logistics và quản lý chuỗi cung ứng > XI. NỘI DUNG CHƯƠNG TRÌNH ĐÀO TẠO > Kiến thức chuyên ngành > Quản trị logistics _(Logistics Management)_  
- Header/Section: Logistics và quản lý chuỗi cung ứng > XII. KẾ HOẠCH ĐÀO TẠO > 1.4. HỌC KỲ 4 > Quản trị logistics _(Logistics Management)_",True,"[597, 701, 605, 709, 716, 689, 691, 683, 692, 690]",10,598,0,0.0,0,0,0.0,True,False
Học phần Quản trị logistics thuộc ngành Logistics có bao nhiêu tín chỉ theo chương trình đào tạo?,metadata,"Học phần Quản trị logistics (Logistics Management) có 3 tín chỉ.

GIẢI THÍCH CHI TIẾT:  
1) Bước 1: Học phần ""Quản trị logistics"" được liệt kê trong phần ""Kiến thức chuyên ngành"" với mã học phần 416033.  
- Căn cứ: ""Quản trị logistics _(Logistics Management)_ - Mã học phần: 416033 - Số tín chỉ: 3"" (phần ""Kiến thức chuyên ngành"" trong CONTEXT)

2) Bước 2: Trong cùng phần, dòng này nêu rõ ""Số tín chỉ: 3"", xác định chính xác số tín chỉ của học phần.  
- Căn cứ: ""Số tín chỉ: 3"" (phần ""Kiến thức chuyên ngành"" trong CONTEXT)

NGUỒN THAM KHẢO:  
- Header/Section: Logistics và quản lý chuỗi cung ứng > XI. NỘI DUNG CHƯƠNG TRÌNH ĐÀO TẠO > Kiến thức chuyên ngành > Quản trị logistics _(Logistics Management)_",True,"[597, 605, 598, 601, 644, 645, 634, 638, 639, 637]",10,598,3,0.3333333333333333,1,1,1.0,True,
Môn Quản trị kho hàng và tồn kho trong chương trình Logistics có bao nhiêu tín chỉ?,metadata,"Môn Quản trị kho hàng và tồn kho có 3 tín chỉ.

GIẢI THÍCH CHI TIẾT:  
1) Bước 1: Xác định mã học phần và số tín chỉ của môn Quản trị kho hàng và tồn kho.  
- Căn cứ: ""Mã học phần: 416038 - Số tín chỉ: 3"" (Logistics và quản lý chuỗi cung ứng > XI. NỘI DUNG CHƯƠNG TRÌNH ĐÀO TẠO > Kiến thức chuyên ngành > Quản trị kho hàng và tồn kho)  

2) Bước 2: Xác nhận thông tin này xuất hiện trong phần nội dung chương trình đào tạo, không bị thay đổi ở các phần khác.  
- Căn cứ: ""Số tín chỉ: 3"" (Logistics và quản lý chuỗi cung ứng > XI. NỘI DUNG CHƯƠNG TRÌNH ĐÀO TẠO > Kiến thức chuyên ngành > Quản trị kho hàng và tồn kho)  

3) Bước 3: Không có thông tin mâu thuẫn hoặc bổ sung khác về tín chỉ của môn học này trong toàn bộ CONTEXT.  
- Căn cứ: Không có phần nào khác sửa đổi hoặc thay đổi số tín chỉ cho môn này.  

NGUỒN THAM KHẢO:  
- Header/Section: Logistics và quản lý chuỗi cung ứng > XI. NỘI DUNG CHƯƠNG TRÌNH ĐÀO TẠO > Kiến thức chuyên ngành > Quản trị kho hàng và tồn kho",True,"[604, 703, 636, 597, 639, 640, 647, 637, 605, 653]",10,605,9,0.1111111111111111,1,1,1.0,True,True
"Theo chương trình đào tạo ngành Logistics, học phần Quản trị kho hàng và tồn kho có số tín chỉ là bao nhiêu?",metadata,"Học phần Quản trị kho hàng và tồn kho có số tín chỉ là 3.

GIẢI THÍCH CHI TIẾT:  
1) Bước 1: Xác định học phần ""Quản trị kho hàng và tồn kho"" trong chương trình đào tạo.  
- Căn cứ: ""Logistics và quản lý chuỗi cung ứng > XI. NỘI DUNG CHƯƠNG TRÌNH ĐÀO TẠO > Kiến thức chuyên ngành > Quản trị kho hàng và tồn kho _(Inventory & Warehousing Management)_"" (header/XI. NỘI DUNG CHƯƠNG TRÌNH ĐÀO TẠO)

2) Bước 2: Tìm số tín chỉ của học phần này trong nội dung được cung cấp.  
- Căn cứ: ""Số tín chỉ: 3"" (trong phần mô tả học phần Quản trị kho hàng và tồn kho)  

3) Bước 3: Xác nhận học phần này không bị thay đổi hoặc có thông tin mâu thuẫn khác.  
- Căn cứ: ""Mã học phần: 416038"" (không ảnh hưởng đến số tín chỉ, chỉ xác định học phần)  

NGUỒN THAM KHẢO:  
- Header/Section: XI. NỘI DUNG CHƯƠNG TRÌNH ĐÀO TẠO > Kiến thức chuyên ngành > Quản trị kho hàng và tồn kho _(Inventory & Warehousing Management)_",True,"[604, 703, 605, 591, 597, 609, 608, 634, 560, 636]",10,605,3,0.3333333333333333,1,1,1.0,True,True
Học phần Quản trị kho hàng và tồn kho trong chương trình Logistics được quy định bao nhiêu tín chỉ?,metadata,"Học phần Quản trị kho hàng và tồn kho quy định 3 tín chỉ.  

GIẢI THÍCH CHI TIẾT:  
1) Bước 1: Học phần ""Quản trị kho hàng và tồn kho"" có số tín chỉ được nêu rõ trong phần nội dung chương trình đào tạo.  
- Căn cứ: ""Số tín chỉ: 3"" (tên file: Logistics và quản lý chuỗi cung ứng > XI. NỘI DUNG CHƯƠNG TRÌNH ĐÀO TẠO > Kiến thức chuyên ngành > Quản trị kho hàng và tồn kho _)  

2) Bước 2: Thông tin này được xác nhận ở cả phần kế hoạch đào tạo học kỳ 6, nơi ghi rõ học phần này là bắt buộc và có 3 tín chỉ.  
- Căn cứ: ""Số tín chỉ: 3"" (tên file: Logistics và quản lý chuỗi cung ứng > XII. KẾ HOẠCH ĐÀO TẠO > 1.6. HỌC KỲ 6 > Học phần bắt buộc học kỳ 6 > Quản trị kho hàng và tồn kho _)  

NGUỒN THAM KHẢO:  
- Header/Section: Logistics và quản lý chuỗi cung ứng > XI. NỘI DUNG CHƯƠNG TRÌNH ĐÀO TẠO > Kiến thức chuyên ngành > Quản trị kho hàng và tồn kho _  
- Header/Section: Logistics và quản lý chuỗi cung ứng > XII. KẾ HOẠCH ĐÀO TẠO > 1.6. HỌC KỲ 6 > Học phần bắt buộc học kỳ 6 > Quản trị kho hàng và tồn kho _",True,"[604, 703, 597, 605, 608, 560, 692, 651, 639, 652]",10,605,4,0.25,1,1,1.0,True,True
Chương trình đào tạo ngành Logistics xác định học phần Quản trị kho hàng và tồn kho có khối lượng bao nhiêu tín chỉ?,metadata,"Học phần Quản trị kho hàng và tồn kho có 3 tín chỉ.

GIẢI THÍCH CHI TIẾT:  
1) Bước 1: Học phần ""Quản trị kho hàng và tồn kho"" được xác định có số tín chỉ là 3.  
- Căn cứ: ""Mã học phần: 416038 - Số tín chỉ: 3"" (phần ""Quản trị kho hàng và tồn kho"" trong Nội dung chương trình đào tạo)  

2) Bước 2: Thông tin này được xác nhận trong mục ""Học phần bắt buộc học kỳ 6"" của học kỳ 6, nơi nêu rõ số tín chỉ của học phần này là 3.  
- Căn cứ: ""Học phần bắt buộc học kỳ 6 > Quản trị kho hàng và tồn kho _(Inventory & Warehousing Management)_ - Số tín chỉ: 3"" (phần ""HỌC KỲ 6"" trong Kế hoạch đào tạo)  

NGUỒN THAM KHẢO:  
- Header/Section: ""NỘI DUNG CHƯƠNG TRÌNH ĐÀO TẠO > Kiến thức chuyên ngành > Quản trị kho hàng và tồn kho""  
- Header/Section: ""XII. KẾ HOẠCH ĐÀO TẠO > 1.6. HỌC KỲ 6 > Học phần bắt buộc học kỳ 6""",True,"[604, 558, 703, 605, 597, 559, 620, 591, 560, 608]",10,605,4,0.25,1,1,1.0,True,True
"Trong kế hoạch đào tạo ngành Logistics, môn Quản trị kho hàng và tồn kho có tổng số tín chỉ là bao nhiêu?",metadata,"Môn Quản trị kho hàng và tồn kho có tổng số tín chỉ là 3.

GIẢI THÍCH CHI TIẾT:  
1) Bước 1: Xác định học phần ""Quản trị kho hàng và tồn kho"" trong chương trình đào tạo.  
- Căn cứ: ""Mã học phần: 416038 - Số tín chỉ: 3"" (phần ""Logistics và quản lý chuỗi cung ứng > XI. NỘI DUNG CHƯƠNG TRÌNH ĐÀO TẠO > Kiến thức chuyên ngành > Quản trị kho hàng và tồn kho"")  

2) Bước 2: Xác minh số tín chỉ của học phần này trong kế hoạch đào tạo.  
- Căn cứ: ""Số tín chỉ: 3"" (phần ""Logistics và quản lý chuỗi cung ứng > XII. KẾ HOẠCH ĐÀO TẠO > 1.6. HỌC KỲ 6 > Học phần bắt buộc học kỳ 6 > Quản trị kho hàng và tồn kho"")  

3) Bước 3: Kết luận rằng học phần này có đúng 3 tín chỉ, không có thông tin mâu thuẫn hoặc thay đổi.  
- Căn cứ: ""Số tín chỉ: 3"" (trùng lặp trong cả hai phần nội dung và kế hoạch học kỳ)  

NGUỒN THAM KHẢO:  
- Header/Section: Logistics và quản lý chuỗi cung ứng > XI. NỘI DUNG CHƯƠNG TRÌNH ĐÀO TẠO > Kiến thức chuyên ngành > Quản trị kho hàng và tồn kho  
- Header/Section: Logistics và quản lý chuỗi cung ứng > XII. KẾ HOẠCH ĐÀO TẠO > 1.6. HỌC KỲ 6 > Học phần bắt buộc học kỳ 6 > Quản trị kho hàng và tồn kho",True,"[604, 703, 692, 560, 686, 605, 598, 683, 597, 609]",10,605,6,0.16666666666666666,1,1,1.0,True,True
Học phần Quản trị kho hàng và tồn kho thuộc chương trình Logistics có bao nhiêu tín chỉ theo quy định?,metadata,"Học phần Quản trị kho hàng và tồn kho có 3 tín chỉ.

GIẢI THÍCH CHI TIẾT:  
1) Bước 1: Học phần ""Quản trị kho hàng và tồn kho"" được liệt kê trong phần ""NỘI DUNG CHƯƠNG TRÌNH ĐÀO TẠO"" với số tín chỉ rõ ràng.  
- Căn cứ: ""Số tín chỉ: 3"" (vị trí: Logistics và quản lý chuỗi cung ứng > XI. NỘI DUNG CHƯƠNG TRÌNH ĐÀO TẠO > Kiến thức chuyên ngành > Quản trị kho hàng và tồn kho)  

2) Bước 2: Thông tin này được xác nhận ở phần ""KẾ HOẠCH ĐÀO TẠO"" trong học kỳ 6, nơi ghi rõ học phần này là bắt buộc và có số tín chỉ 3.  
- Căn cứ: ""Số tín chỉ: 3"" (vị trí: Logistics và quản lý chuỗi cung ứng > XII. KẾ HOẠCH ĐÀO TẠO > 1.6. HỌC KỲ 6 > Học phần bắt buộc học kỳ 6 > Quản trị kho hàng và tồn kho)  

NGUỒN THAM KHẢO:  
- Header/Section: Logistics và quản lý chuỗi cung ứng > XI. NỘI DUNG CHƯƠNG TRÌNH ĐÀO TẠO > Kiến thức chuyên ngành > Quản trị kho hàng và tồn kho  
- Header/Section: Logistics và quản lý chuỗi cung ứng > XII. KẾ HOẠCH ĐÀO TẠO > 1.6. HỌC KỲ 6 > Học phần bắt buộc học kỳ 6 > Quản trị kho hàng và tồn kho",True,"[604, 703, 597, 605, 608, 560, 692, 639, 652, 651]",10,605,4,0.25,1,1,1.0,True,True
Học phần Thực tập tốt nghiệp thuộc học kỳ mấy và có bao nhiêu tín chỉ trong chương trình Logistics?,metadata,"Học phần Thực tập tốt nghiệp thuộc học kỳ 8 và có 3 tín chỉ.  

GIẢI THÍCH CHI TIẾT:  
1) Bước 1: Học phần Thực tập tốt nghiệp thuộc học kỳ 8 vì được liệt kê trong phần ""HỌC KỲ 8"" của KẾ HOẠCH ĐÀO TẠO.  
- Căn cứ: ""Logistics và quản lý chuỗi cung ứng > XII. KẾ HOẠCH ĐÀO TẠO > 1.8. HỌC KỲ 8 > Học phần bắt buộc kỳ 8 > Thực tập tốt nghiệp _(Final Internship)_""  

2) Bước 2: Học phần này có 3 tín chỉ vì trong thông tin học phần được ghi rõ ""Số tín chỉ: 3"".  
- Căn cứ: ""Số tín chỉ: 3"" (vị trí: Học phần Thực tập tốt nghiệp trong KẾ HOẠCH ĐÀO TẠO)  

NGUỒN THAM KHẢO:  
- Header/Section: Logistics và quản lý chuỗi cung ứng > XII. KẾ HOẠCH ĐÀO TẠO > 1.8. HỌC KỲ 8 > Học phần bắt buộc kỳ 8 > Thực tập tốt nghiệp _(Final Internship)_",True,"[614, 719, 722, 704, 721, 696, 701, 714, 693, 690]",10,720,0,0.0,0,0,0.0,True,False
"Trong chương trình đào tạo ngành Logistics, học phần Thực tập tốt nghiệp được bố trí ở học kỳ nào và có bao nhiêu tín chỉ?",metadata,"Học phần Thực tập tốt nghiệp được bố trí ở học kỳ 8 và có 3 tín chỉ.  

GIẢI THÍCH CHI TIẾT:  
1) Bước 1: Thực tập tốt nghiệp được bố trí ở học kỳ 8 vì trong phần ""XII. KẾ HOẠCH ĐÀO TẠO > 1.8. HỌC KỲ 8 > Học phần bắt buộc kỳ 8"", có ghi rõ ""Thực tập tốt nghiệp _(Final Internship)_"".  
- Căn cứ: ""Logistics và quản lý chuỗi cung ứng > XII. KẾ HOẠCH ĐÀO TẠO > 1.8. HỌC KỲ 8 > Học phần bắt buộc kỳ 8 > Thực tập tốt nghiệp _(Final Internship)_"" (header: XII. KẾ HOẠCH ĐÀO TẠO)  

2) Bước 2: Học phần này có 3 tín chỉ vì trong phần cùng trên, có ghi ""Số tín chỉ: 3"".  
- Căn cứ: ""Logistics và quản lý chuỗi cung ứng > XII. KẾ HOẠCH ĐÀO TẠO > 1.8. HỌC KỲ 8 > Học phần bắt buộc kỳ 8 > Thực tập tốt nghiệp _(Final Internship)_"" – ""Số tín chỉ: 3""  

NGUỒN THAM KHẢO:  
- Header/Section: XII. KẾ HOẠCH ĐÀO TẠO > 1.8. HỌC KỲ 8 > Học phần bắt buộc kỳ 8 > Thực tập tốt nghiệp _(Final Internship)_",True,"[614, 613, 630, 563, 719, 704, 722, 701, 721, 696]",10,720,0,0.0,0,0,0.0,True,False
"Theo kế hoạch đào tạo ngành Logistics, học phần Thực tập tốt nghiệp thuộc học kỳ mấy và có số tín chỉ là bao nhiêu?",metadata,"Học phần Thực tập tốt nghiệp thuộc học kỳ 8 và có số tín chỉ là 3.

GIẢI THÍCH CHI TIẾT:  
1) Bước 1: Học phần Thực tập tốt nghiệp thuộc học kỳ 8 vì trong CONTEXT có ghi rõ: ""Học kỳ 8 > Học phần bắt buộc kỳ 8 > Thực tập tốt nghiệp"".  
- Căn cứ: ""Logistics và quản lý chuỗi cung ứng > XII. KẾ HOẠCH ĐÀO TẠO > 1.8. HỌC KỲ 8 > Học phần bắt buộc kỳ 8 > Thực tập tốt nghiệp""  

2) Bước 2: Học phần này có số tín chỉ là 3 vì trong CONTEXT ghi rõ: ""Số tín chỉ: 3"".  
- Căn cứ: ""Logistics và quản lý chuỗi cung ứng > XII. KẾ HOẠCH ĐÀO TẠO > 1.8. HỌC KỲ 8 > Học phần bắt buộc kỳ 8 > Thực tập tốt nghiệp _(Final Internship)_ - Số tín chỉ: 3""  

NGUỒN THAM KHẢO:  
- Header/Section: ""Logistics và quản lý chuỗi cung ứng > XII. KẾ HOẠCH ĐÀO TẠO > 1.8. HỌC KỲ 8 > Học phần bắt buộc kỳ 8 > Thực tập tốt nghiệp""",True,"[719, 725, 726, 724, 704, 722, 721, 614, 696, 701]",10,720,0,0.0,0,0,0.0,True,False
Học phần Thực tập tốt nghiệp trong chương trình Logistics được sắp xếp vào học kỳ nào và có khối lượng bao nhiêu tín chỉ?,metadata,"Học phần Thực tập tốt nghiệp được sắp xếp vào học kỳ 8 và có 3 tín chỉ.  

GIẢI THÍCH CHI TIẾT:  
1) Bước 1: Học phần Thực tập tốt nghiệp được ghi nhận trong học kỳ 8.  
- Căn cứ: ""Logistics và quản lý chuỗi cung ứng > XII. KẾ HOẠCH ĐÀO TẠO > 1.8. HỌC KỲ 8 > Học phần bắt buộc kỳ 8 > Thực tập tốt nghiệp _(Final Internship)_""  

2) Bước 2: Học phần này có số tín chỉ là 3.  
- Căn cứ: ""Mã học phần: 419011 - Số tín chỉ: 3"" (vị trí: phần nội dung chương trình đào tạo)  

NGUỒN THAM KHẢO:  
- Header/Section: Logistics và quản lý chuỗi cung ứng > XII. KẾ HOẠCH ĐÀO TẠO > 1.8. HỌC KỲ 8 > Học phần bắt buộc kỳ 8 > Thực tập tốt nghiệp _(Final Internship)_  
- Header/Section: Logistics và quản lý chuỗi cung ứng > XI. NỘI DUNG CHƯƠNG TRÌNH ĐÀO TẠO > Kiến thức chuyên ngành > Thực tập tốt nghiệp _(Final Internship)_",True,"[614, 719, 630, 722, 704, 721, 698, 696, 701, 703]",10,720,0,0.0,0,0,0.0,True,False
Chương trình đào tạo ngành Logistics quy định học phần Thực tập tốt nghiệp được học ở học kỳ mấy và có tổng số tín chỉ là bao nhiêu?,metadata,"Thực tập tốt nghiệp được học ở học kỳ 8 và có tổng số tín chỉ là 3.

GIẢI THÍCH CHI TIẾT:  
1) Bước 1: Thực tập tốt nghiệp được quy định học ở học kỳ 8.  
- Căn cứ: ""Logistics và quản lý chuỗi cung ứng > XII. KẾ HOẠCH ĐÀO TẠO > 1.8. HỌC KỲ 8 > Học phần bắt buộc kỳ 8 > Thực tập tốt nghiệp _(Final Internship)_""  

2) Bước 2: Học phần này có số tín chỉ là 3.  
- Căn cứ: ""Mã học phần: 419011 - Số tín chỉ: 3"" (vị trí: Logistics và quản lý chuỗi cung ứng > XI. NỘI DUNG CHƯƠNG TRÌNH ĐÀO TẠO > Kiến thức chuyên ngành > Thực tập tốt nghiệp)  

NGUỒN THAM KHẢO:  
- Header/Section: Logistics và quản lý chuỗi cung ứng > XII. KẾ HOẠCH ĐÀO TẠO > 1.8. HỌC KỲ 8 > Học phần bắt buộc kỳ 8 > Thực tập tốt nghiệp  
- Header/Section: Logistics và quản lý chuỗi cung ứng > XI. NỘI DUNG CHƯƠNG TRÌNH ĐÀO TẠO > Kiến thức chuyên ngành > Thực tập tốt nghiệp",True,"[614, 613, 630, 719, 722, 704, 701, 721, 691, 698]",10,720,0,0.0,0,0,0.0,True,False
Học phần Thực tập tốt nghiệp của ngành Logistics được giảng dạy ở học kỳ nào và có bao nhiêu tín chỉ theo chương trình đào tạo?,metadata,"Học phần Thực tập tốt nghiệp được giảng dạy ở học kỳ 8 và có 3 tín chỉ.  

GIẢI THÍCH CHI TIẾT:  
1) Bước 1: Học kỳ của học phần Thực tập tốt nghiệp được xác định từ mục ""Học kỳ: 8"" trong phần ""Thực tập tốt nghiệp _(Final Internship)_"".  
- Căn cứ: ""Học kỳ: 8"" (Logistics và quản lý chuỗi cung ứng > XI. NỘI DUNG CHƯƠNG TRÌNH ĐÀO TẠO > Kiến thức chuyên ngành > Thực tập tốt nghiệp _(Final Internship)_ )  

2) Bước 2: Số tín chỉ của học phần được nêu rõ là ""Số tín chỉ: 3"" trong cùng mục trên.  
- Căn cứ: ""Số tín chỉ: 3"" (Logistics và quản lý chuỗi cung ứng > XI. NỘI DUNG CHƯƠNG TRÌNH ĐÀO TẠO > Kiến thức chuyên ngành > Thực tập tốt nghiệp _(Final Internship)_ )  

NGUỒN THAM KHẢO:  
- Header/Section: Logistics và quản lý chuỗi cung ứng > XI. NỘI DUNG CHƯƠNG TRÌNH ĐÀO TẠO > Kiến thức chuyên ngành > Thực tập tốt nghiệp _(Final Internship)_",True,"[614, 719, 613, 630, 722, 704, 721, 701, 696, 691]",10,720,0,0.0,0,0,0.0,True,False
Học phần Logistics vận tải biển có mấy tín chỉ?,metadata,"Học phần Logistics vận tải biển có 2 tín chỉ.

GIẢI THÍCH CHI TIẾT:  
1) Bước 1: Xác định học phần ""Logistics vận tải biển"" trong danh sách chương trình đào tạo.  
- Căn cứ: ""Logistics và quản lý chuỗi cung ứng > XI. NỘI DUNG CHƯƠNG TRÌNH ĐÀO TẠO > Nhóm chuyên ngành tự chọn chuyên sâu > Logistics vận tải biển _(Shipping Logistics)_"" (phần Nhóm chuyên ngành tự chọn chuyên sâu)  

2) Bước 2: Tìm số tín chỉ tương ứng với học phần này.  
- Căn cứ: ""Số tín chỉ: 2"" (trong thông tin về học phần Logistics vận tải biển)  

3) Bước 3: Kết luận rằng học phần này có đúng 2 tín chỉ, vì thông tin được nêu rõ trong phần nội dung chương trình đào tạo.  
- Căn cứ: ""Số tín chỉ: 2"" (cùng trong phần về Logistics vận tải biển)  

NGUỒN THAM KHẢO:  
- Header/Section: Nhóm chuyên ngành tự chọn chuyên sâu  
- Header/Section: Nội dung chương trình đào tạo  
- Header/Section: Số tín chỉ",True,"[627, 641, 638, 709, 634, 639, 633, 640, 637, 635]",10,628,0,0.0,0,0,0.0,True,False
Học phần Logistics vận tải biển được quy định bao nhiêu tín chỉ trong chương trình đào tạo?,metadata,"Học phần Logistics vận tải biển được quy định 2 tín chỉ.  

GIẢI THÍCH CHI TIẾT:  
1) Bước 1: Học phần Logistics vận tải biển có mã 416026 và được ghi rõ số tín chỉ là 2.  
- Căn cứ: ""Logistics và quản lý chuỗi cung ứng > XI. NỘI DUNG CHƯƠNG TRÌNH ĐÀO TẠO > Nhóm chuyên ngành tự chọn chuyên sâu > Logistics vận tải biển _(Shipping Logistics)_: - Mã học phần: 416026 - Số tín chỉ: 2"" (phần Nhóm chuyên ngành tự chọn chuyên sâu)  

2) Bước 2: Thông tin này được xác nhận lại ở phần kế hoạch đào tạo học kỳ 8, nơi học phần này vẫn có mã 416026 và số tín chỉ 2.  
- Căn cứ: ""Logistics và quản lý chuỗi cung ứng > XII. KẾ HOẠCH ĐÀO TẠO > 1.8. HỌC KỲ 8 > Học phần theo nhóm chuyên sâu > Nhóm chuyên sâu 1: Logistics chuyên sâu > Logistics vận tải biển _(Shipping Logistics)_: - Mã học phần: 416026 - Số tín chỉ: 2"" (phần KẾ HOẠCH ĐÀO TẠO > 1.8. HỌC KỲ 8)  

NGUỒN THAM KHẢO:  
- Nhóm chuyên ngành tự chọn chuyên sâu  
- KẾ HOẠCH ĐÀO TẠO > 1.8. HỌC KỲ 8",True,"[627, 603, 628, 645, 724, 590, 636, 635, 706, 651]",10,628,3,0.3333333333333333,1,1,1.0,True,
"Theo chương trình đào tạo, môn Logistics vận tải biển có số tín chỉ là bao nhiêu?",metadata,"Môn Logistics vận tải biển có số tín chỉ là 2.

GIẢI THÍCH CHI TIẾT:  
1) Bước 1: Xác định học phần ""Logistics vận tải biển"" trong chương trình đào tạo.  
- Căn cứ: ""Logistics và quản lý chuỗi cung ứng > XII. KẾ HOẠCH ĐÀO TẠO > 1.8. HỌC KỲ 8 > Học phần theo nhóm chuyên sâu > Nhóm chuyên sâu 1: Logistics chuyên sâu > Logistics vận tải biển _(Shipping Logistics)_"" (section: KẾ HOẠCH ĐÀO TẠO)  

2) Bước 2: Tìm số tín chỉ của học phần này trong phần kế hoạch đào tạo.  
- Căn cứ: ""Logistics và quản lý chuỗi cung ứng > XII. KẾ HOẠCH ĐÀO TẠO > 1.8. HỌC KỲ 8 > Học phần theo nhóm chuyên sâu > Nhóm chuyên sâu 1: Logistics chuyên sâu > Logistics vận tải biển _(Shipping Logistics)_"" – có ghi ""Số tín chỉ: 2"" (vị trí: KẾ HOẠCH ĐÀO TẠO)  

3) Bước 3: Xác nhận thông tin này cũng xuất hiện trong phần nội dung chương trình đào tạo để đảm bảo tính nhất quán.  
- Căn cứ: ""Logistics và quản lý chuỗi cung ứng > XI. NỘI DUNG CHƯƠNG TRÌNH ĐÀO TẠO > Nhóm chuyên ngành tự chọn chuyên sâu > Logistics vận tải biển _(Shipping Logistics)_"" – có ghi ""Số tín chỉ: 2"" (vị trí: NỘI DUNG CHƯƠNG TRÌNH ĐÀO TẠO)  

NGUỒN THAM KHẢO:  
- Header/Section: KẾ HOẠCH ĐÀO TẠO  
- Header/Section: NỘI DUNG CHƯƠNG TRÌNH ĐÀO TẠO",True,"[724, 627, 725, 628, 603, 630, 560, 632, 647, 634]",10,628,4,0.25,1,1,1.0,True,
Học phần Logistics vận tải biển trong chương trình Logistics có khối lượng bao nhiêu tín chỉ?,metadata,"Học phần Logistics vận tải biển có 2 tín chỉ.  

GIẢI THÍCH CHI TIẾT:  
1) Bước 1: Xác định học phần ""Logistics vận tải biển"" trong chương trình đào tạo.  
- Căn cứ: ""Logistics và quản lý chuỗi cung ứng > XI. NỘI DUNG CHƯƠNG TRÌNH ĐÀO TẠO > Nhóm chuyên ngành tự chọn chuyên sâu > Logistics vận tải biển _(Shipping Logistics)_"" (phần Nhóm chuyên ngành tự chọn chuyên sâu)  

2) Bước 2: Tìm số tín chỉ của học phần này trong CONTEXT.  
- Căn cứ: ""Logistics và quản lý chuỗi cung ứng > XI. NỘI DUNG CHƯƠNG TRÌNH ĐÀO TẠO > Nhóm chuyên ngành tự chọn chuyên sâu > Logistics vận tải biển _(Shipping Logistics)_"" – ""Số tín chỉ: 2""  

3) Bước 3: Kết luận rằng khối lượng tín chỉ là 2, vì thông tin được nêu rõ trong phần mô tả học phần.  
- Căn cứ: ""Số tín chỉ: 2"" (vị trí: phần mô tả học phần Logistics vận tải biển)  

NGUỒN THAM KHẢO:  
- Header/Section: Nhóm chuyên ngành tự chọn chuyên sâu > Logistics vận tải biển _(Shipping Logistics)_",True,"[627, 628, 638, 639, 634, 636, 635, 645, 650, 633]",10,628,2,0.5,1,1,1.0,True,
Chương trình đào tạo ngành Logistics xác định học phần Logistics vận tải biển có tổng số tín chỉ là bao nhiêu?,metadata,"Học phần Logistics vận tải biển có tổng số tín chỉ là 2.

GIẢI THÍCH CHI TIẾT:  
1) Bước 1: Xác định học phần ""Logistics vận tải biển"" trong chương trình đào tạo.  
- Căn cứ: ""Logistics và quản lý chuỗi cung ứng > XI. NỘI DUNG CHƯƠNG TRÌNH ĐÀO TẠO > Nhóm chuyên ngành tự chọn chuyên sâu > Logistics vận tải biển _(Shipping Logistics)_"" (phần Nhóm chuyên ngành tự chọn chuyên sâu)  

2) Bước 2: Tìm số tín chỉ của học phần này.  
- Căn cứ: ""Số tín chỉ: 2"" (trong thông tin học phần Logistics vận tải biển)  

3) Bước 3: Kết luận rằng tổng số tín chỉ là 2, vì thông tin được nêu rõ trong phần chi tiết học phần.  
- Căn cứ: ""Số tín chỉ: 2"" (cùng vị trí như trên)  

NGUỒN THAM KHẢO:  
- Header/Section: Nhóm chuyên ngành tự chọn chuyên sâu > Logistics vận tải biển _(Shipping Logistics)_",True,"[627, 628, 603, 594, 590, 597, 619, 634, 638, 636]",10,628,2,0.5,1,1,1.0,True,
Môn Logistics vận tải biển thuộc chương trình đào tạo ngành Logistics có bao nhiêu tín chỉ?,metadata,"Môn Logistics vận tải biển có 2 tín chỉ.

GIẢI THÍCH CHI TIẾT:  
1) Bước 1: Xác định học phần ""Logistics vận tải biển"" trong chương trình đào tạo.  
- Căn cứ: ""Logistics và quản lý chuỗi cung ứng > XI. NỘI DUNG CHƯƠNG TRÌNH ĐÀO TẠO > Nhóm chuyên ngành tự chọn chuyên sâu > Logistics vận tải biển _(Shipping Logistics)_"" (phần Nhóm chuyên ngành tự chọn chuyên sâu)  

2) Bước 2: Tìm số tín chỉ của học phần này.  
- Căn cứ: ""Số tín chỉ: 2"" (trong phần mô tả học phần Logistics vận tải biển)  

3) Bước 3: Đảm bảo không có thông tin mâu thuẫn hoặc học phần khác có cùng tên.  
- Căn cứ: Không có học phần khác tên ""Logistics vận tải biển"" trong CONTEXT.  

NGUỒN THAM KHẢO:  
- Header/Section: Logistics và quản lý chuỗi cung ứng > XI. NỘI DUNG CHƯƠNG TRÌNH ĐÀO TẠO > Nhóm chuyên ngành tự chọn chuyên sâu > Logistics vận tải biển _(Shipping Logistics)_",True,"[627, 602, 628, 603, 597, 590, 605, 630, 594, 724]",10,628,3,0.3333333333333333,1,1,1.0,True,
Học phần Luận văn tốt nghiệp trong nghành Logistics và quản lý chuỗi cung ứng có bao nhiêu tín chỉ?,metadata,"Học phần Luận văn tốt nghiệp có 6 tín chỉ.  

GIẢI THÍCH CHI TIẾT:  
1) Bước 1: Học phần Luận văn tốt nghiệp (Thesis) được liệt kê trong chương trình đào tạo với mã học phần 419012.  
- Căn cứ: ""Mã học phần: 419012"" (phần ""Luận văn tốt nghiệp _(Thesis)_"")  

2) Bước 2: Trong thông tin về học phần này, rõ ràng ghi số tín chỉ là 6.  
- Căn cứ: ""Số tín chỉ: 6"" (phần ""Luận văn tốt nghiệp _(Thesis)_"")  

3) Bước 3: Không có thông tin mâu thuẫn hoặc bổ sung nào khác về tín chỉ của học phần này trong toàn bộ CONTEXT.  
- Căn cứ: Không có thông tin mâu thuẫn (tất cả thông tin nhất quán).  

NGUỒN THAM KHẢO:  
- Header/Section: Logistics và quản lý chuỗi cung ứng > XI. NỘI DUNG CHƯƠNG TRÌNH ĐÀO TẠO > Nhóm chuyên ngành tự chọn tốt nghiệp > Luận văn tốt nghiệp _(Thesis)_  
- Header/Section: Logistics và quản lý chuỗi cung ứng > XII. KẾ HOẠCH ĐÀO TẠO > 1.8. HỌC KỲ 8 > Học phần tự chọn kỳ 8 > Tự chọn 1 > Luận văn tốt nghiệp _(Thesis)_",True,"[630, 631, 563, 721, 564, 722, 614, 719, 641, 634]",10,631,2,0.5,1,1,1.0,True,
"Theo chương trình đào tạo ngành Logistics và Quản lý chuỗi cung ứng, học phần Luận văn tốt nghiệp có số tín chỉ là bao nhiêu?",metadata,"Học phần Luận văn tốt nghiệp có số tín chỉ là 6.

GIẢI THÍCH CHI TIẾT:  
1) Bước 1: Xác định học phần Luận văn tốt nghiệp trong chương trình đào tạo.  
- Căn cứ: ""Logistics và quản lý chuỗi cung ứng > XI. NỘI DUNG CHƯƠNG TRÌNH ĐÀO TẠO > Nhóm chuyên ngành tự chọn tốt nghiệp > Luận văn tốt nghiệp _(Thesis)_"" (section ""Nhóm chuyên ngành tự chọn tốt nghiệp > Luận văn tốt nghiệp"")  

2) Bước 2: Tìm số tín chỉ của học phần Luận văn tốt nghiệp.  
- Căn cứ: ""Mã học phần: 419012 - Số tín chỉ: 6"" (trong phần chi tiết học phần Luận văn tốt nghiệp)  

NGUỒN THAM KHẢO:  
- Header/Section: Nhóm chuyên ngành tự chọn tốt nghiệp > Luận văn tốt nghiệp",True,"[631, 563, 605, 630, 651, 653, 614, 652, 654, 636]",10,631,1,1.0,1,1,1.0,True,
Học phần Luận văn tốt nghiệp trong chương trình đào tạo ngành Logistics và Quản lý chuỗi cung ứng được quy định bao nhiêu tín chỉ?,metadata,"Học phần Luận văn tốt nghiệp được quy định 6 tín chỉ.  

GIẢI THÍCH CHI TIẾT:  
1) Bước 1: Xác định học phần Luận văn tốt nghiệp trong chương trình.  
- Căn cứ: ""Luận văn tốt nghiệp _(Thesis)_: - Mã học phần: 419012 - Số tín chỉ: 6"" (phần ""Logistics và quản lý chuỗi cung ứng > XI. NỘI DUNG CHƯƠNG TRÌNH ĐÀO TẠO > Nhóm chuyên ngành tự chọn tốt nghiệp > Luận văn tốt nghiệp"")  

2) Bước 2: Xác nhận số tín chỉ của học phần này.  
- Căn cứ: ""Số tín chỉ: 6"" (cùng phần trên)  

3) Bước 3: Đảm bảo không có thông tin mâu thuẫn hoặc thay đổi trong các học phần khác.  
- Căn cứ: Không có học phần khác có mã 419012 hoặc tương đương với tín chỉ khác (không có thông tin mâu thuẫn trong CONTEXT).  

NGUỒN THAM KHẢO:  
- Header/Section: Logistics và quản lý chuỗi cung ứng > XI. NỘI DUNG CHƯƠNG TRÌNH ĐÀO TẠO > Nhóm chuyên ngành tự chọn tốt nghiệp > Luận văn tốt nghiệp _(Thesis)_",True,"[630, 631, 563, 605, 614, 721, 564, 653, 652, 650]",10,631,2,0.5,1,1,1.0,True,
Chương trình đào tạo ngành Logistics và Quản lý chuỗi cung ứng xác định học phần Luận văn tốt nghiệp có khối lượng bao nhiêu tín chỉ?,metadata,"Học phần Luận văn tốt nghiệp có khối lượng 6 tín chỉ.  

GIẢI THÍCH CHI TIẾT:  
1) Bước 1: Xác định học phần Luận văn tốt nghiệp trong chương trình.  
- Căn cứ: ""Logistics và quản lý chuỗi cung ứng > XI. NỘI DUNG CHƯƠNG TRÌNH ĐÀO TẠO > Nhóm chuyên ngành tự chọn tốt nghiệp > Luận văn tốt nghiệp _(Thesis)_"" (section ""Nhóm chuyên ngành tự chọn tốt nghiệp > Luận văn tốt nghiệp"")  

2) Bước 2: Tìm khối lượng tín chỉ của học phần Luận văn tốt nghiệp.  
- Căn cứ: ""Số tín chỉ: 6"" (trong phần mô tả học phần Luận văn tốt nghiệp)  

3) Bước 3: Xác nhận đây là khối lượng tín chỉ được xác định rõ trong chương trình.  
- Căn cứ: ""Số tín chỉ: 6"" (cùng phần mô tả học phần Luận văn tốt nghiệp)  

NGUỒN THAM KHẢO:  
- Header/Section: Nhóm chuyên ngành tự chọn tốt nghiệp > Luận văn tốt nghiệp  
- Header/Section: Nội dung chương trình đào tạo > Luận văn tốt nghiệp",True,"[563, 605, 631, 630, 651, 652, 559, 634, 636, 638]",10,631,3,0.3333333333333333,1,1,1.0,True,
"Trong kế hoạch đào tạo ngành Logistics và Quản lý chuỗi cung ứng, học phần Luận văn tốt nghiệp có tổng số tín chỉ là bao nhiêu?",metadata,"Học phần Luận văn tốt nghiệp có tổng số tín chỉ là 6 tín chỉ.

GIẢI THÍCH CHI TIẾT:  
1) Bước 1: Xác định học phần Luận văn tốt nghiệp trong chương trình đào tạo.  
- Căn cứ: ""Luận văn tốt nghiệp _(Thesis)_, - Mã học phần: 419012 - Số tín chỉ: 6"" (phần ""Logistics và quản lý chuỗi cung ứng > XII. KẾ HOẠCH ĐÀO TẠO > 1.8. HỌC KỲ 8 > Học phần tự chọn kỳ 8 > Tự chọn 1 > Luận văn tốt nghiệp"")  

2) Bước 2: Xác nhận số tín chỉ của học phần này trong nội dung được cung cấp.  
- Căn cứ: ""Số tín chỉ: 6"" (phần ""Logistics và quản lý chuỗi cung ứng > XII. KẾ HOẠCH ĐÀO TẠO > 1.8. HỌC KỲ 8 > Học phần tự chọn kỳ 8 > Tự chọn 1 > Luận văn tốt nghiệp"")  

3) Bước 3: Đảm bảo không có thông tin mâu thuẫn hoặc học phần khác có cùng tên.  
- Căn cứ: ""Luận văn tốt nghiệp _(Thesis)_, - Mã học phần: 419012 - Số tín chỉ: 6"" (phần ""Logistics và quản lý chuỗi cung ứng > XI. NỘI DUNG CHƯƠNG TRÌNH ĐÀO TẠO > Nhóm chuyên ngành tự chọn tốt nghiệp > Luận văn tốt nghiệp"")  

NGUỒN THAM KHẢO:  
- Header/Section: ""Logistics và quản lý chuỗi cung ứng > XII. KẾ HOẠCH ĐÀO TẠO > 1.8. HỌC KỲ 8 > Học phần tự chọn kỳ 8 > Tự chọn 1 > Luận văn tốt nghiệp""  
- Header/Section: ""Logistics và quản lý chuỗi cung ứng > XI. NỘI DUNG CHƯƠNG TRÌNH ĐÀO TẠO > Nhóm chuyên ngành tự chọn tốt nghiệp > Luận văn tốt nghiệp""",True,"[721, 722, 631, 605, 716, 709, 719, 630, 564, 683]",10,631,3,0.3333333333333333,1,1,1.0,True,
"Thời gian tổ chức hoạt động giảng dạy trong tuần là từ ngày nào đến ngày nào, khung giờ nào?",metadata,"Thời gian tổ chức hoạt động giảng dạy trong tuần是从 thứ Hai đến thứ Bảy, từ 06 giờ đến 20 giờ mỗi ngày.  

GIẢI THÍCH CHI TIẾT:  
1) Bước 1: Xác định thời gian hoạt động giảng dạy trong tuần.  
- Căn cứ: ""Thời gian tổ chức hoạt động giảng dạy trong khoảng từ 06 giờ đến 20 giờ các ngày trong tuần từ thứ 2 đến thứ 7 (trừ ngày lễ, tết theo quy định hiện hành)"" (Qui_dinh > Chương I. NHỮNG QUY ĐỊNH CHUNG > Điều 3).  

2) Bước 2: Xác định ngày trong tuần được bao gồm.  
- Căn cứ: ""các ngày trong tuần từ thứ 2 đến thứ 7"" (Qui_dinh > Chương I. NHỮNG QUY ĐỊNH CHUNG > Điều 3).  

3) Bước 3: Kết luận thời gian cụ thể (từ ngày nào đến ngày nào, khung giờ nào).  
- Căn cứ: Kết hợp thông tin về ngày (thứ 2 đến thứ 7) và khung giờ (06 giờ đến 20 giờ) từ điều kiện đã nêu.  

NGUỒN THAM KHẢO:  
- Qui_dinh > Chương I. NHỮNG QUY ĐỊNH CHUNG > Điều 3",True,"[461, 469, 467, 458, 468, 466, 470, 456, 491, 717]",10,461,1,1.0,1,1,1.0,True,True
Hoạt động giảng dạy trong tuần được tổ chức từ ngày nào đến ngày nào và trong khung giờ nào?,metadata,"Hoạt động giảng dạy được tổ chức từ thứ Hai đến thứ Bảy, từ 06 giờ đến 20 giờ mỗi ngày.  
Không có giới hạn cụ thể về ngày bắt đầu và kết thúc trong tuần, chỉ quy định thời gian hoạt động trong tuần.  

GIẢI THÍCH CHI TIẾT:  
1) Bước 1: Thời gian tổ chức hoạt động giảng dạy được quy định là từ 06 giờ đến 20 giờ các ngày trong tuần từ thứ Hai đến thứ Bảy.  
- Căn cứ: ""Thời gian tổ chức hoạt động giảng dạy trong khoảng từ 06 giờ đến 20 giờ các ngày trong tuần từ thứ 2 đến thứ 7 (trừ ngày lễ, tết theo quy định hiện hành)"" (Chương I. NHỮNG QUY ĐỊNH CHUNG > Điều 3).  

2) Bước 2: Không có thông tin cụ thể về ngày bắt đầu hoặc kết thúc của tuần trong quy định, chỉ nói rõ các ngày và giờ hoạt động.  
- Căn cứ: Không có đoạn văn nào nêu ngày bắt đầu hoặc kết thúc tuần, chỉ có thời gian hoạt động trong tuần từ thứ Hai đến thứ Bảy.  

NGUỒN THAM KHẢO:  
- Chương I. NHỮNG QUY ĐỊNH CHUNG > Điều 3",True,"[461, 469, 467, 465, 468, 466, 470, 474, 472, 458]",10,461,1,1.0,1,1,1.0,True,True
"Theo quy định của nhà trường, thời gian tổ chức giảng dạy trong tuần diễn ra từ ngày nào đến ngày nào và vào khung giờ nào?",metadata,"Tôi không tìm thấy thông tin đủ để trả lời câu hỏi này.

GIẢI THÍCH CHI TIẾT:  
1) Bước 1: Context không cung cấp thông tin về thời gian bắt đầu, kết thúc hoặc khung giờ tổ chức giảng dạy trong tuần.  
- Căn cứ: ""Thời khóa biểu thể hiện thời gian và địa điểm học của các lớp học phần và được phân bổ đều theo số tiết của các học phần theo trình tự thời gian các tuần của học kỳ."" (Điều 7, Chương II)  

2) Bước 2: Mặc dù có đề cập đến việc phân bổ thời gian theo tuần, nhưng không có chi tiết cụ thể về ngày bắt đầu, ngày kết thúc hoặc khung giờ học (ví dụ: từ 7h đến 9h, hoặc từ thứ Hai đến thứ Sáu).  
- Căn cứ: ""thời gian và địa điểm học của các lớp học phần và được phân bổ đều theo số tiết của các học phần theo trình tự thời gian các tuần của học kỳ."" (Điều 7, Chương II)  

3) Bước 3: Không có quy định nào nêu rõ thời gian tổ chức giảng dạy cụ thể trong tuần (ví dụ: từ ngày nào đến ngày nào, hoặc vào khung giờ nào).  
- Căn cứ: Không có đoạn văn nào trong CONTEXT đề cập đến ngày bắt đầu, ngày kết thúc hoặc khung giờ học cụ thể.  

NGUỒN THAM KHẢO:  
- Điều 7, Chương II  
- Điều 9, Chương II  
- Điều 4, Chương I  
- Điều 18, Thi và Tổ chức thi kết thúc học phần",False,"[467, 470, 462, 458, 492, 468, 463, 491, 472, 723]",10,462,3,0.3333333333333333,1,1,1.0,True,
"Thời gian giảng dạy trong tuần được bố trí từ ngày nào đến ngày nào, trong khoảng thời gian nào?",metadata,"Tôi không tìm thấy thông tin đủ để trả lời câu hỏi này.

GIẢI THÍCH CHI TIẾT:  
1) Bước 1: Context không cung cấp thông tin về thời gian bắt đầu hoặc kết thúc của tuần giảng dạy, cũng như khoảng thời gian cụ thể từ ngày nào đến ngày nào.  
- Căn cứ: ""Thời khóa biểu thể hiện thời gian và địa điểm học của các lớp học phần và được phân bổ đều theo số tiết của các học phần theo trình tự thời gian các tuần của học kỳ."" (Điều 7, Chương II)  
2) Bước 2: Không có đoạn nào nêu rõ thời gian bắt đầu hoặc kết thúc của một tuần học, ví dụ như từ thứ Hai đến thứ Sáu, hoặc từ ngày 1 đến ngày 15.  
- Căn cứ: ""Trong trường hợp do thực tế đòi hỏi phải xếp lịch học tập trung trong một thời gian ngắn thì số giờ học đối với một lớp học phần không vượt quá 15 tiết/tuần và 04 tiết/ngày."" (Điều 7, Chương II)  
3) Bước 3: Không có thông tin nào đề cập đến lịch học cụ thể theo ngày, tuần, hoặc học kỳ. Các quy định chỉ nói về số tiết/tuần hoặc số tiết/ngày, không xác định ngày bắt đầu hoặc kết thúc.  

NGUỒN THAM KHẢO:  
- Điều 7, Chương II  
- Điều 7, Chương II  
- Điều 7, Chương II",False,"[467, 468, 470, 466, 462, 473, 472, 463, 163, 167]",10,462,5,0.2,1,1,1.0,True,
Nhà trường quy định hoạt động giảng dạy trong tuần diễn ra vào những ngày nào và trong khung giờ nào?,metadata,"Hoạt động giảng dạy diễn ra từ thứ Hai đến thứ Bảy mỗi tuần. Thời gian tổ chức là từ 06 giờ đến 20 giờ mỗi ngày.  

GIẢI THÍCH CHI TIẾT:  
1) Bước 1: Nhà trường quy định thời gian tổ chức hoạt động giảng dạy trong khoảng từ 06 giờ đến 20 giờ các ngày trong tuần từ thứ Hai đến thứ Bảy.  
- Căn cứ: ""Thời gian tổ chức hoạt động giảng dạy trong khoảng từ 06 giờ đến 20 giờ các ngày trong tuần từ thứ 2 đến thứ 7 (trừ ngày lễ, tết theo quy định hiện hành)"" (Qui_dinh > Chương I. NHỮNG QUY ĐỊNH CHUNG > Điều 3).  

2) Bước 2: Thời gian này áp dụng cho các ngày từ thứ Hai đến thứ Bảy, không bao gồm ngày lễ, Tết theo quy định hiện hành.  
- Căn cứ: ""các ngày trong tuần từ thứ 2 đến thứ 7 (trừ ngày lễ, tết theo quy định hiện hành)"" (Qui_dinh > Chương I. NHỮNG QUY ĐỊNH CHUNG > Điều 3).  

NGUỒN THAM KHẢO:  
- Header/Section: Qui_dinh > Chương I. NHỮNG QUY ĐỊNH CHUNG > Điều 3",True,"[461, 462, 469, 458, 470, 474, 463, 465, 456, 467]",10,462,2,0.5,1,1,1.0,True,
Lịch tổ chức hoạt động giảng dạy trong tuần được xác định từ ngày nào đến ngày nào và theo khung giờ nào?,metadata,"Tôi không tìm thấy thông tin đủ để trả lời câu hỏi này.

GIẢI THÍCH CHI TIẾT:  
1) Bước 1: CONTEXT không cung cấp bất kỳ thông tin nào về thời gian bắt đầu, kết thúc hoặc khung giờ của lịch tổ chức hoạt động giảng dạy trong tuần.  
- Căn cứ: ""Lịch tổ chức hoạt động giảng dạy trong tuần được xác định từ ngày nào đến ngày nào và theo khung giờ nào?"" (không có đoạn văn nào trong CONTEXT trả lời điều này).  

2) Bước 2: Các điều khoản liên quan đến lịch học, thời khóa biểu hoặc tổ chức giảng dạy chỉ đề cập đến việc Phòng Đào tạo bố trí thời khóa biểu cho sinh viên không tự đăng ký học phần, hoặc tổ chức thi kết thúc học phần theo tiến độ học tập, nhưng không nêu rõ thời gian cụ thể trong tuần.  
- Căn cứ: ""Các trường hợp Phòng Đào tạo phối hợp với các Khoa/Viện/Bộ môn lập thời khóa biểu và bố trí cho sinh viên học (sinh viên không tự đăng ký học phần)"" (Qui_dinh > Điều 7).  

3) Bước 3: Không có thông tin nào trong CONTEXT nói về khung giờ giảng dạy, thời gian bắt đầu hoặc kết thúc của tuần học.  
- Căn cứ: ""Trường tổ chức các đợt thi kết thúc học phần trong mỗi học kỳ của năm học theo tiến độ học tập năm học"" (Qui_dinh > Điều 18), nhưng không liên quan đến lịch giảng dạy trong tuần.  

NGUỒN THAM KHẢO:  
- Điều 7 (Qui_dinh > Chương II > Điều 7)  
- Điều 18 (Qui_dinh > Thi và Tổ chức thi kết thúc học phần)  
- Điều 9 (Qui_dinh > Chương II > Điều 9)",False,"[470, 472, 468, 458, 462, 463, 491, 493, 492, 714]",10,462,5,0.2,1,1,1.0,True,
Khối lượng tín chỉ tối thiểu của một chương trình đào tạo bậc đại học là bao nhiêu?,metadata,"Khối lượng tín chỉ tối thiểu của một chương trình đào tạo bậc đại học là 120 tín chỉ.

GIẢI THÍCH CHI TIẾT:  
1) Bước 1: Chương trình đào tạo bậc đại học phải tích lũy tối thiểu 120 tín chỉ đối với người có bằng tốt nghiệp trung học phổ thông hoặc tương đương.  
- Căn cứ: ""Chương trình đào tạo có khối lượng tín chỉ cần phải tích lũy tối thiểu 120 tín chỉ đối với người có bằng tốt nghiệp trung học phổ thông hoặc tương đương và phải được quy định cụ thể trong mỗi chương trình đào tạo."" (Điều 2, Chương I)  

2) Bước 2: Trong phần ""Chuẩn đầu ra chương trình đào tạo"", khối lượng kiến thức toàn khóa của chương trình Công nghệ thông tin được xác định là 120 tín chỉ, phù hợp với quy định chung.  
- Căn cứ: ""Tổng số tín chỉ: 120 tín chỉ"" (Logistics và quản lý chuỗi cung ứng > III. CHUẨN ĐẦU RA CHƯƠNG TRÌNH ĐÀO TẠO > 1.2. Khối lượng kiến thức toàn khóa > Tổng số tín chỉ)  

NGUỒN THAM KHẢO:  
- Điều 2, Chương I  
- Logistics và quản lý chuỗi cung ứng > III. CHUẨN ĐẦU RA CHƯƠNG TRÌNH ĐÀO TẠO > 1.2. Khối lượng kiến thức toàn khóa > Tổng số tín chỉ",True,"[457, 557, 560, 326, 340, 328, 341, 344, 349, 338]",10,457,1,1.0,1,1,1.0,True,
"Theo quy định chung, một chương trình đào tạo bậc đại học phải có tối thiểu bao nhiêu tín chỉ?",metadata,"Một chương trình đào tạo bậc đại học phải có tối thiểu 120 tín chỉ.

GIẢI THÍCH CHI TIẾT:  
1) Bước 1: Theo quy định, khối lượng tín chỉ cần phải tích lũy của chương trình đào tạo phải tối thiểu là 120 tín chỉ đối với người có bằng tốt nghiệp trung học phổ thông hoặc tương đương.  
- Căn cứ: ""Khối lượng tín chỉ cần phải tích lũy của chương trình đào tạo là 120 tín chỉ đối với người có bằng tốt nghiệp trung học phổ thông hoặc tương đương"" (Điều 2, Khoản 3, Chương I).  

2) Bước 2: Điều này được nêu rõ trong phần quy định chung về chương trình đào tạo bậc đại học, bao gồm các yêu cầu về khối lượng tín chỉ cần tích lũy.  
- Căn cứ: ""Chương trình đào tạo có khối lượng tín chỉ cần phải tích lũy tối thiểu 120 tín chỉ đối với người có bằng tốt nghiệp trung học phổ thông hoặc tương đương"" (Điều 2, Khoản 3, Chương I).  

NGUỒN THAM KHẢO:  
- Header/Section: Điều 2, Khoản 3, Chương I.",True,"[455, 460, 454, 459, 457, 458, 333, 344, 326, 577]",10,457,5,0.2,1,1,1.0,True,
Khối lượng tín chỉ tối thiểu được yêu cầu đối với một chương trình đào tạo trình độ đại học là bao nhiêu?,metadata,"Khối lượng tín chỉ tối thiểu được yêu cầu là 120 tín chỉ.

GIẢI THÍCH CHI TIẾT:  
1) Bước 1: Chương trình đào tạo đại học yêu cầu sinh viên tích lũy tối thiểu 120 tín chỉ đối với người có bằng tốt nghiệp trung học phổ thông hoặc tương đương.  
- Căn cứ: ""Chương trình đào tạo có khối lượng tín chỉ cần phải tích lũy tối thiểu 120 tín chỉ đối với người có bằng tốt nghiệp trung học phổ thông hoặc tương đương"" (Điều 2, Chương I).  

2) Bước 2: Điều này được xác nhận trong phần ""Khối lượng kiến thức toàn khóa"" của chương trình, nơi nêu rõ tổng số tín chỉ là 120.  
- Căn cứ: ""Tổng số tín chỉ: 120 tín chỉ"" (Logistics và quản lý chuỗi cung ứng, III. CHUẨN ĐẦU RA CHƯƠNG TRÌNH ĐÀO TẠO > 1.2. Khối lượng kiến thức toàn khóa).  

3) Bước 3: Không có thông tin nào trong CONTEXT cho thấy mức tín chỉ thấp hơn hoặc khác biệt theo hình thức đào tạo, nên 120 tín chỉ là mức tối thiểu được quy định chung.  

NGUỒN THAM KHẢO:  
- Điều 2, Chương I: ""Chương trình đào tạo có khối lượng tín chỉ cần phải tích lũy tối thiểu 120 tín chỉ đối với người có bằng tốt nghiệp trung học phổ thông hoặc tương đương""  
- Logistics và quản lý chuỗi cung ứng > III. CHUẨN ĐẦU RA CHƯƠNG TRÌNH ĐÀO TẠO > 1.2. Khối lượng kiến thức toàn khóa > ""Tổng số tín chỉ: 120 tín chỉ""",True,"[457, 459, 560, 458, 455, 349, 471, 7, 344, 338]",10,457,1,1.0,1,1,1.0,True,
Một chương trình đào tạo bậc đại học cần đảm bảo số tín chỉ tối thiểu là bao nhiêu theo quy định?,metadata,"Tôi không tìm thấy thông tin đủ để trả lời câu hỏi này.

GIẢI THÍCH CHI TIẾT:  
1) Bước 1: Context chỉ nêu rõ các học phần, tín chỉ tự chọn, học phần bắt buộc và luận văn tốt nghiệp, nhưng không nêu rõ số tín chỉ tối thiểu phải tích lũy để đạt chuẩn chương trình đào tạo.  
- Căn cứ: ""Các học phần cần phải tích lũy được tính vào khối lượng tín chỉ cần phải tích lũy của chương trình đào tạo và được sử dụng để đánh giá kết quả học tập."" (Điều 2a)  
2) Bước 2: Mặc dù có đề cập đến tín chỉ tự chọn (12 hoặc 6 tín chỉ), nhưng không có thông tin cụ thể về tổng số tín chỉ tối thiểu bắt buộc trong chương trình đào tạo.  
- Căn cứ: ""Sinh viên học 12 tín chỉ tự chọn nếu không làm luận văn tốt nghiệp (126001) hoặc học thêm 6 tín chỉ tự chọn nếu làm luận văn tốt nghiệp (126001)"" (Công nghệ thông tin > III. CHƯƠNG TRÌNH CHI TIẾT)  
3) Bước 3: Không có đoạn nào trong CONTEXT quy định tổng số tín chỉ tối thiểu cần đạt để hoàn thành chương trình đào tạo.  
- Căn cứ: Không có đoạn văn nào nêu rõ ""số tín chỉ tối thiểu"" cần đạt trong chương trình đào tạo.  

NGUỒN THAM KHẢO:  
- Điều 2a  
- Công nghệ thông tin > III. CHƯƠNG TRÌNH CHI TIẾT  
- Không có đoạn văn nêu rõ tổng số tín chỉ tối thiểu",False,"[455, 454, 462, 350, 344, 331, 332, 349, 328, 576]",10,457,0,0.0,0,0,0.0,True,False
Quy định về đào tạo đại học yêu cầu chương trình phải có tối thiểu bao nhiêu tín chỉ?,metadata,"Chương trình đào tạo phải có ít nhất 120 tín chỉ.

GIẢI THÍCH CHI TIẾT:  
1) Bước 1: Quy định yêu cầu chương trình đào tạo có khối lượng tín chỉ cần phải tích lũy tối thiểu 120 tín chỉ đối với người có bằng tốt nghiệp trung học phổ thông hoặc tương đương.  
- Căn cứ: ""Chương trình đào tạo có khối lượng tín chỉ cần phải tích lũy tối thiểu 120 tín chỉ đối với người có bằng tốt nghiệp trung học phổ thông hoặc tương đương và phải được quy định cụ thể trong mỗi chương trình đào tạo."" (Điều 2, Khoản 3)  

2) Bước 2: Điều này được nêu rõ trong phần ""Điều 2. Chương trình đào tạo và thời gian học tập"" của Chương I, khẳng định mức tối thiểu này là bắt buộc đối với chương trình đào tạo chính quy.  
- Căn cứ: ""Chương trình đào tạo có khối lượng tín chỉ cần phải tích lũy tối thiểu 120 tín chỉ..."" (Điều 2, Khoản 3)  

NGUỒN THAM KHẢO:  
- Header/Section: Điều 2, Khoản 3 – Chương I. NHỮNG QUY ĐỊNH CHUNG",True,"[454, 455, 457, 460, 459, 458, 463, 462, 456, 471]",10,457,3,0.3333333333333333,1,1,1.0,True,
"Theo quy định hiện hành, khối lượng tín chỉ tối thiểu của một chương trình đào tạo trình độ đại học là bao nhiêu?",metadata,"Khối lượng tín chỉ tối thiểu của một chương trình đào tạo trình độ đại học là 120 tín chỉ.

GIẢI THÍCH CHI TIẾT:  
1) Bước 1: Theo quy định, chương trình đào tạo có khối lượng tín chỉ cần phải tích lũy tối thiểu 120 tín chỉ đối với người có bằng tốt nghiệp trung học phổ thông hoặc tương đương.  
- Căn cứ: ""Chương trình đào tạo có khối lượng tín chỉ cần phải tích lũy tối thiểu 120 tín chỉ đối với người có bằng tốt nghiệp trung học phổ thông hoặc tương đương và phải được quy định cụ thể trong mỗi chương trình đào tạo."" (Qui_dinh > Điều 2 > 3)  

2) Bước 2: Trong chương trình Logistics và quản lý chuỗi cung ứng, tổng số tín chỉ được quy định là 120 tín chỉ, phù hợp với yêu cầu tối thiểu.  
- Căn cứ: ""Tổng số tín chỉ: 120 tín chỉ"" (Logistics và quản lý chuỗi cung ứng > III. CHUẨN ĐẦU RA CHƯƠNG TRÌNH ĐÀO TẠO > 1.2. Khối lượng kiến thức toàn khóa)  

NGUỒN THAM KHẢO:  
- Qui_dinh > Điều 2 > 3  
- Logistics và quản lý chuỗi cung ứng > III. CHUẨN ĐẦU RA CHƯƠNG TRÌNH ĐÀO TẠO > 1.2. Khối lượng kiến thức toàn khóa",True,"[459, 457, 462, 455, 458, 338, 557, 559, 560, 341]",10,457,2,0.5,1,1,1.0,True,
Thời gian tối đa để hoàn thành chương trình (tính theo lần của kế hoạch học tập chuẩn) là bao lâu?,metadata,"Thời gian tối đa để hoàn thành chương trình là 08 năm.  

GIẢI THÍCH CHI TIẾT:  
1) Bước 1: Theo Điều 2, thời gian tối đa để hoàn thành việc tích lũy khối lượng tín chỉ không vượt quá 02 lần thời gian theo kế hoạch học tập chuẩn toàn khóa.  
- Căn cứ: ""Thời gian tối đa để hoàn thành việc tích lũy khối lượng tín chỉ cần phải tích lũy của chương trình đào tạo không vượt quá 02 lần thời gian theo kế hoạch học tập chuẩn toàn khóa đối với mỗi hình thức đào tạo."" (Điều 2, Chương I)  

2) Bước 2: Thời gian hoàn thành khóa học của kế hoạch học tập chuẩn trong chương trình đào tạo là 04 năm.  
- Căn cứ: ""Thời gian hoàn thành khóa học của kế hoạch học tập chuẩn trong chương trình đào tạo là 04 năm;"" (Điều 2, Chương I)  

3) Bước 3: Do thời gian tối đa là 02 lần thời gian chuẩn, nên 02 × 4 năm = 8 năm.  
- Căn cứ: ""Thời gian tối đa để hoàn thành việc tích lũy khối lượng tín chỉ cần phải tích lũy của chương trình đào tạo không vượt quá 02 lần thời gian theo kế hoạch học tập chuẩn toàn khóa đối với mỗi hình thức đào tạo."" (Điều 2, Chương I)  

NGUỒN THAM KHẢO:  
- Điều 2, Chương I  
- Điều 2, Chương I  
- Điều 2, Chương I",True,"[459, 458, 467, 455, 424, 430, 403, 170, 133, 110]",10,459,1,1.0,1,1,1.0,True,
"Thời hạn tối đa cho phép để hoàn thành chương trình đào tạo, tính theo số lần của kế hoạch học tập chuẩn, là bao lâu?",metadata,"Thời hạn tối đa là 08 năm.  

GIẢI THÍCH CHI TIẾT:  
1) Bước 1: Theo Điều 2, thời gian tối đa để hoàn thành việc tích lũy khối lượng tín chỉ không vượt quá 02 lần thời gian theo kế hoạch học tập chuẩn toàn khóa.  
- Căn cứ: ""Thời gian tối đa để hoàn thành việc tích lũy khối lượng tín chỉ cần phải tích lũy của chương trình đào tạo không vượt quá 02 lần thời gian theo kế hoạch học tập chuẩn toàn khóa đối với mỗi hình thức đào tạo."" (Điều 2, Chương I)  

2) Bước 2: Kế hoạch học tập chuẩn trong chương trình đào tạo có thời gian hoàn thành là 04 năm.  
- Căn cứ: ""Thời gian hoàn thành khóa học của kế hoạch học tập chuẩn trong chương trình đào tạo là 04 năm"" (Điều 2, Chương I)  

3) Bước 3: Nhân 04 năm (thời gian chuẩn) với 2 lần → 04 × 2 = 08 năm, là thời hạn tối đa cho phép.  
- Căn cứ: ""Thời gian tối đa để hoàn thành việc tích lũy khối lượng tín chỉ cần phải tích lũy của chương trình đào tạo không vượt quá 02 lần thời gian theo kế hoạch học tập chuẩn toàn khóa"" (Điều 2, Chương I)  

NGUỒN THAM KHẢO:  
- Điều 2, Chương I  
- Thời gian hoàn thành khóa học của kế hoạch học tập chuẩn trong chương trình đào tạo là 04 năm",True,"[459, 458, 455, 467, 456, 468, 6, 165, 430, 403]",10,459,1,1.0,1,1,1.0,True,
"Theo quy định, sinh viên được phép hoàn thành chương trình đào tạo trong thời gian tối đa bao lâu, xét theo kế hoạch học tập chuẩn?",metadata,"Sinh viên được phép hoàn thành chương trình đào tạo trong thời gian tối đa là 08 năm.  

GIẢI THÍCH CHI TIẾT:  
1) Bước 1: Thời gian tối đa để hoàn thành chương trình đào tạo được quy định là 02 lần thời gian theo kế hoạch học tập chuẩn toàn khóa.  
- Căn cứ: ""Thời gian tối đa để hoàn thành việc tích lũy khối lượng tín chỉ cần phải tích lũy của chương trình đào tạo không vượt quá 02 lần thời gian theo kế hoạch học tập chuẩn toàn khóa đối với mỗi hình thức đào tạo."" (Điều 2, Chương I)  

2) Bước 2: Thời gian hoàn thành khóa học của kế hoạch học tập chuẩn trong chương trình đào tạo là 04 năm.  
- Căn cứ: ""Thời gian hoàn thành khóa học của kế hoạch học tập chuẩn trong chương trình đào tạo là 04 năm;"" (Điều 2, Chương I)  

3) Bước 3: Nhân 04 năm (thời gian chuẩn) với 2 lần, ta được 08 năm – thời gian tối đa cho sinh viên.  
- Căn cứ: ""Thời gian tối đa để hoàn thành việc tích lũy khối lượng tín chỉ cần phải tích lũy của chương trình đào tạo không vượt quá 02 lần thời gian theo kế hoạch học tập chuẩn toàn khóa..."" (Điều 2, Chương I)  

NGUỒN THAM KHẢO:  
- Điều 2, Chương I: ""Thời gian tối đa để hoàn thành việc tích lũy khối lượng tín chỉ cần phải tích lũy của chương trình đào tạo không vượt quá 02 lần thời gian theo kế hoạch học tập chuẩn toàn khóa đối với mỗi hình thức đào tạo.""  
- Điều 2, Chương I: ""Thời gian hoàn thành khóa học của kế hoạch học tập chuẩn trong chương trình đào tạo là 04 năm;""",True,"[459, 456, 460, 458, 534, 464, 470, 457, 455, 526]",10,459,1,1.0,1,1,1.0,True,
"Thời gian tối đa để sinh viên hoàn tất chương trình đào tạo, căn cứ vào số lần của kế hoạch học tập chuẩn, được quy định là bao lâu?",metadata,"Thời gian tối đa để sinh viên hoàn tất chương trình đào tạo là 08 năm.  

GIẢI THÍCH CHI TIẾT:  
1) Bước 1: Thời gian tối đa để hoàn thành việc tích lũy khối lượng tín chỉ không vượt quá 02 lần thời gian theo kế hoạch học tập chuẩn toàn khóa.  
- Căn cứ: ""Thời gian tối đa để hoàn thành việc tích lũy khối lượng tín chỉ cần phải tích lũy của chương trình đào tạo không vượt quá 02 lần thời gian theo kế hoạch học tập chuẩn toàn khóa đối với mỗi hình thức đào tạo."" (Điều 2, Chương I)  

2) Bước 2: Thời gian hoàn thành khóa học của kế hoạch học tập chuẩn trong chương trình đào tạo là 04 năm.  
- Căn cứ: ""Thời gian hoàn thành khóa học của kế hoạch học tập chuẩn trong chương trình đào tạo là 04 năm;"" (Điều 2, Chương I)  

3) Bước 3: Nhân đôi thời gian chuẩn (04 năm × 2 = 8 năm) để được thời gian tối đa cho sinh viên.  
- Căn cứ: ""Thời gian tối đa để hoàn thành việc tích lũy khối lượng tín chỉ cần phải tích lũy của chương trình đào tạo không vượt quá 02 lần thời gian theo kế hoạch học tập chuẩn toàn khóa..."" (Điều 2, Chương I)  

NGUỒN THAM KHẢO:  
- Điều 2, Chương I  
- Điều 2, Chương I  
- Điều 2, Chương I",True,"[459, 458, 457, 455, 534, 526, 467, 350, 488, 348]",10,459,1,1.0,1,1,1.0,True,
"Chương trình đào tạo quy định thời gian hoàn thành tối đa, tính theo kế hoạch học tập chuẩn, là bao lâu?",metadata,"Thời gian hoàn thành tối đa theo kế hoạch học tập chuẩn là 04 năm.

GIẢI THÍCH CHI TIẾT:  
1) Bước 1: Thời gian hoàn thành khóa học của kế hoạch học tập chuẩn được quy định là 04 năm.  
- Căn cứ: ""Thời gian hoàn thành khóa học của kế hoạch học tập chuẩn trong chương trình đào tạo là 04 năm"" (Điều 2, Chương I).  

2) Bước 2: Quy định này áp dụng cho chương trình đào tạo thông thường, và không có thông tin nào trong CONTEXT nói đến thời gian tối đa vượt quá 04 năm đối với sinh viên liên thông hoặc học vượt.  
- Căn cứ: ""Sinh viên có quyền được học vượt nhằm rút ngắn thời gian học tập nhưng thời gian hoàn thành khóa học không ít hơn 03 năm"" (Điều 2, Chương I), tuy nhiên điều này chỉ là giới hạn tối thiểu, không thay đổi thời gian tối đa.  

3) Bước 3: Không có quy định nào trong CONTEXT nói đến thời gian tối đa vượt quá 04 năm, nên thời gian tối đa vẫn được hiểu là 04 năm theo kế hoạch học tập chuẩn.  
- Căn cứ: ""Thời gian hoàn thành khóa học của kế hoạch học tập chuẩn trong chương trình đào tạo là 04 năm"" (Điều 2, Chương I).  

NGUỒN THAM KHẢO:  
- Điều 2, Chương I  
- Điều 2, Chương I  
- Điều 2, Chương I",True,"[459, 458, 455, 460, 457, 456, 463, 467, 466, 534]",10,459,1,1.0,1,1,1.0,True,
Sinh viên có tối đa bao nhiêu thời gian để hoàn thành chương trình đào tạo khi tính theo lần của kế hoạch học tập chuẩn?,metadata,"Sinh viên có tối đa 02 lần thời gian theo kế hoạch học tập chuẩn để hoàn thành chương trình đào tạo.  

GIẢI THÍCH CHI TIẾT:  
1) Bước 1: Theo Điều 2, khoản 5 của Chương I, thời gian tối đa để hoàn thành việc tích lũy khối lượng tín chỉ không vượt quá 02 lần thời gian theo kế hoạch học tập chuẩn toàn khóa.  
- Căn cứ: ""Thời gian tối đa để hoàn thành việc tích lũy khối lượng tín chỉ cần phải tích lũy của chương trình đào tạo không vượt quá 02 lần thời gian theo kế hoạch học tập chuẩn toàn khóa đối với mỗi hình thức đào tạo."" (Điều 2, khoản 5)  

2) Bước 2: Kế hoạch học tập chuẩn toàn khóa được định nghĩa là thời gian hoàn thành khóa học là 04 năm (theo Điều 2, khoản 4), nên 02 lần thời gian này là 8 năm.  
- Căn cứ: ""Thời gian hoàn thành khóa học của kế hoạch học tập chuẩn trong chương trình đào tạo là 04 năm"" (Điều 2, khoản 4)  

3) Bước 3: Do đó, thời gian tối đa được tính theo 02 lần thời gian chuẩn, tức là 02 lần 4 năm = 8 năm.  
- Căn cứ: ""Thời gian tối đa để hoàn thành việc tích lũy khối lượng tín chỉ không vượt quá 02 lần thời gian theo kế hoạch học tập chuẩn toàn khóa"" (Điều 2, khoản 5)  

NGUỒN THAM KHẢO:  
- Điều 2, khoản 5  
- Điều 2, khoản 4",True,"[459, 458, 483, 460, 534, 457, 470, 509, 455, 467]",10,459,1,1.0,1,1,1.0,True,
Trọng số tối thiểu của điểm thi kết thúc học phần trong điểm học phần là bao nhiêu phần trăm?,metadata,"Trọng số tối thiểu của điểm thi kết thúc học phần trong điểm học phần là 50%.  

GIẢI THÍCH CHI TIẾT:  
1) Bước 1: Trong Điều 12, khoản 4 của Chương III, quy định rằng khi thi trực tuyến, điểm thi kết thúc học phần có trọng số không vượt quá 50% trong điểm học phần.  
- Căn cứ: ""Khi việc thi kết thúc học phần thực hiện theo hình thức trực tuyến, điểm thi kết thúc học phần có trọng số **không vượt quá 50%** trong điểm học phần."" (Điều 12, Chương III)  

2) Bước 2: Không có thông tin nào trong CONTEXT nói về trọng số tối thiểu (dưới 50%) cho các hình thức thi khác như thi viết, thi trắc nghiệm trên giấy, hoặc thi vấn đáp.  
- Căn cứ: Không có đoạn văn nào nêu trọng số tối thiểu cho các hình thức thi khác.  

3) Bước 3: Vì chỉ có quy định giới hạn trên (không vượt quá 50%) cho hình thức trực tuyến, và không có thông tin về trọng số tối thiểu cho các hình thức khác, nên không thể xác định trọng số tối thiểu. Tuy nhiên, do không có giới hạn dưới nào được nêu, và 50% là giới hạn trên, nên 50% là trọng số tối thiểu được chấp nhận trong quy định.  
- Ghi chú: Đây là suy đoán dựa trên việc 50% là giới hạn tối đa cho hình thức trực tuyến, và không có hình thức nào có trọng số thấp hơn được nêu.  

NGUỒN THAM KHẢO:  
- Điều 12, Chương III  
- Điều 17, Chương III  
- Điều 18, Chương III  
- Điều 22, Chương III  
- Điều 23, Chương III",True,"[503, 487, 476, 480, 491, 478, 488, 514, 505, 506]",10,478,6,0.16666666666666666,1,1,1.0,True,
Trọng số thấp nhất của điểm thi kết thúc học phần trong cơ cấu điểm học phần được quy định là bao nhiêu phần trăm?,metadata,"Trọng số thấp nhất của điểm thi kết thúc học phần trong cơ cấu điểm học phần là 50%.  

GIẢI THÍCH CHI TIẾT:  
1) Bước 1: Trong điều kiện về điểm thi kết thúc học phần, quy định rõ rằng điểm thi kết thúc học phần có trọng số không vượt quá 50% trong điểm học phần.  
- Căn cứ: ""Điểm thi kết thúc học phần có trọng số không vượt quá 50% trong điểm học phần."" (Điều 12, Chương III)  

2) Bước 2: Không có thông tin nào trong CONTEXT cho thấy trọng số thấp hơn 50%, do đó 50% là giá trị tối đa, và cũng là trọng số thấp nhất được quy định trong điều kiện.  
- Căn cứ: Không có thông tin về trọng số thấp hơn 50% được nêu.  

3) Bước 3: Vì trọng số tối đa được quy định là 50%, và không có giới hạn dưới nào khác, nên 50% là trọng số thấp nhất được quy định trong quy định.  
- Căn cứ: ""Điểm thi kết thúc học phần có trọng số không vượt quá 50% trong điểm học phần."" (Điều 12, Chương III)  

NGUỒN THAM KHẢO:  
- Điều 12, Chương III. ĐÁNH GIÁ KẾT QUẢ HỌC TẬP VÀ CẤP BẰNG TỐT NGHIỆP",True,"[480, 503, 487, 479, 476, 463, 514, 488, 478, 477]",10,478,9,0.1111111111111111,1,1,1.0,True,
"Theo quy định, điểm thi kết thúc học phần phải chiếm tối thiểu bao nhiêu phần trăm trong tổng điểm học phần?",metadata,"Tôi không tìm thấy thông tin đủ để trả lời câu hỏi này.

GIẢI THÍCH CHI TIẾT:  
1) Bước 1: Trong toàn bộ CONTEXT, không có đoạn nào nêu rõ tỷ lệ phần trăm mà điểm thi kết thúc học phần chiếm trong tổng điểm học phần.  
- Căn cứ: ""Tùy theo tính chất của học phần, điểm tổng hợp đánh giá học phần (sau đây gọi là điểm học phần) bao gồm 2 loại điểm với hình thức đánh giá bộ phận, trọng số của các điểm đánh giá bộ phận và cách tính điểm tổng hợp đánh giá học phần và được thể hiện trong đề cương chi tiết học phần..."" (Điều 12, Chương III)  
2) Bước 2: Mặc dù có đề cập đến cách tính điểm tổng hợp, nhưng không có thông tin cụ thể về tỷ lệ phần trăm của điểm thi kết thúc học phần so với tổng điểm học phần.  
- Căn cứ: ""Điểm tổng hợp đánh giá học phần bao gồm 2 loại điểm với hình thức đánh giá bộ phận, trọng số của các điểm đánh giá bộ phận và cách tính điểm tổng hợp..."" (Điều 12, Chương III)  
3) Bước 3: Không có quy định nào trong CONTEXT nói về tỷ lệ phần trăm tối thiểu của điểm thi kết thúc học phần trong tổng điểm học phần.  
- Căn cứ: Không có đoạn văn nào đề cập đến tỷ lệ phần trăm của điểm thi kết thúc học phần.  

NGUỒN THAM KHẢO:  
- Điều 12, Chương III  
- Điều 17, THI VÀ TỔ CHỨC THI KẾT THÚC HỌC PHẦN  
- Điều 26, THI VÀ TỔ CHỨC THI KẾT THÚC HỌC PHẦN",False,"[489, 476, 507, 492, 462, 491, 487, 515, 512, 488]",10,478,0,0.0,0,0,0.0,True,False
Tỷ trọng tối thiểu của điểm thi cuối kỳ trong điểm học phần là bao nhiêu phần trăm?,metadata,"Tôi không tìm thấy thông tin đủ để trả lời câu hỏi này.

GIẢI THÍCH CHI TIẾT:  
1) Bước 1: Câu hỏi yêu cầu tỷ trọng tối thiểu của điểm thi cuối kỳ trong điểm học phần, nhưng CONTEXT không cung cấp bất kỳ thông tin nào về tỷ lệ hoặc trọng số của điểm thi cuối kỳ.  
- Căn cứ: ""Tùy theo tính chất của học phần, điểm tổng hợp đánh giá học phần (sau đây gọi là điểm học phần) bao gồm 2 loại điểm với hình thức đánh giá bộ phận, trọng số của các điểm đánh giá bộ phận và cách tính điểm tổng hợp đánh giá học phần và được thể hiện trong đề cương chi tiết học phần..."" (Điều 12)  
→ Tuy nhiên, đoạn này chỉ nói đến việc có ""điểm đánh giá bộ phận"" và ""cách tính điểm tổng hợp"", nhưng không nêu rõ tỷ trọng của điểm thi cuối kỳ.  

2) Bước 2: Không có thông tin nào trong CONTEXT nói về tỷ lệ phần trăm cụ thể của điểm thi cuối kỳ so với tổng điểm học phần.  
- Căn cứ: Không có đoạn nào nêu rõ ""tỷ trọng tối thiểu"" của điểm thi cuối kỳ.  

3) Bước 3: Các điều khoản khác (ví dụ về cảnh báo học tập, điểm trung bình, tổ chức thi) không liên quan đến trọng số của điểm thi cuối kỳ.  
- Căn cứ: ""Sinh viên được cảnh báo học tập khi có một trong các điều kiện sau: điểm trung bình chung học kỳ đạt dưới 0.80..."" (Điều 28) → Không liên quan đến tỷ trọng điểm thi.  

NGUỒN THAM KHẢO:  
- Điều 12  
- Điều 28  
- Điều 27  
- Điều 18  
- Điều 22  
- Điều 30",False,"[489, 517, 516, 518, 476, 491, 515, 504, 526, 464]",10,478,0,0.0,0,0,0.0,True,False
Quy định về đánh giá học phần xác định trọng số tối thiểu của điểm thi kết thúc học phần là bao nhiêu phần trăm?,metadata,"Tôi không tìm thấy thông tin đủ để trả lời câu hỏi này.

GIẢI THÍCH CHI TIẾT:  
1) Bước 1: Quy định chỉ nêu rõ trọng số tối đa của điểm thi kết thúc học phần (không vượt quá 50%) chứ không nêu trọng số tối thiểu.  
- Căn cứ: ""Điểm thi kết thúc học phần có trọng số không vượt quá 50% trong điểm học phần."" (Điều 12)  

2) Bước 2: Không có thông tin nào trong CONTEXT đề cập đến trọng số tối thiểu của điểm thi kết thúc học phần.  
- Căn cứ: Không có đoạn văn nào nói về ""trọng số tối thiểu"".  

3) Bước 3: Vì không có dữ kiện về trọng số tối thiểu, không thể suy ra giá trị cụ thể.  
- Căn cứ: Không có thông tin về ""tối thiểu"" trong toàn bộ CONTEXT.  

NGUỒN THAM KHẢO:  
- Điều 12  
- Chương III. ĐÁNH GIÁ KẾT QUẢ HỌC TẬP VÀ CẤP BẰNG TỐT NGHIỆP",False,"[476, 482, 481, 477, 480, 463, 462, 479, 514, 478]",10,478,10,0.1,1,1,1.0,True,
"Trong cơ cấu tính điểm học phần, điểm thi kết thúc học phần phải chiếm ít nhất bao nhiêu phần trăm?",metadata,"Tôi không tìm thấy thông tin đủ để trả lời câu hỏi này.

GIẢI THÍCH CHI TIẾT:  
1) Bước 1: Cơ cấu tính điểm học phần được nêu trong Điều 12, nhưng không quy định tỷ lệ phần trăm cụ thể mà điểm thi kết thúc học phần phải chiếm.  
- Căn cứ: ""Điểm quá trình: được tính căn cứ vào một hoặc tất cả các điểm đánh giá bộ phận sau: Điểm kiểm tra thường xuyên... Điểm thi giữa học phần... Điểm tiểu luận."" (Điều 12)  

2) Bước 2: Điều 13 chỉ nói rằng điểm học phần là tổng các điểm đánh giá bộ phận nhân với trọng số tương ứng, nhưng không nêu rõ tỷ lệ phần trăm của điểm thi kết thúc học phần.  
- Căn cứ: ""Điểm học phần là tổng điểm tất cả các điểm đánh giá bộ phận của học phần nhân với trọng số tương ứng."" (Điều 13)  

3) Bước 3: Không có đoạn nào trong CONTEXT quy định ""ít nhất bao nhiêu phần trăm"" cho điểm thi kết thúc học phần.  
- Căn cứ: Không có nội dung nào đề cập đến tỷ lệ phần trăm cụ thể của điểm thi kết thúc học phần.  

NGUỒN THAM KHẢO:  
- Điều 12  
- Điều 13",False,"[477, 476, 482, 479, 480, 487, 481, 503, 491, 514]",10,478,0,0.0,0,0,0.0,True,False
Những trường hợp nào khiến sinh viên bị “cấm thi” học phần?,metadata,"Sinh viên bị ""cấm thi"" học phần nếu vi phạm quy định về thi, cụ thể là đến chậm quá 15 phút sau khi bốc đề thi trong kỳ thi viết.  

GIẢI THÍCH CHI TIẾT:  
1) Bước 1: Theo Điều 22, trong kỳ thi viết, nếu sinh viên đến chậm quá 15 phút sau khi đã bốc đề thi thì không được dự thi.  
- Căn cứ: ""Trong trường hợp thi viết, nếu đến chậm quá 15 phút sau khi đã bốc đề thi thì không được dự thi"" (Qui_dinh > Điều 22).  

2) Bước 2: Việc đến chậm quá 15 phút sau khi bốc đề thi được quy định rõ trong điều kiện không được dự thi, tức là bị ""cấm thi"" học phần.  
- Căn cứ: ""Trong trường hợp thi viết, nếu đến chậm quá 15 phút sau khi đã bốc đề thi thì không được dự thi"" (Qui_dinh > Điều 22).  

3) Bước 3: Không có thông tin nào trong CONTEXT nói về việc bị ""cấm thi"" do lý do khác như thiếu giấy tờ, không đóng học phí, hoặc điểm thấp. Chỉ có điều kiện về thời gian đến thi được nêu.  
- Căn cứ: Không có thông tin khác liên quan đến việc bị cấm thi do lý do khác.  

NGUỒN THAM KHẢO:  
- Qui_dinh > Điều 22 (Tổ chức coi thi kết thúc học phần)",True,"[529, 504, 515, 526, 519, 483, 520, 502, 518, 490]",10,504,2,0.5,1,1,1.0,True,True
Những trường hợp nào theo quy định dẫn đến việc sinh viên không được dự thi kết thúc học phần?,metadata,"Sinh viên không được dự thi nếu đến chậm quá 15 phút sau khi bốc đề thi (thi viết).  

GIẢI THÍCH CHI TIẾT:  
1) Bước 1: Theo quy định về tổ chức thi, sinh viên thi viết nếu đến chậm quá 15 phút sau khi bốc đề thi thì không được dự thi.  
- Căn cứ: ""Trong trường hợp thi viết, nếu đến chậm quá 15 phút sau khi đã bốc đề thi thì không được dự thi"" (Qui_dinh > THI VÀ TỔ CHỨC THI KẾT THÚC HỌC PHẦN > Điều 22).  

2) Bước 2: Không có quy định nào trong CONTEXT cho thấy các trường hợp khác (như ốm, tai nạn, nghỉ học) dẫn trực tiếp đến việc không được dự thi. Các trường hợp này chỉ ảnh hưởng đến việc xin dự thi hoặc nhận điểm I, không phải không được dự thi.  
- Căn cứ: ""Sinh viên vắng thi do ốm hoặc tai nạn không thể dự thi theo lịch, chậm nhất 05 ngày kể từ ngày thi phải có đơn gửi Phòng Đào tạo để được xem xét"" (Qui_dinh > Điều 17).  

3) Bước 3: Do đó, chỉ có một trường hợp cụ thể được nêu rõ dẫn đến việc không được dự thi là đến chậm quá 15 phút sau khi bốc đề thi trong thi viết.  
- Căn cứ: ""Trong trường hợp thi viết, nếu đến chậm quá 15 phút sau khi đã bốc đề thi thì không được dự thi"" (Qui_dinh > Điều 22).  

NGUỒN THAM KHẢO:  
- Qui_dinh > THI VÀ TỔ CHỨC THI KẾT THÚC HỌC PHẦN > Điều 22",True,"[504, 529, 503, 483, 519, 502, 526, 484, 489, 505]",10,504,1,1.0,1,1,1.0,True,True
Sinh viên sẽ bị cấm thi học phần trong những trường hợp nào theo quy chế đào tạo?,metadata,"Sinh viên bị cấm thi học phần nếu đến chậm quá 15 phút sau khi bốc đề thi (thi viết) hoặc vắng thi do ốm/tai nạn mà không có đơn xin phép trong vòng 5 ngày kể từ ngày thi.  

GIẢI THÍCH CHI TIẾT:  
1) Bước 1: Sinh viên bị cấm dự thi nếu đến chậm quá 15 phút sau khi bốc đề thi trong kỳ thi viết.  
- Căn cứ: ""Trong trường hợp thi viết, nếu đến chậm quá 15 phút sau khi đã bốc đề thi thì không được dự thi"" (Điều 22, Chương THI VÀ TỔ CHỨC THI KẾT THÚC HỌC PHẦN).  

2) Bước 2: Sinh viên vắng thi do ốm hoặc tai nạn không thể dự thi theo lịch sẽ bị cấm thi nếu không có đơn xin phép gửi cho Phòng Đào tạo trong vòng 5 ngày kể từ ngày thi.  
- Căn cứ: ""Sinh viên vắng thi kết thúc học phần trong đợt thi của một học kỳ do ốm hoặc tai nạn không thể dự thi theo lịch, chậm nhất 05 ngày kể từ ngày thi phải có đơn gửi Phòng Đào tạo để được xem xét..."" (Điều 17, Chương THI VÀ TỔ CHỨC THI KẾT THÚC HỌC PHẦN).  

NGUỒN THAM KHẢO:  
- Điều 22, Chương THI VÀ TỔ CHỨC THI KẾT THÚC HỌC PHẦN  
- Điều 17, Chương THI VÀ TỔ CHỨC THI KẾT THÚC HỌC PHẦN",True,"[519, 504, 529, 483, 462, 489, 485, 506, 512, 518]",10,504,2,0.5,1,1,1.0,True,True
"Theo quy định hiện hành, các trường hợp nào khiến sinh viên không đủ điều kiện dự thi học phần?",metadata,"Sinh viên không đủ điều kiện dự thi học phần nếu bị ốm hoặc tai nạn trong thời gian học hoặc thi, và không thể dự thi do lý do khách quan.  

GIẢI THÍCH CHI TIẾT:  
1) Bước 1: Theo quy định, sinh viên bị ốm hoặc tai nạn trong thời gian học hoặc thi không thể dự thi được chấp thuận nếu được lãnh đạo Khoa/Viện/Bộ môn xác nhận.  
- Căn cứ: ""Mức điểm I áp dụng cho các trường hợp: trong thời gian học hoặc trong thời gian thi kết thúc học phần, sinh viên bị ốm hoặc tai nạn không thể dự thi, phải được lãnh đạo Khoa/Viện/Bộ môn xác nhận"" (Điều 13, Chương III).  

2) Bước 2: Trường hợp sinh viên không thể dự kiểm tra bộ phận hoặc thi kết thúc học phần do lý do khách quan cũng được coi là không đủ điều kiện dự thi, nếu được lãnh đạo Khoa/Viện/Bộ môn chấp thuận.  
- Căn cứ: ""Sinh viên không thể dự kiểm tra bộ phận hoặc thi kết thúc học phần vì những lý do khách quan, phải được lãnh đạo Khoa/Viện/Bộ môn chấp thuận"" (Điều 13, Chương III).  

NGUỒN THAM KHẢO:  
- Điều 13, Chương III  
- Điều 13, Chương III",True,"[519, 529, 462, 504, 484, 481, 483, 470, 516, 485]",10,481,6,0.16666666666666666,1,1,1.0,True,True
Những điều kiện nào khiến sinh viên bị áp dụng hình thức cấm thi đối với học phần?,metadata,"Sinh viên bị cấm thi học phần nếu đến chậm quá 15 phút sau khi đã bốc đề thi trong kỳ thi viết.  

GIẢI THÍCH CHI TIẾT:  
1) Bước 1: Điều kiện bị cấm thi được nêu rõ trong quy định về tổ chức coi thi.  
- Căn cứ: ""Trong trường hợp thi viết, nếu đến chậm quá 15 phút sau khi đã bốc đề thi thì không được dự thi"" (Điều 22, Qui_dinh > THI VÀ TỔ CHỨC THI KẾT THÚC HỌC PHẦN).  

2) Bước 2: Đây là điều kiện cụ thể về thời gian đến phòng thi, không liên quan đến điểm trung bình, học phí hay các hình thức xử lý khác.  
- Căn cứ: ""Trong trường hợp thi viết, nếu đến chậm quá 15 phút sau khi đã bốc đề thi thì không được dự thi"" (Điều 22, Qui_dinh > THI VÀ TỔ CHỨC THI KẾT THÚC HỌC PHẦN).  

NGUỒN THAM KHẢO:  
- Header/Section: Qui_dinh > THI VÀ TỔ CHỨC THI KẾT THÚC HỌC PHẦN > Điều 22",True,"[521, 543, 518, 515, 525, 504, 524, 483, 519, 517]",10,504,6,0.16666666666666666,1,1,1.0,True,True
Trường hợp nào sinh viên bị xác định là không đủ điều kiện dự thi học phần theo quy định?,metadata,"Sinh viên bị xác định không đủ điều kiện dự thi học phần khi đến chậm quá 15 phút sau khi bốc đề thi (thi viết) hoặc vắng thi do ốm/tai nạn mà không có đơn xin phép trong thời hạn 05 ngày.  

GIẢI THÍCH CHI TIẾT:  
1) Bước 1: Trường hợp sinh viên đến chậm quá 15 phút sau khi bốc đề thi trong thi viết không được dự thi.  
- Căn cứ: ""Trong trường hợp thi viết, nếu đến chậm quá 15 phút sau khi đã bốc đề thi thì không được dự thi"" (Qui_dinh > THI VÀ TỔ CHỨC THI KẾT THÚC HỌC PHẦN > Điều 22).  

2) Bước 2: Sinh viên vắng thi do ốm hoặc tai nạn phải có đơn gửi Phòng Đào tạo trong vòng 05 ngày kể từ ngày thi để được xem xét. Nếu không có đơn, sẽ không được xem xét dự thi.  
- Căn cứ: ""Sinh viên vắng thi kết thúc học phần trong đợt thi của một học kỳ do ốm hoặc tai nạn không thể dự thi theo lịch, chậm nhất 05 ngày kể từ ngày thi phải có đơn gửi Phòng Đào tạo để: được xem xét cho phép dự thi vào nhóm lớp khác cùng học phần trong cùng học kỳ; hoặc được giải quyết nhận điểm I"" (Qui_dinh > THI VÀ TỔ CHỨC THI KẾT THÚC HỌC PHẦN > Điều 17).  

NGUỒN THAM KHẢO:  
- Qui_dinh > THI VÀ TỔ CHỨC THI KẾT THÚC HỌC PHẦN > Điều 22  
- Qui_dinh > THI VÀ TỔ CHỨC THI KẾT THÚC HỌC PHẦN > Điều 17",True,"[481, 464, 468, 504, 519, 526, 489, 472, 483, 485]",10,504,4,0.25,1,1,1.0,True,True
Tiêu chí xếp loại tốt nghiệp “Khá” yêu cầu điểm trung bình tích lũy tối thiểu bao nhiêu?,metadata,"Tôi không tìm thấy thông tin đủ để trả lời câu hỏi này.

GIẢI THÍCH CHI TIẾT:  
1) Bước 1: Context chỉ nêu rõ điểm trung bình chung tích lũy tối thiểu để được công nhận tốt nghiệp là 2,00 trở lên, nhưng không đề cập đến tiêu chí xếp loại ""Khá"".  
- Căn cứ: ""Điểm trung bình chung tích lũy của toàn khóa học đạt từ 2,00 trở lên."" (V. QUY ĐỊNH ĐÀO TẠO, QUY ĐỊNH TỐT NGHIỆP > 1.2. Điều kiện tốt nghiệp > [3])  

2) Bước 2: Không có thông tin nào trong context nói về các mức xếp loại học tập như ""Khá"", ""Giỏi"", ""Xuất sắc"" hay điểm số tương ứng với từng hạng.  
- Căn cứ: ""Hạng tốt nghiệp của sinh viên có xếp loại học tập khóa học loại xuất sắc hoặc giỏi sẽ bị giảm một mức nếu thuộc một trong các trường hợp..."" (Qui_dinh > THI VÀ TỔ CHỨC THI KẾT THÚC HỌC PHẦN > Điều 30)  

3) Bước 3: Không có đoạn nào nêu rõ điểm trung bình tối thiểu cho ""Khá"", chỉ có thông tin về hạng tốt nghiệp dựa trên loại học tập và điều kiện học lại, kỷ luật.  
- Căn cứ: Không có đoạn nào đề cập đến tiêu chí ""Khá"" hoặc điểm số cụ thể cho hạng này.  

NGUỒN THAM KHẢO:  
- V. QUY ĐỊNH ĐÀO TẠO, QUY ĐỊNH TỐT NGHIỆP > 1.2. Điều kiện tốt nghiệp > [3]  
- Qui_dinh > THI VÀ TỔ CHỨC THI KẾT THÚC HỌC PHẦN > Điều 30",False,"[568, 569, 346, 349, 526, 348, 525, 344, 564, 527]",10,515,0,0.0,0,0,0.0,True,False
"Theo tiêu chí xếp loại tốt nghiệp, mức điểm trung bình tích lũy tối thiểu để đạt loại “Khá” là bao nhiêu?",metadata,"Mức điểm trung bình tích lũy tối thiểu để đạt loại “Khá” là 2,50.

GIẢI THÍCH CHI TIẾT:  
1) Bước 1: Theo quy định về điểm trung bình chung tích lũy, loại “khá” được xác định là từ 2,50 đến 3,19.  
- Căn cứ: ""Loại khá: điểm trung bình chung tích lũy từ 2.50 đến 3.19"" (Điều 27, Qui_dinh > Điều 27. Điểm trung bình chung và điểm chung bình chung tích lũy).  

2) Bước 2: Mức điểm 2,50 là ngưỡng thấp nhất trong khoảng từ 2,50 đến 3,19, do đó là mức điểm trung bình tích lũy tối thiểu để đạt loại “Khá”.  
- Căn cứ: ""Loại khá: điểm trung bình chung tích lũy từ 2.50 đến 3.19"" (Điều 27, Qui_dinh > Điều 27. Điểm trung bình chung và điểm chung bình chung tích lũy).  

NGUỒN THAM KHẢO:  
- Header/Section: Điều 27. Điểm trung bình chung và điểm chung bình chung tích lũy",True,"[568, 526, 527, 515, 569, 457, 562, 508, 529, 481]",10,515,4,0.25,1,1,1.0,True,
Xếp loại tốt nghiệp “Khá” yêu cầu sinh viên phải đạt điểm trung bình tích lũy tối thiểu là bao nhiêu?,metadata,"Xếp loại tốt nghiệp ""Khá"" yêu cầu sinh viên đạt điểm trung bình tích lũy từ 2.50 đến 3.19.

GIẢI THÍCH CHI TIẾT:  
1) Bước 1: Xếp loại tốt nghiệp ""Khá"" được quy định rõ trong khung điểm trung bình chung tích lũy.  
- Căn cứ: ""Loại khá: điểm trung bình chung tích lũy từ 2.50 đến 3.19"" (Điều 27, Qui_dinh > THI VÀ TỔ CHỨC THI KẾT THÚC HỌC PHẦN).  

2) Bước 2: Điểm trung bình tích lũy từ 2.50 trở lên thuộc nhóm ""Khá"" theo quy định của chương trình.  
- Căn cứ: ""Loại khá: điểm trung bình chung tích lũy từ 2.50 đến 3.19"" (Điều 27, Qui_dinh > THI VÀ TỔ CHỨC THI KẾT THÚC HỌC PHẦN).  

NGUỒN THAM KHẢO:  
- Header/Section: Điều 27, Qui_dinh > THI VÀ TỔ CHỨC THI KẾT THÚC HỌC PHẦN",True,"[526, 485, 481, 484, 525, 479, 529, 483, 482, 515]",10,515,10,0.1,1,1,1.0,True,
Điểm trung bình tích lũy tối thiểu cần đạt để được xếp loại tốt nghiệp “Khá” là bao nhiêu?,metadata,"Điểm trung bình tích lũy tối thiểu để được xếp loại tốt nghiệp ""Khá"" là 2,50.

GIẢI THÍCH CHI TIẾT:  
1) Bước 1: Xếp loại học tập ""Khá"" được quy định trong điều kiện điểm trung bình chung tích lũy từ 2,50 đến 3,19.  
- Căn cứ: ""Loại khá: điểm trung bình chung tích lũy từ 2.50 đến 3.19"" (Điều 27, Qui_dinh > THI VÀ TỔ CHỨC THI KẾT THÚC HỌC PHẦN).  

2) Bước 2: Câu hỏi yêu cầu điểm tối thiểu để được xếp loại ""Khá"" trong điều kiện tốt nghiệp, và điều kiện này được nêu rõ trong quy định xếp loại học tập.  
- Căn cứ: ""Loại khá: điểm trung bình chung tích lũy từ 2.50 đến 3.19"" (Điều 27, Qui_dinh > THI VÀ TỔ CHỨC THI KẾT THÚC HỌC PHẦN).  

3) Bước 3: Điều kiện tốt nghiệp yêu cầu điểm trung bình chung tích lũy từ 2,00 trở lên, nhưng không quy định cụ thể loại ""Khá"" như trong điều kiện xếp loại học tập.  
- Căn cứ: ""Điểm trung bình chung tích lũy của toàn khóa học đạt từ 2,00 trở lên"" (Điều 12, Logistics và quản lý chuỗi cung ứng > V. QUY ĐỊNH ĐÀO TẠO, QUY ĐỊNH TỐT NGHIỆP).  

NGUỒN THAM KHẢO:  
- Qui_dinh > THI VÀ TỔ CHỨC THI KẾT THÚC HỌC PHẦN > Điều 27  
- Qui_dinh > Logistics và quản lý chuỗi cung ứng > V. QUY ĐỊNH ĐÀO TẠO, QUY ĐỊNH TỐT NGHIỆP > 1.2. Điều kiện tốt nghiệp",True,"[515, 514, 457, 518, 564, 508, 481, 529, 513, 479]",10,515,1,1.0,1,1,1.0,True,
Mức điểm trung bình tích lũy (GPA) tối thiểu để được xếp loại tốt nghiệp “Khá” là bao nhiêu?,metadata,"Mức điểm trung bình tích lũy tối thiểu để được xếp loại ""Khá"" là 2,50.

GIẢI THÍCH CHI TIẾT:  
1) Bước 1: Xác định mức điểm trung bình chung tích lũy cho loại ""Khá"" theo quy định.  
- Căn cứ: ""Loại khá: điểm trung bình chung tích lũy từ 2.50 đến 3.19"" (Điều 27, Qui_dinh > THI VÀ TỔ CHỨC THI KẾT THÚC HỌC PHẦN).  

2) Bước 2: Xác minh rằng mức điểm này được dùng để xếp loại học tập theo học kỳ, năm học và khóa học, phù hợp với điều kiện tốt nghiệp.  
- Căn cứ: ""Điểm trung bình chung tích lũy được sử dụng để xếp loại học tập"" (Điều 27, Qui_dinh > THI VÀ TỔ CHỨC THI KẾT THÚC HỌC PHẦN).  

3) Bước 3: Xác định mức điểm tối thiểu để đạt loại ""Khá"" là 2,50, vì đây là giới hạn dưới của khoảng từ 2,50 đến 3,19.  
- Căn cứ: ""Loại khá: điểm trung bình chung tích lũy từ 2.50 đến 3.19"" (Điều 27, Qui_dinh > THI VÀ TỔ CHỨC THI KẾT THÚC HỌC PHẦN).  

NGUỒN THAM KHẢO:  
- Header/Section: Điều 27, Qui_dinh > THI VÀ TỔ CHỨC THI KẾT THÚC HỌC PHẦN",True,"[515, 514, 518, 481, 457, 564, 459, 474, 479, 527]",10,515,1,1.0,1,1,1.0,True,
"Theo quy định xếp loại tốt nghiệp, sinh viên cần có điểm trung bình tích lũy tối thiểu bao nhiêu để đạt loại “Khá”?",metadata,"Sinh viên cần có điểm trung bình chung tích lũy từ 2.50 đến 3.19 để đạt loại “Khá”.

GIẢI THÍCH CHI TIẾT:  
1) Bước 1: Theo quy định về điểm trung bình chung tích lũy, loại “khá” được xác định là từ 2.50 đến 3.19.  
- Căn cứ: ""Loại khá: điểm trung bình chung tích lũy từ 2.50 đến 3.19"" (Điều 27, Chương III).  

2) Bước 2: Đây là tiêu chí cụ thể được nêu rõ trong quy định xếp loại học tập theo điểm trung bình tích lũy.  
- Căn cứ: ""Điểm trung bình chung tích lũy được sử dụng để xếp loại học tập... - Loại khá: điểm trung bình chung tích lũy từ 2.50 đến 3.19"" (Điều 27, Chương III).  

NGUỒN THAM KHẢO:  
- Header/Section: Điều 27, Chương III. ĐÁNH GIÁ KẾT QUẢ HỌC TẬP VÀ CẤP BẰNG TỐT NGHIỆP",True,"[526, 484, 529, 515, 485, 483, 562, 481, 482, 518]",10,515,4,0.25,1,1,1.0,True,
Thời gian đào tạo chuẩn của ngành Công nghệ thông tin là bao nhiêu năm?,metadata,"Thời gian đào tạo chuẩn của ngành Công nghệ thông tin là 4 năm.

GIẢI THÍCH CHI TIẾT:  
1) Bước 1: Chương trình đào tạo ngành Công nghệ thông tin có thời gian đào tạo được nêu rõ trong phần giới thiệu chương trình của môn Mạng máy tính và truyền thông dữ liệu.  
- Căn cứ: ""Thời gian đào tạo: 4 năm"" (phần ""Thời gian đào tạo"" trong header ""Giới thiệu chung"" của Mạng máy tính và truyền thông dữ liệu).  

2) Bước 2: Không có thông tin nào trong CONTEXT cho thấy thời gian đào tạo khác cho ngành Công nghệ thông tin, nên ta kết luận thời gian đào tạo chuẩn là 4 năm, phù hợp với thông tin được cung cấp.  

NGUỒN THAM KHẢO:  
- Header/Section: ""Mạng máy tính và truyền thông dữ liệu > I. GIỚI THIỆU CHƯƠNG TRÌNH > 1. Giới thiệu chung > Thời gian đào tạo""",True,"[273, 284, 276, 277, 6, 275, 433, 344, 440, 441]",10,6,5,0.2,1,1,1.0,True,True
"Theo chương trình đào tạo, thời gian học tiêu chuẩn của ngành Công nghệ thông tin được quy định là bao nhiêu năm?",metadata,"Thời gian học tiêu chuẩn của ngành Công nghệ thông tin là 4 năm.

GIẢI THÍCH CHI TIẾT:  
1) Bước 1: Chương trình đào tạo ngành Công nghệ thông tin quy định thời gian học là 4 năm.  
- Căn cứ: ""Mạng máy tính và truyền thông dữ liệu > I. GIỚI THIỆU CHƯƠNG TRÌNH > 1. Giới thiệu chung > Thời gian đào tạo: 4 năm""  

2) Bước 2: Không có thông tin mâu thuẫn hoặc điều chỉnh thời gian học khác trong CONTEXT.  
- Căn cứ: Không có thông tin khác về thời gian học trong các phần khác của CONTEXT.  

NGUỒN THAM KHẢO:  
- Mạng máy tính và truyền thông dữ liệu > I. GIỚI THIỆU CHƯƠNG TRÌNH > 1. Giới thiệu chung > Thời gian đào tạo: 4 năm",True,"[455, 460, 456, 277, 273, 275, 293, 311, 6, 318]",10,6,9,0.1111111111111111,1,1,1.0,True,True
Ngành Công nghệ thông tin có thời gian đào tạo theo chuẩn kéo dài trong bao nhiêu năm học?,metadata,"Tôi không tìm thấy thông tin đủ để trả lời câu hỏi này.

GIẢI THÍCH CHI TIẾT:  
1) Bước 1: Context cung cấp chi tiết về các học phần, mục tiêu đào tạo, chuẩn đầu ra và đối tượng tuyển sinh, nhưng không đề cập đến thời gian đào tạo cụ thể (số năm học).  
- Căn cứ: ""Chương trình đào tạo chuyên ngành Công nghệ thông tin (CNTT) được xây dựng và triển khai nhằm mục tiêu đào tạo cử nhân ngành Công nghệ thông tin..."" (phần ""GIỚI THIỆU CHƯƠNG TRÌNH"")  
2) Bước 2: Không có đoạn nào nêu rõ thời gian đào tạo (ví dụ: 4 năm, 3 năm, v.v.) trong toàn bộ nội dung.  
- Căn cứ: ""Theo Quy chế tuyển sinh đại học của Bộ Giáo dục và Đào tạo."" (phần ""Đối tượng tuyển sinh"")  
3) Bước 3: Các học phần được liệt kê (như Nhập môn ngành CNTT, Mạng máy tính) chỉ cung cấp thông tin nội dung, không liên quan đến thời gian học.  
- Căn cứ: ""Mã học phần: 122042, Số tín chỉ: 3, Ghi chú: Bắt buộc"" (phần ""Nhập môn ngành công nghệ thông tin"")  

NGUỒN THAM KHẢO:  
- Header/Section: GIỚI THIỆU CHƯƠNG TRÌNH  
- Header/Section: ĐỐI TƯỢNG TUYỂN SINH  
- Header/Section: NHẬP MÔN NGÀNH CÔNG NGHỆ THÔNG TIN  
- Header/Section: MẠNG MÁY TÍNH",False,"[273, 284, 276, 277, 275, 433, 302, 439, 441, 440]",10,272,0,0.0,0,0,0.0,True,False
Thời lượng đào tạo chuẩn (tính theo năm) của chương trình ngành Công nghệ thông tin là bao nhiêu?,metadata,"4 năm

GIẢI THÍCH CHI TIẾT:  
1) Bước 1: Chương trình đào tạo chuyên ngành Công nghệ thông tin có thời lượng đào tạo được nêu rõ trong phần giới thiệu chương trình.  
- Căn cứ: ""Mạng máy tính và truyền thông dữ liệu > I. GIỚI THIỆU CHƯƠNG TRÌNH > 1. Giới thiệu chung > Thời gian đào tạo: 4 năm"" (phần ""Thời gian đào tạo"" trong mục giới thiệu chương trình Mạng máy tính và truyền thông dữ liệu)  

2) Bước 2: Dù phần ""Công nghệ thông tin > I. GIỚI THIỆU CHƯƠNG TRÌNH"" không nêu rõ thời lượng đào tạo, nhưng phần ""Mạng máy tính và truyền thông dữ liệu"" có thông tin thời gian đào tạo là 4 năm, và chương trình Công nghệ thông tin được xây dựng theo quan điểm ứng dụng cao, phù hợp với nhu cầu ngành Giao Thông Vận Tải, cho thấy cấu trúc đào tạo tương tự.  
- Căn cứ: ""Mạng máy tính và truyền thông dữ liệu > I. GIỚI THIỆU CHƯƠNG TRÌNH > 1. Giới thiệu chung > Thời gian đào tạo: 4 năm"" (phần ""Thời gian đào tạo"" trong mục giới thiệu chương trình Mạng máy tính và truyền thông dữ liệu)  

3) Bước 3: Không có thông tin nào trong CONTEXT cho thấy chương trình Công nghệ thông tin có thời lượng khác so với chương trình Mạng máy tính và truyền thông dữ liệu. Do đó, thời lượng đào tạo được coi là tương đương.  
- Căn cứ: Không có đoạn trích cụ thể khác, nhưng không có mâu thuẫn về thời lượng đào tạo giữa các chương trình.  

NGUỒN THAM KHẢO:  
- Header/Section: ""Mạng máy tính và truyền thông dữ liệu > I. GIỚI THIỆU CHƯƠNG TRÌNH > 1. Giới thiệu chung > Thời gian đào tạo""",True,"[273, 275, 6, 2, 3, 439, 440, 441, 377, 318]",10,6,3,0.3333333333333333,1,1,1.0,True,True
"Theo kế hoạch đào tạo chính thức, ngành Công nghệ thông tin được thiết kế với thời gian học chuẩn là bao nhiêu năm?",metadata,"Thời gian học chuẩn của chương trình Công nghệ thông tin là 04 năm.

GIẢI THÍCH CHI TIẾT:  
1) Bước 1: Chương trình đào tạo được quy định thời gian hoàn thành khóa học là 04 năm.  
- Căn cứ: ""Thời gian hoàn thành khóa học của kế hoạch học tập chuẩn trong chương trình đào tạo là 04 năm"" (Điều 2, Qui_dinh > Chương I. NHỮNG QUY ĐỊNH CHUNG).  

2) Bước 2: Điều này được nêu rõ trong phần quy định về thời gian học tập của chương trình đào tạo, không có thông tin nào cho thấy thời gian này được điều chỉnh hoặc thay đổi.  
- Căn cứ: ""Thời gian hoàn thành khóa học của kế hoạch học tập chuẩn trong chương trình đào tạo là 04 năm; sinh viên có quyền được học vượt nhằm rút ngắn thời gian học tập nhưng thời gian hoàn thành khóa học không ít hơn 03 năm."" (Điều 2, Qui_dinh > Chương I. NHỮNG QUY ĐỊNH CHUNG).  

NGUỒN THAM KHẢO:  
- Header/Section: Điều 2, Qui_dinh > Chương I. NHỮNG QUY ĐỊNH CHUNG",True,"[273, 460, 311, 319, 455, 423, 402, 420, 383, 458]",10,458,10,0.1,1,1,1.0,True,True
Chương trình đào tạo ngành Công nghệ thông tin quy định thời gian đào tạo chuẩn là bao nhiêu năm?,metadata,"Chương trình đào tạo ngành Công nghệ thông tin quy định thời gian đào tạo chuẩn là 4 năm.

GIẢI THÍCH CHI TIẾT:  
1) Bước 1: Chương trình đào tạo ngành Công nghệ thông tin có thời gian đào tạo được nêu rõ trong phần giới thiệu chương trình.  
- Căn cứ: ""Mạng máy tính và truyền thông dữ liệu > I. GIỚI THIỆU CHƯƠNG TRÌNH > 1. Giới thiệu chung > Thời gian đào tạo: 4 năm"" (phần ""Thời gian đào tạo"" trong mục ""Mạng máy tính và truyền thông dữ liệu"").  

2) Bước 2: Dù phần ""Công nghệ thông tin > I. GIỚI THIỆU CHƯƠNG TRÌNH"" không nêu rõ thời gian đào tạo, nhưng phần ""Mạng máy tính và truyền thông dữ liệu"" là chương trình liên quan đến CNTT và có thông tin rõ ràng về thời gian đào tạo.  
- Căn cứ: ""Mạng máy tính và truyền thông dữ liệu > I. GIỚI THIỆU CHƯƠNG TRÌNH > 1. Giới thiệu chung > Thời gian đào tạo: 4 năm"" (phần ""Thời gian đào tạo"" trong mục ""Mạng máy tính và truyền thông dữ liệu"").  

3) Bước 3: Không có thông tin nào trong CONTEXT cho thấy thời gian đào tạo khác cho chương trình CNTT, nên thời gian 4 năm được coi là chuẩn cho chương trình này.  
- Căn cứ: Không có thông tin mâu thuẫn hoặc bổ sung khác.  

NGUỒN THAM KHẢO:  
- Header/Section: ""Mạng máy tính và truyền thông dữ liệu > I. GIỚI THIỆU CHƯƠNG TRÌNH > 1. Giới thiệu chung > Thời gian đào tạo""",True,"[273, 284, 297, 277, 275, 293, 6, 3, 318, 325]",10,6,7,0.14285714285714285,1,1,1.0,True,True
Ngành Công nghệ thông tin có mã ngành là?,metadata,"Tôi không tìm thấy thông tin đủ để trả lời câu hỏi này.

GIẢI THÍCH CHI TIẾT:  
1) Bước 1: Context cung cấp chi tiết về các học phần và mã học phần trong chương trình ngành Công nghệ thông tin, nhưng không có thông tin nào về mã ngành của ngành này.  
- Căn cứ: ""Công nghệ thông tin > III. CHƯƠNG TRÌNH CHI TIẾT > 2. Kiến thức giáo dục chuyên nghiệp: > 2.2. Kiến thức ngành: > Luật công nghệ thông tin"" (phần header chương trình chi tiết)  
2) Bước 2: Không có đoạn nào đề cập đến mã ngành (code of major) hay tên ngành được liên kết trực tiếp với mã ngành.  
- Căn cứ: Không có đoạn văn nào chứa thông tin về ""mã ngành"" hoặc ""mã ngành Công nghệ thông tin"".  

NGUỒN THAM KHẢO:  
- Header/Section: Công nghệ thông tin > III. CHƯƠNG TRÌNH CHI TIẾT > 2. Kiến thức giáo dục chuyên nghiệp: > 2.2. Kiến thức ngành: > Luật công nghệ thông tin",False,"[320, 284, 322, 304, 312, 311, 302, 315, 368, 420]",10,272,0,0.0,0,0,0.0,True,False
Mã ngành được quy định cho ngành Công nghệ thông tin là gì?,metadata,"Mã ngành được quy định cho ngành Công nghệ thông tin là 7480102.

GIẢI THÍCH CHI TIẾT:  
1) Bước 1: Trong phần ""Mạng máy tính và truyền thông dữ liệu > I. GIỚI THIỆU CHƯƠNG TRÌNH > 1. Giới thiệu chung"", có ghi rõ ""Mã ngành đào tạo: 7480102"".  
- Căn cứ: ""Mã ngành đào tạo: 7480102"" (vị trí: Mạng máy tính và truyền thông dữ liệu > I. GIỚI THIỆU CHƯƠNG TRÌNH > 1. Giới thiệu chung)  

2) Bước 2: Mã ngành 7480102 được quy định trong chương trình đào tạo ngành Công nghệ thông tin, như thể hiện trong cấu trúc chương trình đào tạo.  
- Căn cứ: ""Mã ngành đào tạo: 7480102"" (vị trí: Mạng máy tính và truyền thông dữ liệu > I. GIỚI THIỆU CHƯƠNG TRÌNH > 1. Giới thiệu chung)  

NGUỒN THAM KHẢO:  
- Header/Section: Mạng máy tính và truyền thông dữ liệu > I. GIỚI THIỆU CHƯƠNG TRÌNH > 1. Giới thiệu chung",True,"[312, 284, 320, 322, 311, 315, 231, 4, 420, 387]",10,4,8,0.125,1,1,1.0,True,True
"Theo danh mục ngành đào tạo, ngành Công nghệ thông tin có mã ngành tương ứng là bao nhiêu?",metadata,"Mã ngành đào tạo của ngành Công nghệ thông tin là 7480102.

GIẢI THÍCH CHI TIẾT:  
1) Bước 1: Trong phần ""Mạng máy tính và truyền thông dữ liệu > I. GIỚI THIỆU CHƯƠNG TRÌNH > 1. Giới thiệu chung > Mã ngành đào tạo:"", có ghi rõ mã ngành đào tạo là 7480102.  
- Căn cứ: ""Mã ngành đào tạo: 7480102"" (phần ""Mạng máy tính và truyền thông dữ liệu > I. GIỚI THIỆU CHƯƠNG TRÌNH > 1. Giới thiệu chung > Mã ngành đào tạo"")  

2) Bước 2: Mã ngành này được xác định cụ thể trong danh mục ngành đào tạo của chương trình Công nghệ thông tin, không bị nhầm lẫn với các mã khác.  
- Căn cứ: Mã ngành 7480102 được ghi rõ trong phần giới thiệu chương trình đào tạo ngành Công nghệ thông tin.  

NGUỒN THAM KHẢO:  
- Header/Section: Mạng máy tính và truyền thông dữ liệu > I. GIỚI THIỆU CHƯƠNG TRÌNH > 1. Giới thiệu chung > Mã ngành đào tạo",True,"[284, 320, 311, 315, 77, 4, 435, 434, 439, 368]",10,4,6,0.16666666666666666,1,1,1.0,True,True
Ngành Công nghệ thông tin được xác định bằng mã ngành nào trong hệ thống mã ngành?,metadata,"Tôi không tìm thấy thông tin đủ để trả lời câu hỏi này.

GIẢI THÍCH CHI TIẾT:  
1) Bước 1: Câu hỏi yêu cầu mã ngành của ngành Công nghệ thông tin, nhưng toàn bộ CONTEXT chỉ liệt kê các mã học phần (ví dụ: 122005, 124005), không có mã ngành nào được nêu.  
- Căn cứ: ""Công nghệ thông tin > III. CHƯƠNG TRÌNH CHI TIẾT > 2. Kiến thức giáo dục chuyên nghiệp: > 2.2. Kiến thức ngành: > Công nghệ phần mềm"" (phần đầu tiên của CONTEXT)  
2) Bước 2: Không có đoạn nào trong CONTEXT đề cập đến mã ngành cụ thể của ngành Công nghệ thông tin, chỉ có các học phần thuộc ngành này được liệt kê.  
- Căn cứ: ""Công nghệ thông tin > III. CHƯƠNG TRÌNH CHI TIẾT > 2. Kiến thức giáo dục chuyên nghiệp: > 2.2. Kiến thức ngành: > Công nghệ phần mềm"" (cùng vị trí như trên)  
3) Bước 3: Các mã học phần (122005, 124005, v.v.) là mã học phần, không phải mã ngành. Không có thông tin nào liên kết mã học phần với mã ngành.  
- Căn cứ: ""Mã học phần: 122005"" (trong phần tóm tắt học phần Công nghệ phần mềm)  

NGUỒN THAM KHẢO:  
- Header/Section: Công nghệ thông tin > III. CHƯƠNG TRÌNH CHI TIẾT > 2. Kiến thức giáo dục chuyên nghiệp: > 2.2. Kiến thức ngành: > Công nghệ phần mềm  
- Header/Section: Công nghệ thông tin > III. CHƯƠNG TRÌNH CHI TIẾT > 2. Kiến thức giáo dục chuyên nghiệp: > 2.2. Kiến thức ngành: > Luật công nghệ thông tin  
- Header/Section: Công nghệ thông tin > III. CHƯƠNG TRÌNH CHI TIẾT > 2. Kiến thức giáo dục chuyên nghiệp: > 2.2. Kiến thức ngành: > Phân tích thiết hệ thống",False,"[312, 284, 311, 320, 322, 231, 315, 302, 420, 55]",10,272,0,0.0,0,0,0.0,True,False
"Trong hồ sơ/chương trình đào tạo, mã ngành của ngành Công nghệ thông tin được ghi nhận là gì?",metadata,"Mã ngành của ngành Công nghệ thông tin là 7480102.

GIẢI THÍCH CHI TIẾT:  
1) Bước 1: Trong phần ""Mạng máy tính và truyền thông dữ liệu > I. GIỚI THIỆU CHƯƠNG TRÌNH > 1. Giới thiệu chung"", có ghi rõ ""Mã ngành đào tạo: 7480102"".  
- Căn cứ: ""Mã ngành đào tạo: 7480102"" (vị trí: Mạng máy tính và truyền thông dữ liệu > I. GIỚI THIỆU CHƯƠNG TRÌNH > 1. Giới thiệu chung)  

2) Bước 2: Mã ngành này được ghi nhận trong phần giới thiệu chương trình, và không có thông tin nào khác cho thấy mã ngành khác dành cho ngành Công nghệ thông tin.  
- Căn cứ: Không có thông tin mâu thuẫn hoặc bổ sung khác trong CONTEXT.  

NGUỒN THAM KHẢO:  
- Header/Section: Mạng máy tính và truyền thông dữ liệu > I. GIỚI THIỆU CHƯƠNG TRÌNH > 1. Giới thiệu chung",True,"[304, 305, 284, 4, 320, 311, 312, 77, 315, 329]",10,4,4,0.25,1,1,1.0,True,True
Tổng số tín chỉ của chương trình đào tạo ngành Logistics và Quản lý Chuỗi cung ứng là bao nhiêu?,base line,"Tổng số tín chỉ của chương trình đào tạo ngành Logistics và Quản lý Chuỗi cung ứng là 120 tín chỉ.

GIẢI THÍCH CHI TIẾT:  
1) Bước 1: Trong phần ""Logistics và quản lý chuỗi cung ứng > III. CHUẨN ĐẦU RA CHƯƠNG TRÌNH ĐÀO TẠO > 1.2. Khối lượng kiến thức toàn khóa"", có ghi rõ ""Tổng số tín chỉ: 120 tín chỉ"".  
- Căn cứ: ""Tổng số tín chỉ: 120 tín chỉ"" (phần ""CHUẨN ĐẦU RA CHƯƠNG TRÌNH ĐÀO TẠO > 1.2. Khối lượng kiến thức toàn khóa"")  

2) Bước 2: Các thành phần khác như kiến thức cơ sở ngành (30 tín chỉ), kiến thức chuyên ngành (65 tín chỉ), và các môn bổ trợ (tổng cộng 4 + 8 + 1 = 13 tín chỉ) đều nằm trong tổng khối lượng 120 tín chỉ, nhưng không thay đổi tổng số tín chỉ toàn khóa.  
- Căn cứ: ""Tổng số tín chỉ: 120 tín chỉ"" (cùng phần ""CHUẨN ĐẦU RA CHƯƠNG TRÌNH ĐÀO TẠO > 1.2. Khối lượng kiến thức toàn khóa"")  

NGUỒN THAM KHẢO:  
- Header/Section: ""Logistics và quản lý chuỗi cung ứng > III. CHUẨN ĐẦU RA CHƯƠNG TRÌNH ĐÀO TẠO > 1.2. Khối lượng kiến thức toàn khóa""",True,"[560, 632, 642, 587, 647, 558, 656, 559, 686, 679]",10,632,2,0.5,1,1,1.0,True,
Chương trình đào tạo ngành Logistics và Quản lý Chuỗi cung ứng có tổng cộng bao nhiêu tín chỉ?,base line,"Chương trình đào tạo ngành Logistics và Quản lý Chuỗi cung ứng có tổng cộng 120 tín chỉ.

GIẢI THÍCH CHI TIẾT:  
1) Bước 1: Tổng số tín chỉ của chương trình được nêu rõ trong phần ""Khối lượng kiến thức toàn khóa"" của chương trình đào tạo.  
- Căn cứ: ""Tổng số tín chỉ: 120 tín chỉ"" (phần ""Logistics và quản lý chuỗi cung ứng > III. CHUẨN ĐẦU RA CHƯƠNG TRÌNH ĐÀO TẠO > 1.2. Khối lượng kiến thức toàn khóa"")  

2) Bước 2: Các khối kiến thức khác như kiến thức cơ sở ngành (30 tín chỉ), kiến thức bổ trợ (tổng cộng 13 tín chỉ), và các học kỳ đều được tính vào tổng số tín chỉ toàn khóa, nhưng không vượt quá tổng số tín chỉ được quy định.  
- Căn cứ: ""Tổng số tín chỉ: 30 tín chỉ"" (phần ""Kiến thức cơ sở ngành"") và ""Tổng số tín chỉ: 4 tín chỉ"", ""8 tín chỉ"", ""1 tín chỉ"" (các phần kiến thức bổ trợ) – tổng cộng 13 tín chỉ, không vượt quá 120.  

3) Bước 3: Không có thông tin nào trong CONTEXT mâu thuẫn hoặc thay đổi tổng số tín chỉ toàn khóa, nên tổng số tín chỉ được xác định là 120 tín chỉ.  
- Căn cứ: ""Tổng số tín chỉ: 120 tín chỉ"" (cùng phần ""Khối lượng kiến thức toàn khóa"")  

NGUỒN THAM KHẢO:  
- Header/Section: Logistics và quản lý chuỗi cung ứng > III. CHUẨN ĐẦU RA CHƯƠNG TRÌNH ĐÀO TẠO > 1.2. Khối lượng kiến thức toàn khóa",True,"[560, 632, 642, 587, 647, 656, 686, 718, 679, 558]",10,632,2,0.5,1,1,1.0,True,
Tổng khối lượng tín chỉ mà sinh viên ngành Logistics và Quản lý Chuỗi cung ứng cần hoàn thành là bao nhiêu?,base line,"Tổng khối lượng tín chỉ mà sinh viên ngành Logistics và Quản lý Chuỗi cung ứng cần hoàn thành là 120 tín chỉ.

GIẢI THÍCH CHI TIẾT:  
1) Bước 1: Xác định tổng số tín chỉ toàn khóa học trong chương trình đào tạo.  
- Căn cứ: ""Tổng số tín chỉ: 120 tín chỉ"" (Logistics và quản lý chuỗi cung ứng > III. CHUẨN ĐẦU RA CHƯƠNG TRÌNH ĐÀO TẠO > 1.2. Khối lượng kiến thức toàn khóa)  

2) Bước 2: Xác nhận rằng đây là tổng khối lượng tín chỉ cần hoàn thành cho toàn khóa học, bao gồm cả kiến thức cơ sở, chuyên ngành và giáo dục đại cương.  
- Căn cứ: ""Khối lượng kiến thức toàn khóa: 120 tín chỉ"" (Logistics và quản lý chuỗi cung ứng > III. CHUẨN ĐẦU RA CHƯƠNG TRÌNH ĐÀO TẠO > 1.2. Khối lượng kiến thức toàn khóa)  

3) Bước 3: Không có thông tin mâu thuẫn hoặc điều chỉnh khác về tổng tín chỉ, nên kết luận rằng 120 tín chỉ là tổng khối lượng cần hoàn thành.  
- Căn cứ: ""Tổng số tín chỉ: 120 tín chỉ"" (Logistics và quản lý chuỗi cung ứng > III. CHUẨN ĐẦU RA CHƯƠNG TRÌNH ĐÀO TẠO > 1.2. Khối lượng kiến thức toàn khóa)  

NGUỒN THAM KHẢO:  
- Header/Section: Logistics và quản lý chuỗi cung ứng > III. CHUẨN ĐẦU RA CHƯƠNG TRÌNH ĐÀO TẠO > 1.2. Khối lượng kiến thức toàn khóa",True,"[632, 560, 544, 558, 559, 557, 679, 564, 587, 664]",10,632,1,1.0,1,1,1.0,True,
Ngành Logistics và Quản lý Chuỗi cung ứng yêu cầu tích lũy tổng số tín chỉ là bao nhiêu?,base line,"Ngành Logistics và Quản lý Chuỗi cung ứng yêu cầu tích lũy tổng số 120 tín chỉ.  

GIẢI THÍCH CHI TIẾT:  
1) Bước 1: Tổng số tín chỉ toàn khóa được nêu rõ trong phần ""Khối lượng kiến thức toàn khóa"".  
- Căn cứ: ""Tổng số tín chỉ: 120 tín chỉ"" (phần ""Logistics và quản lý chuỗi cung ứng > III. CHUẨN ĐẦU RA CHƯƠNG TRÌNH ĐÀO TẠO > 1.2. Khối lượng kiến thức toàn khóa"")  

2) Bước 2: Không có thông tin nào trong CONTEXT cho thấy tổng số tín chỉ tích lũy theo học kỳ khác vượt quá 120 tín chỉ, và không có dữ liệu mâu thuẫn hoặc bổ sung.  
- Căn cứ: Các học kỳ (1.4, 1.5, 1.6, 1.7, 1.8) chỉ ghi nhận tín chỉ tích lũy từng học kỳ, không vượt quá tổng số tín chỉ toàn khóa.  

3) Bước 3: Các thành phần kiến thức (chuyên ngành, cơ sở ngành, bổ trợ) tổng cộng không vượt quá 120 tín chỉ, và tỷ lệ phân bổ phù hợp với tổng khối lượng.  
- Căn cứ: ""Tổng số tín chỉ: 120 tín chỉ"" (cùng phần ""Khối lượng kiến thức toàn khóa"")  

NGUỒN THAM KHẢO:  
- Header/Section: Logistics và quản lý chuỗi cung ứng > III. CHUẨN ĐẦU RA CHƯƠNG TRÌNH ĐÀO TẠO > 1.2. Khối lượng kiến thức toàn khóa",True,"[560, 687, 710, 559, 558, 587, 679, 699, 718, 647]",10,560,1,1.0,1,1,1.0,True,True
Số lượng tín chỉ của chương trình đào tạo ngành Logistics và Quản lý Chuỗi cung ứng được quy định là bao nhiêu?,base line,"Số lượng tín chỉ của chương trình đào tạo ngành Logistics và Quản lý Chuỗi cung ứng được quy định là 120 tín chỉ.

GIẢI THÍCH CHI TIẾT:  
1) Bước 1: Chương trình đào tạo ngành Logistics và Quản lý Chuỗi cung ứng quy định tổng số tín chỉ là 120 tín chỉ.  
- Căn cứ: ""Tổng số tín chỉ: 120 tín chỉ"" (phần ""Logistics và quản lý chuỗi cung ứng > III. CHUẨN ĐẦU RA CHƯƠNG TRÌNH ĐÀO TẠO > 1.2. Khối lượng kiến thức toàn khóa"")  

2) Bước 2: Không có thông tin mâu thuẫn hoặc thay đổi số tín chỉ trong các phần khác như kiến thức bổ trợ, kiến thức cơ sở hoặc học kỳ, nên tổng tín chỉ vẫn giữ nguyên là 120 tín chỉ.  
- Căn cứ: Các phần như ""Giáo dục thể chất"", ""Giáo dục Quốc phòng – An ninh"", ""Kiến thức cơ sở ngành"" đều chỉ chiếm một phần nhỏ trong tổng số tín chỉ (tổng cộng không vượt quá 14 tín chỉ), không thay đổi tổng số tín chỉ toàn khóa.  

NGUỒN THAM KHẢO:  
- Header/Section: Logistics và quản lý chuỗi cung ứng > III. CHUẨN ĐẦU RA CHƯƠNG TRÌNH ĐÀO TẠO > 1.2. Khối lượng kiến thức toàn khóa",True,"[560, 632, 642, 587, 656, 683, 647, 686, 670, 597]",10,632,2,0.5,1,1,1.0,True,
Sinh viên theo học ngành Logistics và Quản lý Chuỗi cung ứng phải hoàn thành bao nhiêu tín chỉ trong toàn bộ chương trình?,base line,"Sinh viên phải hoàn thành 120 tín chỉ trong toàn bộ chương trình.  

GIẢI THÍCH CHI TIẾT:  
1) Bước 1: Tổng số tín chỉ chương trình được nêu rõ trong phần ""Khối lượng kiến thức toàn khóa"".  
- Căn cứ: ""Tổng số tín chỉ: 120 tín chỉ"" (phần ""1.2. Khối lượng kiến thức toàn khóa"" trong phần III. Chuẩn đầu ra chương trình đào tạo)  

2) Bước 2: Không có thông tin mâu thuẫn hoặc thay đổi số tín chỉ trong các phần khác, nên tổng tín chỉ không thay đổi qua các khối kiến thức.  
- Căn cứ: Các khối kiến thức (kiến thức cơ sở, chuyên ngành, giáo dục đại cương) cộng lại bằng 30 + 65 + 25 = 120 tín chỉ, phù hợp với tổng tín chỉ toàn khóa.  

NGUỒN THAM KHẢO:  
- Header/Section: ""III. CHUẨN ĐẦU RA CHƯƠNG TRÌNH ĐÀO TẠO > 1.2. Khối lượng kiến thức toàn khóa""  
- Header/Section: ""Logistics và quản lý chuỗi cung ứng > III. CHUẨN ĐẦU RA CHƯƠNG TRÌNH ĐÀO TẠO > 1.2. Khối lượng kiến thức toàn khóa""",True,"[560, 544, 558, 632, 559, 564, 557, 670, 679, 683]",10,632,4,0.25,1,1,1.0,True,
Ngành Logistics cấp bằng tốt nghiệp với tên văn bằng là gì?,base line,"Văn bằng tốt nghiệp là ""Cử nhân, Ngành Khai thác vận tải"".

GIẢI THÍCH CHI TIẾT:  
1) Bước 1: Trong phần ""VĂN BẰNG TỐT NGHIỆP"", rõ ràng ghi rằng: ""Văn bằng Cử nhân, Ngành Khai thác vận tải"".  
- Căn cứ: ""Văn bằng Cử nhân, Ngành Khai thác vận tải"" (phần ""VĂN BẰNG TỐT NGHIỆP"")  

2) Bước 2: Phần này xác định chính xác tên văn bằng được cấp trong chương trình Logistics và quản lý chuỗi cung ứng, không có thông tin khác về các loại văn bằng khác.  
- Căn cứ: ""Văn bằng Cử nhân, Ngành Khai thác vận tải"" (phần ""VĂN BẰNG TỐT NGHIỆP"")  

NGUỒN THAM KHẢO:  
- Header/Section: VĂN BẰNG TỐT NGHIỆP",True,"[721, 630, 565, 572, 569, 546, 545, 722, 568, 631]",10,572,4,0.25,1,1,1.0,True,
Văn bằng tốt nghiệp được cấp cho sinh viên ngành Logistics có tên gọi là gì?,base line,"Văn bằng tốt nghiệp được cấp cho sinh viên ngành Logistics có tên gọi là ""Văn bằng Cử nhân, Ngành Khai thác vận tải"".

GIẢI THÍCH CHI TIẾT:  
1) Bước 1: Trong phần ""VĂN BẰNG TỐT NGHIỆP"", rõ ràng ghi rằng văn bằng được cấp cho sinh viên ngành Logistics là ""Văn bằng Cử nhân, Ngành Khai thác vận tải"".  
- Căn cứ: ""Văn bằng Cử nhân, Ngành Khai thác vận tải"" (phần VIII. VĂN BẰNG TỐT NGHIỆP)  

2) Bước 2: Từ ngữ ""Khai thác vận tải"" được xác định là ngành học liên quan đến Logistics và Quản lý Chuỗi cung ứng, phù hợp với chương trình đào tạo ngành này.  
- Căn cứ: ""Chương trình đào tạo chuyên ngành Logistics và Quản lý Chuỗi cung ứng được xây dựng và triển khai nhằm mục tiêu đào tạo cử nhân ngành Khai thác vận tải..."" (phần II. MỤC TIÊU ĐÀO TẠO)  

NGUỒN THAM KHẢO:  
- Header/Section: VIII. VĂN BẰNG TỐT NGHIỆP  
- Header/Section: II. MỤC TIÊU ĐÀO TẠO",True,"[721, 630, 568, 569, 526, 565, 572, 722, 553, 564]",10,572,7,0.14285714285714285,1,1,1.0,True,
"Sau khi hoàn thành chương trình học ngành Logistics, sinh viên được cấp văn bằng mang tên gì?",base line,"Sinh viên được cấp văn bằng Cử nhân, Ngành Khai thác vận tải.

GIẢI THÍCH CHI TIẾT:  
1) Bước 1: Chương trình đào tạo ngành Logistics và Quản lý Chuỗi cung ứng có mục tiêu đào tạo cử nhân ngành Khai thác vận tải.  
- Căn cứ: ""Văn bằng Cử nhân, Ngành Khai thác vận tải"" (phần VIII. VĂN BẰNG TỐT NGHIỆP)  

2) Bước 2: Trong phần giới thiệu chương trình, rõ ràng nêu tên chương trình đào tạo là ""Khai thác vận tải"", và văn bằng tốt nghiệp được cấp cho ngành này.  
- Căn cứ: ""Tên chương trình đào tạo (tiếng Anh): Logistics and Supply chain management"" (phần I. GIỚI THIỆU CHƯƠNG TRÌNH)  

NGUỒN THAM KHẢO:  
- Header/Section: VIII. VĂN BẰNG TỐT NGHIỆP  
- Header/Section: I. GIỚI THIỆU CHƯƠNG TRÌNH",True,"[721, 630, 553, 569, 565, 568, 544, 546, 572, 574]",10,572,9,0.1111111111111111,1,1,1.0,True,
Tên chính thức của văn bằng tốt nghiệp ngành Logistics là gì?,base line,"Văn bằng tốt nghiệp ngành Logistics là Văn bằng Cử nhân, Ngành Khai thác vận tải.

GIẢI THÍCH CHI TIẾT:  
1) Bước 1: Xác định loại văn bằng tốt nghiệp liên quan đến ngành Logistics.  
- Căn cứ: ""Văn bằng Cử nhân, Ngành Khai thác vận tải"" (phần ""Văn bằng Cử nhân, Ngành Khai thác vận tải"" trong phần ""VĂN BẰNG TỐT NGHIỆP"").  

2) Bước 2: Xác nhận rằng ""Khai thác vận tải"" là ngành thuộc lĩnh vực Logistics và quản lý chuỗi cung ứng.  
- Căn cứ: Nội dung chương trình đào tạo được tổ chức theo nhóm ""Logistics và quản lý chuỗi cung ứng"" (header: ""Logistics và quản lý chuỗi cung ứng > VIII. VĂN BẰNG TỐT NGHIỆP"").  

3) Bước 3: Kết luận rằng tên chính thức của văn bằng tốt nghiệp ngành Logistics là Văn bằng Cử nhân, Ngành Khai thác vận tải, vì đây là văn bằng được liệt kê cụ thể trong chương trình đào tạo ngành này.  

NGUỒN THAM KHẢO:  
- Header/Section: ""Văn bằng Cử nhân, Ngành Khai thác vận tải""  
- Header/Section: ""Logistics và quản lý chuỗi cung ứng > VIII. VĂN BẰNG TỐT NGHIỆP""",True,"[721, 630, 565, 572, 568, 722, 569, 719, 631, 564]",10,572,4,0.25,1,1,1.0,True,
Ngành Logistics trao bằng tốt nghiệp với tên gọi cụ thể như thế nào?,base line,"Văn bằng tốt nghiệp của ngành Logistics là ""Văn bằng Cử nhân, Ngành Khai thác vận tải"".

GIẢI THÍCH CHI TIẾT:  
1) Bước 1: Xác định tên văn bằng tốt nghiệp từ phần ""VĂN BẰNG TỐT NGHIỆP"" trong CONTEXT.  
- Căn cứ: ""Văn bằng Cử nhân, Ngành Khai thác vận tải"" (phần ""VĂN BẰNG TỐT NGHIỆP"").  

2) Bước 2: Xác minh rằng ""Khai thác vận tải"" là tên gọi của ngành Logistics trong chương trình đào tạo.  
- Căn cứ: ""Chương trình đào tạo chuyên ngành Logistics và Quản lý Chuỗi cung ứng"" (phần ""II. MỤC TIÊU ĐÀO TẠO"").  

3) Bước 3: Kết luận rằng tên văn bằng được trao là ""Văn bằng Cử nhân, Ngành Khai thác vận tải"" vì đây là tên chính thức được nêu trong phần văn bằng tốt nghiệp.  
- Căn cứ: ""Văn bằng Cử nhân, Ngành Khai thác vận tải"" (phần ""VĂN BẰNG TỐT NGHIỆP"").  

NGUỒN THAM KHẢO:  
- Header/Section: VĂN BẰNG TỐT NGHIỆP  
- Header/Section: II. MỤC TIÊU ĐÀO TẠO",True,"[721, 630, 565, 707, 617, 553, 722, 526, 572, 631]",10,572,9,0.1111111111111111,1,1,1.0,True,
Sinh viên tốt nghiệp ngành Logistics sẽ nhận được văn bằng có tên là gì?,base line,"Sinh viên tốt nghiệp ngành Logistics sẽ nhận được văn bằng Cử nhân, Ngành Khai thác vận tải.

GIẢI THÍCH CHI TIẾT:  
1) Bước 1: Văn bằng tốt nghiệp được nêu rõ trong phần ""VĂN BẰNG TỐT NGHIỆP"" của chương trình đào tạo.  
- Căn cứ: ""Văn bằng Cử nhân, Ngành Khai thác vận tải"" (phần VIII. VĂN BẰNG TỐT NGHIỆP)  

2) Bước 2: Ngành Khai thác vận tải là ngành được đào tạo trong chương trình Logistics và Quản lý Chuỗi cung ứng, phù hợp với mục tiêu đào tạo của chương trình.  
- Căn cứ: ""Chương trình đào tạo chuyên ngành Logistics và Quản lý Chuỗi cung ứng... nhằm mục tiêu đào tạo cử nhân ngành Khai thác vận tải"" (phần II. MỤC TIÊU ĐÀO TẠO > 1.1. Mục tiêu chung)  

NGUỒN THAM KHẢO:  
- Header/Section: VIII. VĂN BẰNG TỐT NGHIỆP  
- Header/Section: II. MỤC TIÊU ĐÀO TẠO > 1.1. MỤC TIÊU CHUNG",True,"[721, 630, 569, 565, 568, 553, 572, 526, 544, 722]",10,572,7,0.14285714285714285,1,1,1.0,True,
Tổng số tín chỉ của chương trình đào tạo ngành Công nghệ thông tin là bao nhiêu?,base line,"Tổng số tín chỉ của chương trình đào tạo ngành Công nghệ thông tin là 120 tín chỉ.  

GIẢI THÍCH CHI TIẾT:  
1) Bước 1: Chương trình đào tạo ngành Công nghệ thông tin có tổng số tín chỉ được nêu rõ trong phần giới thiệu chương trình.  
- Căn cứ: ""Tổng số tín chỉ: 120 tín chỉ (Không bao gồm: Giáo dục Quốc phòng và An ninh, Giáo dục thể chất, kỹ năng mềm, kiến thức bổ trợ khác)"" (Công nghệ thông tin > I. GIỚI THIỆU CHƯƠNG TRÌNH)  

2) Bước 2: Dù có các khối kiến thức chuyên ngành và học phần cụ thể, tổng số tín chỉ được xác định là 120 tín chỉ, không bao gồm các học phần ngoại lệ.  
- Căn cứ: ""Tổng số tín chỉ: 120 tín chỉ (Không bao gồm: Giáo dục Quốc phòng và An ninh, Giáo dục thể chất, kỹ năng mềm, kiến thức bổ trợ khác)"" (Công nghệ thông tin > I. GIỚI THIỆU CHƯƠNG TRÌNH)  

3) Bước 3: Không có thông tin nào trong CONTEXT cho thấy tổng tín chỉ bị điều chỉnh hoặc bao gồm các học phần ngoại lệ, nên giá trị 120 tín chỉ được coi là chính xác.  
- Căn cứ: ""Tổng số tín chỉ: 120 tín chỉ (Không bao gồm: Giáo dục Quốc phòng và An ninh, Giáo dục thể chất, kỹ năng mềm, kiến thức bổ trợ khác)"" (Công nghệ thông tin > I. GIỚI THIỆU CHƯƠNG TRÌNH)  

NGUỒN THAM KHẢO:  
- Header/Section: Công nghệ thông tin > I. GIỚI THIỆU CHƯƠNG TRÌNH",True,"[272, 295, 7, 318, 308, 309, 326, 14, 371, 415]",10,272,1,1.0,1,1,1.0,True,
Chương trình đào tạo ngành Công nghệ thông tin có tổng cộng bao nhiêu tín chỉ?,base line,"Chương trình đào tạo ngành Công nghệ thông tin có tổng cộng 120 tín chỉ.  

GIẢI THÍCH CHI TIẾT:  
1) Bước 1: Tổng số tín chỉ của chương trình đào tạo ngành Công nghệ thông tin được nêu rõ trong phần giới thiệu chương trình.  
- Căn cứ: ""Tổng số tín chỉ: 120 tín chỉ (Không bao gồm: Giáo dục Quốc phòng và An ninh, Giáo dục thể chất, kỹ năng mềm, kiến thức bổ trợ khác)"" (Công nghệ thông tin > I. GIỚI THIỆU CHƯƠNG TRÌNH)  

2) Bước 2: Dù có các khối kiến thức chuyên ngành và học phần cụ thể, tổng tín chỉ được xác định là 120 tín chỉ, không bao gồm các học phần ngoại lệ.  
- Căn cứ: ""Tổng số tín chỉ: 120 tín chỉ (Không bao gồm: Giáo dục Quốc phòng và An ninh, Giáo dục thể chất, kỹ năng mềm, kiến thức bổ trợ khác)"" (Công nghệ thông tin > I. GIỚI THIỆU CHƯƠNG TRÌNH)  

3) Bước 3: Các khối kiến thức khác (như kiến thức cơ sở, kiến thức ngành, học phần tự chọn) đều nằm trong tổng số 120 tín chỉ, không làm thay đổi tổng số.  
- Căn cứ: ""Tổng số tín chỉ: 120 tín chỉ (Không bao gồm: Giáo dục Quốc phòng và An ninh, Giáo dục thể chất, kỹ năng mềm, kiến thức bổ trợ khác)"" (Công nghệ thông tin > I. GIỚI THIỆU CHƯƠNG TRÌNH)  

NGUỒN THAM KHẢO:  
- Header/Section: Công nghệ thông tin > I. GIỚI THIỆU CHƯƠNG TRÌNH",True,"[272, 295, 318, 7, 308, 375, 309, 326, 439, 379]",10,272,1,1.0,1,1,1.0,True,
Tổng số tín chỉ mà sinh viên ngành Công nghệ thông tin cần tích lũy là bao nhiêu?,base line,"Sinh viên ngành Công nghệ thông tin cần tích lũy tối thiểu 120 tín chỉ.

GIẢI THÍCH CHI TIẾT:  
1) Bước 1: Chương trình đào tạo yêu cầu sinh viên tích lũy tối thiểu 120 tín chỉ để có bằng tốt nghiệp.  
- Căn cứ: ""Chương trình đào tạo có khối lượng tín chỉ cần phải tích lũy tối thiểu 120 tín chỉ đối với người có bằng tốt nghiệp trung học phổ thông hoặc tương đương và phải được quy định cụ thể trong mỗi chương trình đào tạo."" (Điều 2, Qui_dinh > Chương I. NHỮNG QUY ĐỊNH CHUNG)  

2) Bước 2: Không có thông tin cụ thể về tổng số tín chỉ trong chương trình Công nghệ thông tin được nêu rõ hơn 120 tín chỉ, nên ta chỉ có thể xác định mức tối thiểu theo quy định chung.  
- Căn cứ: ""Khối lượng tín chỉ cần phải tích lũy của chương trình đào tạo là khối lượng tính bằng tổng số tín chỉ của những học phần cần phải tích lũy trong chương trình đào tạo..."" (Điều 2, Qui_dinh > Chương I. NHỮNG QUY ĐỊNH CHUNG)  

3) Bước 3: Các học phần như Thực tập tốt nghiệp (3 tín chỉ), Luận văn tốt nghiệp (6 tín chỉ), và các học phần tự chọn được liệt kê nhưng không vượt quá tổng số tín chỉ quy định.  
- Căn cứ: ""Sinh viên chọn tối thiểu 3 tín chỉ trong số học phần sau: Thực tập tốt nghiệp"" (Công nghệ thông tin > IV. CHƯƠNG TRÌNH KHUNG > HỌC KỲ 7)  

NGUỒN THAM KHẢO:  
- Header/Section: Qui_dinh > Chương I. NHỮNG QUY ĐỊNH CHUNG > Điều 2. Chương trình đào tạo và thời gian học tập > 3. Chương trình đào tạo có khối lượng tín chỉ cần phải tích lũy tối thiểu 120 tín chỉ  
- Header/Section: Công nghệ thông tin > IV. CHƯƠNG TRÌNH KHUNG (KẾ HOẠCH THỰC HIỆN) > HỌC KỲ 7 > Thực tập tốt nghiệp  
- Header/Section: Công nghệ thông tin > IV. CHƯƠNG TRÌNH KHUNG (KẾ HOẠCH THỰC HIỆN) > HỌC KỲ 8 > Luận văn tốt nghiệp",True,"[415, 457, 344, 426, 74, 309, 60, 349, 318, 407]",10,457,2,0.5,1,1,1.0,True,True
Ngành Công nghệ thông tin quy định sinh viên phải hoàn thành bao nhiêu tín chỉ?,base line,"Sinh viên phải hoàn thành tối thiểu 28 tín chỉ kiến thức chuyên ngành và 6 tín chỉ luận văn tốt nghiệp, cộng với 3 tín chỉ thực tập tốt nghiệp và 3 tín chỉ nhập môn ngành CNTT. Tổng cộng là 38 tín chỉ.  

GIẢI THÍCH CHI TIẾT:  
1) Bước 1: Sinh viên phải học 28 tín chỉ trong kiến thức chuyên ngành (được quy định rõ trong phần ""Kiến thức chuyên ngành: 28 tín chỉ"").  
- Căn cứ: ""Sinh viên chọn 19 tín chỉ"" (Mạng máy tính và truyền thông dữ liệu > III. CHƯƠNG TRÌNH CHI TIẾT > 3. Kiến thức chuyên ngành: 28 tín chỉ > TC2)  

2) Bước 2: Sinh viên phải hoàn thành 6 tín chỉ luận văn tốt nghiệp (theo chương trình khung).  
- Căn cứ: ""Sinh viên có thể chọn 28 tín chỉ và 6 tín chỉ luận văn tốt nghiệp"" (Công nghệ thông tin > III. CHƯƠNG TRÌNH CHI TIẾT > 2. Kiến thức giáo dục chuyên nghiệp)  

3) Bước 3: Học phần thực tập tốt nghiệp (3 tín chỉ) và nhập môn ngành CNTT (3 tín chỉ) là bắt buộc và được quy định rõ.  
- Căn cứ: ""Số tín chỉ: 3"" (Công nghệ thông tin > IV. CHƯƠNG TRÌNH KHUNG > HỌC KỲ 7 > Thực tập tốt nghiệp)  
- Căn cứ: ""Số tín chỉ: 3"" (Công nghệ thông tin > IV. CHƯƠNG TRÌNH KHUNG > HỌC KỲ 1 > Nhập môn ngành CNTT)  

4) Bước 4: Tổng tín chỉ được tính là tổng của các học phần bắt buộc và tự chọn được quy định.  
- Căn cứ: ""Sinh viên học 12 tín chỉ tự chọn nếu không làm Luận văn tốt nghiệp hoặc học thêm 6 tín chỉ tự chọn nếu làm Luận văn tốt nghiệp"" (không ảnh hưởng đến tổng tín chỉ bắt buộc)  

NGUỒN THAM KHẢO:  
- Header/Section: Công nghệ thông tin > III. CHƯƠNG TRÌNH CHI TIẾT > 2. Kiến thức giáo dục chuyên nghiệp  
- Header/Section: Công nghệ thông tin > IV. CHƯƠNG TRÌNH KHUNG (KẾ HOẠCH THỰC HIỆN) > HỌC KỲ 7 > Thực tập tốt nghiệp  
- Header/Section: Công nghệ thông tin > IV. CHƯƠNG TRÌNH KHUNG (KẾ HOẠCH THỰC HIỆN) > HỌC KỲ 1 > Nhập môn ngành CNTT  
- Header/Section: Mạng máy tính và truyền thông dữ liệu > III. CHƯƠNG TRÌNH CHI TIẾT > 3. Kiến thức chuyên ngành: 28 tín chỉ > TC2",True,"[415, 327, 74, 426, 69, 61, 349, 368, 338, 63]",10,415,1,1.0,1,1,1.0,True,True
Toàn bộ chương trình đào tạo ngành Công nghệ thông tin bao gồm bao nhiêu tín chỉ?,base line,"Toàn bộ chương trình đào tạo ngành Công nghệ thông tin bao gồm 120 tín chỉ.  

GIẢI THÍCH CHI TIẾT:  
1) Bước 1: Chương trình đào tạo ngành Công nghệ thông tin có tổng số tín chỉ được nêu rõ trong phần giới thiệu chương trình.  
- Căn cứ: ""120 tín chỉ (Không bao gồm: Giáo dục Quốc phòng và An ninh, Giáo dục thể chất, kỹ năng mềm, kiến thức bổ trợ khác)"" (Mạng máy tính và truyền thông dữ liệu > I. GIỚI THIỆU CHƯƠNG TRÌNH > 1. Giới thiệu chung > Tổng số tín chỉ)  

2) Bước 2: Dù có các học phần thuộc kiến thức chuyên ngành, cơ sở ngành, hoặc tự chọn, tổng số tín chỉ được ghi nhận là 120 tín chỉ, không bao gồm các học phần bổ sung như giáo dục thể chất, kỹ năng mềm.  
- Căn cứ: ""Tổng số tín chỉ: 120 tín chỉ (Không bao gồm: Giáo dục Quốc phòng và An ninh, Giáo dục thể chất, kỹ năng mềm, kiến thức bổ trợ khác)"" (Công nghệ thông tin > I. GIỚI THIỆU CHƯƠNG TRÌNH > Tên chương trình đào tạo)  

NGUỒN THAM KHẢO:  
- Mạng máy tính và truyền thông dữ liệu > I. GIỚI THIỆU CHƯƠNG TRÌNH > 1. Giới thiệu chung > Tổng số tín chỉ  
- Công nghệ thông tin > I. GIỚI THIỆU CHƯƠNG TRÌNH > Tên chương trình đào tạo",True,"[272, 308, 318, 295, 309, 7, 326, 371, 375, 387]",10,272,1,1.0,1,1,1.0,True,
Số lượng tín chỉ của chương trình đào tạo ngành Công nghệ thông tin được xác định là bao nhiêu?,base line,"Số lượng tín chỉ của chương trình đào tạo ngành Công nghệ thông tin là 120 tín chỉ.

GIẢI THÍCH CHI TIẾT:  
1) Bước 1: Chương trình đào tạo ngành Công nghệ thông tin quy định tổng số tín chỉ là 120 tín chỉ, không bao gồm các học phần như Giáo dục Quốc phòng và An ninh, Giáo dục thể chất, kỹ năng mềm, kiến thức bổ trợ khác.  
- Căn cứ: ""Tổng số tín chỉ: 120 tín chỉ (Không bao gồm: Giáo dục Quốc phòng và An ninh, Giáo dục thể chất, kỹ năng mềm, kiến thức bổ trợ khác)"" (Công nghệ thông tin > I. GIỚI THIỆU CHƯƠNG TRÌNH)  

2) Bước 2: Theo Điều 2 của Quy định chung, chương trình đào tạo phải tích lũy tối thiểu 120 tín chỉ đối với sinh viên có bằng tốt nghiệp trung học phổ thông hoặc tương đương.  
- Căn cứ: ""Chương trình đào tạo có khối lượng tín chỉ cần phải tích lũy tối thiểu 120 tín chỉ đối với người có bằng tốt nghiệp trung học phổ thông hoặc tương đương"" (Qui_dinh > **Chương I. NHỮNG QUY ĐỊNH CHUNG** > **Điều 2. Chương trình đào tạo và thời gian học tập**)  

NGUỒN THAM KHẢO:  
- Công nghệ thông tin > I. GIỚI THIỆU CHƯƠNG TRÌNH  
- Qui_dinh > **Chương I. NHỮNG QUY ĐỊNH CHUNG** > **Điều 2. Chương trình đào tạo và thời gian học tập**",True,"[272, 375, 371, 318, 415, 309, 387, 457, 439, 326]",10,272,1,1.0,1,1,1.0,True,
Tên chương trình đào tạo tiếng Anh của ngành Mạng máy tính và Truyền thông dữ liệu là gì?,base line,"Computer networks and Data communication  

GIẢI THÍCH CHI TIẾT:  
1) Bước 1: Xác định tên chương trình đào tạo tiếng Anh trongCONTEXT.  
- Căn cứ: ""Tên chương trình đào tạo (tiếng Anh): Computer networks and Data communication"" (phần ""Mạng máy tính và truyền thông dữ liệu > I. GIỚI THIỆU CHƯƠNG TRÌNH > 1. Giới thiệu chung"")  

2) Bước 2: Xác nhận rằng tên này tương ứng với ngành ""Mạng máy tính và truyền thông dữ liệu"" được đề cập trong câu hỏi.  
- Căn cứ: ""Tên chương trình đào tạo (tiếng Việt): Mạng máy tính và truyền thông dữ liệu"" (phần ""Mạng máy tính và truyền thông dữ liệu > I. GIỚI THIỆU CHƯƠNG TRÌNH > 1. Giới thiệu chung"")  

NGUỒN THAM KHẢO:  
- Header/Section: Mạng máy tính và truyền thông dữ liệu > I. GIỚI THIỆU CHƯƠNG TRÌNH > 1. Giới thiệu chung > Tên chương trình đào tạo (tiếng Anh)  
- Header/Section: Mạng máy tính và truyền thông dữ liệu > I. GIỚI THIỆU CHƯƠNG TRÌNH > 1. Giới thiệu chung > Tên chương trình đào tạo (tiếng Việt)",True,"[2, 1, 205, 216, 6, 3, 197, 8, 4, 254]",10,3,6,0.16666666666666666,1,1,1.0,True,
Chương trình đào tạo bằng tiếng Anh của ngành Mạng máy tính và Truyền thông dữ liệu có tên gọi là gì?,base line,"Chương trình đào tạo bằng tiếng Anh của ngành Mạng máy tính và Truyền thông dữ liệu có tên là Computer networks and Data communication.

GIẢI THÍCH CHI TIẾT:  
1) Bước 1: Xác định tên chương trình đào tạo bằng tiếng Anh trong phần giới thiệu chung của ngành.  
- Căn cứ: ""Tên chương trình đào tạo (tiếng Anh): Computer networks and Data communication"" (phần ""Mạng máy tính và truyền thông dữ liệu > I. GIỚI THIỆU CHƯƠNG TRÌNH > 1. Giới thiệu chung"")  

2) Bước 2: Xác nhận rằng tên này thuộc về ngành ""Mạng máy tính và truyền thông dữ liệu"", phù hợp với câu hỏi.  
- Căn cứ: ""Mạng máy tính và truyền thông dữ liệu > I. GIỚI THIỆU CHƯƠNG TRÌNH > 1. Giới thiệu chung > Tên chương trình đào tạo (tiếng Anh): Computer networks and Data communication""  

NGUỒN THAM KHẢO:  
- Header/Section: Mạng máy tính và truyền thông dữ liệu > I. GIỚI THIỆU CHƯƠNG TRÌNH > 1. Giới thiệu chung > Tên chương trình đào tạo (tiếng Anh)",True,"[2, 1, 4, 205, 3, 216, 8, 6, 546, 5]",10,3,5,0.2,1,1,1.0,True,
Tên tiếng Anh của chương trình đào tạo ngành Mạng máy tính và Truyền thông dữ liệu là gì?,base line,"Tên tiếng Anh của chương trình đào tạo là Computer networks and Data communication.

GIẢI THÍCH CHI TIẾT:  
1) Bước 1: Xác định tên chương trình đào tạo bằng tiếng Anh trong phần giới thiệu chung của chương trình.  
- Căn cứ: ""Tên chương trình đào tạo (tiếng Anh): Computer networks and Data communication"" (phần ""TÊN CHƯƠNG TRÌNH ĐÀO TẠO (TIẾNG ANH)"" trong GIỚI THIỆU CHƯƠNG TRÌNH).  

2) Bước 2: Xác nhận rằng tên này tương ứng với ngành ""Mạng máy tính và truyền thông dữ liệu"" để đảm bảo tính chính xác.  
- Căn cứ: ""Mạng máy tính và truyền thông dữ liệu > I. GIỚI THIỆU CHƯƠNG TRÌNH > 1. Giới thiệu chung > Tên chương trình đào tạo (tiếng Anh): Computer networks and Data communication"" (cùng phần giới thiệu chương trình).  

NGUỒN THAM KHẢO:  
- Header/Section: Tên chương trình đào tạo (tiếng Anh)  
- Header/Section: I. GIỚI THIỆU CHƯƠNG TRÌNH > 1. Giới thiệu chung",True,"[2, 1, 3, 4, 6, 8, 216, 205, 197, 5]",10,3,3,0.3333333333333333,1,1,1.0,True,
Ngành Mạng máy tính và Truyền thông dữ liệu được giảng dạy bằng tiếng Anh với tên chương trình là gì?,base line,"Computer networks and Data communication

GIẢI THÍCH CHI TIẾT:  
1) Bước 1: Xác định tên chương trình đào tạo của ngành Mạng máy tính và truyền thông dữ liệu bằng tiếng Anh.  
- Căn cứ: ""Tên chương trình đào tạo (tiếng Anh): Computer networks and Data communication"" (phần ""Mạng máy tính và truyền thông dữ liệu > I. GIỚI THIỆU CHƯƠNG TRÌNH > 1. Giới thiệu chung"")  

2) Bước 2: Xác minh rằng tên này là tên chính thức của chương trình được giảng dạy bằng tiếng Anh, không có thông tin mâu thuẫn hoặc thay thế khác.  
- Căn cứ: Không có thông tin nào khác về tên chương trình bằng tiếng Anh trong CONTEXT, nên tên trên là duy nhất và chính xác.  

NGUỒN THAM KHẢO:  
- Header/Section: Mạng máy tính và truyền thông dữ liệu > I. GIỚI THIỆU CHƯƠNG TRÌNH > 1. Giới thiệu chung",True,"[2, 1, 216, 205, 4, 79, 254, 76, 546, 125]",10,2,1,1.0,1,1,1.0,True,True
Chương trình đào tạo ngành Mạng máy tính và Truyền thông dữ liệu bằng tiếng Anh mang tên gì?,base line,"Chương trình đào tạo ngành Mạng máy tính và Truyền thông dữ liệu bằng tiếng Anh mang tên Computer networks and Data communication.

GIẢI THÍCH CHI TIẾT:  
1) Bước 1: Xác định tên chương trình đào tạo bằng tiếng Anh trong phần giới thiệu chung của chương trình.  
- Căn cứ: ""Tên chương trình đào tạo (tiếng Anh): Computer networks and Data communication"" (phần ""TÊN CHƯƠNG TRÌNH ĐÀO TẠO (TIẾNG ANH)"" trong mục ""I. GIỚI THIỆU CHƯƠNG TRÌNH > 1. GIỚI THIỆU CHUNG"")  

2) Bước 2: Xác nhận tên này là tên chính thức của chương trình đào tạo bằng tiếng Anh, phù hợp với yêu cầu câu hỏi.  
- Căn cứ: ""Tên chương trình đào tạo (tiếng Anh): Computer networks and Data communication"" (cùng phần trên)  

NGUỒN THAM KHẢO:  
- Header/Section: Mạng máy tính và truyền thông dữ liệu > I. GIỚI THIỆU CHƯƠNG TRÌNH > 1. Giới thiệu chung > Tên chương trình đào tạo (tiếng Anh)",True,"[2, 1, 3, 6, 4, 205, 8, 76, 216, 142]",10,3,3,0.3333333333333333,1,1,1.0,True,
Tên chính thức của chương trình đào tạo tiếng Anh ngành Mạng máy tính và Truyền thông dữ liệu là gì?,base line,"Tên chính thức của chương trình đào tạo tiếng Anh là Computer networks and Data communication.

GIẢI THÍCH CHI TIẾT:  
1) Bước 1: Xác định tên chương trình đào tạo bằng tiếng Anh trong phần giới thiệu chung.  
- Căn cứ: ""Tên chương trình đào tạo (tiếng Anh): Computer networks and Data communication"" (Mạng máy tính và truyền thông dữ liệu > I. GIỚI THIỆU CHƯƠNG TRÌNH > 1. Giới thiệu chung)  

2) Bước 2: Xác nhận rằng tên này là tên chính thức của chương trình đào tạo, vì nó được liệt kê rõ ràng trong phần giới thiệu chung, cùng với tên tiếng Việt.  
- Căn cứ: ""Tên chương trình đào tạo (tiếng Việt): Mạng máy tính và truyền thông dữ liệu"" (Mạng máy tính và truyền thông dữ liệu > I. GIỚI THIỆU CHƯƠNG TRÌNH > 1. Giới thiệu chung)  

NGUỒN THAM KHẢO:  
- Header/Section: Mạng máy tính và truyền thông dữ liệu > I. GIỚI THIỆU CHƯƠNG TRÌNH > 1. Giới thiệu chung",True,"[2, 1, 3, 216, 6, 4, 5, 254, 205, 76]",10,3,3,0.3333333333333333,1,1,1.0,True,
"Theo quy định chung của trường, một chương trình đào tạo bậc đại học phải có tối thiểu bao nhiêu tín chỉ tích lũy?",base line,"Một chương trình đào tạo bậc đại học phải có tối thiểu 120 tín chỉ tích lũy.

GIẢI THÍCH CHI TIẾT:  
1) Bước 1: Quy định nêu rõ rằng chương trình đào tạo phải tích lũy tối thiểu 120 tín chỉ đối với người có bằng tốt nghiệp trung học phổ thông hoặc tương đương.  
- Căn cứ: ""Chương trình đào tạo có khối lượng tín chỉ cần phải tích lũy tối thiểu 120 tín chỉ đối với người có bằng tốt nghiệp trung học phổ thông hoặc tương đương và phải được quy định cụ thể trong mỗi chương trình đào tạo."" (Điều 2, Chương I)  

2) Bước 2: Điều này được xác định là khối lượng tín chỉ cần phải tích lũy, được tính từ đầu khóa học và sử dụng để đánh giá kết quả học tập, không bao gồm các môn học điều kiện như Giáo dục quốc phòng, thể chất, v.v.  
- Căn cứ: ""Tổng số tín chỉ: 120 tín chỉ (Không bao gồm: Giáo dục Quốc phòng và An ninh, Giáo dục thể chất, kỹ năng mềm, kiến thức bổ trợ khác)"" (Mục 1. Giới thiệu chung, Mạng máy tính và truyền thông dữ liệu)  

NGUỒN THAM KHẢO:  
- Điều 2, Chương I  
- Mục 1. Giới thiệu chung, Mạng máy tính và truyền thông dữ liệu",True,"[457, 458, 459, 455, 564, 462, 472, 460, 718, 7]",10,457,1,1.0,1,1,1.0,True,
"Theo quy định của nhà trường, số tín chỉ tối thiểu cần tích lũy cho một chương trình đào tạo bậc đại học là bao nhiêu?",base line,"Số tín chỉ tối thiểu cần tích lũy cho một chương trình đào tạo bậc đại học là 120 tín chỉ.

GIẢI THÍCH CHI TIẾT:  
1) Bước 1: Theo quy định, chương trình đào tạo phải tích lũy tối thiểu 120 tín chỉ đối với người có bằng tốt nghiệp trung học phổ thông hoặc tương đương.  
- Căn cứ: ""Chương trình đào tạo có khối lượng tín chỉ cần phải tích lũy tối thiểu 120 tín chỉ đối với người có bằng tốt nghiệp trung học phổ thông hoặc tương đương"" (Điều 2, Chương I).  

2) Bước 2: Điều này được nêu rõ trong phần quy định chung về chương trình đào tạo và thời gian học tập, không có thông tin nào cho thấy số tín chỉ này được điều chỉnh theo hình thức đào tạo hoặc đối tượng sinh viên.  
- Căn cứ: ""Chương trình đào tạo có khối lượng tín chỉ cần phải tích lũy tối thiểu 120 tín chỉ đối với người có bằng tốt nghiệp trung học phổ thông hoặc tương đương"" (Điều 2, Chương I).  

3) Bước 3: Không có thông tin nào trong CONTEXT cho thấy số tín chỉ này được giảm hoặc thay đổi theo hình thức đào tạo (liên thông, đại học chính quy), nên ta chấp nhận giá trị 120 tín chỉ là chuẩn chung.  
- Căn cứ: ""Đối với sinh viên liên thông khối lượng tín chỉ cần phải tích lũy còn phải học... nhưng không thấp hơn 50% khối lượng tín chỉ cần phải tích lũy của chương trình đào tạo"" (Điều 2, Chương I).  

NGUỒN THAM KHẢO:  
- Điều 2, Chương I: ""Chương trình đào tạo có khối lượng tín chỉ cần phải tích lũy tối thiểu 120 tín chỉ đối với người có bằng tốt nghiệp trung học phổ thông hoặc tương đương""",True,"[457, 459, 458, 455, 472, 418, 348, 350, 147, 349]",10,457,1,1.0,1,1,1.0,True,
Một chương trình đào tạo trình độ đại học theo quy định chung của trường phải đạt tối thiểu bao nhiêu tín chỉ?,base line,"Một chương trình đào tạo trình độ đại học phải đạt tối thiểu 120 tín chỉ.

GIẢI THÍCH CHI TIẾT:  
1) Bước 1: Theo quy định, chương trình đào tạo phải tích lũy tối thiểu 120 tín chỉ đối với người có bằng tốt nghiệp trung học phổ thông hoặc tương đương.  
- Căn cứ: ""Chương trình đào tạo có khối lượng tín chỉ cần phải tích lũy tối thiểu 120 tín chỉ đối với người có bằng tốt nghiệp trung học phổ thông hoặc tương đương"" (Điều 2, Chương I).  

2) Bước 2: Đây là yêu cầu chung cho tất cả chương trình đào tạo đại học theo quy định của trường, được nêu rõ trong phạm vi điều chỉnh của Quy định.  
- Căn cứ: ""Quy định này quy định về việc tổ chức và quản lý đào tạo trình độ đại học hình thức chính quy theo tín chỉ"" (Điều 1, Chương I).  

3) Bước 3: Tín chỉ này là cơ sở bắt buộc, không bao gồm các môn học điều kiện như Giáo dục quốc phòng, thể chất, kỹ năng mềm, v.v.  
- Căn cứ: ""Tổng số tín chỉ: 120 tín chỉ (Không bao gồm: Giáo dục Quốc phòng và An ninh, Giáo dục thể chất, kỹ năng mềm, kiến thức bổ trợ khác)"" (Mạng máy tính và truyền thông dữ liệu > I. GIỚI THIỆU CHƯƠNG TRÌNH > 1. Giới thiệu chung).  

NGUỒN THAM KHẢO:  
- Điều 2, Chương I  
- Điều 1, Chương I  
- Mạng máy tính và truyền thông dữ liệu > I. GIỚI THIỆU CHƯƠNG TRÌNH > 1. Giới thiệu chung",True,"[457, 458, 459, 455, 462, 460, 472, 7, 454, 564]",10,457,1,1.0,1,1,1.0,True,
Quy định của nhà trường yêu cầu chương trình đào tạo đại học phải có ít nhất bao nhiêu tín chỉ tích lũy?,base line,"Chương trình đào tạo đại học phải có ít nhất 120 tín chỉ tích lũy.

GIẢI THÍCH CHI TIẾT:  
1) Bước 1: Quy định yêu cầu chương trình đào tạo phải tích lũy tối thiểu 120 tín chỉ đối với người có bằng tốt nghiệp trung học phổ thông hoặc tương đương.  
- Căn cứ: ""Chương trình đào tạo có khối lượng tín chỉ cần phải tích lũy tối thiểu 120 tín chỉ đối với người có bằng tốt nghiệp trung học phổ thông hoặc tương đương"" (Điều 2, Chương I).  

2) Bước 2: Đây là yêu cầu chung áp dụng cho tất cả chương trình đào tạo đại học, không phân biệt hình thức (liên thông hoặc chính quy).  
- Căn cứ: ""Chương trình đào tạo được xây dựng theo đơn vị tín chỉ, cấu trúc từ các học phần và môn học... phải có đủ các môn học và học phần bắt buộc để đáp ứng chuẩn chương trình đào tạo..."" (Điều 2, Chương I).  

3) Bước 3: Không có thông tin nào trong CONTEXT cho thấy mức tín chỉ thấp hơn 120 được chấp nhận, nên 120 là mức tối thiểu được quy định rõ ràng.  
- Căn cứ: ""phải tích lũy tối thiểu 120 tín chỉ"" (Điều 2, Chương I).  

NGUỒN THAM KHẢO:  
- Điều 2, Chương I  
- Qui_dinh > Chương I. NHỮNG QUY ĐỊNH CHUNG > Điều 2. Chương trình đào tạo và thời gian học tập > 3.",True,"[457, 458, 459, 455, 472, 460, 471, 526, 165, 348]",10,457,1,1.0,1,1,1.0,True,
Số tín chỉ tối thiểu mà một chương trình đào tạo bậc đại học cần có theo quy định chung của trường là bao nhiêu?,base line,"Số tín chỉ tối thiểu mà một chương trình đào tạo bậc đại học cần có là 120 tín chỉ.

GIẢI THÍCH CHI TIẾT:  
1) Bước 1: Theo quy định, chương trình đào tạo phải tích lũy tối thiểu 120 tín chỉ đối với người có bằng tốt nghiệp trung học phổ thông hoặc tương đương.  
- Căn cứ: ""Chương trình đào tạo có khối lượng tín chỉ cần phải tích lũy tối thiểu 120 tín chỉ đối với người có bằng tốt nghiệp trung học phổ thông hoặc tương đương"" (Điều 2, Chương I).  

2) Bước 2: Điều này được xác định rõ trong phần quy định chung về chương trình đào tạo, không có thông tin nào cho thấy số tín chỉ thấp hơn hoặc khác biệt theo hình thức đào tạo.  
- Căn cứ: ""Chương trình đào tạo được xây dựng theo đơn vị tín chỉ, cấu trúc từ các học phần và môn học... phải có đủ các môn học và học phần bắt buộc để đáp ứng chuẩn chương trình đào tạo"" (Điều 1, Chương I).  

3) Bước 3: Trong chương trình cụ thể ""Mạng máy tính và truyền thông dữ liệu"", tổng số tín chỉ được nêu là 120 tín chỉ (không bao gồm các môn học điều kiện), điều này hỗ trợ cho việc xác định 120 là mức tối thiểu theo quy định chung.  
- Căn cứ: ""Tổng số tín chỉ: 120 tín chỉ (Không bao gồm: Giáo dục Quốc phòng và An ninh, Giáo dục thể chất, kỹ năng mềm, kiến thức bổ trợ khác)"" (Mạng máy tính và truyền thông dữ liệu > I. Giới thiệu chương trình).  

NGUỒN THAM KHẢO:  
- Điều 2, Chương I  
- Mạng máy tính và truyền thông dữ liệu > I. GIỚI THIỆU CHƯƠNG TRÌNH > 1. Giới thiệu chung",True,"[457, 458, 459, 455, 472, 462, 418, 464, 7, 104]",10,457,1,1.0,1,1,1.0,True,
"Theo quy định hiện hành của nhà trường, chương trình đào tạo đại học phải đảm bảo tối thiểu bao nhiêu tín chỉ?",base line,"Chương trình đào tạo đại học phải đảm bảo tối thiểu 120 tín chỉ.

GIẢI THÍCH CHI TIẾT:  
1) Bước 1: Quy định nêu rõ khối lượng tín chỉ cần phải tích lũy tối thiểu là 120 tín chỉ đối với người có bằng tốt nghiệp trung học phổ thông hoặc tương đương.  
- Căn cứ: ""Khối lượng tín chỉ cần phải tích lũy tối thiểu 120 tín chỉ đối với người có bằng tốt nghiệp trung học phổ thông hoặc tương đương và phải được quy định cụ thể trong mỗi chương trình đào tạo."" (Điều 2, Chương I)  

2) Bước 2: Điều này được xác định là yêu cầu bắt buộc trong chương trình đào tạo đại học theo quy định hiện hành của nhà trường, không có thông tin nào cho thấy mức tín chỉ thấp hơn.  
- Căn cứ: ""Chương trình đào tạo được xây dựng theo đơn vị tín chỉ, cấu trúc từ các học phần và môn học... phải có đủ các môn học và học phần bắt buộc để đáp ứng chuẩn chương trình đào tạo..."" (Điều 2, Chương I)  

3) Bước 3: Không có thông tin nào trong CONTEXT cho thấy mức tín chỉ tối thiểu thấp hơn 120, và điều này được nêu rõ trong điều kiện bắt buộc cho sinh viên.  
- Căn cứ: ""Khối lượng tín chỉ cần phải tích lũy của chương trình đào tạo là khối lượng tính bằng tổng số tín chỉ của những học phần cần phải tích lũy trong chương trình đào tạo..."" (Điều 2, Chương I)  

NGUỒN THAM KHẢO:  
- Điều 2, Chương I. NHỮNG QUY ĐỊNH CHUNG  
- Điều 2, Chương I. NHỮNG QUY ĐỊNH CHUNG  
- Điều 2, Chương I. NHỮNG QUY ĐỊNH CHUNG",True,"[458, 457, 455, 459, 472, 462, 460, 471, 454, 350]",10,457,2,0.5,1,1,1.0,True,
Thời gian tối đa để sinh viên hoàn thành khối lượng tín chỉ của một chương trình đào tạo là bao lâu?,base line,"Thời gian tối đa để sinh viên hoàn thành khối lượng tín chỉ của một chương trình đào tạo là 02 lần thời gian theo kế hoạch học tập chuẩn toàn khóa.  

GIẢI THÍCH CHI TIẾT:  
1) Bước 1: Theo Điều 2, Khoản 5, Chương I, thời gian tối đa để hoàn thành việc tích lũy khối lượng tín chỉ không vượt quá 02 lần thời gian theo kế hoạch học tập chuẩn toàn khóa đối với mỗi hình thức đào tạo.  
- Căn cứ: ""Thời gian tối đa để hoàn thành việc tích lũy khối lượng tín chỉ cần phải tích lũy của chương trình đào tạo không vượt quá 02 lần thời gian theo kế hoạch học tập chuẩn toàn khóa đối với mỗi hình thức đào tạo."" (Qui_dinh > Chương I. NHỮNG QUY ĐỊNH CHUNG > Điều 2. Chương trình đào tạo và thời gian học tập > 5)  

2) Bước 2: Thời gian hoàn thành khóa học của kế hoạch học tập chuẩn được xác định là 04 năm, do đó 02 lần thời gian đó là 08 năm.  
- Căn cứ: ""Thời gian hoàn thành khóa học của kế hoạch học tập chuẩn trong chương trình đào tạo là 04 năm"" (Qui_dinh > Chương I. NHỮNG QUY ĐỊNH CHUNG > Điều 2. Chương trình đào tạo và thời gian học tập > 4).  

3) Bước 3: Tuy nhiên, điều này chỉ áp dụng cho sinh viên đại học. Đối với sinh viên liên thông, thời gian hoàn thành được xác định theo 30 tín chỉ tương ứng với 1 năm, nhưng không được nêu rõ thời gian tối đa tổng thể.  
- Căn cứ: ""Đối với sinh viên liên thông, thời gian hoàn thành khóa học được xác định cho từng sinh viên căn cứ khối lượng tín chỉ cần phải tích lũy còn phải học với cách xác định là 30 tín chỉ tương ứng với 01 năm."" (Qui_dinh > Chương I. NHỮNG QUY ĐỊNH CHUNG > Điều 2. Chương trình đào tạo và thời gian học tập > 4)  

Tuy nhiên, câu hỏi không phân biệt đối tượng sinh viên, nên câu trả lời dựa trên quy định chung cho chương trình đào tạo.  

NGUỒN THAM KHẢO:  
- Qui_dinh > Chương I. NHỮNG QUY ĐỊNH CHUNG > Điều 2. Chương trình đào tạo và thời gian học tập > 5  
- Qui_dinh > Chương I. NHỮNG QUY ĐỊNH CHUNG > Điều 2. Chương trình đào tạo và thời gian học tập > 4",True,"[459, 458, 457, 455, 472, 488, 418, 470, 326, 462]",10,457,3,0.3333333333333333,1,1,1.0,True,
Thời hạn tối đa mà sinh viên được phép hoàn thành toàn bộ khối lượng tín chỉ của chương trình đào tạo là bao lâu?,base line,"Thời hạn tối đa là 08 năm đối với sinh viên đại học, và 06 năm đối với sinh viên liên thông.  

GIẢI THÍCH CHI TIẾT:  
1) Bước 1: Thời gian tối đa để hoàn thành việc tích lũy khối lượng tín chỉ không vượt quá 02 lần thời gian theo kế hoạch học tập chuẩn toàn khóa.  
- Căn cứ: ""Thời gian tối đa để hoàn thành việc tích lũy khối lượng tín chỉ cần phải tích lũy của chương trình đào tạo không vượt quá 02 lần thời gian theo kế hoạch học tập chuẩn toàn khóa đối với mỗi hình thức đào tạo."" (Điều 2, Chương I)  

2) Bước 2: Thời gian hoàn thành khóa học của kế hoạch học tập chuẩn là 04 năm, nên 02 lần là 08 năm đối với sinh viên đại học.  
- Căn cứ: ""Thời gian hoàn thành khóa học của kế hoạch học tập chuẩn trong chương trình đào tạo là 04 năm"" (Điều 2, Chương I)  

3) Bước 3: Đối với sinh viên liên thông, thời gian hoàn thành khóa học được xác định bằng cách chia khối lượng tín chỉ còn phải học cho 30 tín chỉ tương ứng 1 năm.  
- Căn cứ: ""Đối với sinh viên liên thông, thời gian hoàn thành khóa học được xác định cho từng sinh viên căn cứ khối lượng tín chỉ cần phải tích lũy còn phải học với cách xác định là 30 tín chỉ tương ứng với 01 năm."" (Điều 2, Chương I)  

4) Bước 4: Khối lượng tín chỉ cần tích lũy tối thiểu là 120 tín chỉ, và sinh viên liên thông phải học ít nhất 50% khối lượng tín chỉ của chương trình.  
- Căn cứ: ""Đối với sinh viên liên thông, khối lượng tín chỉ cần phải tích lũy còn phải học được xác định trên cơ sở khối lượng tín chỉ cần phải tích lũy của chương trình đào tạo đang theo học sau khi đã trừ đi khối lượng tín chỉ tích lũy đã được miễn trừ, nhưng không thấp hơn 50% khối lượng tín chỉ cần phải tích lũy của chương trình đào tạo."" (Điều 2, Chương I)  

5) Bước 5: Với 120 tín chỉ, 50% là 60 tín chỉ, tương đương 2 năm (vì 30 tín chỉ = 1 năm). Do đó, thời gian tối đa là 2 × 2 = 4 năm? → Sai.  
→ Cần kiểm tra lại: thời gian tối đa là 2 lần thời gian chuẩn.  
- Thời gian chuẩn của sinh viên liên thông không được nêu rõ.  
→ Tuy nhiên, nếu thời gian chuẩn là 4 năm (như sinh viên đại học), thì 2 lần là 8 năm.  
→ Nhưng không có thông tin cụ thể về thời gian chuẩn của sinh viên liên thông.  

→ Do đó, chỉ có thể xác định được thời gian tối đa cho sinh viên đại học là 8 năm (2 × 4 năm).  
→ Với sinh viên liên thông, không có thông tin cụ thể về thời gian chuẩn, nên không thể xác định chính xác.  

→ Câu trả lời được điều chỉnh: chỉ có thông tin rõ ràng cho sinh viên đại học là 8 năm.  
→ Vì vậy, câu trả lời ban đầu cần được điều chỉnh để chính xác hơn.  

→ Sửa lại: Không có thông tin cụ thể về thời gian chuẩn của sinh viên liên thông.  

→ Do đó, câu trả lời chính xác là:  
**Thời hạn tối đa là 08 năm đối với sinh viên đại học.**  
→ Không có thông tin cụ thể về thời gian của sinh viên liên thông.  

→ Câu trả lời cuối cùng:  
ANSWER:  
Thời hạn tối đa là 08 năm đối với sinh viên đại học.  

GIẢI THÍCH CHI TIẾT:  
1) Bước 1: Thời gian tối đa để hoàn thành việc tích lũy khối lượng tín chỉ không vượt quá 02 lần thời gian theo kế hoạch học tập chuẩn toàn khóa.  
- Căn cứ: ""Thời gian tối đa để hoàn thành việc tích lũy khối lượng tín chỉ cần phải tích lũy của chương trình đào tạo không vượt quá 02 lần thời gian theo kế hoạch học",True,"[459, 458, 472, 457, 455, 470, 483, 488, 469, 462]",10,457,4,0.25,1,1,1.0,True,
"Theo quy định, sinh viên có tối đa bao nhiêu thời gian để hoàn tất số tín chỉ yêu cầu của chương trình đào tạo?",base line,"Sinh viên có tối đa 02 lần thời gian theo kế hoạch học tập chuẩn toàn khóa để hoàn tất số tín chỉ yêu cầu.  

GIẢI THÍCH CHI TIẾT:  
1) Bước 1: Theo Điều 2, khoản 5, quy định về thời gian tối đa để hoàn thành việc tích lũy khối lượng tín chỉ không vượt quá 02 lần thời gian theo kế hoạch học tập chuẩn toàn khóa đối với mỗi hình thức đào tạo.  
- Căn cứ: ""Thời gian tối đa để hoàn thành việc tích lũy khối lượng tín chỉ cần phải tích lũy của chương trình đào tạo không vượt quá 02 lần thời gian theo kế hoạch học tập chuẩn toàn khóa đối với mỗi hình thức đào tạo."" (Điều 2, khoản 5)  

2) Bước 2: Thời gian hoàn thành khóa học của kế hoạch học tập chuẩn được xác định là 04 năm, do đó 02 lần thời gian này là 8 năm.  
- Căn cứ: ""Thời gian hoàn thành khóa học của kế hoạch học tập chuẩn trong chương trình đào tạo là 04 năm"" (Điều 2, khoản 4).  

3) Bước 3: Đối với sinh viên liên thông, thời gian tối đa vẫn là 02 lần thời gian hoàn thành khóa học, được xác định theo quy định chung.  
- Căn cứ: ""Đối với sinh viên liên thông, thời gian tối đa để hoàn thành việc tích lũy khối lượng tín chỉ cần phải tích lũy còn phải học bằng 02 lần thời gian hoàn thành khóa học."" (Điều 2, khoản 5)  

NGUỒN THAM KHẢO:  
- Điều 2, khoản 5  
- Điều 2, khoản 4",True,"[459, 458, 457, 455, 472, 488, 418, 147, 326, 471]",10,457,3,0.3333333333333333,1,1,1.0,True,
Thời gian cho phép tối đa để sinh viên hoàn thành chương trình đào tạo về mặt tín chỉ là bao lâu?,base line,"Thời gian cho phép tối đa để sinh viên hoàn thành chương trình đào tạo về mặt tín chỉ là 02 lần thời gian theo kế hoạch học tập chuẩn toàn khóa.  

GIẢI THÍCH CHI TIẾT:  
1) Bước 1: Theo Điều 2, Khoản 5 của Chương I, thời gian tối đa để hoàn thành việc tích lũy khối lượng tín chỉ không vượt quá 02 lần thời gian theo kế hoạch học tập chuẩn toàn khóa.  
- Căn cứ: ""Thời gian tối đa để hoàn thành việc tích lũy khối lượng tín chỉ cần phải tích lũy của chương trình đào tạo không vượt quá 02 lần thời gian theo kế hoạch học tập chuẩn toàn khóa đối với mỗi hình thức đào tạo."" (Qui_dinh > Chương I. NHỮNG QUY ĐỊNH CHUNG > Điều 2. Chương trình đào tạo và thời gian học tập > 5)  

2) Bước 2: Kế hoạch học tập chuẩn toàn khóa được quy định là 04 năm (4 năm học), do đó 02 lần thời gian này là 8 năm.  
- Căn cứ: ""Thời gian hoàn thành khóa học của kế hoạch học tập chuẩn trong chương trình đào tạo là 04 năm"" (Qui_dinh > Chương I. NHỮNG QUY ĐỊNH CHUNG > Điều 2. Chương trình đào tạo và thời gian học tập > 4).  

3) Bước 3: Tuy nhiên, điều này chỉ áp dụng cho sinh viên không thuộc nhóm liên thông. Đối với sinh viên liên thông, thời gian tối đa là 2 lần thời gian hoàn thành khóa học, nhưng không được nêu rõ là bao lâu.  
- Căn cứ: ""Đối với sinh viên liên thông, thời gian tối đa để hoàn thành việc tích lũy khối lượng tín chỉ cần phải tích lũy còn phải học bằng 02 lần thời gian hoàn thành khóa học."" (Qui_dinh > Chương I. NHỮNG QUY ĐỊNH CHUNG > Điều 2. Chương trình đào tạo và thời gian học tập > 5)  

Tuy nhiên, câu hỏi không chỉ rõ loại sinh viên, nên câu trả lời được đưa ra dựa trên quy định chung cho tất cả sinh viên.  

NGUỒN THAM KHẢO:  
- Qui_dinh > Chương I. NHỮNG QUY ĐỊNH CHUNG > Điều 2. Chương trình đào tạo và thời gian học tập > 5  
- Qui_dinh > Chương I. NHỮNG QUY ĐỊNH CHUNG > Điều 2. Chương trình đào tạo và thời gian học tập > 4",True,"[458, 459, 457, 472, 455, 488, 147, 418, 483, 470]",10,457,3,0.3333333333333333,1,1,1.0,True,
Sinh viên được gia hạn trong thời gian bao lâu để hoàn thành đầy đủ khối lượng tín chỉ của chương trình đào tạo?,base line,"Sinh viên được gia hạn tối đa 02 lần thời gian theo kế hoạch học tập chuẩn toàn khóa để hoàn thành khối lượng tín chỉ.  

GIẢI THÍCH CHI TIẾT:  
1) Bước 1: Theo Điều 2, Khoản 5, thời gian tối đa để hoàn thành việc tích lũy khối lượng tín chỉ không vượt quá 02 lần thời gian theo kế hoạch học tập chuẩn toàn khóa.  
- Căn cứ: ""Thời gian tối đa để hoàn thành việc tích lũy khối lượng tín chỉ cần phải tích lũy của chương trình đào tạo không vượt quá 02 lần thời gian theo kế hoạch học tập chuẩn toàn khóa đối với mỗi hình thức đào tạo."" (Điều 2, Khoản 5)  

2) Bước 2: Kế hoạch học tập chuẩn toàn khóa được quy định là 04 năm, nên 02 lần thời gian này là 8 năm. Tuy nhiên, câu hỏi hỏi về ""gia hạn"", và Điều 5 chỉ nói rõ thời gian tối đa, không nói rõ thời gian gia hạn cụ thể.  
- Căn cứ: ""Thời gian tối đa để hoàn thành việc tích lũy khối lượng tín chỉ cần phải tích lũy của chương trình đào tạo không vượt quá 02 lần thời gian theo kế hoạch học tập chuẩn toàn khóa..."" (Điều 2, Khoản 5)  

3) Bước 3: Vì ""gia hạn"" được hiểu là thời gian tối đa được phép vượt quá kế hoạch, nên thời gian tối đa được phép là 02 lần thời gian chuẩn (tức là 8 năm), và đây là giới hạn cuối cùng.  
- Căn cứ: ""Thời gian tối đa để hoàn thành việc tích lũy khối lượng tín chỉ cần phải tích lũy của chương trình đào tạo không vượt quá 02 lần thời gian theo kế hoạch học tập chuẩn toàn khóa..."" (Điều 2, Khoản 5)  

NGUỒN THAM KHẢO:  
- Điều 2, Khoản 5  
- Điều 2, Khoản 4  
- Điều 2, Khoản 3",True,"[458, 459, 457, 472, 455, 483, 469, 471, 418, 462]",10,457,3,0.3333333333333333,1,1,1.0,True,
Tổng thời gian tối đa mà sinh viên có thể sử dụng để tích lũy đủ số tín chỉ của chương trình đào tạo là bao lâu?,base line,"Tổng thời gian tối đa là 08 năm.  

GIẢI THÍCH CHI TIẾT:  
1) Bước 1: Thời gian tối đa để hoàn thành việc tích lũy khối lượng tín chỉ không vượt quá 02 lần thời gian theo kế hoạch học tập chuẩn toàn khóa.  
- Căn cứ: ""Thời gian tối đa để hoàn thành việc tích lũy khối lượng tín chỉ cần phải tích lũy của chương trình đào tạo không vượt quá 02 lần thời gian theo kế hoạch học tập chuẩn toàn khóa đối với mỗi hình thức đào tạo."" (Điều 2, Chương I)  

2) Bước 2: Thời gian hoàn thành khóa học của kế hoạch học tập chuẩn là 04 năm.  
- Căn cứ: ""Thời gian hoàn thành khóa học của kế hoạch học tập chuẩn trong chương trình đào tạo là 04 năm"" (Điều 2, Chương I)  

3) Bước 3: Do sinh viên liên thông có thời gian hoàn thành khóa học được xác định theo 30 tín chỉ tương ứng với 01 năm, và khối lượng tín chỉ cần tích lũy là 120 tín chỉ, nên thời gian tối đa là 120/30 = 4 năm. Tuy nhiên, theo điều kiện, thời gian tối đa là 02 lần thời gian chuẩn, tức là 2 × 4 = 8 năm.  
- Căn cứ: ""Đối với sinh viên liên thông, thời gian hoàn thành khóa học được xác định cho từng sinh viên căn cứ khối lượng tín chỉ cần phải tích lũy còn phải học với cách xác định là 30 tín chỉ tương ứng với 01 năm."" (Điều 2, Chương I)  

NGUỒN THAM KHẢO:  
- Điều 2, Chương I  
- Điều 2, Chương I  
- Điều 2, Chương I",True,"[459, 458, 457, 455, 472, 488, 418, 147, 718, 631]",10,457,3,0.3333333333333333,1,1,1.0,True,
Khối lượng học tập tối đa mỗi học kỳ chính mà sinh viên có học lực từ trung bình trở lên được đăng ký là bao nhiêu tín chỉ?,base line,"Sinh viên có học lực từ trung bình trở lên được đăng ký tối đa 20 tín chỉ mỗi học kỳ chính.

GIẢI THÍCH CHI TIẾT:  
1) Bước 1: Theo Điều 9 của Chương II, sinh viên xếp loại học tập từ trung bình trở lên được phép đăng ký không vượt quá 20 tín chỉ trong mỗi học kỳ chính.  
- Căn cứ: ""Không vượt quá 20 tín chỉ đối với sinh viên xếp loại học tập từ trung bình trở lên"" (Qui_dinh > Chương II > Điều 9 > Đăng ký học phần và khối lượng học tập).  

2) Bước 2: Điều này được xác định rõ trong quy định về khối lượng học tập tối đa, không có thông tin nào cho thấy điều chỉnh theo học lực hoặc học kỳ cụ thể.  
- Căn cứ: ""Khối lượng học tập tối đa mà mỗi sinh viên được phép đăng ký trong mỗi học kỳ chính"" (Qui_dinh > Chương II > Điều 9 > Đăng ký học phần và khối lượng học tập).  

3) Bước 3: Không có quy định nào cho phép sinh viên học lực từ trung bình trở lên đăng ký vượt quá 20 tín chỉ, do đó 20 tín chỉ là giới hạn tối đa được quy định.  

NGUỒN THAM KHẢO:  
- Qui_dinh > Chương II > Điều 9 > Đăng ký học phần và khối lượng học tập",True,"[472, 470, 147, 457, 473, 156, 458, 459, 132, 471]",10,472,1,1.0,1,1,1.0,True,True
Sinh viên có học lực từ mức trung bình trở lên được phép đăng ký tối đa bao nhiêu tín chỉ trong mỗi học kỳ chính?,base line,"Sinh viên có học lực từ mức trung bình trở lên được phép đăng ký tối đa 20 tín chỉ trong mỗi học kỳ chính.

GIẢI THÍCH CHI TIẾT:  
1) Bước 1: Theo Điều 9 của Qui_dinh, sinh viên xếp loại học tập từ trung bình trở lên được phép đăng ký không vượt quá 20 tín chỉ trong mỗi học kỳ chính.  
- Căn cứ: ""Không vượt quá 20 tín chỉ đối với sinh viên xếp loại học tập từ trung bình trở lên"" (Qui_dinh > Chương II > Điều 9)  

2) Bước 2: Điều này được xác định rõ trong phần quy định về khối lượng học tập tối đa, không bị thay đổi theo học kỳ hoặc loại học lực khác (khác với sinh viên yếu hoặc bị cảnh báo).  
- Căn cứ: ""Sinh viên xếp loại học tập yếu hoặc bị cảnh báo học tập: ưu tiên đăng ký học lại và khối lượng học tập tối đa không vượt quá 14 tín chỉ"" (Qui_dinh > Chương II > Điều 9)  

3) Bước 3: Không có thông tin nào trong CONTEXT cho thấy điều chỉnh khối lượng tín chỉ theo học kỳ cụ thể (học kỳ 5, 6, 7, 8) đối với sinh viên học lực trung bình trở lên.  
- Căn cứ: Không có trích dẫn nào thay đổi giới hạn 20 tín chỉ cho sinh viên học lực trung bình trở lên trong các học kỳ cụ thể.  

NGUỒN THAM KHẢO:  
- Qui_dinh > Chương II > Điều 9",True,"[472, 147, 470, 156, 132, 473, 457, 458, 165, 517]",10,472,1,1.0,1,1,1.0,True,True
"Theo quy định, số tín chỉ tối đa mà sinh viên có học lực từ trung bình trở lên có thể đăng ký trong một học kỳ chính là bao nhiêu?",base line,"Sinh viên có học lực từ trung bình trở lên có thể đăng ký tối đa 20 tín chỉ trong một học kỳ chính.

GIẢI THÍCH CHI TIẾT:  
1) Bước 1: Theo quy định, khối lượng học tập tối đa cho sinh viên xếp loại học tập từ trung bình trở lên là không vượt quá 20 tín chỉ.  
- Căn cứ: ""Không vượt quá 20 tín chỉ đối với sinh viên xếp loại học tập từ trung bình trở lên"" (Điều 9, Chương II).  

2) Bước 2: Điều này được nêu rõ trong phần quy định về đăng ký học phần và khối lượng học tập, cụ thể trong Điều 9 của Chương II.  
- Căn cứ: ""Khối lượng học tập tối đa mà mỗi sinh viên được phép đăng ký trong mỗi học kỳ chính: không vượt quá 20 tín chỉ đối với sinh viên xếp loại học tập từ trung bình trở lên"" (Điều 9, Chương II).  

3) Bước 3: Không có thông tin nào trong CONTEXT cho thấy điều chỉnh khối lượng học tập theo học lực yếu hoặc học kỳ cụ thể, nên mức 20 tín chỉ vẫn áp dụng cho sinh viên học lực từ trung bình trở lên.  

NGUỒN THAM KHẢO:  
- Điều 9, Chương II: ""Khối lượng học tập tối đa mà mỗi sinh viên được phép đăng ký trong mỗi học kỳ chính: không vượt quá 20 tín chỉ đối với sinh viên xếp loại học tập từ trung bình trở lên""",True,"[472, 147, 470, 457, 156, 132, 165, 517, 515, 473]",10,472,1,1.0,1,1,1.0,True,True
"Mỗi học kỳ chính, sinh viên đạt học lực từ trung bình trở lên được đăng ký khối lượng học tập tối đa là bao nhiêu tín chỉ?",base line,"Mỗi học kỳ chính, sinh viên đạt học lực từ trung bình trở lên được đăng ký tối đa 20 tín chỉ.

GIẢI THÍCH CHI TIẾT:  
1) Bước 1: Theo Điều 9 của Chương II, sinh viên xếp loại học tập từ trung bình trở lên được phép đăng ký không vượt quá 20 tín chỉ.  
- Căn cứ: ""Không vượt quá 20 tín chỉ đối với sinh viên xếp loại học tập từ trung bình trở lên"" (Qui_dinh > Điều 9 > Đăng ký học phần và khối lượng học tập).  

2) Bước 2: Điều này rõ ràng chỉ áp dụng cho sinh viên có học lực từ trung bình trở lên, không áp dụng cho sinh viên yếu hoặc bị cảnh báo.  
- Căn cứ: ""Sinh viên xếp loại học tập yếu hoặc bị cảnh báo học tập: ưu tiên đăng ký học lại và khối lượng học tập tối đa không vượt quá 14 tín chỉ"" (Qui_dinh > Điều 9 > Đăng ký học phần và khối lượng học tập).  

3) Bước 3: Không có thông tin nào trong CONTEXT cho thấy điều chỉnh khác đối với sinh viên đạt học lực trung bình trở lên.  
- Căn cứ: Không có thông tin mâu thuẫn hoặc bổ sung khác về giới hạn tín chỉ cho nhóm này.  

NGUỒN THAM KHẢO:  
- Qui_dinh > Điều 9 > Đăng ký học phần và khối lượng học tập",True,"[472, 470, 473, 459, 471, 457, 147, 458, 156, 132]",10,472,1,1.0,1,1,1.0,True,True
Khối lượng tín chỉ tối đa trong một học kỳ chính đối với sinh viên có học lực từ trung bình trở lên được quy định là bao nhiêu?,base line,"Khối lượng tín chỉ tối đa trong một học kỳ chính đối với sinh viên có học lực từ trung bình trở lên là 20 tín chỉ.

GIẢI THÍCH CHI TIẾT:  
1) Bước 1: Theo Điều 9 của Chương II, khối lượng học tập tối đa được quy định là không vượt quá 20 tín chỉ đối với sinh viên xếp loại học tập từ trung bình trở lên.  
- Căn cứ: ""Không vượt quá 20 tín chỉ đối với sinh viên xếp loại học tập từ trung bình trở lên"" (Qui_dinh > Chương II. LẬP KẾ HOẠCH VÀ TỔ CHỨC GIẢNG DẠY > Điều 9. Đăng ký học phần và khối lượng học tập > 4).  

2) Bước 2: Câu hỏi chỉ hỏi về sinh viên có học lực từ trung bình trở lên, không đề cập đến sinh viên yếu hoặc bị cảnh báo, nên không cần xét đến giới hạn 14 tín chỉ.  
- Căn cứ: ""Sinh viên xếp loại học tập yếu hoặc bị cảnh báo học tập: ưu tiên đăng ký học lại và khối lượng học tập tối đa không vượt quá 14 tín chỉ"" (Qui_dinh > Chương II. LẬP KẾ HOẠCH VÀ TỔ CHỨC GIẢNG DẠY > Điều 9. Đăng ký học phần và khối lượng học tập > 4).  

3) Bước 3: Điều kiện ""học lực từ trung bình trở lên"" được xác định rõ trong quy định, và giới hạn 20 tín chỉ là điều kiện áp dụng trực tiếp cho nhóm này.  
- Căn cứ: ""Không vượt quá 20 tín chỉ đối với sinh viên xếp loại học tập từ trung bình trở lên"" (Qui_dinh > Chương II. LẬP KẾ HOẠCH VÀ TỔ CHỨC GIẢNG DẠY > Điều 9. Đăng ký học phần và khối lượng học tập > 4).  

NGUỒN THAM KHẢO:  
- Qui_dinh > Chương II. LẬP KẾ HOẠCH VÀ TỔ CHỨC GIẢNG DẠY > Điều 9. Đăng ký học phần và khối lượng học tập > 4",True,"[472, 147, 457, 156, 459, 515, 132, 99, 458, 154]",10,472,1,1.0,1,1,1.0,True,True
Sinh viên đạt học lực từ trung bình trở lên có thể đăng ký tối đa bao nhiêu tín chỉ cho mỗi học kỳ chính?,base line,"Sinh viên đạt học lực từ trung bình trở lên có thể đăng ký tối đa 20 tín chỉ mỗi học kỳ chính.

GIẢI THÍCH CHI TIẾT:  
1) Bước 1: Theo Điều 9 của Chương II, sinh viên xếp loại học tập từ trung bình trở lên được phép đăng ký không vượt quá 20 tín chỉ trong mỗi học kỳ chính.  
- Căn cứ: ""Không vượt quá 20 tín chỉ đối với sinh viên xếp loại học tập từ trung bình trở lên"" (Qui_dinh > Điều 9)  

2) Bước 2: Điều này được nêu rõ trong phần quy định về khối lượng học tập tối đa, không có thông tin khác cho các nhóm học lực khác trong trường hợp này.  
- Căn cứ: ""Khối lượng học tập tối đa mà mỗi sinh viên được phép đăng ký trong mỗi học kỳ chính: không vượt quá 20 tín chỉ đối với sinh viên xếp loại học tập từ trung bình trở lên"" (Qui_dinh > Điều 9)  

3) Bước 3: Không có thông tin cho thấy điều chỉnh tín chỉ theo học kỳ cụ thể (học kỳ 5, 6, 7, 8) hoặc theo học lực yếu, nên câu trả lời dựa trên quy định chung cho sinh viên trung bình trở lên.  

NGUỒN THAM KHẢO:  
- Qui_dinh > Điều 9  
- Qui_dinh > Chương II. LẬP KẾ HOẠCH VÀ TỔ CHỨC GIẢNG DẠY > Điều 9. Đăng ký học phần và khối lượng học tập",True,"[472, 147, 156, 470, 132, 473, 165, 458, 457, 471]",10,472,1,1.0,1,1,1.0,True,True
Khối lượng học tập tối đa mỗi học kỳ đối với sinh viên bị cảnh báo học tập là bao nhiêu tín chỉ?,base line,"Khối lượng học tập tối đa đối với sinh viên bị cảnh báo học tập là 14 tín chỉ.  

GIẢI THÍCH CHI TIẾT:  
1) Bước 1: Theo Điều 9, khoản 4 của Qui_dinh, sinh viên xếp loại học tập yếu hoặc bị cảnh báo học tập có khối lượng học tập tối đa không vượt quá 14 tín chỉ.  
- Căn cứ: ""Sinh viên xếp loại học tập yếu hoặc bị cảnh báo học tập: ưu tiên đăng ký học lại (nếu có thể) và khối lượng học tập tối đa không vượt quá 14 tín chỉ."" (Qui_dinh > Chương II. LẬP KẾ HOẠCH VÀ TỔ CHỨC GIẢNG DẠY > Điều 9. Đăng ký học phần và khối lượng học tập > 4)  

2) Bước 2: Câu hỏi yêu cầu khối lượng học tập tối đa đối với sinh viên bị cảnh báo học tập, và Điều 9 rõ ràng phân biệt giữa sinh viên học lực yếu hoặc bị cảnh báo với các nhóm khác.  
- Căn cứ: ""Sinh viên xếp loại học tập yếu hoặc bị cảnh báo học tập: ưu tiên đăng ký học lại (nếu có thể) và khối lượng học tập tối đa không vượt quá 14 tín chỉ."" (Qui_dinh > Chương II. LẬP KẾ HOẠCH VÀ TỔ CHỨC GIẢNG DẠY > Điều 9. Đăng ký học phần và khối lượng học tập > 4)  

3) Bước 3: Không có thông tin nào trong CONTEXT cho thấy sinh viên bị cảnh báo học tập có khối lượng học tập khác so với nhóm học lực yếu. Do đó, việc áp dụng điều kiện ""bị cảnh báo học tập"" được coi là thuộc nhóm ""học tập yếu"" theo quy định.  
- Căn cứ: ""Sinh viên xếp loại học tập yếu hoặc bị cảnh báo học tập: ưu tiên đăng ký học lại (nếu có thể) và khối lượng học tập tối đa không vượt quá 14 tín chỉ."" (Qui_dinh > Chương II. LẬP KẾ HOẠCH VÀ TỔ CHỨC GIẢNG DẠY > Điều 9. Đăng ký học phần và khối lượng học tập > 4)  

NGUỒN THAM KHẢO:  
- Qui_dinh > Chương II. LẬP KẾ HOẠCH VÀ TỔ CHỨC GIẢNG DẠY > Điều 9. Đăng ký học phần và khối lượng học tập > 4",True,"[472, 517, 518, 520, 473, 516, 459, 483, 99, 154]",10,472,1,1.0,1,1,1.0,True,True
Sinh viên thuộc diện cảnh báo học tập được phép đăng ký tối đa bao nhiêu tín chỉ trong mỗi học kỳ?,base line,"Sinh viên thuộc diện cảnh báo học tập được phép đăng ký tối đa 14 tín chỉ trong mỗi học kỳ.  

GIẢI THÍCH CHI TIẾT:  
1) Bước 1: Theo Điều 9, khung khối lượng học tập tối đa đối với sinh viên xếp loại học tập yếu hoặc bị cảnh báo học tập là không vượt quá 14 tín chỉ.  
- Căn cứ: ""Sinh viên xếp loại học tập yếu hoặc bị cảnh báo học tập: ưu tiên đăng ký học lại (nếu có thể) và khối lượng học tập tối đa không vượt quá 14 tín chỉ."" (Điều 9, Chương II)  

2) Bước 2: Điều này áp dụng trực tiếp cho sinh viên bị cảnh báo học tập, vì ""cảnh báo học tập"" là một trong các điều kiện được nêu rõ trong Điều 28, và nhóm này bị giới hạn về khối lượng học tập như trên.  
- Căn cứ: ""Sinh viên được cảnh báo học tập khi có một trong các điều kiện sau..."" (Điều 28, Thi và Tổ chức thi kết thúc học phần)  

3) Bước 3: Không có quy định khác cho sinh viên cảnh báo học tập vượt quá 14 tín chỉ, nên mức 14 tín chỉ là giới hạn tối đa được quy định.  
- Căn cứ: ""khối lượng học tập tối đa không vượt quá 14 tín chỉ"" (Điều 9, Chương II)  

NGUỒN THAM KHẢO:  
- Điều 9, Chương II  
- Điều 28, Thi và Tổ chức thi kết thúc học phần",True,"[472, 517, 518, 473, 520, 470, 516, 147, 466, 483]",10,472,1,1.0,1,1,1.0,True,True
"Theo quy định, số tín chỉ tối đa mà sinh viên bị cảnh báo học tập có thể đăng ký trong một học kỳ là bao nhiêu?",base line,"Sinh viên bị cảnh báo học tập có thể đăng ký tối đa 14 tín chỉ trong một học kỳ.

GIẢI THÍCH CHI TIẾT:  
1) Bước 1: Theo quy định, sinh viên bị cảnh báo học tập có khối lượng học tập tối đa không vượt quá 14 tín chỉ.  
- Căn cứ: ""Sinh viên xếp loại học tập yếu hoặc bị cảnh báo học tập: ưu tiên đăng ký học lại (nếu có thể) và khối lượng học tập tối đa không vượt quá 14 tín chỉ."" (Điều 9, Chương II)  

2) Bước 2: Điều kiện ""bị cảnh báo học tập"" được định nghĩa rõ trong Điều 28, bao gồm điểm trung bình chung học kỳ dưới ngưỡng nhất định, nhưng không có quy định khác biệt về tín chỉ cho nhóm này so với sinh viên học lực yếu.  
- Căn cứ: ""Sinh viên được cảnh báo học tập khi có một trong các điều kiện sau: b) Điểm trung bình chung học kỳ: đạt dưới 0.80 đối với học kỳ đầu tiên..."" (Điều 28, Chương II)  

3) Bước 3: Không có quy định nào cho thấy sinh viên bị cảnh báo học tập được đăng ký nhiều hơn 14 tín chỉ, nên mức 14 tín chỉ là giới hạn áp dụng cho nhóm này.  
- Căn cứ: ""Sinh viên xếp loại học tập yếu hoặc bị cảnh báo học tập: ưu tiên đăng ký học lại (nếu có thể) và khối lượng học tập tối đa không vượt quá 14 tín chỉ."" (Điều 9, Chương II)  

NGUỒN THAM KHẢO:  
- Header/Section: Điều 9, Chương II  
- Header/Section: Điều 28, Chương II",True,"[472, 517, 518, 473, 520, 470, 147, 516, 483, 471]",10,472,1,1.0,1,1,1.0,True,True
Khối lượng học tập tối đa trong một học kỳ đối với sinh viên đang bị cảnh báo học tập được xác định là bao nhiêu tín chỉ?,base line,"Khối lượng học tập tối đa đối với sinh viên bị cảnh báo học tập là 14 tín chỉ.

GIẢI THÍCH CHI TIẾT:  
1) Bước 1: Theo Điều 9, khung khối lượng học tập tối đa được quy định khác nhau tùy theo học lực. Cụ thể, sinh viên xếp loại học tập yếu hoặc bị cảnh báo học tập được ưu tiên đăng ký học lại và khối lượng học tập tối đa không vượt quá 14 tín chỉ.  
- Căn cứ: ""Sinh viên xếp loại học tập yếu hoặc bị cảnh báo học tập: ưu tiên đăng ký học lại (nếu có thể) và khối lượng học tập tối đa không vượt quá 14 tín chỉ."" (Qui_dinh > Điều 9)  

2) Bước 2: Câu hỏi yêu cầu khối lượng học tập tối đa đối với sinh viên đang bị cảnh báo học tập. Điều này khớp với nhóm sinh viên bị cảnh báo học tập được nêu trong Điều 9, vì ""bị cảnh báo học tập"" thuộc nhóm ""xếp loại học tập yếu hoặc bị cảnh báo học tập"".  
- Căn cứ: ""Sinh viên xếp loại học tập yếu hoặc bị cảnh báo học tập: ưu tiên đăng ký học lại (nếu có thể) và khối lượng học tập tối đa không vượt quá 14 tín chỉ."" (Qui_dinh > Điều 9)  

3) Bước 3: Không có thông tin nào trong CONTEXT cho thấy khối lượng học tập khác nhau theo học kỳ hoặc năm học đối với sinh viên bị cảnh báo học tập. Do đó, giá trị 14 tín chỉ là giá trị duy nhất được nêu rõ trong điều kiện cảnh báo học tập.  
- Căn cứ: Không có thông tin mâu thuẫn hoặc bổ sung khác.  

NGUỒN THAM KHẢO:  
- Qui_dinh > Điều 9",True,"[472, 517, 518, 520, 473, 483, 99, 516, 154, 147]",10,472,1,1.0,1,1,1.0,True,True
"Mỗi học kỳ, sinh viên thuộc diện cảnh báo học tập được đăng ký không quá bao nhiêu tín chỉ?",base line,"Mỗi học kỳ, sinh viên thuộc diện cảnh báo học tập được đăng ký không quá 14 tín chỉ.  

GIẢI THÍCH CHI TIẾT:  
1) Bước 1: Theo Điều 9, khung khối lượng học tập tối đa đối với sinh viên xếp loại học tập yếu hoặc bị cảnh báo học tập là không vượt quá 14 tín chỉ.  
- Căn cứ: ""Sinh viên xếp loại học tập yếu hoặc bị cảnh báo học tập: ưu tiên đăng ký học lại (nếu có thể) và khối lượng học tập tối đa không vượt quá 14 tín chỉ."" (Qui_dinh > Điều 9)  

2) Bước 2: Việc bị cảnh báo học tập được xác định rõ theo Điều 28, bao gồm điểm trung bình chung học kỳ hoặc điểm trung bình tích lũy, nhưng không có quy định khác về khối lượng học phần cho sinh viên cảnh báo.  
- Căn cứ: ""Sinh viên được cảnh báo học tập khi có một trong các điều kiện sau: b) Điểm trung bình chung học kỳ: Đạt dưới 0.80 đối với học kỳ đầu tiên..."" (Qui_dinh > Điều 28)  

3) Bước 3: Không có thông tin nào trong CONTEXT cho thấy sinh viên cảnh báo học tập được đăng ký nhiều hơn 14 tín chỉ, nên mức 14 tín chỉ là giới hạn áp dụng cho họ.  
- Căn cứ: ""Sinh viên xếp loại học tập yếu hoặc bị cảnh báo học tập: ưu tiên đăng ký học lại (nếu có thể) và khối lượng học tập tối đa không vượt quá 14 tín chỉ."" (Qui_dinh > Điều 9)  

NGUỒN THAM KHẢO:  
- Qui_dinh > Điều 9  
- Qui_dinh > Điều 28",True,"[472, 517, 518, 520, 473, 516, 470, 713, 170, 147]",10,472,1,1.0,1,1,1.0,True,True
Quy định của nhà trường cho phép sinh viên bị cảnh báo học tập đăng ký tối đa bao nhiêu tín chỉ trong một học kỳ?,base line,"Sinh viên bị cảnh báo học tập được đăng ký tối đa 14 tín chỉ trong một học kỳ.  

GIẢI THÍCH CHI TIẾT:  
1) Bước 1: Quy định về khối lượng học tập tối đa cho sinh viên bị cảnh báo học tập được nêu rõ trong Điều 9, Khoản 4 của Chương II.  
- Căn cứ: ""Sinh viên xếp loại học tập yếu hoặc bị cảnh báo học tập: ưu tiên đăng ký học lại (nếu có thể) và khối lượng học tập tối đa không vượt quá 14 tín chỉ."" (Qui_dinh > Chương II. LẬP KẾ HOẠCH VÀ TỔ CHỨC GIẢNG DẠY > Điều 9. Đăng ký học phần và khối lượng học tập > 4.)  

2) Bước 2: Điều này xác định rõ ràng rằng sinh viên bị cảnh báo học tập không được đăng ký quá 14 tín chỉ, trong khi sinh viên có học lực trung bình trở lên được phép đăng ký tối đa 20 tín chỉ.  
- Căn cứ: ""Không vượt quá 20 tín chỉ đối với sinh viên xếp loại học tập từ trung bình trở lên; sinh viên xếp loại học tập yếu hoặc bị cảnh báo học tập: ưu tiên đăng ký học lại (nếu có thể) và khối lượng học tập tối đa không vượt quá 14 tín chỉ."" (Qui_dinh > Chương II. LẬP KẾ HOẠCH VÀ TỔ CHỨC GIẢNG DẠY > Điều 9. Đăng ký học phần và khối lượng học tập > 4.)  

NGUỒN THAM KHẢO:  
- Chương II. LẬP KẾ HOẠCH VÀ TỔ CHỨC GIẢNG DẠY > Điều 9. Đăng ký học phần và khối lượng học tập > 4  
- Chương II. LẬP KẾ HOẠCH VÀ TỔ CHỨC GIẢNG DẠY > Điều 9. Đăng ký học phần và khối lượng học tập > 4",True,"[472, 517, 518, 473, 520, 470, 516, 483, 147, 466]",10,472,1,1.0,1,1,1.0,True,True
Những môn học nào không tính vào khối lượng tín chỉ tích lũy nhưng là điều kiện để xét tốt nghiệp theo quy định của trường?,base line,"Môn học Giáo dục quốc phòng – An ninh, Giáo dục thể chất, Tiếng Anh tổng quát, Tiếng Anh Hàng hải và các học phần bồi trợ khác.  

GIẢI THÍCH CHI TIẾT:  
1) Bước 1: Các môn học và học phần điều kiện để đáp ứng điều kiện xét công nhận tốt nghiệp không được tính vào khối lượng tín chỉ cần phải tích lũy.  
- Căn cứ: ""Các môn học và học phần điều kiện cần phải hoàn thành để đáp ứng điều kiện xét công nhận tốt nghiệp (không được tính vào khối lượng tín chỉ cần phải tích lũy và không sử dụng để đánh giá kết quả học tập)"" (Điều 2, Khoản b).  

2) Bước 2: Các môn học cụ thể được liệt kê trong điều kiện xét tốt nghiệp bao gồm: Giáo dục quốc phòng – An ninh, Giáo dục thể chất, Tiếng Anh tổng quát, Tiếng Anh Hàng hải.  
- Căn cứ: ""Môn học Giáo dục quốc phòng – An ninh; Môn học Giáo dục thể chất; Môn học Tiếng Anh tổng quát; Tiếng Anh Hàng hải"" (Điều 2, Khoản b).  

3) Bước 3: Các học phần bồi trợ khác (nếu có) cũng được liệt kê như là điều kiện để xét tốt nghiệp, không tính vào khối lượng tín chỉ.  
- Căn cứ: ""Các học phần bồi trợ khác (nếu có)"" (Điều 2, Khoản b).  

NGUỒN THAM KHẢO:  
- Điều 2, Khoản b – Chương I, Điều 2: Chương trình đào tạo và thời gian học tập",True,"[455, 457, 525, 521, 528, 526, 524, 459, 350, 523]",10,457,2,0.5,1,1,1.0,True,
"Theo quy định của nhà trường, những học phần nào không được tính vào tín chỉ tích lũy nhưng vẫn là điều kiện xét tốt nghiệp?",base line,"Các môn học và học phần điều kiện như: Giáo dục quốc phòng – An ninh, Giáo dục thể chất, Tiếng Anh tổng quát, Tiếng Anh Hàng hải và các học phần bồi trợ khác không được tính vào khối lượng tín chỉ tích lũy nhưng là điều kiện xét tốt nghiệp.

GIẢI THÍCH CHI TIẾT:  
1) Bước 1: Các môn học và học phần điều kiện không được tính vào khối lượng tín chỉ cần phải tích lũy được nêu rõ trong điều kiện xét công nhận tốt nghiệp.  
- Căn cứ: ""Các môn học và học phần điều kiện cần phải hoàn thành để đáp ứng điều kiện xét công nhận tốt nghiệp (không được tính vào khối lượng tín chỉ cần phải tích lũy và không sử dụng để đánh giá kết quả học tập), bao gồm: - Môn học Giáo dục quốc phòng – An ninh; - Môn học Giáo dục thể chất; - Môn học Tiếng Anh tổng quát; Tiếng Anh Hàng hải; - Các học phần bồi trợ khác (nếu có)."" (Điều 2, Khoản b)  

2) Bước 2: Những môn học này được xác định là điều kiện xét tốt nghiệp, tức là sinh viên phải hoàn thành chúng để được công nhận tốt nghiệp, dù không được tính vào tín chỉ tích lũy.  
- Căn cứ: ""Các môn học và học phần điều kiện cần phải hoàn thành để đáp ứng điều kiện xét công nhận tốt nghiệp (không được tính vào khối lượng tín chỉ cần phải tích lũy và không sử dụng để đánh giá kết quả học tập)"" (Điều 2, Khoản b)  

3) Bước 3: Điều này được xác nhận rõ ràng trong nội dung quy định về điều kiện xét tốt nghiệp, không ảnh hưởng đến việc sinh viên phải hoàn thành các môn học này.  
- Căn cứ: ""Sinh viên được Trường xét và công nhận tốt nghiệp khi có đầy đủ các điều kiện sau: đ) Hoàn thành chương trình đào tạo tiếng Anh của Nhà trường hoặc có một trong các văn bằng/chứng chỉ sau..."" (Điều 30, Khoản 1) – tuy nhiên, điều kiện tiếng Anh được liệt kê riêng, nhưng các môn học điều kiện vẫn được nêu rõ trong điều 2.  

NGUỒN THAM KHẢO:  
- Điều 2, Khoản b  
- Điều 30, Khoản 1",True,"[455, 526, 521, 481, 528, 515, 457, 525, 479, 348]",10,457,7,0.14285714285714285,1,1,1.0,True,
Các môn học nào không thuộc khối lượng tín chỉ tích lũy nhưng bắt buộc phải hoàn thành để đủ điều kiện xét tốt nghiệp?,base line,"Các môn học không thuộc khối lượng tín chỉ tích lũy nhưng bắt buộc phải hoàn thành để xét tốt nghiệp là:  
- Giáo dục quốc phòng – An ninh  
- Giáo dục thể chất  
- Tiếng Anh tổng quát  
- Tiếng Anh Hàng hải  
- Các học phần bồi trợ khác (nếu có)

GIẢI THÍCH CHI TIẾT:  
1) Bước 1: Các môn học và học phần điều kiện cần hoàn thành để xét công nhận tốt nghiệp không được tính vào khối lượng tín chỉ tích lũy và không dùng để đánh giá kết quả học tập.  
- Căn cứ: ""Các môn học và học phần điều kiện cần phải hoàn thành để đáp ứng điều kiện xét công nhận tốt nghiệp (không được tính vào khối lượng tín chỉ cần phải tích lũy và không sử dụng để đánh giá kết quả học tập), bao gồm:..."" (Điều 2, a, b)  

2) Bước 2: Danh sách cụ thể các môn học được nêu rõ trong điều kiện xét tốt nghiệp: Giáo dục quốc phòng – An ninh, Giáo dục thể chất, Tiếng Anh tổng quát, Tiếng Anh Hàng hải.  
- Căn cứ: ""Môn học Giáo dục quốc phòng – An ninh; Môn học Giáo dục thể chất; Môn học Tiếng Anh tổng quát; Tiếng Anh Hàng hải;"" (Điều 2, b)  

3) Bước 3: Các học phần bồi trợ khác (nếu có) cũng được liệt kê trong danh sách điều kiện bắt buộc.  
- Căn cứ: ""Các học phần bồi trợ khác (nếu có)."" (Điều 2, b)  

NGUỒN THAM KHẢO:  
- Điều 2, b: ""Các môn học và học phần điều kiện cần phải hoàn thành để đáp ứng điều kiện xét công nhận tốt nghiệp (không được tính vào khối lượng tín chỉ cần phải tích lũy và không sử dụng để đánh giá kết quả học tập), bao gồm:...""",True,"[455, 457, 459, 350, 348, 526, 349, 347, 631, 472]",10,457,2,0.5,1,1,1.0,True,
Những học phần nào không được tính vào tổng số tín chỉ tích lũy nhưng vẫn là yêu cầu bắt buộc khi xét tốt nghiệp?,base line,"Môn học Giáo dục quốc phòng – An ninh, Giáo dục thể chất, Tiếng Anh tổng quát, Tiếng Anh Hàng hải và các học phần bồi trợ khác.

GIẢI THÍCH CHI TIẾT:  
1) Bước 1: Các môn học và học phần điều kiện cần hoàn thành để đáp ứng điều kiện xét công nhận tốt nghiệp không được tính vào khối lượng tín chỉ cần phải tích lũy.  
- Căn cứ: ""Các môn học và học phần điều kiện cần phải hoàn thành để đáp ứng điều kiện xét công nhận tốt nghiệp (không được tính vào khối lượng tín chỉ cần phải tích lũy và không sử dụng để đánh giá kết quả học tập), bao gồm: Môn học Giáo dục quốc phòng – An ninh; Môn học Giáo dục thể chất; Môn học Tiếng Anh tổng quát; Tiếng Anh Hàng hải; Các học phần bồi trợ khác (nếu có)."" (Điều 2, Khoản b, Chương I)

2) Bước 2: Những môn học này được liệt kê rõ ràng như là yêu cầu bắt buộc để xét công nhận tốt nghiệp, dù không tính vào khối lượng tín chỉ tích lũy.  
- Căn cứ: ""Các môn học và học phần điều kiện cần phải hoàn thành để đáp ứng điều kiện xét công nhận tốt nghiệp (không được tính vào khối lượng tín chỉ cần phải tích lũy và không sử dụng để đánh giá kết quả học tập)"" (Điều 2, Khoản b, Chương I)

3) Bước 3: Không có thông tin nào trong CONTEXT cho thấy các học phần này bị loại trừ hoàn toàn khỏi chương trình đào tạo, nên chúng vẫn là yêu cầu bắt buộc.  
- Căn cứ: ""phải có đủ các môn học và học phần bắt buộc để đáp ứng chuẩn chương trình đào tạo"" (Điều 2, Khoản 1, Chương I)

NGUỒN THAM KHẢO:  
- Điều 2, Khoản b, Chương I  
- Điều 2, Khoản 1, Chương I",True,"[455, 457, 348, 426, 481, 350, 664, 463, 526, 515]",10,457,2,0.5,1,1,1.0,True,
Nhà trường quy định những môn học nào không tính vào tín chỉ tích lũy nhưng vẫn là điều kiện cần để xét tốt nghiệp?,base line,"Các môn học không tính vào tín chỉ tích lũy nhưng là điều kiện cần để xét tốt nghiệp gồm:  
- Giáo dục quốc phòng – An ninh;  
- Giáo dục thể chất;  
- Tiếng Anh tổng quát; Tiếng Anh Hàng hải;  
- Các học phần bồi trợ khác (nếu có).  

GIẢI THÍCH CHI TIẾT:  
1) Bước 1: Xác định các môn học không tính vào tín chỉ tích lũy trong chương trình đào tạo.  
- Căn cứ: ""Các môn học và học phần điều kiện cần phải hoàn thành để đáp ứng điều kiện xét công nhận tốt nghiệp (không được tính vào khối lượng tín chỉ cần phải tích lũy và không sử dụng để đánh giá kết quả học tập), bao gồm: - Môn học Giáo dục quốc phòng – An ninh; - Môn học Giáo dục thể chất; - Môn học Tiếng Anh tổng quát; Tiếng Anh Hàng hải; - Các học phần bồi trợ khác (nếu có)."" (Điều 2, Khoản b)  

2) Bước 2: Xác minh rằng các môn học này là điều kiện cần để xét tốt nghiệp.  
- Căn cứ: ""Các môn học và học phần điều kiện cần phải hoàn thành để đáp ứng điều kiện xét công nhận tốt nghiệp (không được tính vào khối lượng tín chỉ cần phải tích lũy và không sử dụng để đánh giá kết quả học tập)"" (Điều 2, Khoản b)  

3) Bước 3: Đảm bảo không có thông tin mâu thuẫn hoặc ngoại lệ khác.  
- Căn cứ: Không có thông tin nào trong CONTEXT cho thấy các môn học này bị loại trừ khỏi điều kiện tốt nghiệp hoặc được tính vào tín chỉ tích lũy.  

NGUỒN THAM KHẢO:  
- Điều 2, Khoản b  
- Điều 2, Khoản b",True,"[455, 525, 348, 526, 457, 468, 528, 346, 521, 481]",10,457,5,0.2,1,1,1.0,True,
Những học phần nào không được cộng vào khối lượng tín chỉ tích lũy nhưng vẫn được quy định là điều kiện xét tốt nghiệp?,base line,"Môn học Giáo dục quốc phòng – An ninh, môn học Giáo dục thể chất, môn học Tiếng Anh tổng quát, Tiếng Anh Hàng hải và các học phần bồi trợ khác.

GIẢI THÍCH CHI TIẾT:  
1) Bước 1: Các môn học và học phần điều kiện cần phải hoàn thành để đáp ứng điều kiện xét công nhận tốt nghiệp không được tính vào khối lượng tín chỉ cần phải tích lũy và không sử dụng để đánh giá kết quả học tập.  
- Căn cứ: ""Môn học Giáo dục quốc phòng – An ninh; Môn học Giáo dục thể chất; Môn học Tiếng Anh tổng quát; Tiếng Anh Hàng hải; Các học phần bồi trợ khác (nếu có)."" (Điều 2, Khoản b)  

2) Bước 2: Những môn học này được liệt kê rõ ràng trong điều kiện xét công nhận tốt nghiệp, không được tính vào khối lượng tín chỉ tích lũy, chỉ nhằm đáp ứng điều kiện tốt nghiệp.  
- Căn cứ: ""Các môn học và học phần điều kiện cần phải hoàn thành để đáp ứng điều kiện xét công nhận tốt nghiệp (không được tính vào khối lượng tín chỉ cần phải tích lũy và không sử dụng để đánh giá kết quả học tập)"" (Điều 2, Khoản b)  

3) Bước 3: Không có thông tin nào trong CONTEXT cho thấy các học phần khác ngoài các môn học nêu trên được loại trừ khỏi khối lượng tín chỉ tích lũy.  
- Căn cứ: Không có thông tin bổ sung về các học phần khác bị loại trừ.  

NGUỒN THAM KHẢO:  
- Điều 2, Khoản b  
- Điều 2, Khoản b",True,"[455, 457, 526, 472, 481, 459, 521, 524, 350, 348]",10,457,2,0.5,1,1,1.0,True,
Học phần “Nhập môn Logistics & Quản lý Chuỗi cung ứng” của ngành Logistics thuộc học kỳ mấy và có bao nhiêu tín chỉ?,base line,"Học phần ""Nhập môn Logistics & Quản lý Chuỗi cung ứng"" thuộc học kỳ 2 và có 3 tín chỉ.  

GIẢI THÍCH CHI TIẾT:  
1) Bước 1: Xác định học kỳ của học phần ""Nhập môn Logistics & Quản lý Chuỗi cung ứng"".  
- Căn cứ: ""Logistics và quản lý chuỗi cung ứng > XII. KẾ HOẠCH ĐÀO TẠO > 1.2. HỌC KỲ 2 > Nhập môn Logistics & Quản lý Chuỗi cung ứng _(Introduction to Logistics & Supply Chain Management)_"" (phần KẾ HOẠCH ĐÀO TẠO – HỌC KỲ 2)  

2) Bước 2: Xác định số tín chỉ của học phần.  
- Căn cứ: ""Số tín chỉ: 3"" (trong thông tin học phần ""Nhập môn Logistics & Quản lý Chuỗi cung ứng"")  

NGUỒN THAM KHẢO:  
- Header/Section: KẾ HOẠCH ĐÀO TẠO – HỌC KỲ 2  
- Header/Section: Nhập môn Logistics & Quản lý Chuỗi cung ứng _(Introduction to Logistics & Supply Chain Management)_",True,"[670, 716, 656, 664, 683, 605, 691, 721, 597, 690]",10,671,0,0.0,0,0,0.0,True,False
Học phần “Nhập môn Logistics & Quản lý Chuỗi cung ứng” trong chương trình đào tạo ngành Logistics được bố trí ở học kỳ nào và có số tín chỉ là bao nhiêu?,base line,"Học phần ""Nhập môn Logistics & Quản lý Chuỗi cung ứng"" được bố trí ở học kỳ 2, với số tín chỉ là 3.

GIẢI THÍCH CHI TIẾT:  
1) Bước 1: Xác định học kỳ của học phần ""Nhập môn Logistics & Quản lý Chuỗi cung ứng"".  
- Căn cứ: ""Logistics và quản lý chuỗi cung ứng > XII. KẾ HOẠCH ĐÀO TẠO > 1.2. HỌC KỲ 2 > Nhập môn Logistics & Quản lý Chuỗi cung ứng _(Introduction to Logistics & Supply Chain Management)_"" (học kỳ 2)

2) Bước 2: Xác định số tín chỉ của học phần này.  
- Căn cứ: ""Mã học phần: 419001 - Số tín chỉ: 3"" (phần thông tin học phần trong học kỳ 2)

NGUỒN THAM KHẢO:  
- Header/Section: Logistics và quản lý chuỗi cung ứng > XII. KẾ HOẠCH ĐÀO TẠO > 1.2. HỌC KỲ 2  
- Header/Section: Mã học phần: 419001 - Số tín chỉ: 3",True,"[670, 716, 656, 605, 683, 597, 664, 691, 596, 686]",10,671,0,0.0,0,0,0.0,True,False
Học phần “Nhập môn Logistics & Quản lý Chuỗi cung ứng” thuộc ngành Logistics được giảng dạy ở học kỳ nào và có bao nhiêu tín chỉ?,base line,"Học phần ""Nhập môn Logistics & Quản lý Chuỗi cung ứng"" được giảng dạy ở học kỳ 1 và có 3 tín chỉ.

GIẢI THÍCH CHI TIẾT:  
1) Bước 1: Xác định học kỳ của học phần ""Nhập môn Logistics & Quản lý Chuỗi cung ứng"".  
- Căn cứ: ""Logistics và quản lý chuỗi cung ứng > XII. KẾ HOẠCH ĐÀO TẠO > 1.2. HỌC KỲ 2 > Nhập môn Logistics & Quản lý Chuỗi cung ứng _(Introduction to Logistics & Supply Chain Management)_"" (học kỳ 2)  
→ Suy ra học phần này thuộc học kỳ 2, không phải học kỳ 1.  

2) Bước 2: Xác định số tín chỉ của học phần.  
- Căn cứ: ""Logistics và quản lý chuỗi cung ứng > XII. KẾ HOẠCH ĐÀO TẠO > 1.2. HỌC KỲ 2 > Nhập môn Logistics & Quản lý Chuỗi cung ứng _(Introduction to Logistics & Supply Chain Management)_""  
→ Trong đoạn này có ghi ""Số tín chỉ: 3""  

3) Bước 3: Đánh giá lại thông tin để đảm bảo chính xác.  
- Căn cứ: ""Logistics và quản lý chuỗi cung ứng > XII. KẾ HOẠCH ĐÀO TẠO > 1.1. HỌC KỲ 1: Tổng số tín chỉ: 14 tín chỉ""  
→ Đây là tổng tín chỉ toàn chương trình, không liên quan trực tiếp đến học phần cụ thể.  

→ Do đó, thông tin học kỳ là học kỳ 2, không phải học kỳ 1.  

Sửa lại câu trả lời:  
ANSWER:  
Học phần ""Nhập môn Logistics & Quản lý Chuỗi cung ứng"" được giảng dạy ở học kỳ 2 và có 3 tín chỉ.

GIẢI THÍCH CHI TIẾT:  
1) Bước 1: Xác định học kỳ của học phần ""Nhập môn Logistics & Quản lý Chuỗi cung ứng"".  
- Căn cứ: ""Logistics và quản lý chuỗi cung ứng > XII. KẾ HOẠCH ĐÀO TẠO > 1.2. HỌC KỲ 2 > Nhập môn Logistics & Quản lý Chuỗi cung ứng _(Introduction to Logistics & Supply Chain Management)_""  

2) Bước 2: Xác định số tín chỉ của học phần.  
- Căn cứ: ""Logistics và quản lý chuỗi cung ứng > XII. KẾ HOẠCH ĐÀO TẠO > 1.2. HỌC KỲ 2 > Nhập môn Logistics & Quản lý Chuỗi cung ứng _(Introduction to Logistics & Supply Chain Management)_""  
→ Trong đoạn này có ghi ""Số tín chỉ: 3""  

NGUỒN THAM KHẢO:  
- Header/Section: Logistics và quản lý chuỗi cung ứng > XII. KẾ HOẠCH ĐÀO TẠO > 1.2. HỌC KỲ 2 > Nhập môn Logistics & Quản lý Chuỗi cung ứng _(Introduction to Logistics & Supply Chain Management)_",True,"[670, 716, 656, 683, 691, 605, 686, 597, 721, 690]",10,671,0,0.0,0,0,0.0,True,False
"Trong chương trình đào tạo ngành Logistics, học phần “Nhập môn Logistics & Quản lý Chuỗi cung ứng” được xếp vào học kỳ mấy và có khối lượng bao nhiêu tín chỉ?",base line,"Học phần ""Nhập môn Logistics & Quản lý Chuỗi cung ứng"" được xếp vào học kỳ 2 và có 3 tín chỉ.

GIẢI THÍCH CHI TIẾT:  
1) Bước 1: Xác định học kỳ của học phần ""Nhập môn Logistics & Quản lý Chuỗi cung ứng"".  
- Căn cứ: ""Logistics và quản lý chuỗi cung ứng > XII. KẾ HOẠCH ĐÀO TẠO > 1.2. HỌC KỲ 2 > Nhập môn Logistics & Quản lý Chuỗi cung ứng _(Introduction to Logistics & Supply Chain Management)_""  

2) Bước 2: Xác định số tín chỉ của học phần.  
- Căn cứ: ""Mã học phần: 419001 - Số tín chỉ: 3""  

NGUỒN THAM KHẢO:  
- Header/Section: Logistics và quản lý chuỗi cung ứng > XII. KẾ HOẠCH ĐÀO TẠO > 1.2. HỌC KỲ 2  
- Header/Section: Mã học phần: 419001 - Số tín chỉ: 3",True,"[670, 716, 605, 656, 597, 691, 683, 690, 664, 721]",10,671,0,0.0,0,0,0.0,True,False
Học phần “Nhập môn Logistics & Quản lý Chuỗi cung ứng” của ngành Logistics có số tín chỉ bao nhiêu và được học ở học kỳ nào?,base line,"Học phần ""Nhập môn Logistics & Quản lý Chuỗi cung ứng"" có 3 tín chỉ và được học ở học kỳ 2.  

GIẢI THÍCH CHI TIẾT:  
1) Bước 1: Học phần ""Nhập môn Logistics & Quản lý Chuỗi cung ứng"" có số tín chỉ là 3.  
- Căn cứ: ""Số tín chỉ: 3"" (phần ""Nhập môn Logistics & Quản lý Chuỗi cung ứng"" trong mục ""HỌC KỲ 2"")  

2) Bước 2: Học phần này được liệt kê trong chương trình học kỳ 2.  
- Căn cứ: ""1.2. HỌC KỲ 2 > Nhập môn Logistics & Quản lý Chuỗi cung ứng"" (phần ""HỌC KỲ 2"" trong mục ""KẾ HOẠCH ĐÀO TẠO"")  

NGUỒN THAM KHẢO:  
- Header/Section: ""1.2. HỌC KỲ 2 > Nhập môn Logistics & Quản lý Chuỗi cung ứng""  
- Header/Section: ""Số tín chỉ: 3""",True,"[670, 716, 656, 683, 664, 597, 605, 686, 678, 687]",10,671,0,0.0,0,0,0.0,True,False
"Theo chương trình đào tạo ngành Logistics, học phần “Nhập môn Logistics & Quản lý Chuỗi cung ứng” thuộc học kỳ nào và có tổng số bao nhiêu tín chỉ?",base line,"Học phần ""Nhập môn Logistics & Quản lý Chuỗi cung ứng"" thuộc học kỳ 2 và có tổng số 3 tín chỉ.

GIẢI THÍCH CHI TIẾT:  
1) Bước 1: Học phần ""Nhập môn Logistics & Quản lý Chuỗi cung ứng"" được liệt kê trong phần ""HỌC KỲ 2"" của chương trình đào tạo.  
- Căn cứ: ""Logistics và quản lý chuỗi cung ứng > XII. KẾ HOẠCH ĐÀO TẠO > 1.2. HỌC KỲ 2 > Nhập môn Logistics & Quản lý Chuỗi cung ứng _(Introduction to Logistics & Supply Chain Management)_""  

2) Bước 2: Học phần này có mã 419001 và được ghi rõ ""Số tín chỉ: 3"".  
- Căn cứ: ""Số tín chỉ: 3"" (vị trí: phần chi tiết học phần trong học kỳ 2)  

NGUỒN THAM KHẢO:  
- Header/Section: Logistics và quản lý chuỗi cung ứng > XII. KẾ HOẠCH ĐÀO TẠO > 1.2. HỌC KỲ 2 > Nhập môn Logistics & Quản lý Chuỗi cung ứng _(Introduction to Logistics & Supply Chain Management)_",True,"[670, 656, 716, 721, 664, 630, 605, 597, 683, 691]",10,671,0,0.0,0,0,0.0,True,False
Tổng số tín chỉ tối thiểu theo quy định đối với một chương trình đào tạo trình độ đại học là bao nhiêu?,base line,"Tổng số tín chỉ tối thiểu theo quy định đối với một chương trình đào tạo trình độ đại học là 120 tín chỉ.

GIẢI THÍCH CHI TIẾT:  
1) Bước 1: Theo Điều 2, Khoản 3 của Qui_dinh, chương trình đào tạo phải tích lũy tối thiểu 120 tín chỉ đối với người có bằng tốt nghiệp trung học phổ thông hoặc tương đương.  
- Căn cứ: ""Chương trình đào tạo có khối lượng tín chỉ cần phải tích lũy tối thiểu 120 tín chỉ đối với người có bằng tốt nghiệp trung học phổ thông hoặc tương đương và phải được quy định cụ thể trong mỗi chương trình đào tạo."" (Qui_dinh > Chương I. NHỮNG QUY ĐỊNH CHUNG > Điều 2. Chương trình đào tạo và thời gian học tập > 3)  

2) Bước 2: Trong phần giới thiệu chương trình Mạng máy tính và truyền thông dữ liệu, tổng số tín chỉ được nêu là 120 tín chỉ (không bao gồm các môn học điều kiện như Giáo dục Quốc phòng, Giáo dục thể chất, v.v.), xác nhận mức tối thiểu này.  
- Căn cứ: ""Tổng số tín chỉ: 120 tín chỉ (Không bao gồm: Giáo dục Quốc phòng và An ninh, Giáo dục thể chất, kỹ năng mềm, kiến thức bổ trợ khác)"" (Mạng máy tính và truyền thông dữ liệu > I. GIỚI THIỆU CHƯƠNG TRÌNH > 1. Giới thiệu chung)  

NGUỒN THAM KHẢO:  
- Qui_dinh > Chương I. NHỮNG QUY ĐỊNH CHUNG > Điều 2. Chương trình đào tạo và thời gian học tập > 3  
- Mạng máy tính và truyền thông dữ liệu > I. GIỚI THIỆU CHƯƠNG TRÌNH > 1. Giới thiệu chung",True,"[457, 459, 458, 455, 472, 418, 7, 350, 349, 14]",10,457,1,1.0,1,1,1.0,True,
Một chương trình đào tạo bậc đại học cần đáp ứng tối thiểu bao nhiêu tín chỉ để được xem là đạt yêu cầu?,base line,"Một chương trình đào tạo bậc đại học cần đáp ứng tối thiểu 120 tín chỉ để được xem là đạt yêu cầu.

GIẢI THÍCH CHI TIẾT:  
1) Bước 1: Theo Điều 2, Khoản 3 của Chương I, chương trình đào tạo phải tích lũy tối thiểu 120 tín chỉ đối với người có bằng tốt nghiệp trung học phổ thông hoặc tương đương.  
- Căn cứ: ""Chương trình đào tạo có khối lượng tín chỉ cần phải tích lũy tối thiểu 120 tín chỉ đối với người có bằng tốt nghiệp trung học phổ thông hoặc tương đương và phải được quy định cụ thể trong mỗi chương trình đào tạo."" (Qui_dinh > Điều 2. Chương trình đào tạo và thời gian học tập > 3)

2) Bước 2: Điều này được xác định rõ trong nội dung quy định chung về khối lượng tín chỉ cần phải tích lũy, không có thông tin nào cho thấy mức tối thiểu thấp hơn.  
- Căn cứ: ""Khối lượng tín chỉ cần phải tích lũy của chương trình đào tạo là khối lượng tính bằng tổng số tín chỉ của những học phần cần phải tích lũy trong chương trình đào tạo..."" (Qui_dinh > Điều 2. Chương trình đào tạo và thời gian học tập > 3)

3) Bước 3: Không có thông tin nào trong CONTEXT cho thấy điều kiện khác hoặc ngoại lệ đối với mức tín chỉ tối thiểu.  
- Căn cứ: ""Đối với sinh viên liên thông, khối lượng tín chỉ cần phải tích lũy còn phải học... nhưng không thấp hơn 50% khối lượng tín chỉ cần phải tích lũy của chương trình đào tạo."" (Qui_dinh > Điều 2. Chương trình đào tạo và thời gian học tập > 3) – tuy nhiên, điều này không thay đổi mức tối thiểu 120 tín chỉ.

NGUỒN THAM KHẢO:  
- Qui_dinh > Điều 2. Chương trình đào tạo và thời gian học tập > 3",True,"[457, 458, 459, 455, 471, 348, 472, 350, 418, 122]",10,457,1,1.0,1,1,1.0,True,
"Theo chuẩn chương trình, khối lượng tín chỉ thấp nhất của chương trình đào tạo đại học được quy định ở mức nào?",base line,"Khối lượng tín chỉ thấp nhất của chương trình đào tạo đại học được quy định là 120 tín chỉ.

GIẢI THÍCH CHI TIẾT:  
1) Bước 1: Theo Điều 2, Khoản 3 của Chương I, chương trình đào tạo phải có khối lượng tín chỉ cần phải tích lũy tối thiểu 120 tín chỉ đối với người có bằng tốt nghiệp trung học phổ thông hoặc tương đương.  
- Căn cứ: ""Chương trình đào tạo có khối lượng tín chỉ cần phải tích lũy tối thiểu 120 tín chỉ đối với người có bằng tốt nghiệp trung học phổ thông hoặc tương đương và phải được quy định cụ thể trong mỗi chương trình đào tạo."" (Qui_dinh > Chương I. NHỮNG QUY ĐỊNH CHUNG > Điều 2. Chương trình đào tạo và thời gian học tập > 3)

2) Bước 2: Điều này áp dụng cho tất cả chương trình đào tạo đại học, như được nêu trong phần giới thiệu chương trình đào tạo logistics và quản lý chuỗi cung ứng, nơi chỉ rõ trình độ đào tạo là đại học.  
- Căn cứ: ""Logistics và quản lý chuỗi cung ứng > I. GIỚI THIỆU CHƯƠNG TRÌNH > Trình độ đào tạo: Đại học"" (Logistics và quản lý chuỗi cung ứng > I. GIỚI THIỆU CHƯƠNG TRÌNH)

NGUỒN THAM KHẢO:  
- Qui_dinh > Chương I. NHỮNG QUY ĐỊNH CHUNG > Điều 2. Chương trình đào tạo và thời gian học tập > 3  
- Logistics và quản lý chuỗi cung ứng > I. GIỚI THIỆU CHƯƠNG TRÌNH > Trình độ đào tạo: Đại học",True,"[459, 457, 458, 472, 455, 418, 557, 558, 547, 564]",10,457,2,0.5,1,1,1.0,True,
Số tín chỉ tối thiểu bắt buộc của chương trình đào tạo trình độ đại học là bao nhiêu?,base line,"Số tín chỉ tối thiểu bắt buộc của chương trình đào tạo trình độ đại học là 120 tín chỉ.

GIẢI THÍCH CHI TIẾT:  
1) Bước 1: Chương trình đào tạo cần có khối lượng tín chỉ cần phải tích lũy tối thiểu 120 tín chỉ đối với người có bằng tốt nghiệp trung học phổ thông hoặc tương đương.  
- Căn cứ: ""Chương trình đào tạo có khối lượng tín chỉ cần phải tích lũy tối thiểu 120 tín chỉ đối với người có bằng tốt nghiệp trung học phổ thông hoặc tương đương và phải được quy định cụ thể trong mỗi chương trình đào tạo."" (Điều 2, Chương I)  

2) Bước 2: Khối lượng tín chỉ này được xác định là tổng số tín chỉ của các học phần bắt buộc và tự chọn, trong đó học phần bắt buộc được tính vào khối lượng tín chỉ cần phải tích lũy.  
- Căn cứ: ""Các học phần cần phải tích lũy được tính vào khối lượng tín chỉ cần phải tích lũy của chương trình đào tạo và được sử dụng để đánh giá kết quả học tập."" (Điều 1, Chương I)  

3) Bước 3: Không có thông tin nào trong CONTEXT cho thấy số tín chỉ bắt buộc thấp hơn 120, và điều này được quy định rõ ràng như một yêu cầu tối thiểu.  
- Căn cứ: ""Chương trình đào tạo có khối lượng tín chỉ cần phải tích lũy tối thiểu 120 tín chỉ..."" (Điều 2, Chương I)  

NGUỒN THAM KHẢO:  
- Điều 2, Chương I  
- Điều 1, Chương I",True,"[457, 459, 458, 455, 349, 472, 116, 104, 418, 146]",10,457,1,1.0,1,1,1.0,True,
Khối lượng tín chỉ tối thiểu mà một chương trình đào tạo đại học phải có là bao nhiêu,base line,"Khối lượng tín chỉ tối thiểu là 120 tín chỉ.

GIẢI THÍCH CHI TIẾT:  
1) Bước 1: Chương trình đào tạo phải có khối lượng tín chỉ cần phải tích lũy tối thiểu 120 tín chỉ đối với người có bằng tốt nghiệp trung học phổ thông hoặc tương đương.  
- Căn cứ: ""Chương trình đào tạo có khối lượng tín chỉ cần phải tích lũy tối thiểu 120 tín chỉ đối với người có bằng tốt nghiệp trung học phổ thông hoặc tương đương và phải được quy định cụ thể trong mỗi chương trình đào tạo."" (Điều 2, Chương I)  

2) Bước 2: Khối lượng tín chỉ này được định nghĩa là tổng số tín chỉ của các học phần cần tích lũy, tính từ đầu khóa học và có điểm học phần đạt theo quy định.  
- Căn cứ: ""Khối lượng tín chỉ cần phải tích lũy của chương trình đào tạo là khối lượng tính bằng tổng số tín chỉ của những học phần cần phải tích lũy trong chương trình đào tạo, tính từ đầu khóa học và có điểm học phần được xếp vào loại đạt theo quy định tại Điểm a Khoản 2 Điều 7 của Quy định này."" (Điều 2, Chương I)  

NGUỒN THAM KHẢO:  
- Điều 2, Chương I  
- Điều 2, Chương I",True,"[457, 459, 458, 455, 472, 418, 471, 350, 349, 215]",10,457,1,1.0,1,1,1.0,True,
"Trong chương trình ngành Công nghệ thông tin, học phần Đại số phải học bao nhiêu tín chỉ?",base line,"Học phần Đại số phải học 2 tín chỉ.  

GIẢI THÍCH CHI TIẾT:  
1) Bước 1: Học phần Đại số được liệt kê với số tín chỉ 2 trong nhiều chương trình khác nhau của ngành Công nghệ thông tin.  
- Căn cứ: ""Số tín chỉ: 2"" (Công nghệ thông tin > III. CHƯƠNG TRÌNH CHI TIẾT > 1. Kiến thức khoa học cơ bản: > 1.1 Toán và Khoa học tự nhiên > Đại số)  

2) Bước 2: Tất cả các phiên bản của học phần Đại số (trong chương trình khung, chương trình chi tiết, và mạng máy tính) đều có số tín chỉ là 2 và được ghi nhận là học phần bắt buộc.  
- Căn cứ: ""Số tín chỉ: 2"" (Công nghệ thông tin > IV. CHƯƠNG TRÌNH KHUNG (KẾ HOẠCH THỰC HIỆN) > HỌC KỲ 2 > Đại số)  

3) Bước 3: Không có thông tin nào cho thấy học phần này được điều chỉnh tín chỉ khác trong bất kỳ chương trình nào.  
- Căn cứ: ""Số tín chỉ: 2"" (Mạng máy tính và truyền thông dữ liệu > III. CHƯƠNG TRÌNH CHI TIẾT > 1. Kiến thức khoa học cơ bản: 29 tín chỉ > Toán và khoa học tự nhiên – 14 tín chỉ > Đại số)  

NGUỒN THAM KHẢO:  
- Header/Section: Công nghệ thông tin > III. CHƯƠNG TRÌNH CHI TIẾT > 1. Kiến thức khoa học cơ bản: > 1.1 Toán và Khoa học tự nhiên > Đại số  
- Header/Section: Công nghệ thông tin > IV. CHƯƠNG TRÌNH KHUNG (KẾ HOẠCH THỰC HIỆN) > HỌC KỲ 2 > Đại số  
- Header/Section: Mạng máy tính và truyền thông dữ liệu > III. CHƯƠNG TRÌNH CHI TIẾT > 1. Kiến thức khoa học cơ bản: 29 tín chỉ > Toán và khoa học tự nhiên – 14 tín chỉ > Đại số",True,"[371, 100, 375, 281, 387, 415, 14, 367, 374, 426]",10,281,4,0.25,1,1,1.0,True,
"Theo kế hoạch đào tạo ngành Công nghệ thông tin, học phần Đại số có số tín chỉ là bao nhiêu?",base line,"Học phần Đại số có số tín chỉ là 2.

GIẢI THÍCH CHI TIẾT:  
1) Bước 1: Trong phần ""Công nghệ thông tin > IV. CHƯƠNG TRÌNH KHUNG (KẾ HOẠCH THỰC HIỆN) > HỌC KỲ 2 > Đại số"", học phần Đại số có mã học phần 001201 và số tín chỉ là 2.  
- Căn cứ: ""Công nghệ thông tin > IV. CHƯƠNG TRÌNH KHUNG (KẾ HOẠCH THỰC HIỆN) > HỌC KỲ 2 > Đại số - Mã học phần: 001201 - Số tín chỉ: 2"" (phần ""Công nghệ thông tin > IV. CHƯƠNG TRÌNH KHUNG..."")  

2) Bước 2: Trong phần ""Mạng máy tính và truyền thông dữ liệu > IV. KẾ HOẠCH HỌC TẬP > Học kỳ 1 > Đại số"", học phần Đại số cũng có mã học phần 001201 và số tín chỉ là 2.  
- Căn cứ: ""Mạng máy tính và truyền thông dữ liệu > IV. KẾ HOẠCH HỌC TẬP > Học kỳ 1 > Đại số - Mã học phần: 001201 - Số tín chỉ: 2"" (phần ""Mạng máy tính và truyền thông dữ liệu > IV. KẾ HOẠCH HỌC TẬP..."")  

3) Bước 3: Cả hai mục đều ghi rõ học phần Đại số có số tín chỉ là 2, cho thấy thông tin nhất quán giữa các chương trình đào tạo liên quan.  
- Căn cứ: Cả hai mục đều nêu rõ ""Số tín chỉ: 2"" (cùng mã học phần 001201)  

NGUỒN THAM KHẢO:  
- Header/Section: Công nghệ thông tin > IV. CHƯƠNG TRÌNH KHUNG (KẾ HOẠCH THỰC HIỆN) > HỌC KỲ 2 > Đại số  
- Header/Section: Mạng máy tính và truyền thông dữ liệu > IV. KẾ HOẠCH HỌC TẬP > Học kỳ 1 > Đại số",True,"[371, 100, 375, 457, 424, 458, 160, 431, 293, 281]",10,281,10,0.1,1,1,1.0,True,
Học phần Đại số trong chương trình đào tạo ngành Công nghệ thông tin được quy định bao nhiêu tín chỉ?,base line,"Học phần Đại số được quy định là 2 tín chỉ.  

GIẢI THÍCH CHI TIẾT:  
1) Bước 1: Học phần Đại số có mã 001201 và được ghi nhận với số tín chỉ là 2 trong nhiều chương trình khác nhau.  
- Căn cứ: ""Số tín chỉ: 2"" (Công nghệ thông tin > III. CHƯƠNG TRÌNH CHI TIẾT > 1. Kiến thức khoa học cơ bản: > 1.1 Toán và Khoa học tự nhiên > Đại số)  

2) Bước 2: Trong các chương trình học kỳ khác, học phần Đại số cũng có số tín chỉ 2, ví dụ trong chương trình Công nghệ thông tin > IV. CHƯƠNG TRÌNH KHUNG > HỌC KỲ 2 > Đại số.  
- Căn cứ: ""Số tín chỉ: 2"" (Công nghệ thông tin > IV. CHƯƠNG TRÌNH KHUNG (KẾ HOẠCH THỰC HIỆN) > HỌC KỲ 2 > Đại số)  

3) Bước 3: Tất cả các mục liên quan đến học phần Đại số đều thống nhất về số tín chỉ là 2, không có sự khác biệt.  
- Căn cứ: ""Số tín chỉ: 2"" (Mạng máy tính và truyền thông dữ liệu > IV. KẾ HOẠCH HỌC TẬP > Học kỳ 1 > Đại số)  

NGUỒN THAM KHẢO:  
- Header/Section: Công nghệ thông tin > III. CHƯƠNG TRÌNH CHI TIẾT > 1. Kiến thức khoa học cơ bản: > 1.1 Toán và Khoa học tự nhiên > Đại số  
- Header/Section: Công nghệ thông tin > IV. CHƯƠNG TRÌNH KHUNG (KẾ HOẠCH THỰC HIỆN) > HỌC KỲ 2 > Đại số  
- Header/Section: Mạng máy tính và truyền thông dữ liệu > IV. KẾ HOẠCH HỌC TẬP > Học kỳ 1 > Đại số",True,"[371, 100, 375, 281, 387, 366, 443, 415, 424, 367]",10,281,4,0.25,1,1,1.0,True,
"Trong khung chương trình ngành CNTT, môn/học phần Đại số có khối lượng tín chỉ như thế nào?",base line,"Môn Đại số có 2 tín chỉ trong khung chương trình ngành CNTT.

GIẢI THÍCH CHI TIẾT:  
1) Bước 1: Trong phần ""Công nghệ thông tin > IV. CHƯƠNG TRÌNH KHUNG (KẾ HOẠCH THỰC HIỆN) > HỌC KỲ 2 > Đại số"", ghi rõ số tín chỉ là 2.  
- Căn cứ: ""Số tín chỉ: 2"" (Công nghệ thông tin > IV. CHƯƠNG TRÌNH KHUNG > HỌC KỲ 2 > Đại số)  

2) Bước 2: Trong phần ""Mạng máy tính và truyền thông dữ liệu > PHỤ LỤC 2: BẢNG MÔ TẢ CÁC HỌC PHẦN MMT&TTDL > 1. Kiến thức giáo dục đại cương – 29 tín chỉ > 1.1. Toán và khoa học tự nhiên – 14 tín chỉ > Đại số"", cũng ghi rõ mã học phần 001201 với số tín chỉ 2.  
- Căn cứ: ""Số tín chỉ: 2"" (Mạng máy tính và truyền thông dữ liệu > PHỤ LỤC 2: BẢNG MÔ TẢ CÁC HỌC PHẦN MMT&TTDL > 1.1. Toán và khoa học tự nhiên – 14 tín chỉ > Đại số)  

3) Bước 3: Các thông tin khác (như số tiết, điều kiện, học kỳ) không ảnh hưởng đến lượng tín chỉ, và tất cả các phiên bản đều thống nhất về tín chỉ 2.  
- Căn cứ: ""Số tín chỉ: 2"" (trong cả hai phần trên)  

NGUỒN THAM KHẢO:  
- Công nghệ thông tin > IV. CHƯƠNG TRÌNH KHUNG (KẾ HOẠCH THỰC HIỆN) > HỌC KỲ 2 > Đại số  
- Mạng máy tính và truyền thông dữ liệu > PHỤ LỤC 2: BẢNG MÔ TẢ CÁC HỌC PHẦN MMT&TTDL > 1. Kiến thức giáo dục đại cương – 29 tín chỉ > 1.1. Toán và khoa học tự nhiên – 14 tín chỉ > Đại số",True,"[371, 576, 193, 100, 195, 245, 196, 197, 204, 207]",10,371,1,1.0,1,1,1.0,True,True
Số tín chỉ của học phần Đại số trong chương trình đào tạo ngành Công nghệ thông tin là bao nhiêu?,base line,"Số tín chỉ của học phần Đại số trong chương trình đào tạo ngành Công nghệ thông tin là 2.

GIẢI THÍCH CHI TIẾT:  
1) Bước 1: Học phần Đại số được liệt kê trong chương trình đào tạo Công nghệ thông tin ở Học kỳ 2 với số tín chỉ 2.  
- Căn cứ: ""Công nghệ thông tin > IV. CHƯƠNG TRÌNH KHUNG (KẾ HOẠCH THỰC HIỆN) > HỌC KỲ 2 > Đại số - Mã học phần: 001201 - Số tín chỉ: 2"" (Phần Công nghệ thông tin > IV. CHƯƠNG TRÌNH KHUNG > HỌC KỲ 2 > Đại số)  

2) Bước 2: Mặc dù có nhiều mục khác cũng đề cập đến học phần Đại số, nhưng chỉ có một mục cụ thể nêu rõ số tín chỉ là 2.  
- Căn cứ: ""Mạng máy tính và truyền thông dữ liệu > III. CHƯƠNG TRÌNH CHI TIẾT > 1. Kiến thức khoa học cơ bản: 29 tín chỉ > Toán và khoa học tự nhiên – 14 tín chỉ > Đại số - Mã học phần: 001201 - Số tín chỉ: 2"" (Phần Mạng máy tính và truyền thông dữ liệu > III. CHƯƠNG TRÌNH CHI TIẾT > Toán và khoa học tự nhiên – 14 tín chỉ > Đại số)  

3) Bước 3: Tất cả các mục liên quan đến Đại số đều có số tín chỉ là 2, không có thông tin mâu thuẫn.  
- Căn cứ: ""Sinh viên chọn tối thiểu 3 tín chỉ trong số học phần sau..."" (không liên quan đến Đại số, loại trừ)  

NGUỒN THAM KHẢO:  
- Header/Section: Công nghệ thông tin > IV. CHƯƠNG TRÌNH KHUNG (KẾ HOẠCH THỰC HIỆN) > HỌC KỲ 2 > Đại số  
- Header/Section: Mạng máy tính và truyền thông dữ liệu > III. CHƯƠNG TRÌNH CHI TIẾT > 1. Kiến thức khoa học cơ bản: 29 tín chỉ > Toán và khoa học tự nhiên – 14 tín chỉ > Đại số",True,"[371, 375, 100, 415, 387, 424, 443, 14, 431, 426]",10,371,1,1.0,1,1,1.0,True,True
Chương trình ngành CNTT quy định học phần Đại số gồm bao nhiêu tín chỉ?,base line,"Chương trình ngành CNTT quy định học phần Đại số có 2 tín chỉ.

GIẢI THÍCH CHI TIẾT:  
1) Bước 1: Học phần Đại số được liệt kê trong chương trình ngành CNTT với số tín chỉ là 2.  
- Căn cứ: ""Công nghệ thông tin > III. CHƯƠNG TRÌNH CHI TIẾT > 1. Kiến thức khoa học cơ bản: > 1.1 Toán và Khoa học tự nhiên > Đại số - Số tín chỉ: 2"" (phần ""Công nghệ thông tin > III. CHƯƠNG TRÌNH CHI TIẾT"")  

2) Bước 2: Tất cả các lần xuất hiện của học phần Đại số trong chương trình đều ghi rõ số tín chỉ là 2, bao gồm cả trong chương trình khung và chương trình chi tiết.  
- Căn cứ: ""Công nghệ thông tin > IV. CHƯƠNG TRÌNH KHUNG (KẾ HOẠCH THỰC HIỆN) > HỌC KỲ 1 > Nhập môn ngành CNTT"" không liên quan trực tiếp, nhưng học phần Đại số ở chương trình chi tiết có rõ tín chỉ 2.  

3) Bước 3: Không có thông tin nào cho thấy học phần này có tín chỉ khác, nên kết luận là 2 tín chỉ là chính xác và nhất quán.  
- Căn cứ: ""Công nghệ thông tin > III. CHƯƠNG TRÌNH CHI TIẾT > 1. Kiến thức khoa học cơ bản: > 1.1 Toán và Khoa học tự nhiên > Đại số - Số tín chỉ: 2""  

NGUỒN THAM KHẢO:  
- Header/Section: Công nghệ thông tin > III. CHƯƠNG TRÌNH CHI TIẾT > 1. Kiến thức khoa học cơ bản: > 1.1 Toán và Khoa học tự nhiên > Đại số  
- Header/Section: Công nghệ thông tin > IV. CHƯƠNG TRÌNH KHUNG (KẾ HOẠCH THỰC HIỆN) > HỌC KỲ 1 > Nhập môn ngành CNTT (dù không trực tiếp liên quan, nhưng hỗ trợ bối cảnh tổng thể)",True,"[371, 100, 14, 368, 207, 195, 193, 387, 281, 149]",10,281,9,0.1111111111111111,1,1,1.0,True,
Học phần Giải tích 1 của ngành Công nghệ thông tin thuộc học kỳ mấy trong kế hoạch học tập?,base line,"Học phần Giải tích 1 của ngành Công nghệ thông tin thuộc học kỳ 1.

GIẢI THÍCH CHI TIẾT:  
1) Bước 1: Trong phần ""Công nghệ thông tin > IV. CHƯƠNG TRÌNH KHUNG (KẾ HOẠCH THỰC HIỆN) > HỌC KỲ 1 > Giải tích 1"", rõ ràng ghi rằng học phần này nằm trong học kỳ 1.  
- Căn cứ: ""Công nghệ thông tin > IV. CHƯƠNG TRÌNH KHUNG (KẾ HOẠCH THỰC HIỆN) > HỌC KỲ 1 > Giải tích 1""  

2) Bước 2: Mã học phần 001202 được ghi trong cả hai chương trình (Công nghệ thông tin và Mạng máy tính), nhưng chỉ có một lần được liệt kê trong học kỳ 1, không có thông tin nào cho học kỳ 2.  
- Căn cứ: ""Công nghệ thông tin > IV. CHƯƠNG TRÌNH KHUNG (KẾ HOẠCH THỰC HIỆN) > HỌC KỲ 1 > Giải tích 1""  

3) Bước 3: Học phần này được xác định là bắt buộc trong học kỳ 1, và không có thông tin nào cho thấy nó được chuyển sang học kỳ khác.  
- Căn cứ: ""Loại học phần: Học phần bắt buộc"" (trong phần học kỳ 1 của Công nghệ thông tin)  

NGUỒN THAM KHẢO:  
- Header/Section: Công nghệ thông tin > IV. CHƯƠNG TRÌNH KHUNG (KẾ HOẠCH THỰC HIỆN) > HỌC KỲ 1 > Giải tích 1",True,"[364, 101, 99, 365, 107, 282, 658, 369, 104, 367]",10,364,1,1.0,1,1,1.0,True,
"Theo kế hoạch học tập ngành Công nghệ thông tin, học phần Giải tích 1 được bố trí ở học kỳ nào?",base line,"Học phần Giải tích 1 được bố trí ở học kỳ 1.

GIẢI THÍCH CHI TIẾT:  
1) Bước 1: Trong chương trình đào tạo ngành Công nghệ thông tin, học phần Giải tích 1 được liệt kê rõ ràng trong kế hoạch học tập học kỳ 1.  
- Căn cứ: ""Công nghệ thông tin > IV. CHƯƠNG TRÌNH KHUNG (KẾ HOẠCH THỰC HIỆN) > HỌC KỲ 1 > Giải tích 1"" (phần Công nghệ thông tin > IV. CHƯƠNG TRÌNH KHUNG)  

2) Bước 2: Học phần này có mã học phần 001202 và được ghi nhận là học phần bắt buộc trong học kỳ 1, phù hợp với thông tin về bố trí học phần.  
- Căn cứ: ""Mã học phần: 001202 - Số tín chỉ: 3 - Loại học phần: Học phần bắt buộc"" (phần Công nghệ thông tin > IV. CHƯƠNG TRÌNH KHUNG > HỌC KỲ 1)  

3) Bước 3: Ngoài ra, trong phần kiến thức khoa học cơ bản, Giải tích 1 cũng được xác định là học phần bắt buộc trong học kỳ 1.  
- Căn cứ: ""Giải tích 1 - Mã học phần: 001202 - Ghi chú: Học phần Bắt buộc"" (phần Công nghệ thông tin > III. CHƯƠNG TRÌNH CHI TIẾT > 1.1 Toán và Khoa học tự nhiên)  

NGUỒN THAM KHẢO:  
- Header/Section: Công nghệ thông tin > IV. CHƯƠNG TRÌNH KHUNG (KẾ HOẠCH THỰC HIỆN) > HỌC KỲ 1 > Giải tích 1  
- Header/Section: Công nghệ thông tin > IV. CHƯƠNG TRÌNH KHUNG (KẾ HOẠCH THỰC HIỆN) > HỌC KỲ 1  
- Header/Section: Công nghệ thông tin > III. CHƯƠNG TRÌNH CHI TIẾT > 1.1 Toán và Khoa học tự nhiên > Giải tích 1",True,"[364, 101, 99, 658, 365, 282, 104, 369, 367, 103]",10,364,1,1.0,1,1,1.0,True,
Học phần Giải tích 1 trong chương trình đào tạo ngành CNTT được sắp xếp học ở học kỳ mấy?,base line,"Học phần Giải tích 1 được sắp xếp học ở học kỳ 1.

GIẢI THÍCH CHI TIẾT:  
1) Bước 1: Học phần Giải tích 1 trong chương trình đào tạo ngành CNTT được liệt kê rõ trong phần ""Công nghệ thông tin > IV. CHƯƠNG TRÌNH KHUNG (KẾ HOẠCH THỰC HIỆN) > HỌC KỲ 1 > Giải tích 1"".  
- Căn cứ: ""Công nghệ thông tin > IV. CHƯƠNG TRÌNH KHUNG (KẾ HOẠCH THỰC HIỆN) > HỌC KỲ 1 > Giải tích 1""  

2) Bước 2: Trong cùng phần này, học phần có mã 001202, thuộc học kỳ 1, và được ghi nhận là học phần bắt buộc, phù hợp với chương trình ngành CNTT.  
- Căn cứ: ""Công nghệ thông tin > IV. CHƯƠNG TRÌNH KHUNG (KẾ HOẠCH THỰC HIỆN) > HỌC KỲ 1 > Giải tích 1""  

3) Bước 3: Các thông tin khác trong CONTEXT (như học phần Giải tích 2 ở học kỳ 2) chỉ xác nhận thứ tự học phần tiếp theo, không mâu thuẫn với việc Giải tích 1 học ở học kỳ 1.  
- Căn cứ: ""Mạng máy tính và truyền thông dữ liệu > IV. KẾ HOẠCH HỌC TẬP > Học kỳ 2 > Giải tích 2""  

NGUỒN THAM KHẢO:  
- Header/Section: Công nghệ thông tin > IV. CHƯƠNG TRÌNH KHUNG (KẾ HOẠCH THỰC HIỆN) > HỌC KỲ 1 > Giải tích 1  
- Header/Section: Mạng máy tính và truyền thông dữ liệu > IV. KẾ HOẠCH HỌC TẬP > Học kỳ 2 > Giải tích 2",True,"[364, 101, 658, 368, 365, 107, 104, 195, 282, 102]",10,364,1,1.0,1,1,1.0,True,
"Trong lộ trình đào tạo ngành Công nghệ thông tin, Giải tích 1 thuộc học kỳ nào?",base line,"Giải tích 1 thuộc học kỳ 1.  

GIẢI THÍCH CHI TIẾT:  
1) Bước 1: Trong chương trình đào tạo ngành Công nghệ thông tin, học phần ""Giải tích 1"" được liệt kê rõ ràng trong học kỳ 1.  
- Căn cứ: ""Công nghệ thông tin > IV. CHƯƠNG TRÌNH KHUNG (KẾ HOẠCH THỰC HIỆN) > HỌC KỲ 1 > Giải tích 1"" (phần Công nghệ thông tin > IV. CHƯƠNG TRÌNH KHUNG)  

2) Bước 2: Mã học phần 001202 được gán cho học phần Giải tích 1 trong học kỳ 1, và không có thông tin nào cho thấy nó được giảng dạy ở học kỳ khác trong chương trình này.  
- Căn cứ: ""Mạng máy tính và truyền thông dữ liệu > IV. KẾ HOẠCH HỌC TẬP > Học kỳ 1 > Giải tích"" (phần Mạng máy tính và truyền thông dữ liệu > IV. KẾ HOẠCH HỌC TẬP)  

3) Bước 3: Trong chương trình Logistics và quản lý chuỗi cung ứng, Giải tích 1 cũng được ghi nhận trong học kỳ 1, bổ sung tính nhất quán.  
- Căn cứ: ""Logistics và quản lý chuỗi cung ứng > XII. KẾ HOẠCH ĐÀO TẠO > 1.1. HỌC KỲ 1: > Giải tích 1"" (phần Logistics và quản lý chuỗi cung ứng > XII. KẾ HOẠCH ĐÀO TẠO)  

NGUỒN THAM KHẢO:  
- Header/Section: Công nghệ thông tin > IV. CHƯƠNG TRÌNH KHUNG (KẾ HOẠCH THỰC HIỆN) > HỌC KỲ 1 > Giải tích 1  
- Header/Section: Mạng máy tính và truyền thông dữ liệu > IV. KẾ HOẠCH HỌC TẬP > Học kỳ 1 > Giải tích  
- Header/Section: Logistics và quản lý chuỗi cung ứng > XII. KẾ HOẠCH ĐÀO TẠO > 1.1. HỌC KỲ 1: > Giải tích 1",True,"[364, 101, 658, 282, 577, 365, 195, 389, 369, 107]",10,364,1,1.0,1,1,1.0,True,
Học kỳ nào trong kế hoạch đào tạo ngành CNTT dành cho học phần Giải tích 1?,base line,"Học kỳ 1.  

GIẢI THÍCH CHI TIẾT:  
1) Bước 1: Học phần Giải tích 1 được liệt kê trong kế hoạch học tập của ngành CNTT ở học kỳ 1.  
- Căn cứ: ""Logistics và quản lý chuỗi cung ứng > XII. KẾ HOẠCH ĐÀO TẠO > 1.1. HỌC KỲ 1: > Giải tích 1 _(Calculus 1)_""  

2) Bước 2: Mã học phần 001202 được gán cho Giải tích 1 và xuất hiện trong cả chương trình Công nghệ thông tin và Mạng máy tính và truyền thông dữ liệu ở học kỳ 1.  
- Căn cứ: ""Công nghệ thông tin > IV. CHƯƠNG TRÌNH KHUNG (KẾ HOẠCH THỰC HIỆN) > HỌC KỲ 1 > Giải tích 1 - Mã học phần: 001202""  

3) Bước 3: Không có thông tin nào cho thấy Giải tích 1 được học ở học kỳ khác trong chương trình đào tạo ngành CNTT.  
- Căn cứ: ""Mạng máy tính và truyền thông dữ liệu > IV. KẾ HOẠCH HỌC TẬP > Học kỳ 1 > Giải tích""  

NGUỒN THAM KHẢO:  
- Header/Section: Logistics và quản lý chuỗi cung ứng > XII. KẾ HOẠCH ĐÀO TẠO > 1.1. HỌC KỲ 1: > Giải tích 1  
- Header/Section: Công nghệ thông tin > IV. CHƯƠNG TRÌNH KHUNG (KẾ HOẠCH THỰC HIỆN) > HỌC KỲ 1 > Giải tích 1  
- Header/Section: Mạng máy tính và truyền thông dữ liệu > IV. KẾ HOẠCH HỌC TẬP > Học kỳ 1 > Giải tích",True,"[364, 101, 107, 658, 368, 195, 102, 99, 104, 194]",10,364,1,1.0,1,1,1.0,True,
Giải tích 1 của ngành Công nghệ thông tin được xếp vào học kỳ mấy theo khung chương trình?,base line,"Giải tích 1 của ngành Công nghệ thông tin được xếp vào học kỳ 1.

GIẢI THÍCH CHI TIẾT:  
1) Bước 1: Trong phần ""Công nghệ thông tin > IV. CHƯƠNG TRÌNH KHUNG (KẾ HOẠCH THỰC HIỆN) > HỌC KỲ 1 > Giải tích 1"", rõ ràng ghi rằng học phần này thuộc học kỳ 1.  
- Căn cứ: ""Công nghệ thông tin > IV. CHƯƠNG TRÌNH KHUNG (KẾ HOẠCH THỰC HIỆN) > HỌC KỲ 1 > Giải tích 1"" (phần ""Công nghệ thông tin > IV. CHƯƠNG TRÌNH KHUNG (KẾ HOẠCH THỰC HIỆN) > HỌC KỲ 1"")  

2) Bước 2: Phần ""Công nghệ thông tin > III. CHƯƠNG TRÌNH CHI TIẾT > 1. Kiến thức khoa học cơ bản: > 1.1 Toán và Khoa học tự nhiên > Giải tích 1"" cũng xác định học phần này nằm trong học kỳ 1.  
- Căn cứ: ""Công nghệ thông tin > III. CHƯƠNG TRÌNH CHI TIẾT > 1. Kiến thức khoa học cơ bản: > 1.1 Toán và Khoa học tự nhiên > Giải tích 1"" (phần ""Công nghệ thông tin > III. CHƯƠNG TRÌNH CHI TIẾT"")  

3) Bước 3: Tất cả các phiên bản khác (Mạng máy tính, Logistics) đều chỉ định học kỳ 1 cho Giải tích 1, xác nhận tính nhất quán.  
- Căn cứ: ""Mạng máy tính và truyền thông dữ liệu > IV. KẾ HOẠCH HỌC TẬP > Học kỳ 1 > Giải tích"" (phần ""Mạng máy tính và truyền thông dữ liệu > IV. KẾ HOẠCH HỌC TẬP > Học kỳ 1"")  

NGUỒN THAM KHẢO:  
- Header/Section: ""Công nghệ thông tin > IV. CHƯƠNG TRÌNH KHUNG (KẾ HOẠCH THỰC HIỆN) > HỌC KỲ 1 > Giải tích 1""  
- Header/Section: ""Công nghệ thông tin > III. CHƯƠNG TRÌNH CHI TIẾT > 1. Kiến thức khoa học cơ bản: > 1.1 Toán và Khoa học tự nhiên > Giải tích 1""  
- Header/Section: ""Mạng máy tính và truyền thông dữ liệu > IV. KẾ HOẠCH HỌC TẬP > Học kỳ 1 > Giải tích""",True,"[364, 101, 658, 363, 282, 365, 368, 369, 367, 577]",10,364,1,1.0,1,1,1.0,True,
"Trong chương trình CNTT, học phần Toán chuyên đề 1 được xếp vào khối kiến thức nào và có bao nhiêu tín chỉ?",base line,"Học phần Toán chuyên đề 1 được xếp vào khối kiến thức ""Toán và khoa học tự nhiên"" và có 3 tín chỉ.

GIẢI THÍCH CHI TIẾT:  
1) Bước 1: Học phần Toán chuyên đề 1 được xếp vào khối kiến thức ""Toán và khoa học tự nhiên"" vì trong phần ""Mạng máy tính và truyền thông dữ liệu > PHỤ LỤC 2: BẢNG MÔ TẢ CÁC HỌC PHẦN MMT&TTDL > 1. Kiến thức giáo dục đại cương – 29 tín chỉ > 1.1. Toán và khoa học tự nhiên – 14 tín chỉ > Toán chuyên đề 1"" ghi rõ nội dung thuộc nhóm này.  
- Căn cứ: ""1.1. Toán và khoa học tự nhiên – 14 tín chỉ > Toán chuyên đề 1"" (Phụ lục 2: Bảng mô tả các học phần MMT&TTDL)  

2) Bước 2: Học phần này có 3 tín chỉ vì trong nhiều phần của CONTEXT, bao gồm ""Mạng máy tính và truyền thông dữ liệu > III. CHƯƠNG TRÌNH CHI TIẾT > 1. Kiến thức khoa học cơ bản: 29 tín chỉ > Toán và khoa học tự nhiên – 14 tín chỉ > Toán chuyên đề 1"", đều ghi rõ ""Số tín chỉ: 3"".  
- Căn cứ: ""Số tín chỉ: 3"" (III. Chương trình chi tiết > Toán và khoa học tự nhiên – 14 tín chỉ > Toán chuyên đề 1)  

NGUỒN THAM KHẢO:  
- Header/Section: ""1.1. Toán và khoa học tự nhiên – 14 tín chỉ > Toán chuyên đề 1""  
- Header/Section: ""III. CHƯƠNG TRÌNH CHI TIẾT > 1. Kiến thức khoa học cơ bản: 29 tín chỉ > Toán và khoa học tự nhiên – 14 tín chỉ > Toán chuyên đề 1""",True,"[369, 114, 384, 196, 368, 17, 283, 301, 119, 364]",10,283,7,0.14285714285714285,1,1,1.0,True,
"Theo chương trình đào tạo ngành CNTT, Toán chuyên đề 1 thuộc khối kiến thức nào và có khối lượng bao nhiêu tín chỉ?",base line,"Toán chuyên đề 1 thuộc khối kiến thức khoa học cơ bản và có khối lượng 3 tín chỉ.  

GIẢI THÍCH CHI TIẾT:  
1) Bước 1: Toán chuyên đề 1 thuộc khối kiến thức khoa học cơ bản vì trong phần ""Công nghệ thông tin > III. CHƯƠNG TRÌNH CHI TIẾT > 1. Kiến thức khoa học cơ bản: > 1.1 Toán và Khoa học tự nhiên > Toán chuyên đề 1"" ghi rõ: ""Toán chuyên đề 1"" là một học phần thuộc khối kiến thức khoa học cơ bản.  
- Căn cứ: ""Công nghệ thông tin > III. CHƯƠNG TRÌNH CHI TIẾT > 1. Kiến thức khoa học cơ bản: > 1.1 Toán và Khoa học tự nhiên > Toán chuyên đề 1""  

2) Bước 2: Toán chuyên đề 1 có 3 tín chỉ vì trong cùng phần trên ghi rõ: ""Số tín chỉ: 3"".  
- Căn cứ: ""Mã học phần: 001205 - Số tín chỉ: 3""  

NGUỒN THAM KHẢO:  
- Header/Section: Công nghệ thông tin > III. CHƯƠNG TRÌNH CHI TIẾT > 1. Kiến thức khoa học cơ bản: > 1.1 Toán và Khoa học tự nhiên > Toán chuyên đề 1",True,"[369, 196, 114, 368, 384, 17, 301, 283, 207, 284]",10,283,8,0.125,1,1,1.0,True,
"Học phần Toán chuyên đề 1 trong chương trình CNTT được phân loại vào nhóm/khối kiến thức nào, với bao nhiêu tín chỉ?",base line,"Học phần Toán chuyên đề 1 thuộc nhóm kiến thức ""Toán và khoa học tự nhiên"" với 3 tín chỉ.

GIẢI THÍCH CHI TIẾT:  
1) Bước 1: Học phần Toán chuyên đề 1 được phân loại vào nhóm kiến thức ""Toán và khoa học tự nhiên"" vì trong phần ""Mạng máy tính và truyền thông dữ liệu > PHỤ LỤC 2: BẢNG MÔ TẢ CÁC HỌC PHẦN MMT&TTDL > 1. Kiến thức giáo dục đại cương – 29 tín chỉ > 1.1. Toán và khoa học tự nhiên – 14 tín chỉ > Toán chuyên đề 1"", có ghi rõ: ""Toán và khoa học tự nhiên – 14 tín chỉ > Toán chuyên đề 1"".  
- Căn cứ: ""Toán và khoa học tự nhiên – 14 tín chỉ > Toán chuyên đề 1"" (phần Phụ lục 2: Bảng mô tả các học phần MMT&TTDL)  

2) Bước 2: Học phần này có số tín chỉ là 3, được nêu rõ trong nhiều mục như: ""Số tín chỉ: 3"" trong các mục liên quan đến chương trình CNTT và MMT&TTDL.  
- Căn cứ: ""Số tín chỉ: 3"" (trong phần ""Mạng máy tính và truyền thông dữ liệu > III. CHƯƠNG TRÌNH CHI TIẾT > 1. Kiến thức khoa học cơ bản: 29 tín chỉ > Toán và khoa học tự nhiên – 14 tín chỉ > Toán chuyên đề 1"")  

NGUỒN THAM KHẢO:  
- Header/Section: ""Mạng máy tính và truyền thông dữ liệu > PHỤ LỤC 2: BẢNG MÔ TẢ CÁC HỌC PHẦN MMT&TTDL > 1. Kiến thức giáo dục đại cương – 29 tín chỉ > 1.1. Toán và khoa học tự nhiên – 14 tín chỉ > Toán chuyên đề 1""  
- Header/Section: ""Mạng máy tính và truyền thông dữ liệu > III. CHƯƠNG TRÌNH CHI TIẾT > 1. Kiến thức khoa học cơ bản: > 1.1 Toán và Khoa học tự nhiên > Toán chuyên đề 1""",True,"[369, 114, 368, 384, 196, 17, 364, 283, 365, 367]",10,283,8,0.125,1,1,1.0,True,
"Trong khung chương trình ngành Công nghệ thông tin, Toán chuyên đề 1 nằm ở khối kiến thức nào và được quy định bao nhiêu tín chỉ?",base line,"Toán chuyên đề 1 nằm trong khối kiến thức khoa học cơ bản và được quy định 3 tín chỉ.  

GIẢI THÍCH CHI TIẾT:  
1) Bước 1: Xác định khối kiến thức của Toán chuyên đề 1.  
- Căn cứ: ""1.1 Toán và Khoa học tự nhiên > Toán chuyên đề 1"" (Công nghệ thông tin > III. CHƯƠNG TRÌNH CHI TIẾT > 1. Kiến thức khoa học cơ bản)  

2) Bước 2: Xác định số tín chỉ của học phần.  
- Căn cứ: ""Số tín chỉ: 3"" (Công nghệ thông tin > III. CHƯƠNG TRÌNH CHI TIẾT > 1.1 Toán và Khoa học tự nhiên > Toán chuyên đề 1)  

3) Bước 3: Xác nhận tính bắt buộc và nội dung liên quan để đảm bảo tính nhất quán.  
- Căn cứ: ""Ghi chú: Học phần Bắt buộc"" (Công nghệ thông tin > III. CHƯƠNG TRÌNH CHI TIẾT > 1.1 Toán và Khoa học tự nhiên > Toán chuyên đề 1)  

NGUỒN THAM KHẢO:  
- Header/Section: Công nghệ thông tin > III. CHƯƠNG TRÌNH CHI TIẾT > 1. Kiến thức khoa học cơ bản > 1.1 Toán và Khoa học tự nhiên > Toán chuyên đề 1",True,"[369, 114, 283, 196, 384, 17, 368, 280, 281, 301]",10,283,3,0.3333333333333333,1,1,1.0,True,
"Toán chuyên đề 1 của ngành CNTT thuộc khối kiến thức gì, và số tín chỉ tương ứng là bao nhiêu?",base line,"Toán chuyên đề 1 thuộc khối kiến thức ""Toán và khoa học tự nhiên"" với số tín chỉ là 3.  

GIẢI THÍCH CHI TIẾT:  
1) Bước 1: Xác định khối kiến thức của Toán chuyên đề 1.  
- Căn cứ: ""1.1. Toán và khoa học tự nhiên – 14 tín chỉ > Toán chuyên đề 1"" (Phụ lục 2: Bảng mô tả các học phần MMT&TTDL)  

2) Bước 2: Xác định số tín chỉ của học phần.  
- Căn cứ: ""Số tín chỉ: 3"" (Mạng máy tính và truyền thông dữ liệu > Phụ lục 2: Bảng mô tả các học phần MMT&TTDL)  

3) Bước 3: Xác nhận học phần thuộc khối kiến thức khoa học cơ bản trong chương trình Công nghệ thông tin.  
- Căn cứ: ""1. Kiến thức khoa học cơ bản: 29 tín chỉ > Toán và khoa học tự nhiên – 14 tín chỉ > Toán chuyên đề 1"" (Mạng máy tính và truyền thông dữ liệu > Chương trình chi tiết)  

NGUỒN THAM KHẢO:  
- Header/Section: ""1.1. Toán và khoa học tự nhiên – 14 tín chỉ > Toán chuyên đề 1""  
- Header/Section: ""Phụ lục 2: Bảng mô tả các học phần MMT&TTDL""  
- Header/Section: ""1. Kiến thức khoa học cơ bản: 29 tín chỉ > Toán và khoa học tự nhiên – 14 tín chỉ > Toán chuyên đề 1""",True,"[369, 114, 196, 368, 384, 17, 207, 283, 301, 364]",10,283,8,0.125,1,1,1.0,True,
"Chương trình CNTT xếp Toán chuyên đề 1 vào khối kiến thức nào, đồng thời quy định học phần này bao nhiêu tín chỉ?",base line,"Toán chuyên đề 1 được xếp vào khối kiến thức ""Toán và khoa học tự nhiên"" và có 3 tín chỉ.

GIẢI THÍCH CHI TIẾT:  
1) Bước 1: Toán chuyên đề 1 được xếp vào khối kiến thức ""Toán và khoa học tự nhiên"" vì trong phần ""PHỤ LỤC 2: BẢNG MÔ TẢ CÁC HỌC PHẦN MMT&TTDL"", có ghi rõ: ""1.1. Toán và khoa học tự nhiên – 14 tín chỉ > Toán chuyên đề 1"".  
- Căn cứ: ""1.1. Toán và khoa học tự nhiên – 14 tín chỉ > Toán chuyên đề 1"" (phần Phụ lục 2: Bảng mô tả các học phần MMT&TTDL)  

2) Bước 2: Học phần này có 3 tín chỉ vì trong nhiều phần của CONTEXT, bao gồm chương trình khung và chương trình chi tiết, đều ghi rõ ""Số tín chỉ: 3"".  
- Căn cứ: ""Số tín chỉ: 3"" (trong nhiều mục như chương trình khung học kỳ 1, chương trình chi tiết khối kiến thức khoa học cơ bản)  

NGUỒN THAM KHẢO:  
- Header/Section: Phụ lục 2: Bảng mô tả các học phần MMT&TTDL  
- Header/Section: Chương trình khung (kế hoạch thực hiện) – Học kỳ 1  
- Header/Section: Chương trình chi tiết – 1. Kiến thức khoa học cơ bản: 1.1 Toán và Khoa học tự nhiên",True,"[369, 114, 368, 196, 384, 17, 283, 301, 364, 284]",10,283,7,0.14285714285714285,1,1,1.0,True,
Học phần Nhập môn ngành CNTT có bao nhiêu tín chỉ và được học ở học kỳ nào?,base line,"Học phần Nhập môn ngành CNTT có 3 tín chỉ và được học ở học kỳ 1.  

GIẢI THÍCH CHI TIẾT:  
1) Bước 1: Học phần Nhập môn ngành CNTT có 3 tín chỉ.  
- Căn cứ: ""Số tín chỉ: 3"" (phần ""Công nghệ thông tin > IV. CHƯƠNG TRÌNH KHUNG (KẾ HOẠCH THỰC HIỆN) > HỌC KỲ 1 > Nhập môn ngành CNTT"")  

2) Bước 2: Học phần này được học ở học kỳ 1.  
- Căn cứ: ""HỌC KỲ 1 > Nhập môn ngành CNTT"" (phần ""Công nghệ thông tin > IV. CHƯƠNG TRÌNH KHUNG (KẾ HOẠCH THỰC HIỆN) > HỌC KỲ 1 > Nhập môn ngành CNTT"")  

NGUỒN THAM KHẢO:  
- Header/Section: ""Công nghệ thông tin > IV. CHƯƠNG TRÌNH KHUNG (KẾ HOẠCH THỰC HIỆN) > HỌC KỲ 1 > Nhập môn ngành CNTT""",True,"[368, 105, 102, 377, 104, 367, 154, 103, 387, 403]",10,368,1,1.0,1,1,1.0,True,
"Theo kế hoạch đào tạo ngành CNTT, học phần Nhập môn ngành có bao nhiêu tín chỉ và được bố trí ở học kỳ nào?",base line,"Học phần Nhập môn ngành CNTT có 3 tín chỉ và được bố trí ở học kỳ 1.  

GIẢI THÍCH CHI TIẾT:  
1) Bước 1: Học phần ""Nhập môn ngành CNTT"" có số tín chỉ là 3.  
- Căn cứ: ""Công nghệ thông tin > IV. CHƯƠNG TRÌNH KHUNG (KẾ HOẠCH THỰC HIỆN) > HỌC KỲ 1 > Nhập môn ngành CNTT - Số tín chỉ: 3""  

2) Bước 2: Học phần này được bố trí ở học kỳ 1.  
- Căn cứ: ""Công nghệ thông tin > IV. CHƯƠNG TRÌNH KHUNG (KẾ HOẠCH THỰC HIỆN) > HỌC KỲ 1 > Nhập môn ngành CNTT""  

NGUỒN THAM KHẢO:  
- Header/Section: Công nghệ thông tin > IV. CHƯƠNG TRÌNH KHUNG (KẾ HOẠCH THỰC HIỆN) > HỌC KỲ 1 > Nhập môn ngành CNTT",True,"[368, 105, 197, 207, 102, 104, 317, 377, 470, 293]",10,368,1,1.0,1,1,1.0,True,
Học phần Nhập môn ngành Công nghệ thông tin được quy định số tín chỉ bao nhiêu và học vào học kỳ mấy?,base line,"Học phần Nhập môn ngành Công nghệ thông tin có 3 tín chỉ và học vào học kỳ 1.

GIẢI THÍCH CHI TIẾT:  
1) Bước 1: Xác định học phần ""Nhập môn ngành CNTT"" trong chương trình đào tạo.  
- Căn cứ: ""Công nghệ thông tin > IV. CHƯƠNG TRÌNH KHUNG (KẾ HOẠCH THỰC HIỆN) > HỌC KỲ 1 > Nhập môn ngành CNTT"" (phần Công nghệ thông tin > IV. CHƯƠNG TRÌNH KHUNG > HỌC KỲ 1)  

2) Bước 2: Tìm số tín chỉ của học phần này.  
- Căn cứ: ""Số tín chỉ: 3"" (trong dòng thông tin học phần Nhập môn ngành CNTT)  

3) Bước 3: Xác định học kỳ học phần được tổ chức.  
- Căn cứ: ""HỌC KỲ 1"" (trong phần thuộc về học kỳ 1 của chương trình đào tạo)  

NGUỒN THAM KHẢO:  
- Header/Section: Công nghệ thông tin > IV. CHƯƠNG TRÌNH KHUNG (KẾ HOẠCH THỰC HIỆN) > HỌC KỲ 1 > Nhập môn ngành CNTT",True,"[368, 367, 371, 105, 375, 387, 374, 420, 365, 406]",10,368,1,1.0,1,1,1.0,True,
"Trong khung chương trình ngành CNTT, Nhập môn ngành có khối lượng tín chỉ thế nào và thuộc học kỳ nào?",base line,"Nhập môn ngành CNTT có khối lượng tín chỉ 3 tín chỉ, thuộc học kỳ 1.  

GIẢI THÍCH CHI TIẾT:  
1) Bước 1: Xác định học phần ""Nhập môn ngành CNTT"" trong chương trình.  
- Căn cứ: ""Công nghệ thông tin > IV. CHƯƠNG TRÌNH KHUNG (KẾ HOẠCH THỰC HIỆN) > HỌC KỲ 1 > Nhập môn ngành CNTT"" (header: Công nghệ thông tin > IV. CHƯƠNG TRÌNH KHUNG > HỌC KỲ 1)  

2) Bước 2: Xác định khối lượng tín chỉ của học phần này.  
- Căn cứ: ""Số tín chỉ: 3"" (trong phần mô tả học phần ""Nhập môn ngành CNTT"")  

3) Bước 3: Xác định học kỳ của học phần này.  
- Căn cứ: ""HỌC KỲ 1"" (trong phần mô tả học phần ""Nhập môn ngành CNTT"")  

NGUỒN THAM KHẢO:  
- Header/Section: Công nghệ thông tin > IV. CHƯƠNG TRÌNH KHUNG (KẾ HOẠCH THỰC HIỆN) > HỌC KỲ 1 > Nhập môn ngành CNTT",True,"[368, 105, 374, 197, 387, 377, 104, 372, 207, 367]",10,368,1,1.0,1,1,1.0,True,
Nhập môn ngành CNTT trong chương trình đào tạo gồm bao nhiêu tín chỉ và được sắp xếp học ở học kỳ nào?,base line,"Nhập môn ngành CNTT có 3 tín chỉ và được sắp xếp học ở học kỳ 1.  

GIẢI THÍCH CHI TIẾT:  
1) Bước 1: Xác định số tín chỉ của học phần ""Nhập môn ngành CNTT"".  
- Căn cứ: ""Số tín chỉ: 3"" (Công nghệ thông tin > IV. CHƯƠNG TRÌNH KHUNG > HỌC KỲ 1 > Nhập môn ngành CNTT)  

2) Bước 2: Xác định học kỳ học phần ""Nhập môn ngành CNTT"".  
- Căn cứ: ""HỌC KỲ 1"" (Công nghệ thông tin > IV. CHƯƠNG TRÌNH KHUNG > HỌC KỲ 1 > Nhập môn ngành CNTT)  

3) Bước 3: Đảm bảo học phần này không bị trùng hoặc thay đổi trong các học kỳ khác.  
- Căn cứ: Không có thông tin nào cho thấy học phần này được học ở học kỳ khác (không có dữ liệu trùng lặp ở học kỳ khác).  

NGUỒN THAM KHẢO:  
- Header/Section: Công nghệ thông tin > IV. CHƯƠNG TRÌNH KHUNG (KẾ HOẠCH THỰC HIỆN) > HỌC KỲ 1 > Nhập môn ngành CNTT",True,"[368, 105, 377, 102, 387, 197, 104, 374, 367, 375]",10,368,1,1.0,1,1,1.0,True,
"Chương trình đào tạo ngành CNTT quy định học phần Nhập môn ngành có bao nhiêu tín chỉ, và học phần này nằm ở học kỳ mấy?",base line,"Học phần Nhập môn ngành CNTT có 3 tín chỉ, nằm ở học kỳ 1.  

GIẢI THÍCH CHI TIẾT:  
1) Bước 1: Học phần ""Nhập môn ngành CNTT"" có số tín chỉ là 3.  
- Căn cứ: ""Số tín chỉ: 3"" (Công nghệ thông tin > IV. CHƯƠNG TRÌNH KHUNG > HỌC KỲ 1 > Nhập môn ngành CNTT)  

2) Bước 2: Học phần này được quy định trong học kỳ 1.  
- Căn cứ: ""HỌC KỲ 1 > Nhập môn ngành CNTT"" (Công nghệ thông tin > IV. CHƯƠNG TRÌNH KHUNG > HỌC KỲ 1 > Nhập môn ngành CNTT)  

NGUỒN THAM KHẢO:  
- Header/Section: Công nghệ thông tin > IV. CHƯƠNG TRÌNH KHUNG (KẾ HOẠCH THỰC HIỆN) > HỌC KỲ 1 > Nhập môn ngành CNTT",True,"[368, 105, 197, 377, 207, 387, 102, 374, 367, 104]",10,368,1,1.0,1,1,1.0,True,
Học phần Kỹ thuật lập trình trong ngành Công nghệ thông tin có học phần học trước hoặc tiên quyết nào không?,base line,"Không, học phần Kỹ thuật lập trình không có học phần học trước hoặc tiên quyết.  

GIẢI THÍCH CHI TIẾT:  
1) Bước 1: Học phần Kỹ thuật lập trình (mã 124001) không được ghi nhận có học phần học trước hay tiên quyết trong thông tin cung cấp.  
- Căn cứ: ""Học phần học trước: không có"" (trong phần về Công nghệ thông tin > III. CHƯƠNG TRÌNH CHI TIẾT > 2.1. Kiến thức cơ sở ngành: Kỹ thuật lập trình)  

2) Bước 2: Trong phần về ""Lập trình mạng"", có ghi rõ học phần học trước là 123002; 124001, nhưng điều này chỉ áp dụng cho học phần Lập trình mạng, không phải Kỹ thuật lập trình.  
- Căn cứ: ""Học phần học trước: 123013"" (trong phần về Lập trình mạng – Công nghệ thông tin > III. CHƯƠNG TRÌNH CHI TIẾT)  

3) Bước 3: Không có thông tin nào trong CONTEXT cho thấy học phần Kỹ thuật lập trình có học phần học trước hoặc tiên quyết.  
- Căn cứ: Không có dòng nào trong CONTEXT ghi rõ học phần học trước cho Kỹ thuật lập trình (mã 124001).  

NGUỒN THAM KHẢO:  
- Header/Section: Công nghệ thông tin > III. CHƯƠNG TRÌNH CHI TIẾT > 2.1. Kiến thức cơ sở ngành: Kỹ thuật lập trình  
- Header/Section: Công nghệ thông tin > III. CHƯƠNG TRÌNH CHI TIẾT > 2.2. Kiến thức ngành: Lập trình mạng",True,"[372, 304, 314, 312, 197, 293, 395, 317, 110, 284]",10,304,2,0.5,1,1,1.0,True,
Học phần Kỹ thuật lập trình thuộc ngành Công nghệ thông tin có yêu cầu sinh viên phải hoàn thành học phần học trước hoặc tiên quyết hay không?,base line,"Có, học phần Kỹ thuật lập trình yêu cầu sinh viên hoàn thành học phần học trước.  

GIẢI THÍCH CHI TIẾT:  
1) Bước 1: Học phần Kỹ thuật lập trình được liệt kê là học phần bắt buộc trong chương trình Công nghệ thông tin, thuộc khối kiến thức chuyên ngành cơ sở.  
- Căn cứ: ""Học phần này đóng vai trò là học phần nhập môn, giúp người học tiếp cận với ngành học."" (Công nghệ thông tin > III. CHƯƠNG TRÌNH CHI TIẾT > 2.1. Kiến thức cơ sở ngành: > Kỹ thuật lập trình)  

2) Bước 2: Trong phần nội dung học phần, không có thông tin cụ thể về học phần học trước. Tuy nhiên, học phần ""Lập trình mạng"" yêu cầu học phần ""124001"" (Kỹ thuật lập trình) là học phần tiên quyết, điều này cho thấy Kỹ thuật lập trình là học phần cần được hoàn thành trước các học phần khác.  
- Căn cứ: ""Học phần tiên quyết: tất cả các học phần bắt buộc và tự chọn tối thiểu cần phải tích lũy trong chương trình."" (Công nghệ thông tin > III. CHƯƠNG TRÌNH CHI TIẾT > 2.2. Kiến thức ngành: > Lập trình mạng)  

3) Bước 3: Việc học phần Kỹ thuật lập trình được đặt làm tiền đề cho các học phần chuyên ngành khác (như Lập trình mạng, Lập trình Web) ngụ ý rằng nó là học phần bắt buộc phải hoàn thành trước.  
- Căn cứ: ""Học phần học trước: 123002; 124001"" (Công nghệ thông tin > III. CHƯƠNG TRÌNH CHI TIẾT > 2.2. Kiến thức ngành: > Lập trình mạng)  

NGUỒN THAM KHẢO:  
- Header/Section: Công nghệ thông tin > III. CHƯƠNG TRÌNH CHI TIẾT > 2.1. Kiến thức cơ sở ngành: > Kỹ thuật lập trình  
- Header/Section: Công nghệ thông tin > III. CHƯƠNG TRÌNH CHI TIẾT > 2.2. Kiến thức ngành: > Lập trình mạng  
- Header/Section: Công nghệ thông tin > III. CHƯƠNG TRÌNH CHI TIẾT > 2.2. Kiến thức ngành: > Lập trình Web",True,"[372, 304, 317, 314, 293, 312, 327, 110, 197, 415]",10,304,2,0.5,1,1,1.0,True,
"Trong chương trình đào tạo ngành Công nghệ thông tin, học phần Kỹ thuật lập trình có quy định học phần học trước hoặc học phần tiên quyết không?",base line,"Không, học phần Kỹ thuật lập trình không có quy định học phần học trước hoặc học phần tiên quyết.

GIẢI THÍCH CHI TIẾT:  
1) Bước 1: Trong phần ""Công nghệ thông tin > III. CHƯƠNG TRÌNH CHI TIẾT > 2. Kiến thức giáo dục chuyên nghiệp: > 2.1. Kiến thức cơ sở ngành: > Kỹ thuật lập trình"", không có thông tin nào nói đến học phần học trước hay học phần tiên quyết.  
- Căn cứ: ""Học phần này đóng vai trò là học phần nhập môn, giúp người học tiếp cận với ngành học. Học phần trang bị người học phương pháp và công cụ lập trình."" (phần nội dung học phần tóm tắt)  

2) Bước 2: So sánh với các học phần khác có quy định học trước (ví dụ: Lập trình mạng có học phần học trước 123002; 124001), nhưng học phần Kỹ thuật lập trình không được liệt kê như vậy.  
- Căn cứ: ""Học phần học trước: 123002; 124001"" (trong phần nội dung học phần tóm tắt của học phần ""Lập trình mạng"")  

3) Bước 3: Không có dòng nào trong CONTEXT ghi rõ học phần Kỹ thuật lập trình yêu cầu học phần học trước hoặc tiên quyết.  
- Căn cứ: ""Học phần học trước: không có"" (trong phần học phần Công nghệ phần mềm) – tuy nhiên, đây là học phần khác, không liên quan trực tiếp.  

NGUỒN THAM KHẢO:  
- Header/Section: Công nghệ thông tin > III. CHƯƠNG TRÌNH CHI TIẾT > 2. Kiến thức giáo dục chuyên nghiệp: > 2.1. Kiến thức cơ sở ngành: > Kỹ thuật lập trình  
- Header/Section: Công nghệ thông tin > III. CHƯƠNG TRÌNH CHI TIẾT > 2. Kiến thức giáo dục chuyên nghiệp: > 2.2. Kiến thức ngành: > Lập trình mạng",True,"[372, 304, 312, 293, 314, 395, 197, 317, 284, 305]",10,304,2,0.5,1,1,1.0,True,
Học phần Kỹ thuật lập trình của ngành Công nghệ thông tin có bắt buộc sinh viên phải học qua môn nào trước khi đăng ký hay không?,base line,"Có, sinh viên phải học môn ""Nhập môn ngành công nghệ thông tin"" trước khi đăng ký học phần Kỹ thuật lập trình.  

GIẢI THÍCH CHI TIẾT:  
1) Bước 1: Học phần Kỹ thuật lập trình yêu cầu kiến thức lập trình cơ bản bằng ngôn ngữ Python, được trang bị trong môn ""Nhập môn ngành công nghệ thông tin"".  
- Căn cứ: ""Đây là học phần thuộc khối kiến thức đại cương... giúp sinh viên tiếp cận những phương pháp giải quyết vấn đề trên máy tính và bước đầu làm quen với lập trình cơ bản sử dụng ngôn ngữ lập trình bậc cao Python."" (Mạng máy tính và truyền thông dữ liệu > III. CHƯƠNG TRÌNH CHI TIẾT > 1.1 Toán và khoa học tự nhiên – Nhập môn ngành công nghệ thông tin)  

2) Bước 2: Môn ""Nhập môn ngành công nghệ thông tin"" được liệt kê là học phần bắt buộc và không yêu cầu học phần trước, trong khi Kỹ thuật lập trình là học phần bắt buộc thuộc khối chuyên ngành.  
- Căn cứ: ""Học phần này trang bị cho sinh viên những định hướng về nghề nghiệp ngành CNTT, xu hướng phát triển trong lĩnh vực CNTT, đạo đức nghề nghiệp CNTT..."" (Mạng máy tính và truyền thông dữ liệu > III. CHƯƠNG TRÌNH CHI TIẾT > 1.1 Toán và khoa học tự nhiên – Nhập môn ngành công nghệ thông tin)  

3) Bước 3: Việc học lập trình cơ bản bằng Python trong môn ""Nhập môn ngành công nghệ thông tin"" là tiền đề cần thiết để tiếp cận các kỹ thuật lập trình trong môn Kỹ thuật lập trình.  
- Căn cứ: ""bước đầu làm quen với lập trình cơ bản sử dụng ngôn ngữ lập trình bậc cao Python"" (Mạng máy tính và truyền thông dữ liệu > III. CHƯƠNG TRÌNH CHI TIẾT > 1.1 Toán và khoa học tự nhiên – Nhập môn ngành công nghệ thông tin)  

NGUỒN THAM KHẢO:  
- Header/Section: Mạng máy tính và truyền thông dữ liệu > III. CHƯƠNG TRÌNH CHI TIẾT > 1.1 Toán và khoa học tự nhiên – Nhập môn ngành công nghệ thông tin",True,"[372, 304, 327, 284, 197, 293, 312, 314, 110, 395]",10,304,2,0.5,1,1,1.0,True,
"Theo chương trình đào tạo ngành Công nghệ thông tin, học phần Kỹ thuật lập trình có kèm theo điều kiện về học phần học trước hoặc tiên quyết không?",base line,"Học phần Kỹ thuật lập trình không có điều kiện học phần học trước.  

GIẢI THÍCH CHI TIẾT:  
1) Bước 1: Trong phần ""Công nghệ thông tin > III. CHƯƠNG TRÌNH CHI TIẾT > 2.1. Kiến thức cơ sở ngành: > Kỹ thuật lập trình"", không có dòng nào nêu điều kiện học phần học trước.  
- Căn cứ: ""Học phần này đóng vai trò là học phần nhập môn, giúp người học tiếp cận với ngành học. Học phần trang bị người học phương pháp và công cụ lập trình."" (phần nội dung tóm tắt)  

2) Bước 2: Các học phần có điều kiện học trước (ví dụ: Cấu trúc dữ liệu và giải thuật, Lập trình mạng) đều được nêu rõ điều kiện học trước, nhưng học phần Kỹ thuật lập trình không có thông tin như vậy.  
- Căn cứ: ""Công nghệ thông tin > III. CHƯƠNG TRÌNH CHI TIẾT > 2.1. Kiến thức cơ sở ngành: > Kỹ thuật lập trình"" – không có dòng nào ghi ""học phần học trước"" hoặc ""tiên quyết"".  

3) Bước 3: Trong phần ""Mạng máy tính và truyền thông dữ liệu > PHỤ LỤC 2"", học phần ""Nhập môn ngành Mạng máy tính và truyền thông dữ liệu"" có điều kiện học trước, nhưng không liên quan đến học phần Kỹ thuật lập trình.  
- Căn cứ: ""Học phần học trước: không có."" (trong phần Nhập môn ngành MMT&TTDL) – không áp dụng cho Kỹ thuật lập trình.  

NGUỒN THAM KHẢO:  
- Header/Section: Công nghệ thông tin > III. CHƯƠNG TRÌNH CHI TIẾT > 2.1. Kiến thức cơ sở ngành: > Kỹ thuật lập trình  
- Header/Section: Mạng máy tính và truyền thông dữ liệu > PHỤ LỤC 2: BẢNG MÔ TẢ CÁC HỌC PHẦN MMT&TTDL",True,"[372, 304, 293, 312, 314, 284, 197, 305, 395, 110]",10,304,2,0.5,1,1,1.0,True,
Sinh viên ngành Công nghệ thông tin khi học học phần Kỹ thuật lập trình có cần hoàn thành học phần tiên quyết hoặc học trước nào không?,base line,"Có, sinh viên cần hoàn thành học phần ""Tin học cơ bản"" (mã 124012) trước khi học ""Kỹ thuật lập trình"" (mã 124001).  

GIẢI THÍCH CHI TIẾT:  
1) Bước 1: Học phần ""Kỹ thuật lập trình"" (mã 124001) được liệt kê là học phần bắt buộc trong chương trình đào tạo Công nghệ thông tin.  
- Căn cứ: ""Công nghệ thông tin > IV. CHƯƠNG TRÌNH KHUNG (KẾ HOẠCH THỰC HIỆN) > HỌC KỲ 2 > Kỹ thuật lập trình"" (vị trí: Chương trình khung học kỳ 2).  

2) Bước 2: Học phần ""Tin học cơ bản"" (mã 124012) được xác định là học phần bắt buộc và thuộc khối kiến thức giáo dục đại cương, cung cấp kiến thức nền tảng về cấu trúc máy tính và hệ thống mạng.  
- Căn cứ: ""Công nghệ thông tin > III. CHƯƠNG TRÌNH CHI TIẾT > 1. Kiến thức khoa học cơ bản: > 1.3 Tin học cơ bản > Tin học cơ bản"" (vị trí: Khối kiến thức giáo dục đại cương).  

3) Bước 3: Trong học phần ""Nhập môn ngành công nghệ thông tin"" (mã 122042), sinh viên được làm quen với lập trình cơ bản bằng Python, là tiền đề cho việc học lập trình.  
- Căn cứ: ""Đây là học phần thuộc khối kiến thức đại cương... giúp sinh viên bước đầu làm quen với lập trình cơ bản sử dụng ngôn ngữ lập trình bậc cao Python."" (vị trí: Nhập môn ngành công nghệ thông tin).  

4) Bước 4: Học phần ""Kỹ thuật lập trình"" (mã 124001) được mô tả là học phần nhập môn, cung cấp kỹ thuật cơ bản như đệ quy, chia để trị, đặt cờ hiệu, và sử dụng ngôn ngữ C/C++.  
- Căn cứ: ""Học phần này đóng vai trò là học phần nhập môn, giúp người học tiếp cận với ngành học. Học phần này cung cấp các kỹ thuật cơ bản thường được sử dụng trong công việc lập trình như: cách tổ chức biểu diễn dữ liệu, kỹ thuật chia để trị, kỹ thuật đặt cờ hiệu, kỹ thuật đệ quy..."" (vị trí: Nội dung học phần tóm tắt).  

NGUỒN THAM KHẢO:  
- Header/Section: Công nghệ thông tin > IV. CHƯƠNG TRÌNH KHUNG (KẾ HOẠCH THỰC HIỆN) > HỌC KỲ 2 > Kỹ thuật lập trình  
- Header/Section: Công nghệ thông tin > III. CHƯƠNG TRÌNH CHI TIẾT > 1. Kiến thức khoa học cơ bản: > 1.3 Tin học cơ bản > Tin học cơ bản  
- Header/Section: Công nghệ thông tin > III. CHƯƠNG TRÌNH CHI TIẾT > 1. Kiến thức khoa học cơ bản: > 1.1 Toán và Khoa học tự nhiên > Nhập môn ngành công nghệ thông tin  
- Header/Section: Công nghệ thông tin > III. CHƯƠNG TRÌNH CHI TIẾT > 2. Kiến thức giáo dục chuyên nghiệp: > 2.1. Kiến thức cơ sở ngành: > Kỹ thuật lập trình",True,"[304, 314, 372, 293, 317, 327, 284, 312, 197, 415]",10,304,1,1.0,1,1,1.0,True,
Học phần Cấu trúc dữ liệu và giải thuật yêu cầu sinh viên phải học trước học phần nào trong chương trình đào tạo ngành Công nghệ thông tin?,base line,"Học phần Cấu trúc dữ liệu và giải thuật yêu cầu sinh viên phải học trước học phần 124001.

GIẢI THÍCH CHI TIẾT:  
1) Bước 1: Học phần Cấu trúc dữ liệu và giải thuật có yêu cầu học phần học trước là 124001.  
- Căn cứ: ""Học phần học trước: 124001"" (Công nghệ thông tin > III. CHƯƠNG TRÌNH CHI TIẾT > 2. Kiến thức giáo dục chuyên nghiệp: > 2.1. Kiến thức cơ sở ngành: > Cấu trúc dữ liệu và giải thuật)  

2) Bước 2: Trong kế hoạch học tập, học phần này cũng được liệt kê với học phần học trước 124001 ở học kỳ 3.  
- Căn cứ: ""Học phần học trước: 124001"" (Công nghệ thông tin > IV. CHƯƠNG TRÌNH KHUNG (KẾ HOẠCH THỰC HIỆN) > HỌC KỲ 3 > Cấu trúc dữ liệu và giải thuật)  

3) Bước 3: Cả hai nguồn đều xác nhận học phần 124001 là học phần học trước, không có thông tin khác.  
- Căn cứ: ""Học phần học trước: 124001"" (Mạng máy tính và truyền thông dữ liệu > PHỤ LỤC 2: BẢNG MÔ TẢ CÁC HỌC PHẦN MMT&TTDL > 2. Kiến thức giáo dục chuyên nghiệp: > Cấu trúc dữ liệu & giải thuật)  

NGUỒN THAM KHẢO:  
- Header/Section: Công nghệ thông tin > III. CHƯƠNG TRÌNH CHI TIẾT > 2. Kiến thức giáo dục chuyên nghiệp: > 2.1. Kiến thức cơ sở ngành: > Cấu trúc dữ liệu và giải thuật  
- Header/Section: Công nghệ thông tin > IV. CHƯƠNG TRÌNH KHUNG (KẾ HOẠCH THỰC HIỆN) > HỌC KỲ 3 > Cấu trúc dữ liệu và giải thuật  
- Header/Section: Mạng máy tính và truyền thông dữ liệu > PHỤ LỤC 2: BẢNG MÔ TẢ CÁC HỌC PHẦN MMT&TTDL > 2. Kiến thức giáo dục chuyên nghiệp: > Cấu trúc dữ liệu & giải thuật",True,"[305, 380, 316, 195, 214, 197, 125, 327, 329, 193]",10,305,1,1.0,1,1,1.0,True,
"Trong chương trình đào tạo ngành Công nghệ thông tin, học phần Cấu trúc dữ liệu và giải thuật yêu cầu sinh viên phải hoàn thành học phần học trước nào?",base line,"Học phần Cấu trúc dữ liệu và giải thuật yêu cầu sinh viên phải hoàn thành học phần học trước là 124001.

GIẢI THÍCH CHI TIẾT:  
1) Bước 1: Học phần Cấu trúc dữ liệu và giải thuật có yêu cầu học phần học trước được nêu rõ trong phần ""Học phần học trước"" của học phần này.  
- Căn cứ: ""Học phần học trước: 124001"" (Công nghệ thông tin > III. CHƯƠNG TRÌNH CHI TIẾT > 2. Kiến thức giáo dục chuyên nghiệp: > 2.1. Kiến thức cơ sở ngành: > Cấu trúc dữ liệu và giải thuật)  

2) Bước 2: Trong tất cả các phiên bản mô tả học phần, bao gồm cả chương trình khung học tập, học phần 124002 đều ghi rõ học phần học trước là 124001.  
- Căn cứ: ""Học phần học trước: 124001"" (Công nghệ thông tin > IV. CHƯƠNG TRÌNH KHUNG > HỌC KỲ 3 > Cấu trúc dữ liệu và giải thuật)  

3) Bước 3: Dù có nhiều phiên bản mô tả khác nhau, tất cả đều thống nhất về học phần học trước là 124001, không có bất kỳ thông tin nào khác.  
- Căn cứ: ""Học phần học trước: 124001"" (Mạng máy tính và truyền thông dữ liệu > PHỤ LỤC 2: BẢNG MÔ TẢ CÁC HỌC PHẦN MMT&TTDL > 2. Kiến thức giáo dục chuyên nghiệp: 94 tín chỉ > 2.1. Kiến thức cơ sở ngành – 29 tín chỉ > Cấu trúc dữ liệu & giải thuật)  

NGUỒN THAM KHẢO:  
- Header/Section: Công nghệ thông tin > III. CHƯƠNG TRÌNH CHI TIẾT > 2. Kiến thức giáo dục chuyên nghiệp: > 2.1. Kiến thức cơ sở ngành: > Cấu trúc dữ liệu và giải thuật  
- Header/Section: Công nghệ thông tin > IV. CHƯƠNG TRÌNH KHUNG > HỌC KỲ 3 > Cấu trúc dữ liệu và giải thuật  
- Header/Section: Mạng máy tính và truyền thông dữ liệu > PHỤ LỤC 2: BẢNG MÔ TẢ CÁC HỌC PHẦN MMT&TTDL > 2. Kiến thức giáo dục chuyên nghiệp: 94 tín chỉ > 2.1. Kiến thức cơ sở ngành – 29 tín chỉ > Cấu trúc dữ liệu & giải thuật",True,"[305, 380, 197, 316, 214, 195, 327, 125, 293, 329]",10,305,1,1.0,1,1,1.0,True,
Học phần Cấu trúc dữ liệu và giải thuật của ngành Công nghệ thông tin có quy định học phần học trước là môn nào?,base line,"Học phần Cấu trúc dữ liệu và giải thuật có quy định học phần học trước là môn 124001.

GIẢI THÍCH CHI TIẾT:  
1) Bước 1: Trong phần ""Công nghệ thông tin > IV. CHƯƠNG TRÌNH KHUNG (KẾ HOẠCH THỰC HIỆN) > HỌC KỲ 3 > Cấu trúc dữ liệu và giải thuật"", có ghi rõ ""Học phần học trước: 124001"".  
- Căn cứ: ""Học phần học trước: 124001"" (Công nghệ thông tin > IV. CHƯƠNG TRÌNH KHUNG > HỌC KỲ 3)  

2) Bước 2: Phần ""Công nghệ thông tin > III. CHƯƠNG TRÌNH CHI TIẾT > 2. Kiến thức giáo dục chuyên nghiệp: > 2.1. Kiến thức cơ sở ngành: > Cấu trúc dữ liệu và giải thuật"" cũng xác nhận ""Học phần học trước: 124001"".  
- Căn cứ: ""Học phần học trước: 124001"" (Công nghệ thông tin > III. CHƯƠNG TRÌNH CHI TIẾT > 2.1. Kiến thức cơ sở ngành)  

3) Bước 3: Phần ""Mạng máy tính và truyền thông dữ liệu > PHỤ LỤC 2: BẢNG MÔ TẢ CÁC HỌC PHẦN MMT&TTDL > 2. Kiến thức giáo dục chuyên nghiệp: 94 tín chỉ > 2.1. Kiến thức cơ sở ngành – 29 tín chỉ > Cấu trúc dữ liệu & giải thuật"" cũng nêu ""Học phần học trước: 124001"", xác nhận thông tin nhất quán.  
- Căn cứ: ""Mã học phần: 124002"" (Mạng máy tính và truyền thông dữ liệu > PHỤ LỤC 2 > 2.1. Kiến thức cơ sở ngành)  

NGUỒN THAM KHẢO:  
- Công nghệ thông tin > IV. CHƯƠNG TRÌNH KHUNG (KẾ HOẠCH THỰC HIỆN) > HỌC KỲ 3 > Cấu trúc dữ liệu và giải thuật  
- Công nghệ thông tin > III. CHƯƠNG TRÌNH CHI TIẾT > 2. Kiến thức giáo dục chuyên nghiệp: > 2.1. Kiến thức cơ sở ngành: > Cấu trúc dữ liệu và giải thuật  
- Mạng máy tính và truyền thông dữ liệu > PHỤ LỤC 2: BẢNG MÔ TẢ CÁC HỌC PHẦN MMT&TTDL > 2. Kiến thức giáo dục chuyên nghiệp: 94 tín chỉ > 2.1. Kiến thức cơ sở ngành – 29 tín chỉ > Cấu trúc dữ liệu & giải thuật",True,"[380, 305, 197, 195, 125, 214, 316, 193, 196, 194]",10,305,2,0.5,1,1,1.0,True,
Sinh viên ngành Công nghệ thông tin cần học trước những học phần nào để đủ điều kiện đăng ký học phần Cấu trúc dữ liệu và giải thuật?,base line,"Sinh viên cần học trước học phần 124001 để đăng ký học phần Cấu trúc dữ liệu và giải thuật.  

GIẢI THÍCH CHI TIẾT:  
1) Bước 1: Học phần Cấu trúc dữ liệu và giải thuật yêu cầu học phần học trước là 124001.  
- Căn cứ: ""Học phần học trước: 124001"" (Công nghệ thông tin > IV. CHƯƠNG TRÌNH KHUNG > HỌC KỲ 3 > Cấu trúc dữ liệu và giải thuật)  

2) Bước 2: Trong chương trình chi tiết, học phần 124002 (Cấu trúc dữ liệu và giải thuật) được liệt kê rõ ràng có học phần học trước là 124001.  
- Căn cứ: ""Học phần học trước: 124001"" (Mạng máy tính và truyền thông dữ liệu > PHỤ LỤC 2: BẢNG MÔ TẢ CÁC HỌC PHẦN MMT&TTDL > 2. Kiến thức giáo dục chuyên nghiệp: 2.1. Kiến thức cơ sở ngành – 29 tín chỉ > Cấu trúc dữ liệu & giải thuật)  

NGUỒN THAM KHẢO:  
- Công nghệ thông tin > IV. CHƯƠNG TRÌNH KHUNG > HỌC KỲ 3 > Cấu trúc dữ liệu và giải thuật  
- Mạng máy tính và truyền thông dữ liệu > PHỤ LỤC 2: BẢNG MÔ TẢ CÁC HỌC PHẦN MMT&TTDL > 2. Kiến thức giáo dục chuyên nghiệp: 2.1. Kiến thức cơ sở ngành – 29 tín chỉ > Cấu trúc dữ liệu & giải thuật",True,"[380, 305, 197, 195, 473, 214, 316, 125, 327, 329]",10,305,2,0.5,1,1,1.0,True,
"Theo chương trình đào tạo ngành Công nghệ thông tin, học phần Cấu trúc dữ liệu và giải thuật yêu cầu hoàn thành những học phần nào trước đó?",base line,"Học phần Cấu trúc dữ liệu và giải thuật yêu cầu hoàn thành học phần 124001 trước đó.

GIẢI THÍCH CHI TIẾT:  
1) Bước 1: Học phần Cấu trúc dữ liệu và giải thuật yêu cầu học phần trước là 124001.  
- Căn cứ: ""Học phần học trước: 124001"" (Công nghệ thông tin > III. CHƯƠNG TRÌNH CHI TIẾT > 2. Kiến thức giáo dục chuyên nghiệp: > 2.1. Kiến thức cơ sở ngành: > Cấu trúc dữ liệu và giải thuật)  

2) Bước 2: Trong chương trình đào tạo, học phần này được liệt kê rõ ràng với điều kiện học trước là 124001, không có thông tin nào khác yêu cầu học phần khác.  
- Căn cứ: ""Học phần học trước: 124001"" (Công nghệ thông tin > IV. CHƯƠNG TRÌNH KHUNG > HỌC KỲ 3 > Cấu trúc dữ liệu và giải thuật)  

3) Bước 3: Các thông tin khác trong CONTEXT không đề cập đến học phần khác cần hoàn thành trước học phần này.  
- Căn cứ: Không có đoạn nào khác chỉ ra học phần khác trước 124002.  

NGUỒN THAM KHẢO:  
- Công nghệ thông tin > III. CHƯƠNG TRÌNH CHI TIẾT > 2. Kiến thức giáo dục chuyên nghiệp: > 2.1. Kiến thức cơ sở ngành: > Cấu trúc dữ liệu và giải thuật  
- Công nghệ thông tin > IV. CHƯƠNG TRÌNH KHUNG (KẾ HOẠCH THỰC HIỆN) > HỌC KỲ 3 > Cấu trúc dữ liệu và giải thuật",True,"[305, 380, 214, 316, 195, 197, 125, 327, 455, 193]",10,305,1,1.0,1,1,1.0,True,
Những học phần học trước nào được quy định cho học phần Cấu trúc dữ liệu và giải thuật trong ngành Công nghệ thông tin?,base line,"Học phần Cấu trúc dữ liệu và giải thuật trong ngành Công nghệ thông tin yêu cầu học phần học trước là 124001.

GIẢI THÍCH CHI TIẾT:  
1) Bước 1: Học phần Cấu trúc dữ liệu và giải thuật được quy định phải học trước học phần 124001.  
- Căn cứ: ""Học phần học trước: 124001"" (Công nghệ thông tin > IV. CHƯƠNG TRÌNH KHUNG > HỌC KỲ 3 > Cấu trúc dữ liệu và giải thuật)  

2) Bước 2: Trong phần chi tiết chương trình, học phần này cũng nêu rõ học phần học trước là 124001.  
- Căn cứ: ""Học phần học trước: 124001"" (Công nghệ thông tin > III. CHƯƠNG TRÌNH CHI TIẾT > 2. Kiến thức giáo dục chuyên nghiệp: > 2.1. Kiến thức cơ sở ngành: > Cấu trúc dữ liệu và giải thuật)  

3) Bước 3: Các phiên bản khác (học kỳ 4 và phần kiến thức chuyên ngành) vẫn giữ nguyên yêu cầu học trước 124001.  
- Căn cứ: ""Học phần học trước: 124001"" (Mạng máy tính và truyền thông dữ liệu > IV. KẾ HOẠCH HỌC TẬP > Học kỳ 4 > Cấu trúc dữ liệu và GT)  

NGUỒN THAM KHẢO:  
- Công nghệ thông tin > IV. CHƯƠNG TRÌNH KHUNG > HỌC KỲ 3 > Cấu trúc dữ liệu và giải thuật  
- Công nghệ thông tin > III. CHƯƠNG TRÌNH CHI TIẾT > 2. Kiến thức giáo dục chuyên nghiệp: > 2.1. Kiến thức cơ sở ngành: > Cấu trúc dữ liệu và giải thuật  
- Mạng máy tính và truyền thông dữ liệu > IV. KẾ HOẠCH HỌC TẬP > Học kỳ 4 > Cấu trúc dữ liệu và GT",True,"[380, 305, 197, 195, 125, 196, 193, 214, 194, 293]",10,305,2,0.5,1,1,1.0,True,
"Theo chương trình đào tạo ngành Mạng máy tính và truyền thông dữ liệu, học phần Nhập môn ngành MMT&TTDL có số tín chỉ là bao nhiêu?",base line,"Học phần Nhập môn ngành MMT&TTDL có số tín chỉ là 3.

GIẢI THÍCH CHI TIẾT:  
1) Bước 1: Học phần ""Nhập môn ngành MMT&TTDL"" được liệt kê trong phần ""Mạng máy tính và truyền thông dữ liệu > IV. KẾ HOẠCH HỌC TẬP > Học kỳ 1"" với thông tin rõ ràng về số tín chỉ.  
- Căn cứ: ""Số tín chỉ: 3"" (phần ""Mạng máy tính và truyền thông dữ liệu > IV. KẾ HOẠCH HỌC TẬP > Học kỳ 1 > Nhập môn ngành MMT&TTDL"")  

2) Bước 2: Thông tin này được xác nhận ở phần ""PHỤ LỤC 2: BẢNG MÔ TẢ CÁC HỌC PHẦN MMT&TTDL"" trong nhóm ""1. Kiến thức giáo dục đại cương – 29 tín chỉ > 1.1. Toán và khoa học tự nhiên – 14 tín chỉ > Nhập môn ngành Mạng máy tính và truyền thông dữ liệu"", nơi cũng ghi rõ mã học phần và số tín chỉ.  
- Căn cứ: ""Số tín chỉ: 3"" (phần ""Mạng máy tính và truyền thông dữ liệu > PHỤ LỤC 2: BẢNG MÔ TẢ CÁC HỌC PHẦN MMT&TTDL > 1. Kiến thức giáo dục đại cương – 29 tín chỉ > 1.1. Toán và khoa học tự nhiên – 14 tín chỉ > Nhập môn ngành MMT&TTDL"")  

NGUỒN THAM KHẢO:  
- Header/Section: Mạng máy tính và truyền thông dữ liệu > IV. KẾ HOẠCH HỌC TẬP > Học kỳ 1 > Nhập môn ngành MMT&TTDL  
- Header/Section: Mạng máy tính và truyền thông dữ liệu > PHỤ LỤC 2: BẢNG MÔ TẢ CÁC HỌC PHẦN MMT&TTDL > 1. Kiến thức giáo dục đại cương – 29 tín chỉ > 1.1. Toán và khoa học tự nhiên – 14 tín chỉ > Nhập môn ngành MMT&TTDL",True,"[105, 197, 207, 235, 206, 251, 213, 196, 215, 211]",10,105,1,1.0,1,1,1.0,True,
Học phần Nhập môn ngành MMT&TTDL trong chương trình đào tạo ngành Mạng máy tính và truyền thông dữ liệu được quy định bao nhiêu tín chỉ?,base line,"Học phần Nhập môn ngành MMT&TTDL được quy định là 3 tín chỉ.

GIẢI THÍCH CHI TIẾT:  
1) Bước 1: Học phần ""Nhập môn ngành MMT&TTDL"" có mã học phần 125015 và được ghi rõ số tín chỉ là 3.  
- Căn cứ: ""Mã học phần: 125015 - Số tín chỉ: 3"" (Mạng máy tính và truyền thông dữ liệu > IV. KẾ HOẠCH HỌC TẬP > Học kỳ 1 > Nhập môn ngành MMT&TTDL)  

2) Bước 2: Thông tin này được xác nhận ở phần ""CHƯƠNG TRÌNH CHI TIẾT"" với cùng mã học phần và số tín chỉ 3.  
- Căn cứ: ""Mã học phần: 125015 - Số tín chỉ: 3"" (Mạng máy tính và truyền thông dữ liệu > III. CHƯƠNG TRÌNH CHI TIẾT > 1. Kiến thức khoa học cơ bản: 29 tín chỉ > Toán và khoa học tự nhiên – 14 tín chỉ > Nhập môn ngành mạng máy tính và truyền thông dữ liệu)  

NGUỒN THAM KHẢO:  
- Header/Section: Mạng máy tính và truyền thông dữ liệu > IV. KẾ HOẠCH HỌC TẬP > Học kỳ 1 > Nhập môn ngành MMT&TTDL  
- Header/Section: Mạng máy tính và truyền thông dữ liệu > III. CHƯƠNG TRÌNH CHI TIẾT > 1. Kiến thức khoa học cơ bản: 29 tín chỉ > Toán và khoa học tự nhiên – 14 tín chỉ > Nhập môn ngành mạng máy tính và truyền thông dữ liệu",True,"[105, 197, 207, 206, 196, 211, 193, 213, 18, 195]",10,105,1,1.0,1,1,1.0,True,
Chương trình ngành Mạng máy tính và truyền thông dữ liệu xác định học phần Nhập môn ngành MMT&TTDL có khối lượng bao nhiêu tín chỉ?,base line,"Học phần Nhập môn ngành MMT&TTDL có 3 tín chỉ.

GIẢI THÍCH CHI TIẾT:  
1) Bước 1: Học phần ""Nhập môn ngành Mạng máy tính và truyền thông dữ liệu"" được xác định có số tín chỉ là 3.  
- Căn cứ: ""Số tín chỉ: 3"" (Mạng máy tính và truyền thông dữ liệu > IV. KẾ HOẠCH HỌC TẬP > Học kỳ 1 > Nhập môn ngành MMT&TTDL)  

2) Bước 2: Thông tin này được xác nhận ở phần ""Chương trình ngành MMT&TTDL"" trong mục ""Kiến thức khoa học cơ bản"", nơi nêu rõ học phần này có 3 tín chỉ.  
- Căn cứ: ""Mã học phần: 125015 - Số tín chỉ: 3"" (Mạng máy tính và truyền thông dữ liệu > III. CHƯƠNG TRÌNH CHI TIẾT > 1. Kiến thức khoa học cơ bản: 29 tín chỉ > Toán và khoa học tự nhiên – 14 tín chỉ > Nhập môn ngành mạng máy tính và truyền thông dữ liệu)  

NGUỒN THAM KHẢO:  
- Header/Section: Mạng máy tính và truyền thông dữ liệu > IV. KẾ HOẠCH HỌC TẬP > Học kỳ 1 > Nhập môn ngành MMT&TTDL  
- Header/Section: Mạng máy tính và truyền thông dữ liệu > III. CHƯƠNG TRÌNH CHI TIẾT > 1. Kiến thức khoa học cơ bản: 29 tín chỉ > Toán và khoa học tự nhiên – 14 tín chỉ > Nhập môn ngành mạng máy tính và truyền thông dữ liệu",True,"[105, 197, 196, 235, 213, 193, 18, 206, 207, 215]",10,105,1,1.0,1,1,1.0,True,
"Trong kế hoạch đào tạo ngành Mạng máy tính và truyền thông dữ liệu, học phần Nhập môn ngành MMT&TTDL có số tín chỉ là bao nhiêu?",base line,"Học phần Nhập môn ngành MMT&TTDL có số tín chỉ là 3.

GIẢI THÍCH CHI TIẾT:  
1) Bước 1: Trong phần ""Mạng máy tính và truyền thông dữ liệu > IV. KẾ HOẠCH HỌC TẬP > Học kỳ 1 > Nhập môn ngành MMT&TTDL"", được nêu rõ rằng học phần này có ""Số tín chỉ: 3"".  
- Căn cứ: ""Số tín chỉ: 3"" (phần ""KẾ HOẠCH HỌC TẬP"")  

2) Bước 2: Thông tin này được xác nhận ở phần ""PHỤ LỤC 2: BẢNG MÔ TẢ CÁC HỌC PHẦN MMT&TTDL"" trong nhóm ""1. Kiến thức giáo dục đại cương – 29 tín chỉ > 1.1. Toán và khoa học tự nhiên – 14 tín chỉ > Nhập môn ngành Mạng máy tính và truyền thông dữ liệu"", nơi cũng ghi rõ mã học phần 125015 và số tín chỉ là 3.  
- Căn cứ: ""Số tín chỉ: 3"" (phần ""1.1. Toán và khoa học tự nhiên – 14 tín chỉ > Nhập môn ngành Mạng máy tính và truyền thông dữ liệu"")  

NGUỒN THAM KHẢO:  
- Header/Section: IV. KẾ HOẠCH HỌC TẬP > Học kỳ 1 > Nhập môn ngành MMT&TTDL  
- Header/Section: PHỤ LỤC 2: BẢNG MÔ TẢ CÁC HỌC PHẦN MMT&TTDL > 1.1. Toán và khoa học tự nhiên – 14 tín chỉ > Nhập môn ngành Mạng máy tính và truyền thông dữ liệu",True,"[105, 197, 207, 206, 235, 218, 213, 196, 251, 195]",10,105,1,1.0,1,1,1.0,True,
Học phần Nhập môn ngành MMT&TTDL thuộc chương trình đào tạo ngành Mạng máy tính và truyền thông dữ liệu có bao nhiêu tín chỉ?,base line,"Học phần Nhập môn ngành MMT&TTDL có 3 tín chỉ.  

GIẢI THÍCH CHI TIẾT:  
1) Bước 1: Học phần ""Nhập môn ngành MMT&TTDL"" được liệt kê trong chương trình đào tạo với mã học phần 125015 và số tín chỉ là 3.  
- Căn cứ: ""Số tín chỉ: 3"" (Mạng máy tính và truyền thông dữ liệu > IV. KẾ HOẠCH HỌC TẬP > Học kỳ 1 > Nhập môn ngành MMT&TTDL)  

2) Bước 2: Thông tin này được xác nhận ở phần ""PHỤ LỤC 2: BẢNG MÔ TẢ CÁC HỌC PHẦN MMT&TTDL"" trong nhóm ""1. Kiến thức giáo dục đại cương – 29 tín chỉ > 1.1. Toán và khoa học tự nhiên – 14 tín chỉ > Nhập môn ngành MMT&TTDL"", nơi ghi rõ số tín chỉ là 3.  
- Căn cứ: ""Số tín chỉ: 3"" (Mạng máy tính và truyền thông dữ liệu > PHỤ LỤC 2: BẢNG MÔ TẢ CÁC HỌC PHẦN MMT&TTDL > 1. Kiến thức giáo dục đại cương – 29 tín chỉ > 1.1. Toán và khoa học tự nhiên – 14 tín chỉ > Nhập môn ngành MMT&TTDL)  

NGUỒN THAM KHẢO:  
- Header/Section: Mạng máy tính và truyền thông dữ liệu > IV. KẾ HOẠCH HỌC TẬP > Học kỳ 1 > Nhập môn ngành MMT&TTDL  
- Header/Section: Mạng máy tính và truyền thông dữ liệu > PHỤ LỤC 2: BẢNG MÔ TẢ CÁC HỌC PHẦN MMT&TTDL > 1. Kiến thức giáo dục đại cương – 29 tín chỉ > 1.1. Toán và khoa học tự nhiên – 14 tín chỉ > Nhập môn ngành MMT&TTDL",True,"[105, 197, 207, 206, 196, 193, 195, 213, 251, 211]",10,105,1,1.0,1,1,1.0,True,
Học phần Kỹ thuật truyền số liệu thuộc học kỳ mấy trong kế hoạch học tập ngành MMT&TTDL?,base line,"Học phần Kỹ thuật truyền số liệu thuộc học kỳ 2 và học kỳ 5.  

GIẢI THÍCH CHI TIẾT:  
1) Bước 1: Học phần Kỹ thuật truyền số liệu được liệt kê trong học kỳ 2 với mã 125003, loại học phần bắt buộc.  
- Căn cứ: ""Mạng máy tính và truyền thông dữ liệu > IV. KẾ HOẠCH HỌC TẬP > Học kỳ 2 > Kỹ thuật truyền số liệu - Mã học phần: 125003"" (phần học kỳ 2)  

2) Bước 2: Học phần Kỹ thuật truyền số liệu cũng được liệt kê trong học kỳ 5, nhưng với loại học phần tự chọn (mã 125003, 2 tín chỉ).  
- Căn cứ: ""Công nghệ thông tin > IV. CHƯƠNG TRÌNH KHUNG (KẾ HOẠCH THỰC HIỆN) > HỌC KỲ 5 > Kỹ thuật truyền số liệu - Mã học phần: 125003"" (phần học kỳ 5)  

3) Bước 3: Do có hai phiên bản học phần cùng mã nhưng thuộc hai học kỳ khác nhau, nên học phần này xuất hiện ở cả hai học kỳ.  
- Căn cứ: Cả hai mục đều có mã học phần 125003, nhưng thuộc học kỳ 2 (bắt buộc) và học kỳ 5 (tự chọn), cho thấy sự hiện diện ở hai học kỳ.  

NGUỒN THAM KHẢO:  
- Header/Section: ""Mạng máy tính và truyền thông dữ liệu > IV. KẾ HOẠCH HỌC TẬP > Học kỳ 2 > Kỹ thuật truyền số liệu""  
- Header/Section: ""Công nghệ thông tin > IV. CHƯƠNG TRÌNH KHUNG (KẾ HOẠCH THỰC HIỆN) > HỌC KỲ 5 > Kỹ thuật truyền số liệu""",True,"[111, 105, 400, 161, 128, 113, 142, 195, 197, 121]",10,111,1,1.0,1,1,1.0,True,
"Trong kế hoạch học tập ngành Mạng máy tính và truyền thông dữ liệu, học phần Kỹ thuật truyền số liệu được bố trí ở học kỳ mấy?",base line,"Học phần Kỹ thuật truyền số liệu được bố trí ở học kỳ 2.

GIẢI THÍCH CHI TIẾT:  
1) Bước 1: Học phần ""Kỹ thuật truyền số liệu"" được liệt kê trong phần kế hoạch học tập học kỳ 2.  
- Căn cứ: ""Mạng máy tính và truyền thông dữ liệu > IV. KẾ HOẠCH HỌC TẬP > Học kỳ 2 > Kỹ thuật truyền số liệu"" (học kỳ 2)  

2) Bước 2: Trong phần học kỳ 2, học phần này được ghi rõ với mã học phần 125003, là học phần bắt buộc, không có thông tin nào cho thấy nó được bố trí ở học kỳ khác.  
- Căn cứ: ""Mã học phần: 125003"" (học kỳ 2)  

3) Bước 3: Không có thông tin nào trong CONTEXT cho thấy học phần này được chuyển đến học kỳ khác, do đó không có cơ sở để suy đoán.  
- Căn cứ: ""Học phần học trước: 125015"" (không liên quan đến học kỳ 2 của Kỹ thuật truyền số liệu)  

NGUỒN THAM KHẢO:  
- Header/Section: Mạng máy tính và truyền thông dữ liệu > IV. KẾ HOẠCH HỌC TẬP > Học kỳ 2 > Kỹ thuật truyền số liệu",True,"[111, 113, 128, 142, 154, 121, 106, 99, 132, 161]",10,111,1,1.0,1,1,1.0,True,
Học phần Kỹ thuật truyền số liệu trong chương trình đào tạo ngành MMT&TTDL thuộc học kỳ nào?,base line,"Học phần Kỹ thuật truyền số liệu thuộc học kỳ 2 và học kỳ 5.  

GIẢI THÍCH CHI TIẾT:  
1) Bước 1: Học phần Kỹ thuật truyền số liệu được liệt kê trong học kỳ 2 với mã 125003, thuộc chương trình Mạng máy tính và truyền thông dữ liệu > IV. KẾ HOẠCH HỌC TẬP > Học kỳ 2 > Kỹ thuật truyền số liệu.  
- Căn cứ: ""Mạng máy tính và truyền thông dữ liệu > IV. KẾ HOẠCH HỌC TẬP > Học kỳ 2 > Kỹ thuật truyền số liệu"" (học kỳ 2)  

2) Bước 2: Học phần này cũng được liệt kê trong học kỳ 5, với mã 125003 trong chương trình Công nghệ thông tin > IV. CHƯƠNG TRÌNH KHUNG (KẾ HOẠCH THỰC HIỆN) > HỌC KỲ 5 > Kỹ thuật truyền số liệu.  
- Căn cứ: ""Công nghệ thông tin > IV. CHƯƠNG TRÌNH KHUNG (KẾ HOẠCH THỰC HIỆN) > HỌC KỲ 5 > Kỹ thuật truyền số liệu"" (học kỳ 5)  

3) Bước 3: Mặc dù có hai lần xuất hiện, cả hai lần đều có mã học phần 125003, và được xác định rõ ràng trong các kế hoạch học tập theo học kỳ.  
- Căn cứ: ""Mã học phần: 125003"" (trong cả hai mục học kỳ 2 và 5)  

NGUỒN THAM KHẢO:  
- Header/Section: ""Mạng máy tính và truyền thông dữ liệu > IV. KẾ HOẠCH HỌC TẬP > Học kỳ 2 > Kỹ thuật truyền số liệu""  
- Header/Section: ""Công nghệ thông tin > IV. CHƯƠNG TRÌNH KHUNG (KẾ HOẠCH THỰC HIỆN) > HỌC KỲ 5 > Kỹ thuật truyền số liệu""",True,"[111, 105, 400, 197, 110, 99, 161, 128, 220, 142]",10,111,1,1.0,1,1,1.0,True,
"Theo kế hoạch đào tạo ngành MMT&TTDL, học phần Kỹ thuật truyền số liệu được sắp xếp vào học kỳ mấy?",base line,"Học phần Kỹ thuật truyền số liệu được sắp xếp vào học kỳ 2.

GIẢI THÍCH CHI TIẾT:  
1) Bước 1: Học phần ""Kỹ thuật truyền số liệu"" được liệt kê trong kế hoạch học tập học kỳ 2.  
- Căn cứ: ""Mạng máy tính và truyền thông dữ liệu > IV. KẾ HOẠCH HỌC TẬP > Học kỳ 2 > Kỹ thuật truyền số liệu""  

2) Bước 2: Học phần này có mã học phần 125003 và được ghi nhận là học phần bắt buộc, có học phần học trước là 125015 (Nhập môn ngành MMT&TTDL), phù hợp với trình tự học tập.  
- Căn cứ: ""Mạng máy tính và truyền thông dữ liệu > IV. KẾ HOẠCH HỌC TẬP > Học kỳ 2 > Kỹ thuật truyền số liệu - Mã học phần: 125003 - Học phần học trước: 125015""  

3) Bước 3: Không có thông tin nào cho thấy học phần này được xếp vào học kỳ khác, nên kết luận là học kỳ 2 là đúng.  
- Căn cứ: ""Mạng máy tính và truyền thông dữ liệu > IV. KẾ HOẠCH HỌC TẬP > Học kỳ 2 > Kỹ thuật truyền số liệu""  

NGUỒN THAM KHẢO:  
- Header/Section: Mạng máy tính và truyền thông dữ liệu > IV. KẾ HOẠCH HỌC TẬP > Học kỳ 2 > Kỹ thuật truyền số liệu",True,"[105, 111, 197, 128, 142, 195, 113, 236, 99, 246]",10,111,2,0.5,1,1,1.0,True,
Học phần Kỹ thuật truyền số liệu của ngành MMT&TTDL được giảng dạy ở học kỳ nào trong kế hoạch học tập?,base line,"Học phần Kỹ thuật truyền số liệu được giảng dạy ở học kỳ 2.

GIẢI THÍCH CHI TIẾT:  
1) Bước 1: Học phần ""Kỹ thuật truyền số liệu"" được liệt kê trong kế hoạch học tập của học kỳ 2.  
- Căn cứ: ""Mạng máy tính và truyền thông dữ liệu > IV. KẾ HOẠCH HỌC TẬP > Học kỳ 2 > Kỹ thuật truyền số liệu""  

2) Bước 2: Không có thông tin nào trong CONTEXT cho thấy học phần này được giảng dạy ở học kỳ khác, do đó không có cơ sở để suy đoán.  
- Căn cứ: Không có trích dẫn khác liên quan đến việc phân bổ học phần này ở học kỳ khác.  

NGUỒN THAM KHẢO:  
- Header/Section: Mạng máy tính và truyền thông dữ liệu > IV. KẾ HOẠCH HỌC TẬP > Học kỳ 2 > Kỹ thuật truyền số liệu",True,"[111, 105, 128, 113, 142, 154, 99, 121, 132, 195]",10,111,1,1.0,1,1,1.0,True,
Kế hoạch học tập ngành Mạng máy tính và truyền thông dữ liệu quy định học phần Kỹ thuật truyền số liệu thuộc học kỳ mấy?,base line,"Học phần Kỹ thuật truyền số liệu thuộc học kỳ 2.

GIẢI THÍCH CHI TIẾT:  
1) Bước 1: Học phần ""Kỹ thuật truyền số liệu"" được liệt kê trong phần học kỳ 2 của chương trình học tập.  
- Căn cứ: ""Mạng máy tính và truyền thông dữ liệu > IV. KẾ HOẠCH HỌC TẬP > Học kỳ 2 > Kỹ thuật truyền số liệu"" (học kỳ 2)  

2) Bước 2: Trong phần học kỳ 2, học phần này được ghi rõ với mã học phần 125003 và là học phần bắt buộc, không có thông tin nào cho thấy nó thuộc học kỳ khác.  
- Căn cứ: ""Mã học phần: 125003"" (học kỳ 2)  

3) Bước 3: Không có thông tin nào trong CONTEXT cho thấy học phần này được chuyển sang học kỳ khác, do đó không có cơ sở để thay đổi.  
- Căn cứ: Không có trích dẫn khác cho học kỳ khác có học phần này  

NGUỒN THAM KHẢO:  
- Header/Section: Mạng máy tính và truyền thông dữ liệu > IV. KẾ HOẠCH HỌC TẬP > Học kỳ 2 > Kỹ thuật truyền số liệu",True,"[111, 113, 128, 154, 142, 121, 106, 99, 116, 132]",10,111,1,1.0,1,1,1.0,True,
Học phần Hệ thống thông tin di động tích hợp có các học phần tiên quyết nào theo mô tả chương trình?,base line,"Học phần Hệ thống thông tin di động tích hợp có các học phần tiên quyết là 125003 và 125006.

GIẢI THÍCH CHI TIẾT:  
1) Bước 1: Học phần Hệ thống thông tin di động tích hợp có học phần tiên quyết được nêu rõ trong phần mô tả chương trình.  
- Căn cứ: ""Học phần tiên quyết: 125003; 125006"" (Mạng máy tính và truyền thông dữ liệu > PHỤ LỤC 2: BẢNG MÔ TẢ CÁC HỌC PHẦN MMT&TTDL > 2.2.1. Kiến thức bắt buộc – 25 tín chỉ > Hệ thống thông tin di động tích hợp)  

2) Bước 2: Thông tin này được xác nhận ở phần chương trình chi tiết của ngành, nơi cũng ghi rõ học phần tiên quyết tương tự.  
- Căn cứ: ""Học phần tiên quyết: 125003; 125006"" (Mạng máy tính và truyền thông dữ liệu > III. CHƯƠNG TRÌNH CHI TIẾT > 2. Kiến thức nền tảng kỹ thuật/Kinh tế cốt lõi: 63 tín chỉ > Kiến thức chung của ngành – 34 tín chỉ > Hệ thống thông tin di động tích hợp)  

NGUỒN THAM KHẢO:  
- Header/Section: Mạng máy tính và truyền thông dữ liệu > PHỤ LỤC 2: BẢNG MÔ TẢ CÁC HỌC PHẦN MMT&TTDL > 2.2.1. Kiến thức bắt buộc – 25 tín chỉ > Hệ thống thông tin di động tích hợp  
- Header/Section: Mạng máy tính và truyền thông dữ liệu > III. CHƯƠNG TRÌNH CHI TIẾT > 2. Kiến thức nền tảng kỹ thuật/Kinh tế cốt lõi: 63 tín chỉ > Kiến thức chung của ngành – 34 tín chỉ > Hệ thống thông tin di động tích hợp",True,"[127, 239, 224, 204, 48, 293, 255, 237, 243, 313]",10,127,1,1.0,1,1,1.0,True,
"Theo mô tả chương trình đào tạo, học phần Hệ thống thông tin di động tích hợp yêu cầu những học phần tiên quyết nào?",base line,"Học phần Hệ thống thông tin di động tích hợp yêu cầu học phần tiên quyết là 125003 và 125006.

GIẢI THÍCH CHI TIẾT:  
1) Bước 1: Học phần Hệ thống thông tin di động tích hợp có học phần tiên quyết được nêu rõ trong phần mô tả học phần.  
- Căn cứ: ""Học phần tiên quyết: 125003; 125006"" (Mạng máy tính và truyền thông dữ liệu > PHỤ LỤC 2: BẢNG MÔ TẢ CÁC HỌC PHẦN MMT&TTDL > 2.2.1. Kiến thức bắt buộc – 25 tín chỉ > Hệ thống thông tin di động tích hợp)  

2) Bước 2: Câu hỏi yêu cầu học phần tiên quyết, và thông tin trong CONTEXT chỉ rõ hai mã học phần cụ thể (125003 và 125006) là tiên quyết cho học phần này.  
- Căn cứ: ""Học phần tiên quyết: 125003; 125006"" (Mạng máy tính và truyền thông dữ liệu > PHỤ LỤC 2: BẢNG MÔ TẢ CÁC HỌC PHẦN MMT&TTDL > 2.2.1. Kiến thức bắt buộc – 25 tín chỉ > Hệ thống thông tin di động tích hợp)  

NGUỒN THAM KHẢO:  
- Header/Section: Mạng máy tính và truyền thông dữ liệu > PHỤ LỤC 2: BẢNG MÔ TẢ CÁC HỌC PHẦN MMT&TTDL > 2.2.1. Kiến thức bắt buộc – 25 tín chỉ > Hệ thống thông tin di động tích hợp",True,"[127, 224, 239, 197, 293, 255, 48, 204, 243, 237]",10,127,1,1.0,1,1,1.0,True,
Học phần Hệ thống thông tin di động tích hợp trong chương trình đào tạo có quy định các học phần tiên quyết nào?,base line,"Học phần Hệ thống thông tin di động tích hợp có các học phần tiên quyết là 125003 và 125006.

GIẢI THÍCH CHI TIẾT:  
1) Bước 1: Học phần ""Hệ thống thông tin di động tích hợp"" được xác định có học phần tiên quyết cụ thể.  
- Căn cứ: ""Học phần tiên quyết: 125003; 125006"" (mạng máy tính và truyền thông dữ liệu > PHỤ LỤC 2: BẢNG MÔ TẢ CÁC HỌC PHẦN MMT&TTDL > 2.2.1. Kiến thức bắt buộc – 25 tín chỉ > Hệ thống thông tin di động tích hợp)  

2) Bước 2: Thông tin này được xác nhận trong phần mô tả học phần của học phần này, cụ thể trong danh sách học phần tiên quyết.  
- Căn cứ: ""Học phần tiên quyết: 125003; 125006"" (mạng máy tính và truyền thông dữ liệu > IV. KẾ HOẠCH HỌC TẬP > Học kỳ 4 > Hệ thống thông tin di động tích hợp)  

NGUỒN THAM KHẢO:  
- Header/Section: mạng máy tính và truyền thông dữ liệu > PHỤ LỤC 2: BẢNG MÔ TẢ CÁC HỌC PHẦN MMT&TTDL > 2.2.1. Kiến thức bắt buộc – 25 tín chỉ > Hệ thống thông tin di động tích hợp  
- Header/Section: mạng máy tính và truyền thông dữ liệu > IV. KẾ HOẠCH HỌC TẬP > Học kỳ 4 > Hệ thống thông tin di động tích hợp",True,"[127, 224, 463, 293, 340, 243, 197, 391, 239, 126]",10,127,1,1.0,1,1,1.0,True,
Mô tả chương trình cho biết học phần Hệ thống thông tin di động tích hợp có những học phần tiên quyết nào?,base line,"Học phần Hệ thống thông tin di động tích hợp có hai học phần tiên quyết: 125003 và 125006.

GIẢI THÍCH CHI TIẾT:  
1) Bước 1: Học phần Hệ thống thông tin di động tích hợp yêu cầu các học phần tiên quyết được nêu rõ trong phần mô tả học phần.  
- Căn cứ: ""Học phần tiên quyết: 125003, 125006"" (Mạng máy tính và truyền thông dữ liệu > PHỤ LỤC 2: BẢNG MÔ TẢ CÁC HỌC PHẦN MMT&TTDL > 2. Kiến thức giáo dục chuyên nghiệp: 94 tín chỉ > 2.2. Kiến thức bắt buộc – 25 tín chỉ > Hệ thống thông tin di động tích hợp)  

2) Bước 2: Câu hỏi yêu cầu xác định học phần tiên quyết, và thông tin được cung cấp trực tiếp trong phần mô tả học phần về hệ thống thông tin di động tích hợp.  
- Căn cứ: ""Học phần tiên quyết: 125003; 125006"" (Mạng máy tính và truyền thông dữ liệu > PHỤ LỤC 2: BẢNG MÔ TẢ CÁC HỌC PHẦN MMT&TTDL > 2. Kiến thức giáo dục chuyên nghiệp: 94 tín chỉ > 2.2. Kiến thức bắt buộc – 25 tín chỉ > Hệ thống thông tin di động tích hợp)  

NGUỒN THAM KHẢO:  
- Header/Section: Mạng máy tính và truyền thông dữ liệu > PHỤ LỤC 2: BẢNG MÔ TẢ CÁC HỌC PHẦN MMT&TTDL > 2. Kiến thức giáo dục chuyên nghiệp: 94 tín chỉ > 2.2. Kiến thức bắt buộc – 25 tín chỉ > Hệ thống thông tin di động tích hợp",True,"[127, 239, 224, 204, 48, 293, 313, 243, 237, 195]",10,127,1,1.0,1,1,1.0,True,
"Theo chương trình đào tạo, sinh viên cần hoàn thành những học phần tiên quyết nào trước khi học học phần Hệ thống thông tin di động tích hợp?",base line,"Sinh viên cần hoàn thành học phần 125003 và 125006 trước khi học học phần Hệ thống thông tin di động tích hợp.

GIẢI THÍCH CHI TIẾT:  
1) Bước 1: Học phần Hệ thống thông tin di động tích hợp có học phần tiên quyết là 125003 và 125006.  
- Căn cứ: ""Học phần tiên quyết: 125003, 125006"" (CONTEXT: Mạng máy tính và truyền thông dữ liệu > IV. KẾ HOẠCH HỌC TẬP > Học kỳ 4 > Hệ thống thông tin di động tích hợp)  

2) Bước 2: Điều kiện tiên quyết này được nêu rõ trong phần mô tả học phần cụ thể của Hệ thống thông tin di động tích hợp, không có thông tin khác cho thấy học phần khác cần được hoàn thành trước.  
- Căn cứ: ""Học phần tiên quyết: 125003, 125006"" (cùng vị trí như trên)  

NGUỒN THAM KHẢO:  
- Header/Section: Mạng máy tính và truyền thông dữ liệu > IV. KẾ HOẠCH HỌC TẬP > Học kỳ 4 > Hệ thống thông tin di động tích hợp",True,"[127, 328, 197, 471, 340, 239, 338, 237, 317, 341]",10,127,1,1.0,1,1,1.0,True,
Những học phần tiên quyết nào được quy định cho học phần Hệ thống thông tin di động tích hợp theo mô tả chương trình?,base line,"Học phần tiên quyết cho Hệ thống thông tin di động tích hợp là 125003 và 125006.

GIẢI THÍCH CHI TIẾT:  
1) Bước 1: Học phần ""Hệ thống thông tin di động tích hợp"" có ghi rõ học phần tiên quyết là 125003 và 125006.  
- Căn cứ: ""Học phần tiên quyết: 125003; 125006"" (Mạng máy tính và truyền thông dữ liệu > IV. KẾ HOẠCH HỌC TẬP > Học kỳ 4 > Hệ thống thông tin di động tích hợp)  

2) Bước 2: Thông tin này được xác nhận ở phần mô tả chi tiết của học phần trong Phụ lục 2, cùng nội dung về kiến thức chuyên ngành.  
- Căn cứ: ""Học phần tiên quyết: 125003; 125006"" (Mạng máy tính và truyền thông dữ liệu > PHỤ LỤC 2: BẢNG MÔ TẢ CÁC HỌC PHẦN MMT&TTDL > 2. Kiến thức giáo dục chuyên nghiệp: 94 tín chỉ > 2.2. Kiến thức bắt buộc – 25 tín chỉ > Hệ thống thông tin di động tích hợp)  

NGUỒN THAM KHẢO:  
- Header/Section: Mạng máy tính và truyền thông dữ liệu > IV. KẾ HOẠCH HỌC TẬP > Học kỳ 4 > Hệ thống thông tin di động tích hợp  
- Header/Section: Mạng máy tính và truyền thông dữ liệu > PHỤ LỤC 2: BẢNG MÔ TẢ CÁC HỌC PHẦN MMT&TTDL > 2. Kiến thức giáo dục chuyên nghiệp: 94 tín chỉ > 2.2. Kiến thức bắt buộc – 25 tín chỉ > Hệ thống thông tin di động tích hợp",True,"[127, 224, 239, 293, 48, 204, 237, 243, 195, 126]",10,127,1,1.0,1,1,1.0,True,
Môn Mô phỏng hệ thống truyền thông thuộc khối kiến thức nào và có bao nhiêu tín chỉ?,base line,"Môn Mô phỏng hệ thống truyền thông thuộc khối kiến thức ngành và có 3 tín chỉ.  

GIẢI THÍCH CHI TIẾT:  
1) Bước 1: Môn Mô phỏng hệ thống truyền thông thuộc khối kiến thức ngành vì trong phần ""PHỤ LỤC 2: BẢNG MÔ TẢ CÁC HỌC PHẦN MMT&TTDL"", mục ""2.2.1. Kiến thức bắt buộc – 25 tín chỉ"" liệt kê ""Mô phỏng hệ thống truyền thông"" dưới mục ""Kiến thức ngành"".  
- Căn cứ: ""Mô phỏng hệ thống truyền thông... thuộc khối kiến thức chung của ngành Mạng máy tính và truyền thông dữ liệu"" (phần 2.2.1. Kiến thức bắt buộc – 25 tín chỉ)  

2) Bước 2: Môn học có 3 tín chỉ vì trong phần ""IV. KẾ HOẠCH HỌC TẬP > Học kỳ 6 > Học phần bắt buộc"", ghi rõ ""Số tín chỉ: 3"".  
- Căn cứ: ""Số tín chỉ: 3"" (mục Học kỳ 6 > Học phần bắt buộc)  

NGUỒN THAM KHẢO:  
- Header/Section: PHỤ LỤC 2: BẢNG MÔ TẢ CÁC HỌC PHẦN MMT&TTDL  
- Header/Section: IV. KẾ HOẠCH HỌC TẬP > Học kỳ 6 > Học phần bắt buộc",True,"[223, 146, 47, 222, 204, 215, 221, 249, 195, 194]",10,47,3,0.3333333333333333,1,1,1.0,True,
Học phần Mô phỏng hệ thống truyền thông thuộc khối kiến thức nào và được quy định bao nhiêu tín chỉ?,base line,"Học phần Mô phỏng hệ thống truyền thông thuộc khối kiến thức ngành và được quy định 3 tín chỉ.  

GIẢI THÍCH CHI TIẾT:  
1) Bước 1: Học phần Mô phỏng hệ thống truyền thông thuộc khối kiến thức ngành vì trong phần ""PHỤ LỤC 2: BẢNG MÔ TẢ CÁC HỌC PHẦN MMT&TTDL"" có ghi rõ: ""2.2. Kiến thức ngành 34 tín chỉ > 2.2.1. Kiến thức bắt buộc – 25 tín chỉ > Mô phỏng hệ thống truyền thông"".  
- Căn cứ: ""2.2. Kiến thức ngành 34 tín chỉ > 2.2.1. Kiến thức bắt buộc – 25 tín chỉ > Mô phỏng hệ thống truyền thông"" (PHỤ LỤC 2: BẢNG MÔ TẢ CÁC HỌC PHẦN MMT&TTDL)  

2) Bước 2: Học phần này có số tín chỉ là 3 vì trong phần ""III. CHƯƠNG TRÌNH CHI TIẾT"" có ghi: ""Số tín chỉ: 3"".  
- Căn cứ: ""Số tín chỉ: 3"" (Mạng máy tính và truyền thông dữ liệu > III. CHƯƠNG TRÌNH CHI TIẾT > 2. Kiến thức giáo dục chuyên nghiệp – 94 tín chỉ > Kiến thức chung của ngành – 34 tín chỉ > Mô phỏng hệ thống truyền thông)  

NGUỒN THAM KHẢO:  
- Header/Section: PHỤ LỤC 2: BẢNG MÔ TẢ CÁC HỌC PHẦN MMT&TTDL  
- Header/Section: Mạng máy tính và truyền thông dữ liệu > III. CHƯƠNG TRÌNH CHI TIẾT > 2. Kiến thức giáo dục chuyên nghiệp – 94 tín chỉ > Kiến thức chung của ngành – 34 tín chỉ > Mô phỏng hệ thống truyền thông",True,"[146, 223, 47, 204, 195, 193, 194, 215, 221, 198]",10,47,3,0.3333333333333333,1,1,1.0,True,
"Theo chương trình đào tạo, môn Mô phỏng hệ thống truyền thông được xếp vào khối kiến thức nào và có số tín chỉ là bao nhiêu?",base line,"Môn Mô phỏng hệ thống truyền thông được xếp vào khối kiến thức ngành và có số tín chỉ là 3.

GIẢI THÍCH CHI TIẾT:  
1) Bước 1: Môn học ""Mô phỏng hệ thống truyền thông"" được liệt kê trong phần ""2.2. Kiến thức ngành 34 tín chỉ > 2.2.1. Kiến thức bắt buộc – 25 tín chỉ"" của chương trình đào tạo.  
- Căn cứ: ""Mô phỏng hệ thống truyền thông... thuộc khối kiến thức chung của ngành Mạng máy tính và truyền thông dữ liệu"" (PHỤ LỤC 2: BẢNG MÔ TẢ CÁC HỌC PHẦN MMT&TTDL)  

2) Bước 2: Số tín chỉ của môn học được ghi rõ là 3 trong phần ""Học kỳ 6 > Học phần bắt buộc > Mô phỏng hệ thống truyền thông"".  
- Căn cứ: ""Số tín chỉ: 3"" (Mạng máy tính và truyền thông dữ liệu > IV. KẾ HOẠCH HỌC TẬP > Học kỳ 6 > Học phần bắt buộc)  

NGUỒN THAM KHẢO:  
- Header/Section: PHỤ LỤC 2: BẢNG MÔ TẢ CÁC HỌC PHẦN MMT&TTDL  
- Header/Section: Mạng máy tính và truyền thông dữ liệu > IV. KẾ HOẠCH HỌC TẬP > Học kỳ 6 > Học phần bắt buộc",True,"[223, 146, 47, 222, 255, 235, 72, 245, 221, 249]",10,47,3,0.3333333333333333,1,1,1.0,True,
Môn Mô phỏng hệ thống truyền thông nằm trong khối kiến thức nào và có khối lượng tín chỉ bao nhiêu?,base line,"Môn Mô phỏng hệ thống truyền thông nằm trong khối kiến thức ngành và có khối lượng tín chỉ là 3 tín chỉ.

GIẢI THÍCH CHI TIẾT:  
1) Bước 1: Môn học ""Mô phỏng hệ thống truyền thông"" được xác định là thuộc khối kiến thức ngành.  
- Căn cứ: ""2.2. Kiến thức ngành 34 tín chỉ > 2.2.1. Kiến thức bắt buộc – 25 tín chỉ > Mô phỏng hệ thống truyền thông"" (Phụ Lục 2: Bảng mô tả các học phần MMT&TTDL)  

2) Bước 2: Khối lượng tín chỉ của môn học được ghi rõ là 3 tín chỉ.  
- Căn cứ: ""Số tín chỉ: 3"" (Học kỳ 6 > Học phần bắt buộc > Mô phỏng hệ thống truyền thông)  

NGUỒN THAM KHẢO:  
- Header/Section: PHỤ LỤC 2: BẢNG MÔ TẢ CÁC HỌC PHẦN MMT&TTDL  
- Header/Section: IV. KẾ HOẠCH HỌC TẬP > Học kỳ 6 > Học phần bắt buộc > Mô phỏng hệ thống truyền thông",True,"[223, 146, 222, 47, 194, 249, 245, 221, 195, 193]",10,47,4,0.25,1,1,1.0,True,
Học phần Mô phỏng hệ thống truyền thông được phân loại vào khối kiến thức nào và có bao nhiêu tín chỉ theo quy định?,base line,"Học phần Mô phỏng hệ thống truyền thông thuộc khối kiến thức chuyên ngành và có 3 tín chỉ.

GIẢI THÍCH CHI TIẾT:  
1) Bước 1: Học phần Mô phỏng hệ thống truyền thông được phân loại vào khối kiến thức chuyên ngành vì trong phần ""PHỤ LỤC 2: BẢNG MÔ TẢ CÁC HỌC PHẦN MMT&TTDL"", nó được liệt kê trong mục ""2. Kiến thức giáo dục chuyên nghiệp: 94 tín chỉ > 2.2. Kiến thức ngành 34 tín chỉ > 2.2.1. Kiến thức bắt buộc – 25 tín chỉ > Mô phỏng hệ thống truyền thông"".  
- Căn cứ: ""2. Kiến thức giáo dục chuyên nghiệp: 94 tín chỉ > 2.2. Kiến thức ngành 34 tín chỉ > 2.2.1. Kiến thức bắt buộc – 25 tín chỉ > Mô phỏng hệ thống truyền thông"" (PHỤ LỤC 2: BẢNG MÔ TẢ CÁC HỌC PHẦN MMT&TTDL)  

2) Bước 2: Học phần này có 3 tín chỉ vì trong phần ""Mạng máy tính và truyền thông dữ liệu > IV. KẾ HOẠCH HỌC TẬP > Học kỳ 6 > Học phần bắt buộc > Mô phỏng hệ thống truyền thông"", được ghi rõ ""Số tín chỉ: 3"".  
- Căn cứ: ""Số tín chỉ: 3"" (Mạng máy tính và truyền thông dữ liệu > IV. KẾ HOẠCH HỌC TẬP > Học kỳ 6 > Học phần bắt buộc > Mô phỏng hệ thống truyền thông)  

NGUỒN THAM KHẢO:  
- Header/Section: PHỤ LỤC 2: BẢNG MÔ TẢ CÁC HỌC PHẦN MMT&TTDL  
- Header/Section: Mạng máy tính và truyền thông dữ liệu > IV. KẾ HOẠCH HỌC TẬP > Học kỳ 6 > Học phần bắt buộc > Mô phỏng hệ thống truyền thông",True,"[146, 223, 204, 47, 195, 122, 198, 193, 194, 221]",10,47,4,0.25,1,1,1.0,True,
"Trong chương trình đào tạo, môn Mô phỏng hệ thống truyền thông thuộc nhóm kiến thức nào và có tổng số bao nhiêu tín chỉ?",base line,"Môn Mô phỏng hệ thống truyền thông thuộc nhóm kiến thức ngành và có tổng số 3 tín chỉ.

GIẢI THÍCH CHI TIẾT:  
1) Bước 1: Môn Mô phỏng hệ thống truyền thông thuộc nhóm kiến thức ngành vì trong phần ""PHỤ LỤC 2: BẢNG MÔ TẢ CÁC HỌC PHẦN MMT&TTDL"", nó được liệt kê trong mục ""2.2. Kiến thức ngành 34 tín chỉ > 2.2.1. Kiến thức bắt buộc – 25 tín chỉ"".  
- Căn cứ: ""Mô phỏng hệ thống truyền thông... thuộc khối kiến thức chung của ngành Mạng máy tính và truyền thông dữ liệu"" (phần PHỤ LỤC 2: BẢNG MÔ TẢ CÁC HỌC PHẦN MMT&TTDL)  

2) Bước 2: Môn học có tổng số 3 tín chỉ vì trong phần ""III. CHƯƠNG TRÌNH CHI TIẾT > 2. Kiến thức nền tảng kỹ thuật/Kinh tế cốt lõi: 63 tín chỉ > Kiến thức chung của ngành – 34 tín chỉ"", rõ ràng ghi ""Số tín chỉ: 3"".  
- Căn cứ: ""Số tín chỉ: 3"" (vị trí: Mạng máy tính và truyền thông dữ liệu > III. CHƯƠNG TRÌNH CHI TIẾT > 2. Kiến thức nền tảng kỹ thuật/Kinh tế cốt lõi)  

NGUỒN THAM KHẢO:  
- Header/Section: PHỤ LỤC 2: BẢNG MÔ TẢ CÁC HỌC PHẦN MMT&TTDL  
- Header/Section: III. CHƯƠNG TRÌNH CHI TIẾT > 2. Kiến thức nền tảng kỹ thuật/Kinh tế cốt lõi",True,"[146, 223, 47, 7, 222, 235, 255, 249, 205, 221]",10,47,3,0.3333333333333333,1,1,1.0,True,
"Trong danh mục kiến thức bắt buộc chuyên ngành MMT&TTDL, học phần Quản trị mạng yêu cầu học trước học phần nào?",base line,"Học phần Quản trị mạng yêu cầu học trước học phần 123002.

GIẢI THÍCH CHI TIẾT:  
1) Bước 1: Học phần Quản trị mạng có ghi chú ""Học phần học trước: 123002"" trong phần mô tả học phần.  
- Căn cứ: ""Học phần học trước: 123002"" (Mạng máy tính và truyền thông dữ liệu > PHỤ LỤC 2: BẢNG MÔ TẢ CÁC HỌC PHẦN MMT&TTDL > 2. Kiến thức giáo dục chuyên nghiệp: 94 tín chỉ > 2.2. Kiến thức ngành 34 tín chỉ > 2.2.1. Kiến thức bắt buộc – 25 tín chỉ > Quản trị mạng)  

2) Bước 2: Trong danh mục kiến thức bắt buộc chuyên ngành, học phần Quản trị mạng được liệt kê rõ ràng với yêu cầu học trước học phần 123002.  
- Căn cứ: ""Học phần học trước: 123002"" (cùng vị trí như trên)  

NGUỒN THAM KHẢO:  
- Header/Section: Mạng máy tính và truyền thông dữ liệu > PHỤ LỤC 2: BẢNG MÔ TẢ CÁC HỌC PHẦN MMT&TTDL > 2. Kiến thức giáo dục chuyên nghiệp: 94 tín chỉ > 2.2. Kiến thức ngành 34 tín chỉ > 2.2.1. Kiến thức bắt buộc – 25 tín chỉ > Quản trị mạng",True,"[197, 195, 217, 219, 218, 193, 196, 236, 240, 206]",10,217,3,0.3333333333333333,1,1,1.0,True,True
"Theo danh mục kiến thức bắt buộc chuyên ngành MMT&TTDL, học phần Quản trị mạng yêu cầu sinh viên phải học trước học phần nào?",base line,"Học phần Quản trị mạng yêu cầu sinh viên phải học trước học phần 123002.

GIẢI THÍCH CHI TIẾT:  
1) Bước 1: Học phần Quản trị mạng có mã 123005 và được ghi nhận có học phần học trước là 123002.  
- Căn cứ: ""Học phần học trước: 123002"" (phần nội dung của học phần Quản trị mạng)  

2) Bước 2: Trong danh mục kiến thức bắt buộc chuyên ngành, học phần Quản trị mạng được liệt kê rõ ràng trong phần ""2.2.1. Kiến thức bắt buộc – 25 tín chỉ"" của chương trình MMT&TTDL.  
- Căn cứ: ""Quản trị mạng - Mã học phần: 123005 - Học phần học trước: 123002"" (phần ""2.2.1. Kiến thức bắt buộc – 25 tín chỉ"" trong phụ lục 2)  

NGUỒN THAM KHẢO:  
- Header/Section: ""2.2.1. Kiến thức bắt buộc – 25 tín chỉ""  
- Header/Section: ""Quản trị mạng"" (môn học trong danh mục kiến thức bắt buộc)",True,"[197, 217, 195, 193, 236, 219, 240, 218, 196, 206]",10,217,2,0.5,1,1,1.0,True,True
Học phần Quản trị mạng trong khối kiến thức bắt buộc chuyên ngành MMT&TTDL có quy định học phần học trước là môn nào?,base line,"Học phần Quản trị mạng có quy định học phần học trước là môn 123002.

GIẢI THÍCH CHI TIẾT:  
1) Bước 1: Học phần Quản trị mạng được nêu rõ có học phần học trước là 123002.  
- Căn cứ: ""Học phần học trước: 123002"" (phần nội dung của học phần Quản trị mạng)  

2) Bước 2: Trong phần mô tả học phần Quản trị mạng, có ghi rõ học phần học trước cụ thể là 123002, phù hợp với yêu cầu câu hỏi.  
- Căn cứ: ""Học phần học trước: 123002"" (phần nội dung của học phần Quản trị mạng)  

NGUỒN THAM KHẢO:  
- Header/Section: Mạng máy tính và truyền thông dữ liệu > PHỤ LỤC 2: BẢNG MÔ TẢ CÁC HỌC PHẦN MMT&TTDL > 2. Kiến thức giáo dục chuyên nghiệp: 94 tín chỉ > 2.2. Kiến thức ngành 34 tín chỉ > 2.2.1. Kiến thức bắt buộc – 25 tín chỉ > Quản trị mạng",True,"[197, 195, 196, 193, 217, 194, 218, 219, 238, 236]",10,217,5,0.2,1,1,1.0,True,True
"Trong danh mục học phần bắt buộc chuyên ngành MMT&TTDL, sinh viên cần hoàn thành học phần nào trước khi học Quản trị mạng?",base line,"Sinh viên cần hoàn thành học phần ""Mạng máy tính"" trước khi học Quản trị mạng.  

GIẢI THÍCH CHI TIẾT:  
1) Bước 1: Học phần ""Quản trị mạng"" yêu cầu học phần học trước là ""123002"" (Mạng máy tính).  
- Căn cứ: ""Học phần học trước: 123002"" (Mạng máy tính và truyền thông dữ liệu > PHỤ LỤC 2: BẢNG MÔ TẢ CÁC HỌC PHẦN MMT&TTDL > 2.2.1. Kiến thức bắt buộc – 25 tín chỉ > Quản trị mạng)  

2) Bước 2: Học phần ""Mạng máy tính"" (mã 123002) cung cấp kiến thức nền tảng về mạng máy tính, mô hình OSI, TCP/IP, địa chỉ IP, subnetting, định tuyến, chuyển mạch.  
- Căn cứ: ""Cung cấp kiến thức nền tảng về mạng máy tính, mô hình OSI, TCP/IP, địa chỉ IP, subnetting, định tuyến, chuyển mạch."" (Mạng máy tính và truyền thông dữ liệu > PHỤ LỤC 2: BẢNG MÔ TẢ CÁC HỌC PHẦN MMT&TTDL > 2.1. Kiến thức cơ sở ngành – 29 tín chỉ > Mạng máy tính)  

NGUỒN THAM KHẢO:  
- Header/Section: PHỤ LỤC 2: BẢNG MÔ TẢ CÁC HỌC PHẦN MMT&TTDL > 2.2.1. Kiến thức bắt buộc – 25 tín chỉ > Quản trị mạng  
- Header/Section: PHỤ LỤC 2: BẢNG MÔ TẢ CÁC HỌC PHẦN MMT&TTDL > 2.1. Kiến thức cơ sở ngành – 29 tín chỉ > Mạng máy tính",True,"[197, 206, 195, 217, 105, 236, 211, 250, 219, 240]",10,217,4,0.25,1,1,1.0,True,True
Học phần Quản trị mạng của chuyên ngành MMT&TTDL yêu cầu hoàn thành những học phần học trước nào?,base line,"Học phần Quản trị mạng yêu cầu hoàn thành học phần 123002.  

GIẢI THÍCH CHI TIẾT:  
1) Bước 1: Học phần Quản trị mạng có học phần học trước được nêu rõ trong nội dung học phần.  
- Căn cứ: ""Học phần học trước: 123002"" (phần ""Học phần học trước"" trong học phần Quản trị mạng)  

2) Bước 2: Không có thông tin nào trong CONTEXT cho thấy học phần khác cần được hoàn thành trước học phần này.  
- Căn cứ: Không có đoạn văn khác đề cập đến học phần học trước khác cho Quản trị mạng.  

NGUỒN THAM KHẢO:  
- Header/Section: Mạng máy tính và truyền thông dữ liệu > PHỤ LỤC 2: BẢNG MÔ TẢ CÁC HỌC PHẦN MMT&TTDL > 2. Kiến thức giáo dục chuyên nghiệp: 94 tín chỉ > 2.2. Kiến thức ngành 34 tín chỉ > 2.2.1. Kiến thức bắt buộc – 25 tín chỉ > Quản trị mạng",True,"[197, 195, 193, 236, 196, 240, 217, 219, 218, 206]",10,195,2,0.5,1,1,1.0,True,True
"Theo danh mục kiến thức chuyên ngành bắt buộc MMT&TTDL, học phần Quản trị mạng có điều kiện học trước là học phần nào?",base line,"Học phần Quản trị mạng có điều kiện học trước là học phần 123002.

GIẢI THÍCH CHI TIẾT:  
1) Bước 1: Học phần Quản trị mạng được ghi nhận có học phần học trước là 123002.  
- Căn cứ: ""Học phần học trước: 123002"" (phần nội dung của học phần Quản trị mạng)  
2) Bước 2: Trong danh mục kiến thức chuyên ngành bắt buộc, học phần Quản trị mạng được liệt kê rõ ràng với điều kiện học trước là 123002.  
- Căn cứ: ""Học phần học trước: 123002"" (phần nội dung của học phần Quản trị mạng)  
3) Bước 3: Không có thông tin nào cho thấy học phần 123002 là học phần khác ngoài việc là điều kiện học trước cho Quản trị mạng.  
- Căn cứ: Không có thông tin bổ sung về học phần 123002, nhưng điều kiện học trước được nêu rõ trong phần mô tả học phần Quản trị mạng.  

NGUỒN THAM KHẢO:  
- Header/Section: Mạng máy tính và truyền thông dữ liệu > PHỤ LỤC 2: BẢNG MÔ TẢ CÁC HỌC PHẦN MMT&TTDL > 2. Kiến thức giáo dục chuyên nghiệp: 94 tín chỉ > 2.2. Kiến thức ngành 34 tín chỉ > 2.2.1. Kiến thức bắt buộc – 25 tín chỉ > Quản trị mạng",True,"[197, 195, 193, 219, 196, 217, 218, 240, 236, 194]",10,219,4,0.25,1,1,1.0,True,True
Học phần Lý thuyết thông tin được xếp là bắt buộc hay tự chọn trong chương trình MMT&TTDL?,base line,"Học phần Lý thuyết thông tin được xếp là học phần tự chọn.

GIẢI THÍCH CHI TIẾT:  
1) Bước 1: Trong phần ""PHỤ LỤC 2: BẢNG MÔ TẢ CÁC HỌC PHẦN MMT&TTDL"", học phần ""Lý thuyết thông tin"" được ghi rõ là thuộc nhóm ""kiến thức chuyên ngành tự chọn"".  
- Căn cứ: ""Lý thuyết thông tin - Mã học phần: 125007 - Ghi chú: Học phần tự chọn"" (phần 2.3. Kiến thức chuyên ngành tự chọn)  

2) Bước 2: Trong phần ""IV. KẾ HOẠCH HỌC TẬP > Học kỳ 7 > Học phần tự chọn"", học phần Lý thuyết thông tin được liệt kê cụ thể dưới mục ""Học phần tự chọn"".  
- Căn cứ: ""Lý thuyết thông tin - Loại học phần: Học phần tự chọn"" (phần IV. KẾ HOẠCH HỌC TẬP)  

NGUỒN THAM KHẢO:  
- Header/Section: PHỤ LỤC 2: BẢNG MÔ TẢ CÁC HỌC PHẦN MMT&TTDL  
- Header/Section: IV. KẾ HOẠCH HỌC TẬP > Học kỳ 7 > Học phần tự chọn",True,"[247, 162, 236, 250, 197, 235, 109, 254, 255, 196]",10,162,2,0.5,1,1,1.0,True,
"Trong chương trình đào tạo ngành MMT&TTDL, học phần Lý thuyết thông tin được xếp vào nhóm học phần bắt buộc hay tự chọn?",base line,"Học phần Lý thuyết thông tin được xếp vào nhóm học phần tự chọn.

GIẢI THÍCH CHI TIẾT:  
1) Bước 1: Học phần Lý thuyết thông tin được ghi nhận là ""Học phần tự chọn"" trong danh sách các học phần tự chọn của ngành.  
- Căn cứ: ""Ghi chú: Học phần tự chọn"" (Mạng máy tính và truyền thông dữ liệu > PHỤ LỤC 2: BẢNG MÔ TẢ CÁC HỌC PHẦN MMT&TTDL > 2.3. Kiến thức chuyên ngành tự chọn)  

2) Bước 2: Trong phần ""2.3. Kiến thức chuyên ngành tự chọn"", các học phần như Lý thuyết thông tin, Lập trình web, Lập trình mạng, Điện toán đám mây, Luật Công nghệ thông tin đều được liệt kê với ghi chú ""Học phần tự chọn"", trong khi học phần bắt buộc được chỉ rõ ở các phần khác như ""Nhập môn ngành"" và ""Tin học cơ bản"".  
- Căn cứ: ""Ghi chú: Học phần tự chọn"" (Mạng máy tính và truyền thông dữ liệu > PHỤ LỤC 2: BẢNG MÔ TẢ CÁC HỌC PHẦN MMT&TTDL > 2.3. Kiến thức chuyên ngành tự chọn)  

3) Bước 3: Không có thông tin nào trong CONTEXT cho thấy Lý thuyết thông tin là học phần bắt buộc, và không có sự trùng lặp với các học phần bắt buộc.  
- Căn cứ: ""Ghi chú: Học phần bắt buộc"" chỉ xuất hiện ở ""Nhập môn ngành Mạng máy tính và truyền thông dữ liệu"" và ""Tin học cơ bản"" (Mạng máy tính và truyền thông dữ liệu > PHỤ LỤC 2: BẢNG MÔ TẢ CÁC HỌC PHẦN MMT&TTDL > 1.1. Toán và khoa học tự nhiên – 14 tín chỉ > Nhập môn ngành MMT&TTDL)  

NGUỒN THAM KHẢO:  
- Header/Section: Mạng máy tính và truyền thông dữ liệu > PHỤ LỤC 2: BẢNG MÔ TẢ CÁC HỌC PHẦN MMT&TTDL > 2.3. Kiến thức chuyên ngành tự chọn  
- Header/Section: Mạng máy tính và truyền thông dữ liệu > PHỤ LỤC 2: BẢNG MÔ TẢ CÁC HỌC PHẦN MMT&TTDL > 1.1. Toán và khoa học tự nhiên – 14 tín chỉ > Nhập môn ngành MMT&TTDL",True,"[247, 162, 236, 254, 250, 197, 255, 235, 231, 204]",10,162,2,0.5,1,1,1.0,True,
"Theo chương trình đào tạo MMT&TTDL, học phần Lý thuyết thông tin thuộc loại học phần bắt buộc hay học phần tự chọn?",base line,"Học phần Lý thuyết thông tin thuộc loại học phần tự chọn.

GIẢI THÍCH CHI TIẾT:  
1) Bước 1: Học phần Lý thuyết thông tin được ghi nhận là ""Học phần tự chọn"" trong phần ""PHỤ LỤC 2: BẢNG MÔ TẢ CÁC HỌC PHẦN MMT&TTDL"".  
- Căn cứ: ""Ghi chú: Học phần tự chọn"" (phần Lý thuyết thông tin trong PHỤ LỤC 2)  

2) Bước 2: Trong phần ""IV. KẾ HOẠCH HỌC TẬP"", học phần này được liệt kê rõ ràng trong mục ""Học phần tự chọn"" của học kỳ 7.  
- Căn cứ: ""Học phần tự chọn"" (mục Học phần tự chọn trong KẾ HOẠCH HỌC TẬP)  

3) Bước 3: Không có thông tin nào trong CONTEXT cho thấy Lý thuyết thông tin là học phần bắt buộc, cũng không có ghi chú ""bắt buộc"" hoặc ""cần thiết"" liên quan đến học phần này.  
- Căn cứ: Không có ghi chú ""bắt buộc"" liên quan đến Lý thuyết thông tin trong toàn bộ CONTEXT  

NGUỒN THAM KHẢO:  
- Header/Section: PHỤ LỤC 2: BẢNG MÔ TẢ CÁC HỌC PHẦN MMT&TTDL  
- Header/Section: IV. KẾ HOẠCH HỌC TẬP",True,"[247, 162, 236, 197, 250, 209, 193, 195, 204, 207]",10,162,2,0.5,1,1,1.0,True,
Học phần Lý thuyết thông tin trong chương trình MMT&TTDL được phân loại là bắt buộc hay tự chọn?,base line,"Học phần Lý thuyết thông tin là học phần tự chọn.

GIẢI THÍCH CHI TIẾT:  
1) Bước 1: Trong phần ""PHỤ LỤC 2: BẢNG MÔ TẢ CÁC HỌC PHẦN MMT&TTDL"", học phần Lý thuyết thông tin được ghi rõ là thuộc nhóm ""kiến thức chuyên ngành tự chọn"" và có ghi chú ""Học phần tự chọn"".  
- Căn cứ: ""Lý thuyết thông tin... là học phần tự chọn"" (Mạng máy tính và truyền thông dữ liệu > PHỤ LỤC 2: BẢNG MÔ TẢ CÁC HỌC PHẦN MMT&TTDL)  

2) Bước 2: Không có thông tin nào trong CONTEXT cho thấy Lý thuyết thông tin được phân loại là bắt buộc, cũng không có ghi chú về loại học phần bắt buộc liên quan đến học phần này.  
- Căn cứ: Không có đoạn văn nào nói về loại bắt buộc cho học phần này.  

NGUỒN THAM KHẢO:  
- Header/Section: Mạng máy tính và truyền thông dữ liệu > PHỤ LỤC 2: BẢNG MÔ TẢ CÁC HỌC PHẦN MMT&TTDL",True,"[162, 247, 109, 236, 197, 365, 196, 195, 250, 105]",10,162,1,1.0,1,1,1.0,True,
Chương trình đào tạo ngành MMT&TTDL quy định học phần Lý thuyết thông tin là học phần bắt buộc hay tự chọn?,base line,"Học phần Lý thuyết thông tin là học phần tự chọn.

GIẢI THÍCH CHI TIẾT:  
1) Bước 1: Trong phần ""PHỤ LỤC 2: BẢNG MÔ TẢ CÁC HỌC PHẦN MMT&TTDL"", học phần Lý thuyết thông tin được ghi rõ là thuộc nhóm ""kiến thức chuyên ngành tự chọn"" và có ghi chú ""Học phần tự chọn"".  
- Căn cứ: ""Lý thuyết thông tin... Ghi chú: Học phần tự chọn"" (Mạng máy tính và truyền thông dữ liệu > PHỤ LỤC 2: BẢNG MÔ TẢ CÁC HỌC PHẦN MMT&TTDL)  

2) Bước 2: Trong phần ""KẾ HOẠCH HỌC TẬP"", học phần Lý thuyết thông tin được liệt kê trong danh sách học phần tự chọn của học kỳ 7.  
- Căn cứ: ""Học phần tự chọn"" (Mạng máy tính và truyền thông dữ liệu > IV. KẾ HOẠCH HỌC TẬP > Học kỳ 7 > Học phần tự chọn > Lý thuyết thông tin)  

NGUỒN THAM KHẢO:  
- Header/Section: Mạng máy tính và truyền thông dữ liệu > PHỤ LỤC 2: BẢNG MÔ TẢ CÁC HỌC PHẦN MMT&TTDL  
- Header/Section: Mạng máy tính và truyền thông dữ liệu > IV. KẾ HOẠCH HỌC TẬP > Học kỳ 7 > Học phần tự chọn > Lý thuyết thông tin",True,"[162, 247, 236, 197, 209, 250, 231, 207, 438, 254]",10,162,1,1.0,1,1,1.0,True,
"Trong chương trình đào tạo MMT&TTDL, học phần Lý thuyết thông tin được xác định là bắt buộc hay tự chọn?",base line,"Học phần Lý thuyết thông tin được xác định là học phần tự chọn.

GIẢI THÍCH CHI TIẾT:  
1) Bước 1: Trong phần ""PHỤ LỤC 2: BẢNG MÔ TẢ CÁC HỌC PHẦN MMT&TTDL"", học phần Lý thuyết thông tin được liệt kê trong nhóm ""kiến thức chuyên ngành tự chọn"" với ghi chú ""Học phần tự chọn"".  
- Căn cứ: ""Học phần tự chọn"" (phần 2.3. Kiến thức chuyên ngành tự chọn: chọn 19 TC + 9 TC > Lý thuyết thông tin)  

2) Bước 2: Trong phần ""IV. KẾ HOẠCH HỌC TẬP"", học phần Lý thuyết thông tin được ghi nhận là học phần tự chọn trong học kỳ 7.  
- Căn cứ: ""Loại học phần: Học phần tự chọn"" (trong phần IV. KẾ HOẠCH HỌC TẬP > Học kỳ 7 > Học phần tự chọn > Lý thuyết thông tin)  

NGUỒN THAM KHẢO:  
- Header/Section: PHỤ LỤC 2: BẢNG MÔ TẢ CÁC HỌC PHẦN MMT&TTDL  
- Header/Section: IV. KẾ HOẠCH HỌC TẬP",True,"[247, 162, 236, 197, 250, 209, 235, 207, 193, 109]",10,162,2,0.5,1,1,1.0,True,
"Trong danh mục kiến thức chuyên ngành tự chọn MMT&TTDL, học phần Hệ điều hành Linux có bao nhiêu tín chỉ?",base line,"Học phần Hệ điều hành Linux có 3 tín chỉ.  

GIẢI THÍCH CHI TIẾT:  
1) Bước 1: Học phần Hệ điều hành Linux được liệt kê với mã học phần 123041 trong chương trình đào tạo ngành MMT&TTDL.  
- Căn cứ: ""Mạng máy tính và truyền thông dữ liệu > III. CHƯƠNG TRÌNH CHI TIẾT > 3. Kiến thức chuyên ngành: 28 tín chỉ > TC2: Sinh viên chọn 19 tín chỉ > Hệ điều hành Linux"" (phần III. CHƯƠNG TRÌNH CHI TIẾT)  

2) Bước 2: Trong phần mô tả học phần, rõ ràng ghi rằng ""Số tín chỉ: 3"".  
- Căn cứ: ""Số tín chỉ: 3"" (vị trí: III. CHƯƠNG TRÌNH CHI TIẾT)  

3) Bước 3: Cả hai nguồn (chương trình chi tiết và phụ lục mô tả học phần) đều xác nhận học phần này có 3 tín chỉ, không có sự mâu thuẫn.  
- Căn cứ: ""Mạng máy tính và truyền thông dữ liệu > PHỤ LỤC 2: BẢNG MÔ TẢ CÁC HỌC PHẦN MMT&TTDL > 2.3. Kiến thức chuyên ngành tự chọn: chọn 19 TC + 9 TC > Hệ điều hành Linux"" (phần PHỤ LỤC 2)  

NGUỒN THAM KHẢO:  
- Header/Section: III. CHƯƠNG TRÌNH CHI TIẾT  
- Header/Section: PHỤ LỤC 2: BẢNG MÔ TẢ CÁC HỌC PHẦN MMT&TTDL",True,"[244, 235, 69, 251, 341, 250, 241, 615, 236, 249]",10,69,3,0.3333333333333333,1,1,1.0,True,
"Theo danh mục kiến thức chuyên ngành tự chọn MMT&TTDL, học phần Hệ điều hành Linux có số tín chỉ là bao nhiêu?",base line,"Học phần Hệ điều hành Linux có số tín chỉ là 3 tín chỉ.

GIẢI THÍCH CHI TIẾT:  
1) Bước 1: Học phần Hệ điều hành Linux được liệt kê trong danh mục kiến thức chuyên ngành tự chọn của chương trình MMT&TTDL.  
- Căn cứ: ""Mạng máy tính và truyền thông dữ liệu > III. CHƯƠNG TRÌNH CHI TIẾT > 3. Kiến thức chuyên ngành: 28 tín chỉ > TC2: Sinh viên chọn 19 tín chỉ > Hệ điều hành Linux"" (phần III. CHƯƠNG TRÌNH CHI TIẾT)  

2) Bước 2: Trong phần mô tả học phần, rõ ràng ghi rằng mã học phần 123041 có số tín chỉ là 3.  
- Căn cứ: ""Mã học phần: 123041 - Số tín chỉ: 3"" (phần III. CHƯƠNG TRÌNH CHI TIẾT)  

3) Bước 3: Thông tin này được xác nhận ở cả hai vị trí khác nhau trong CONTEXT, bao gồm phần phụ lục mô tả học phần và chương trình chi tiết.  
- Căn cứ: ""Mạng máy tính và truyền thông dữ liệu > PHỤ LỤC 2: BẢNG MÔ TẢ CÁC HỌC PHẦN MMT&TTDL > 2.3. Kiến thức chuyên ngành tự chọn: chọn 19 TC + 9 TC > Hệ điều hành Linux"" (phần PHỤ LỤC 2)  

NGUỒN THAM KHẢO:  
- Header/Section: III. CHƯƠNG TRÌNH CHI TIẾT  
- Header/Section: PHỤ LỤC 2: BẢNG MÔ TẢ CÁC HỌC PHẦN MMT&TTDL",True,"[244, 235, 69, 251, 250, 341, 615, 236, 241, 74]",10,69,3,0.3333333333333333,1,1,1.0,True,
Học phần Hệ điều hành Linux trong khối kiến thức chuyên ngành tự chọn MMT&TTDL được quy định bao nhiêu tín chỉ?,base line,"Học phần Hệ điều hành Linux được quy định là 3 tín chỉ.  

GIẢI THÍCH CHI TIẾT:  
1) Bước 1: Học phần Hệ điều hành Linux có mã 123041 và được ghi nhận với số tín chỉ là 3 trong nhiều phần của CONTEXT.  
- Căn cứ: ""Mã học phần: 123041 - Số tín chỉ: 3"" (Mạng máy tính và truyền thông dữ liệu > PHỤ LỤC 2: BẢNG MÔ TẢ CÁC HỌC PHẦN MMT&TTDL)  

2) Bước 2: Trong phần chương trình chi tiết, học phần này được liệt kê với 3 tín chỉ trong nhóm kiến thức chuyên ngành tự chọn (TC2).  
- Căn cứ: ""Sinh viên chọn 19 tín chỉ > Hệ điều hành Linux - Số tín chỉ: 3"" (Mạng máy tính và truyền thông dữ liệu > III. CHƯƠNG TRÌNH CHI TIẾT)  

3) Bước 3: Các phần khác trong CONTEXT đều xác nhận học phần này có 3 tín chỉ, không có thông tin nào cho thấy số tín chỉ khác.  
- Căn cứ: ""Học phần tự chọn 2 (TC2): Hệ điều hành Linux - Số tín chỉ: 3"" (Mạng máy tính và truyền thông dữ liệu > III. CHƯƠNG TRÌNH CHI TIẾT)  

NGUỒN THAM KHẢO:  
- Header/Section: PHỤ LỤC 2: BẢNG MÔ TẢ CÁC HỌC PHẦN MMT&TTDL  
- Header/Section: III. CHƯƠNG TRÌNH CHI TIẾT  
- Header/Section: IV. KẾ HOẠCH HỌC TẬP",True,"[244, 69, 341, 159, 235, 251, 250, 74, 236, 401]",10,69,2,0.5,1,1,1.0,True,
"Trong danh mục học phần tự chọn chuyên ngành MMT&TTDL, học phần Hệ điều hành Linux có khối lượng bao nhiêu tín chỉ?",base line,"Học phần Hệ điều hành Linux có khối lượng 3 tín chỉ.

GIẢI THÍCH CHI TIẾT:  
1) Bước 1: Học phần Hệ điều hành Linux được liệt kê với mã học phần 123041 và có số tín chỉ rõ ràng trong nhiều phần của CONTEXT.  
- Căn cứ: ""Số tín chỉ: 3"" (Mạng máy tính và truyền thông dữ liệu > III. CHƯƠNG TRÌNH CHI TIẾT > 3. Kiến thức chuyên ngành: 28 tín chỉ > TC2: Sinh viên chọn 19 tín chỉ > Hệ điều hành Linux)  

2) Bước 2: Trong phần phụ lục mô tả học phần, học phần này được ghi rõ là học phần tự chọn với 3 tín chỉ, phù hợp với yêu cầu về khối lượng tín chỉ chuyên ngành.  
- Căn cứ: ""Số tín chỉ: 3"" (Mạng máy tính và truyền thông dữ liệu > PHỤ LỤC 2: BẢNG MÔ TẢ CÁC HỌC PHẦN MMT&TTDL > 2.3. Kiến thức chuyên ngành tự chọn: chọn 19 TC + 9 TC > Hệ điều hành Linux)  

3) Bước 3: Trong kế hoạch học tập học kỳ 7, học phần này cũng được ghi nhận với 3 tín chỉ, xác nhận khối lượng tín chỉ không thay đổi.  
- Căn cứ: ""Số tín chỉ: 3"" (Mạng máy tính và truyền thông dữ liệu > IV. KẾ HOẠCH HỌC TẬP > Học kỳ 7 > Học phần tự chọn > Hệ điều hành Linux)  

NGUỒN THAM KHẢO:  
- Header/Section: Mạng máy tính và truyền thông dữ liệu > III. CHƯƠNG TRÌNH CHI TIẾT > 3. Kiến thức chuyên ngành: 28 tín chỉ > TC2: Sinh viên chọn 19 tín chỉ > Hệ điều hành Linux  
- Header/Section: Mạng máy tính và truyền thông dữ liệu > PHỤ LỤC 2: BẢNG MÔ TẢ CÁC HỌC PHẦN MMT&TTDL > 2.3. Kiến thức chuyên ngành tự chọn: chọn 19 TC + 9 TC > Hệ điều hành Linux  
- Header/Section: Mạng máy tính và truyền thông dữ liệu > IV. KẾ HOẠCH HỌC TẬP > Học kỳ 7 > Học phần tự chọn > Hệ điều hành Linux",True,"[244, 69, 235, 159, 341, 251, 250, 147, 241, 236]",10,69,2,0.5,1,1,1.0,True,
Chương trình đào tạo MMT&TTDL quy định học phần Hệ điều hành Linux thuộc nhóm tự chọn có bao nhiêu tín chỉ?,base line,"Học phần Hệ điều hành Linux có 3 tín chỉ.  

GIẢI THÍCH CHI TIẾT:  
1) Bước 1: Học phần Hệ điều hành Linux được liệt kê trong danh sách các học phần tự chọn chuyên ngành với mã 123041.  
- Căn cứ: ""Mã học phần: 123041 - Số tín chỉ: 3"" (PHỤ LỤC 2: BẢNG MÔ TẢ CÁC HỌC PHẦN MMT&TTDL)  

2) Bước 2: Trong phần mô tả học phần, rõ ràng ghi rằng học phần này có số tín chỉ là 3, thuộc nhóm kiến thức chuyên ngành tự chọn.  
- Căn cứ: ""Số tín chỉ: 3"" (III. CHƯƠNG TRÌNH CHI TIẾT > 3. Kiến thức chuyên ngành: 28 tín chỉ > TC2: Sinh viên chọn 19 tín chỉ > Hệ điều hành Linux)  

3) Bước 3: Không có thông tin mâu thuẫn hoặc thay đổi tín chỉ theo học kỳ, nên tín chỉ không thay đổi qua các học kỳ.  
- Căn cứ: ""Học phần tự chọn"" được duy trì như một học phần cố định với 3 tín chỉ trong toàn bộ chương trình (PHỤ LỤC 2: BẢNG MÔ TẢ CÁC HỌC PHẦN MMT&TTDL)  

NGUỒN THAM KHẢO:  
- Header/Section: PHỤ LỤC 2: BẢNG MÔ TẢ CÁC HỌC PHẦN MMT&TTDL  
- Header/Section: III. CHƯƠNG TRÌNH CHI TIẾT > 3. Kiến thức chuyên ngành: 28 tín chỉ > TC2: Sinh viên chọn 19 tín chỉ > Hệ điều hành Linux",True,"[244, 147, 235, 156, 132, 251, 69, 159, 250, 241]",10,69,7,0.14285714285714285,1,1,1.0,True,
Học phần Hệ điều hành Linux thuộc danh mục kiến thức chuyên ngành tự chọn MMT&TTDL có tổng số tín chỉ là bao nhiêu?,base line,"Học phần Hệ điều hành Linux có tổng số tín chỉ là 3 tín chỉ.

GIẢI THÍCH CHI TIẾT:  
1) Bước 1: Học phần Hệ điều hành Linux được liệt kê với mã học phần 123041 trong chương trình đào tạo ngành MMT&TTDL.  
- Căn cứ: ""Mạng máy tính và truyền thông dữ liệu > PHỤ LỤC 2: BẢNG MÔ TẢ CÁC HỌC PHẦN MMT&TTDL > 2. Kiến thức giáo dục chuyên nghiệp: 94 tín chỉ > 2.3. Kiến thức chuyên ngành tự chọn: chọn 19 TC + 9 TC > Hệ điều hành Linux - Mã học phần: 123041"" (Phụ lục 2: Bảng mô tả các học phần MMT&TTDL)

2) Bước 2: Trong phần chi tiết của học phần, rõ ràng ghi rằng ""Số tín chỉ: 3"" và được xác định là học phần tự chọn trong chương trình.  
- Căn cứ: ""Mạng máy tính và truyền thông dữ liệu > III. CHƯƠNG TRÌNH CHI TIẾT > 2. Kiến thức giáo dục chuyên nghiệp: > Sinh viên có thể chọn 28 tín chỉ và 6 tín chỉ luận văn tốt nghiệp > Hệ điều hành Linux - Số tín chỉ: 3"" (Chương trình chi tiết)

3) Bước 3: Học phần này thuộc nhóm kiến thức chuyên ngành tự chọn, phù hợp với yêu cầu về tín chỉ chuyên ngành tự chọn trong chương trình.  
- Căn cứ: ""Mạng máy tính và truyền thông dữ liệu > PHỤ LỤC 2: BẢNG MÔ TẢ CÁC HỌC PHẦN MMT&TTDL > 2.3. Kiến thức chuyên ngành tự chọn: chọn 19 TC + 9 TC > Hệ điều hành Linux"" (Phụ lục 2: Bảng mô tả các học phần MMT&TTDL)

NGUỒN THAM KHẢO:  
- Header/Section: Phụ lục 2: Bảng mô tả các học phần MMT&TTDL  
- Header/Section: III. CHƯƠNG TRÌNH CHI TIẾT  
- Header/Section: PHỤ LỤC 2: BẢNG MÔ TẢ CÁC HỌC PHẦN MMT&TTDL",True,"[244, 69, 235, 251, 341, 159, 250, 236, 241, 615]",10,69,2,0.5,1,1,1.0,True,
"Trong chương trình ngành Logistics và Quản lý chuỗi cung ứng, tổng số tín chỉ toàn khóa (không tính các học phần GDTC, GDQP-AN) là bao nhiêu?",base line,"Tổng số tín chỉ toàn khóa (không tính các học phần GDTC, GDQP-AN) là 120 tín chỉ.

GIẢI THÍCH CHI TIẾT:  
1) Bước 1: Chương trình ngành Logistics và Quản lý chuỗi cung ứng quy định tổng số tín chỉ toàn khóa (không tính các học phần GDTC, GDQP-AN) là 120 tín chỉ.  
- Căn cứ: ""Tổng số tín chỉ toàn khóa (Không tính các học phần GDTC, GDQP-AN): 120 tín chỉ"" (phần III. CHUẨN ĐẦU RA CHƯƠNG TRÌNH ĐÀO TẠO > 1.2. Khối lượng kiến thức toàn khóa)  

2) Bước 2: Đây là thông tin được nêu rõ trong phần chuẩn đầu ra chương trình đào tạo, không bị ảnh hưởng bởi các học phần bổ trợ như Giáo dục Quốc phòng – An ninh hay Giáo dục thể chất.  
- Căn cứ: ""Tổng số tín chỉ toàn khóa (Không tính các học phần GDTC, GDQP-AN): 120 tín chỉ"" (cùng phần III. CHUẨN ĐẦU RA CHƯƠNG TRÌNH ĐÀO TẠO > 1.2. Khối lượng kiến thức toàn khóa)  

NGUỒN THAM KHẢO:  
- Header/Section: III. CHUẨN ĐẦU RA CHƯƠNG TRÌNH ĐÀO TẠO > 1.2. Khối lượng kiến thức toàn khóa",True,"[560, 631, 642, 559, 544, 558, 632, 679, 656, 710]",10,560,1,1.0,1,1,1.0,True,True
"Theo chương trình đào tạo ngành Logistics và Quản lý chuỗi cung ứng, tổng số tín chỉ toàn khóa, không bao gồm các học phần GDTC và GDQP-AN, là bao nhiêu?",base line,"Tổng số tín chỉ toàn khóa, không bao gồm các học phần GDTC và GDQP-AN, là 120 tín chỉ.

GIẢI THÍCH CHI TIẾT:  
1) Bước 1: Chương trình đào tạo ngành Logistics và Quản lý chuỗi cung ứng quy định tổng số tín chỉ toàn khóa (không tính các học phần GDTC, GDQP-AN) là 120 tín chỉ.  
- Căn cứ: ""Tổng số tín chỉ toàn khóa (Không tính các học phần GDTC, GDQP-AN): 120 tín chỉ"" (phần ""Logistics và quản lý chuỗi cung ứng > III. CHUẨN ĐẦU RA CHƯƠNG TRÌNH ĐÀO TẠO > 1.2. Khối lượng kiến thức toàn khóa"")  

2) Bước 2: Thông tin này được xác nhận rõ ràng trong phần ""Tổng số tín chỉ toàn khóa (Không tính các học phần GDTC, GDQP-AN)"" và không bị thay đổi trong các phần khác như kiến thức chuyên ngành, cơ sở hoặc giáo dục đại cương.  
- Căn cứ: ""Tổng số tín chỉ toàn khóa (Không tính các học phần GDTC, GDQP-AN): 120 tín chỉ"" (phần ""Logistics và quản lý chuỗi cung ứng > III. CHUẨN ĐẦU RA CHƯƠNG TRÌNH ĐÀO TẠO > 1.2. Khối lượng kiến thức toàn khóa"")  

NGUỒN THAM KHẢO:  
- Header/Section: ""Logistics và quản lý chuỗi cung ứng > III. CHUẨN ĐẦU RA CHƯƠNG TRÌNH ĐÀO TẠO > 1.2. Khối lượng kiến thức toàn khóa""",True,"[560, 544, 631, 642, 559, 558, 557, 656, 632, 699]",10,560,1,1.0,1,1,1.0,True,True
"Chương trình đào tạo ngành Logistics và Quản lý chuỗi cung ứng quy định tổng số tín chỉ toàn khóa (không tính GDTC, GDQP-AN) là bao nhiêu?",base line,"Chương trình đào tạo ngành Logistics và Quản lý chuỗi cung ứng quy định tổng số tín chỉ toàn khóa (không tính GDTC, GDQP-AN) là 120 tín chỉ.

GIẢI THÍCH CHI TIẾT:  
1) Bước 1: Xác định tổng số tín chỉ toàn khóa không tính các học phần GDTC và GDQP-AN.  
- Căn cứ: ""Tổng số tín chỉ toàn khóa (Không tính các học phần GDTC, GDQP-AN): 120 tín chỉ"" (phần ""Logistics và quản lý chuỗi cung ứng > III. CHUẨN ĐẦU RA CHƯƠNG TRÌNH ĐÀO TẠO > 1.2. Khối lượng kiến thức toàn khóa"")  

2) Bước 2: Xác nhận rằng thông tin này đã được nêu rõ trong phần chuẩn đầu ra chương trình đào tạo, không bị ảnh hưởng bởi các học phần bổ trợ khác.  
- Căn cứ: ""Tổng số tín chỉ toàn khóa (Không tính các học phần GDTC, GDQP-AN): 120 tín chỉ"" (cùng phần trên)  

3) Bước 3: Không có thông tin mâu thuẫn hoặc điều chỉnh nào khác về tổng tín chỉ trong các phần khác của CONTEXT.  
- Căn cứ: Không có phần nào điều chỉnh tổng tín chỉ khác ngoài phần đã nêu.  

NGUỒN THAM KHẢO:  
- Header/Section: Logistics và quản lý chuỗi cung ứng > III. CHUẨN ĐẦU RA CHƯƠNG TRÌNH ĐÀO TẠO > 1.2. Khối lượng kiến thức toàn khóa > Tổng số tín chỉ",True,"[560, 631, 558, 559, 642, 557, 656, 632, 564, 609]",10,560,1,1.0,1,1,1.0,True,True
"Tổng khối lượng tín chỉ toàn khóa của ngành Logistics và Quản lý chuỗi cung ứng, không bao gồm các học phần GDTC và GDQP-AN, là bao nhiêu?",base line,"Tổng khối lượng tín chỉ toàn khóa là 120 tín chỉ.

GIẢI THÍCH CHI TIẾT:  
1) Bước 1: Tổng số tín chỉ toàn khóa (không tính các học phần GDTC, GDQP-AN) được nêu rõ trong phần ""Tổng số tín chỉ toàn khóa (Không tính các học phần GDTC, GDQP-AN)"": 120 tín chỉ.  
- Căn cứ: ""Tổng số tín chỉ toàn khóa (Không tính các học phần GDTC, GDQP-AN): 120 tín chỉ"" (phần ""Logistics và quản lý chuỗi cung ứng > III. CHUẨN ĐẦU RA CHƯƠNG TRÌNH ĐÀO TẠO > 1.2. Khối lượng kiến thức toàn khóa"")  

2) Bước 2: Không có thông tin nào trong CONTEXT cho thấy việc điều chỉnh hoặc trừ đi các học phần khác ngoài phần đã nêu, do đó không cần sửa đổi giá trị 120 tín chỉ.  
- Căn cứ: Không có thông tin mâu thuẫn hoặc bổ sung về việc thay đổi tổng tín chỉ sau khi loại trừ học phần.  

NGUỒN THAM KHẢO:  
- Header/Section: ""Tổng số tín chỉ toàn khóa (Không tính các học phần GDTC, GDQP-AN)""",True,"[560, 544, 559, 631, 558, 557, 642, 632, 656, 683]",10,560,1,1.0,1,1,1.0,True,True
"Trong chương trình đào tạo ngành Logistics và Quản lý chuỗi cung ứng, sinh viên cần tích lũy bao nhiêu tín chỉ toàn khóa, không tính các học phần GDTC và GDQP-AN?",base line,"Sinh viên cần tích lũy 120 tín chỉ toàn khóa, không tính các học phần GDTC và GDQP-AN.

GIẢI THÍCH CHI TIẾT:  
1) Bước 1: Chương trình đào tạo quy định tổng số tín chỉ toàn khóa (không tính các học phần GDTC, GDQP-AN) là 120 tín chỉ.  
- Căn cứ: ""Tổng số tín chỉ toàn khóa (Không tính các học phần GDTC, GDQP-AN): 120 tín chỉ"" (phần III. CHUẨN ĐẦU RA CHƯƠNG TRÌNH ĐÀO TẠO > 1.2. Khối lượng kiến thức toàn khóa)  

2) Bước 2: Thông tin này được xác định rõ trong phần chuẩn đầu ra chương trình đào tạo, không bị ảnh hưởng bởi các học phần khác như GDTC hoặc GDQP-AN.  
- Căn cứ: ""Tổng số tín chỉ toàn khóa (Không tính các học phần GDTC, GDQP-AN): 120 tín chỉ"" (phần III. CHUẨN ĐẦU RA CHƯƠNG TRÌNH ĐÀO TẠO > 1.2. Khối lượng kiến thức toàn khóa)  

NGUỒN THAM KHẢO:  
- Header/Section: III. CHUẨN ĐẦU RA CHƯƠNG TRÌNH ĐÀO TẠO > 1.2. Khối lượng kiến thức toàn khóa",True,"[560, 544, 631, 664, 559, 642, 671, 679, 699, 557]",10,560,1,1.0,1,1,1.0,True,True
"Theo quy định của chương trình ngành Logistics và Quản lý chuỗi cung ứng, tổng số tín chỉ toàn khóa (loại trừ GDTC và GDQP-AN) là bao nhiêu?",base line,"Tổng số tín chỉ toàn khóa (loại trừ GDTC và GDQP-AN) là 120 tín chỉ.

GIẢI THÍCH CHI TIẾT:  
1) Bước 1: Chương trình quy định tổng số tín chỉ toàn khóa (không tính GDTC và GDQP-AN) là 120 tín chỉ.  
- Căn cứ: ""Tổng số tín chỉ toàn khóa (Không tính các học phần GDTC, GDQP-AN): 120 tín chỉ"" (phần III. CHUẨN ĐẦU RA CHƯƠNG TRÌNH ĐÀO TẠO > 1.2. Khối lượng kiến thức toàn khóa)  

2) Bước 2: Đây là thông tin trực tiếp được nêu trong chương trình, không cần suy luận thêm.  
- Căn cứ: ""Tổng số tín chỉ toàn khóa (Không tính các học phần GDTC, GDQP-AN): 120 tín chỉ"" (cùng phần trên)  

NGUỒN THAM KHẢO:  
- Header/Section: III. CHUẨN ĐẦU RA CHƯƠNG TRÌNH ĐÀO TẠO > 1.2. Khối lượng kiến thức toàn khóa",True,"[560, 631, 642, 558, 559, 656, 557, 544, 687, 679]",10,560,1,1.0,1,1,1.0,True,True
Học phần Nhập môn Logistics & Quản lý Chuỗi cung ứng được học ở học kỳ mấy và có bao nhiêu tín chỉ?,base line,"Học phần Nhập môn Logistics & Quản lý Chuỗi cung ứng được học ở học kỳ 2 và có 3 tín chỉ.  

GIẢI THÍCH CHI TIẾT:  
1) Bước 1: Học phần ""Nhập môn Logistics & Quản lý Chuỗi cung ứng"" được liệt kê trong học kỳ 2.  
- Căn cứ: ""Logistics và quản lý chuỗi cung ứng > XII. KẾ HOẠCH ĐÀO TẠO > 1.2. HỌC KỲ 2 > Nhập môn Logistics & Quản lý Chuỗi cung ứng _(Introduction to Logistics & Supply Chain Management)_""  

2) Bước 2: Học phần này có mã 419001 và được ghi rõ số tín chỉ là 3.  
- Căn cứ: ""Mã học phần: 419001 - Số tín chỉ: 3"" (vị trí: phần chi tiết học phần trong học kỳ 2)  

NGUỒN THAM KHẢO:  
- Header/Section: Logistics và quản lý chuỗi cung ứng > XII. KẾ HOẠCH ĐÀO TẠO > 1.2. HỌC KỲ 2 > Nhập môn Logistics & Quản lý Chuỗi cung ứng _(Introduction to Logistics & Supply Chain Management)_",True,"[670, 656, 716, 664, 605, 691, 686, 690, 703, 723]",10,671,0,0.0,0,0,0.0,True,False
Học phần Nhập môn Logistics & Quản lý Chuỗi cung ứng được bố trí ở học kỳ nào và có số tín chỉ là bao nhiêu?,base line,"Học phần Nhập môn Logistics & Quản lý Chuỗi cung ứng được bố trí ở học kỳ 2, với số tín chỉ là 3.

GIẢI THÍCH CHI TIẾT:  
1) Bước 1: Xác định học kỳ của học phần ""Nhập môn Logistics & Quản lý Chuỗi cung ứng"".  
- Căn cứ: ""Logistics và quản lý chuỗi cung ứng > XII. KẾ HOẠCH ĐÀO TẠO > 1.2. HỌC KỲ 2 > Nhập môn Logistics & Quản lý Chuỗi cung ứng _(Introduction to Logistics & Supply Chain Management)_"" (phần 1.2. Học kỳ 2)  

2) Bước 2: Xác định số tín chỉ của học phần này.  
- Căn cứ: ""Số tín chỉ: 3"" (trong phần mô tả học phần tại học kỳ 2)  

NGUỒN THAM KHẢO:  
- Header/Section: Logistics và quản lý chuỗi cung ứng > XII. KẾ HOẠCH ĐÀO TẠO > 1.2. HỌC KỲ 2 > Nhập môn Logistics & Quản lý Chuỗi cung ứng _(Introduction to Logistics & Supply Chain Management)_",True,"[670, 656, 716, 605, 683, 691, 664, 686, 597, 712]",10,671,0,0.0,0,0,0.0,True,False
"Theo chương trình đào tạo, học phần Nhập môn Logistics & Quản lý Chuỗi cung ứng được giảng dạy ở học kỳ mấy và có bao nhiêu tín chỉ?",base line,"Học phần Nhập môn Logistics & Quản lý Chuỗi cung ứng được giảng dạy ở học kỳ 2 và có 3 tín chỉ.

GIẢI THÍCH CHI TIẾT:  
1) Bước 1: Học kỳ của học phần ""Nhập môn Logistics & Quản lý Chuỗi cung ứng"" được xác định từ phần liệt kê học kỳ 2 trong chương trình đào tạo.  
- Căn cứ: ""Logistics và quản lý chuỗi cung ứng > XII. KẾ HOẠCH ĐÀO TẠO > 1.2. HỌC KỲ 2 > Nhập môn Logistics & Quản lý Chuỗi cung ứng _(Introduction to Logistics & Supply Chain Management)_""  

2) Bước 2: Số tín chỉ của học phần này được nêu rõ trong cùng mục trên.  
- Căn cứ: ""Số tín chỉ: 3"" (vị trí: phần mô tả học phần Nhập môn Logistics & Quản lý Chuỗi cung ứng)  

NGUỒN THAM KHẢO:  
- Header/Section: Logistics và quản lý chuỗi cung ứng > XII. KẾ HOẠCH ĐÀO TẠO > 1.2. HỌC KỲ 2 > Nhập môn Logistics & Quản lý Chuỗi cung ứng _(Introduction to Logistics & Supply Chain Management)_",True,"[670, 716, 605, 656, 691, 686, 690, 712, 599, 610]",10,671,0,0.0,0,0,0.0,True,False
"Trong chương trình đào tạo ngành Logistics, học phần Nhập môn Logistics & Quản lý Chuỗi cung ứng thuộc học kỳ nào và có khối lượng bao nhiêu tín chỉ?",base line,"Học phần Nhập môn Logistics & Quản lý Chuỗi cung ứng thuộc học kỳ 2, có 3 tín chỉ.  

GIẢI THÍCH CHI TIẾT:  
1) Bước 1: Xác định học kỳ của học phần ""Nhập môn Logistics & Quản lý Chuỗi cung ứng"".  
- Căn cứ: ""Logistics và quản lý chuỗi cung ứng > XII. KẾ HOẠCH ĐÀO TẠO > 1.2. HỌC KỲ 2 > Nhập môn Logistics & Quản lý Chuỗi cung ứng _(Introduction to Logistics & Supply Chain Management)_""  

2) Bước 2: Xác định số tín chỉ của học phần đó.  
- Căn cứ: ""Số tín chỉ: 3"" (vị trí: phần mô tả học phần trong học kỳ 2)  

NGUỒN THAM KHẢO:  
- Header/Section: Logistics và quản lý chuỗi cung ứng > XII. KẾ HOẠCH ĐÀO TẠO > 1.2. HỌC KỲ 2 > Nhập môn Logistics & Quản lý Chuỗi cung ứng _(Introduction to Logistics & Supply Chain Management)_",True,"[670, 716, 605, 691, 656, 690, 597, 703, 683, 664]",10,671,0,0.0,0,0,0.0,True,False
Học phần Nhập môn Logistics & Quản lý Chuỗi cung ứng trong kế hoạch đào tạo được xếp vào học kỳ mấy và có bao nhiêu tín chỉ?,base line,"Học phần Nhập môn Logistics & Quản lý Chuỗi cung ứng được xếp vào học kỳ 1 và có 3 tín chỉ.

GIẢI THÍCH CHI TIẾT:  
1) Bước 1: Học phần ""Nhập môn Logistics & Quản lý Chuỗi cung ứng"" được liệt kê trong học kỳ 1.  
- Căn cứ: ""Logistics và quản lý chuỗi cung ứng > XII. KẾ HOẠCH ĐÀO TẠO > 1.1. HỌC KỲ 1"" (header/section)  

2) Bước 2: Học phần này có mã 419001 và số tín chỉ là 3.  
- Căn cứ: ""Mã học phần: 419001 - Số tín chỉ: 3"" (trong phần mô tả học phần)  

NGUỒN THAM KHẢO:  
- Header/Section: Logistics và quản lý chuỗi cung ứng > XII. KẾ HOẠCH ĐÀO TẠO > 1.1. HỌC KỲ 1  
- Header/Section: Logistics và quản lý chuỗi cung ứng > XII. KẾ HOẠCH ĐÀO TẠO > 1.2. HỌC KỲ 2 > Nhập môn Logistics & Quản lý Chuỗi cung ứng _(Introduction to Logistics & Supply Chain Management)_",True,"[670, 716, 605, 691, 656, 712, 703, 690, 623, 620]",10,671,0,0.0,0,0,0.0,True,False
"Theo chương trình đào tạo ngành Logistics, học phần Nhập môn Logistics & Quản lý Chuỗi cung ứng có số tín chỉ bao nhiêu và được học ở học kỳ nào?",base line,"Học phần ""Nhập môn Logistics & Quản lý Chuỗi cung ứng"" có 3 tín chỉ và được học ở học kỳ 2.  

GIẢI THÍCH CHI TIẾT:  
1) Bước 1: Học phần ""Nhập môn Logistics & Quản lý Chuỗi cung ứng"" có số tín chỉ 3.  
- Căn cứ: ""Số tín chỉ: 3"" (phần ""Nhập môn Logistics & Quản lý Chuỗi cung ứng"" trong mục ""HỌC KỲ 2"")  

2) Bước 2: Học phần này được liệt kê trong chương trình học kỳ 2.  
- Căn cứ: ""1.2. HỌC KỲ 2 > Nhập môn Logistics & Quản lý Chuỗi cung ứng"" (phần ""HỌC KỲ 2"" trong mục ""KẾ HOẠCH ĐÀO TẠO"")  

NGUỒN THAM KHẢO:  
- Header/Section: ""1.2. HỌC KỲ 2 > Nhập môn Logistics & Quản lý Chuỗi cung ứng""  
- Header/Section: ""Số tín chỉ: 3""",True,"[670, 656, 716, 683, 597, 605, 686, 687, 664, 610]",10,605,6,0.16666666666666666,1,1,1.0,True,True
"Trong chương trình Logistics, học phần Kinh tế vận tải và Logistics được xếp ở học kỳ nào?",base line,"Học phần Kinh tế vận tải và Logistics được xếp ở học kỳ 5.

GIẢI THÍCH CHI TIẾT:  
1) Bước 1: Xác định học phần ""Kinh tế vận tải và Logistics"" trong chương trình.  
- Căn cứ: ""Logistics và quản lý chuỗi cung ứng > XII. KẾ HOẠCH ĐÀO TẠO > 1.5. HỌC KỲ 5 > Học phần tự chọn Kỳ 5 > Kinh tế vận tải và Logistics _(Transport Economics and Logistics)_"" (phần học kỳ 5)

2) Bước 2: Xác minh học kỳ cụ thể của học phần này trong kế hoạch đào tạo.  
- Căn cứ: ""Logistics và quản lý chuỗi cung ứng > XII. KẾ HOẠCH ĐÀO TẠO > 1.5. HỌC KỲ 5 > Học phần tự chọn Kỳ 5"" (phần học kỳ 5)

NGUỒN THAM KHẢO:  
- Header/Section: Logistics và quản lý chuỗi cung ứng > XII. KẾ HOẠCH ĐÀO TẠO > 1.5. HỌC KỲ 5 > Học phần tự chọn Kỳ 5",True,"[720, 705, 694, 716, 678, 711, 605, 709, 721, 703]",10,679,0,0.0,0,0,0.0,True,False
"Theo chương trình đào tạo ngành Logistics, học phần Kinh tế vận tải và Logistics được bố trí ở học kỳ nào?",base line,"Học phần Kinh tế vận tải và Logistics được bố trí ở học kỳ 3.

GIẢI THÍCH CHI TIẾT:  
1) Bước 1: Học phần ""Kinh tế vận tải và Logistics"" được liệt kê trong phần học kỳ 3 của chương trình đào tạo.  
- Căn cứ: ""Logistics và quản lý chuỗi cung ứng > XII. KẾ HOẠCH ĐÀO TẠO > 1.3. HỌC KỲ 3 > Kinh tế vận tải và Logistics _(Transport Economics and Logistics)_""  

2) Bước 2: Không có thông tin nào trong CONTEXT cho thấy việc điều chỉnh học kỳ của học phần này, nên không có cơ sở để thay đổi hoặc suy đoán.  
- Căn cứ: Không có thông tin mâu thuẫn hoặc bổ sung về việc thay đổi học kỳ.  

3) Bước 3: Các học phần tự chọn ở học kỳ 6, 7, 8 không liên quan đến học phần này.  
- Căn cứ: ""Logistics và quản lý chuỗi cung ứng > XII. KẾ HOẠCH ĐÀO TẠO > 1.6. HỌC KỲ 6 > Học phần tự chọn học kỳ 6"" và các học kỳ khác không đề cập đến học phần này.  

NGUỒN THAM KHẢO:  
- Header/Section: Logistics và quản lý chuỗi cung ứng > XII. KẾ HOẠCH ĐÀO TẠO > 1.3. HỌC KỲ 3 > Kinh tế vận tải và Logistics _(Transport Economics and Logistics)_",True,"[720, 705, 470, 716, 468, 678, 694, 466, 544, 605]",10,544,9,0.1111111111111111,1,1,1.0,True,True
Học phần Kinh tế vận tải và Logistics trong chương trình ngành Logistics được xếp vào học kỳ mấy?,base line,"Học phần Kinh tế vận tải và Logistics được xếp vào học kỳ 5.

GIẢI THÍCH CHI TIẾT:  
1) Bước 1: Học phần ""Kinh tế vận tải và Logistics"" được liệt kê trong phần học kỳ 5.  
- Căn cứ: ""Logistics và quản lý chuỗi cung ứng > XII. KẾ HOẠCH ĐÀO TẠO > 1.5. HỌC KỲ 5 > Học phần tự chọn Kỳ 5"" (phần học kỳ 5)  

2) Bước 2: Trong danh sách học phần kỳ 5, học phần này được nêu rõ là ""Học phần tự chọn Kỳ 5"", xác định rõ học kỳ.  
- Căn cứ: ""Logistics và quản lý chuỗi cung ứng > XII. KẾ HOẠCH ĐÀO TẠO > 1.5. HỌC KỲ 5 > Học phần tự chọn Kỳ 5"" (phần học kỳ 5)  

NGUỒN THAM KHẢO:  
- Header/Section: Logistics và quản lý chuỗi cung ứng > XII. KẾ HOẠCH ĐÀO TẠO > 1.5. HỌC KỲ 5 > Học phần tự chọn Kỳ 5",True,"[720, 705, 716, 694, 678, 605, 721, 711, 703, 712]",10,679,0,0.0,0,0,0.0,True,False
Chương trình đào tạo ngành Logistics quy định học phần Kinh tế vận tải và Logistics thuộc học kỳ nào?,base line,"Học phần Kinh tế vận tải và Logistics thuộc học kỳ 3.

GIẢI THÍCH CHI TIẾT:  
1) Bước 1: Học phần ""Kinh tế vận tải và Logistics"" được liệt kê trong danh sách học phần tự chọn của học kỳ 3.  
- Căn cứ: ""Logistics và quản lý chuỗi cung ứng > XII. KẾ HOẠCH ĐÀO TẠO > 1.3. HỌC KỲ 3 > Kinh tế vận tải và Logistics _(Transport Economics and Logistics)_"" (học kỳ 3)  

2) Bước 2: Không có thông tin nào cho thấy học phần này được điều chỉnh hoặc chuyển sang học kỳ khác, do đó vẫn giữ nguyên theo kế hoạch ban đầu.  
- Căn cứ: Không có thông tin mâu thuẫn hoặc điều chỉnh học kỳ trong CONTEXT.  

NGUỒN THAM KHẢO:  
- Header/Section: Logistics và quản lý chuỗi cung ứng > XII. KẾ HOẠCH ĐÀO TẠO > 1.3. HỌC KỲ 3 > Kinh tế vận tải và Logistics",True,"[720, 705, 716, 678, 605, 694, 711, 590, 668, 721]",10,679,0,0.0,0,0,0.0,True,False
"Trong kế hoạch học tập ngành Logistics, học phần Kinh tế vận tải và Logistics được giảng dạy ở học kỳ mấy?",base line,"Học phần Kinh tế vận tải và Logistics được giảng dạy ở học kỳ 3.

GIẢI THÍCH CHI TIẾT:  
1) Bước 1: Học phần ""Kinh tế vận tải và Logistics"" được liệt kê trong học kỳ 3.  
- Căn cứ: ""Logistics và quản lý chuỗi cung ứng > XII. KẾ HOẠCH ĐÀO TẠO > 1.3. HỌC KỲ 3 > Kinh tế vận tải và Logistics _(Transport Economics and Logistics)_"" (học kỳ 3)  

2) Bước 2: Không có thông tin nào trong CONTEXT cho thấy học phần này được giảng dạy ở học kỳ khác, do đó không có sự mâu thuẫn hoặc thay đổi chương trình.  
- Căn cứ: Không có thông tin khác về việc điều chỉnh học kỳ cho học phần này.  

NGUỒN THAM KHẢO:  
- Header/Section: Logistics và quản lý chuỗi cung ứng > XII. KẾ HOẠCH ĐÀO TẠO > 1.3. HỌC KỲ 3 > Kinh tế vận tải và Logistics",True,"[705, 720, 694, 716, 466, 709, 678, 468, 703, 470]",10,679,0,0.0,0,0,0.0,True,False
Học phần Kinh tế vận tải và Logistics của ngành Logistics được sắp xếp vào học kỳ nào trong chương trình đào tạo?,base line,"Học phần Kinh tế vận tải và Logistics được sắp xếp vào học kỳ 3.

GIẢI THÍCH CHI TIẾT:  
1) Bước 1: Học phần ""Kinh tế vận tải và Logistics"" được liệt kê trong phần học kỳ 3 của chương trình đào tạo.  
- Căn cứ: ""Logistics và quản lý chuỗi cung ứng > XII. KẾ HOẠCH ĐÀO TẠO > 1.3. HỌC KỲ 3 > Kinh tế vận tải và Logistics _(Transport Economics and Logistics)_""  

2) Bước 2: Phần này thuộc nhóm học phần tự chọn học kỳ 3, được xác định rõ trong kế hoạch đào tạo theo học kỳ cụ thể.  
- Căn cứ: ""Logistics và quản lý chuỗi cung ứng > XII. KẾ HOẠCH ĐÀO TẠO > 1.3. HỌC KỲ 3 > Kinh tế vận tải và Logistics""  

NGUỒN THAM KHẢO:  
- Header/Section: Logistics và quản lý chuỗi cung ứng > XII. KẾ HOẠCH ĐÀO TẠO > 1.3. HỌC KỲ 3 > Kinh tế vận tải và Logistics",True,"[720, 705, 678, 716, 694, 470, 711, 605, 468, 466]",10,679,0,0.0,0,0,0.0,True,False
Học phần Quản trị logistics trong ngành Logistics có bao nhiêu tín chỉ?,base line,"Học phần Quản trị logistics có 3 tín chỉ.

GIẢI THÍCH CHI TIẾT:  
1) Bước 1: Học phần Quản trị logistics được liệt kê với mã 416033 trong chương trình đào tạo.  
- Căn cứ: ""Logistics và quản lý chuỗi cung ứng > XI. NỘI DUNG CHƯƠNG TRÌNH ĐÀO TẠO > Kiến thức chuyên ngành > Quản trị logistics _(Logistics Management)_""  
2) Bước 2: Trong mục này, số tín chỉ được ghi rõ là 3.  
- Căn cứ: ""Số tín chỉ: 3"" (vị trí: phần nội dung kiến thức chuyên ngành)  
3) Bước 3: Không có thông tin mâu thuẫn hoặc khác biệt về tín chỉ từ các học phần khác.  
- Căn cứ: Không có học phần khác có mã 416033 với tín chỉ khác.  

NGUỒN THAM KHẢO:  
- Header/Section: Logistics và quản lý chuỗi cung ứng > XI. NỘI DUNG CHƯƠNG TRÌNH ĐÀO TẠO > Kiến thức chuyên ngành > Quản trị logistics _(Logistics Management)_",True,"[683, 716, 597, 682, 686, 693, 713, 715, 709, 605]",10,598,0,0.0,0,0,0.0,True,False
"Theo chương trình đào tạo ngành Logistics, học phần Quản trị logistics có số tín chỉ là bao nhiêu?",base line,"Học phần Quản trị logistics có số tín chỉ là 3.

GIẢI THÍCH CHI TIẾT:  
1) Bước 1: Học phần Quản trị logistics được liệt kê trong chương trình đào tạo với mã học phần 416033.  
- Căn cứ: ""Logistics và quản lý chuỗi cung ứng > XI. NỘI DUNG CHƯƠNG TRÌNH ĐÀO TẠO > Kiến thức chuyên ngành > Quản trị logistics _(Logistics Management)_""  
2) Bước 2: Trong phần này, thông tin rõ ràng nêu số tín chỉ là 3.  
- Căn cứ: ""Mã học phần: 416033 - Số tín chỉ: 3""  
3) Bước 3: Dù có thông tin về học kỳ hoặc điều kiện học trước, nhưng số tín chỉ được ghi rõ và không thay đổi.  
- Căn cứ: ""Số tín chỉ: 3"" (trong phần nội dung chương trình đào tạo)  

NGUỒN THAM KHẢO:  
- Header/Section: Logistics và quản lý chuỗi cung ứng > XI. NỘI DUNG CHƯƠNG TRÌNH ĐÀO TẠO > Kiến thức chuyên ngành > Quản trị logistics _(Logistics Management)_",True,"[683, 716, 597, 682, 686, 715, 713, 693, 632, 656]",10,598,0,0.0,0,0,0.0,True,False
Học phần Quản trị logistics trong chương trình ngành Logistics được quy định bao nhiêu tín chỉ?,base line,"Học phần Quản trị logistics có 3 tín chỉ.

GIẢI THÍCH CHI TIẾT:  
1) Bước 1: Học phần Quản trị logistics được liệt kê với mã 416033 trong chương trình đào tạo.  
- Căn cứ: ""Logistics và quản lý chuỗi cung ứng > XII. KẾ HOẠCH ĐÀO TẠO > 1.4. HỌC KỲ 4 > Quản trị logistics _(Logistics Management)_; - Mã học phần: 416033"" (phần KẾ HOẠCH ĐÀO TẠO, Học kỳ 4)  

2) Bước 2: Trong thông tin đó, số tín chỉ được ghi rõ là 3.  
- Căn cứ: ""Số tín chỉ: 3"" (phần KẾ HOẠCH ĐÀO TẠO, Học kỳ 4)  

3) Bước 3: Thông tin này được xác nhận ở phần nội dung chương trình chuyên ngành, nơi học phần này cũng có mã 416033 và số tín chỉ 3.  
- Căn cứ: ""Logistics và quản lý chuỗi cung ứng > XI. NỘI DUNG CHƯƠNG TRÌNH ĐÀO TẠO > Kiến thức chuyên ngành > Quản trị logistics _(Logistics Management)_; - Mã học phần: 416033 - Số tín chỉ: 3"" (phần NỘI DUNG CHƯƠNG TRÌNH ĐÀO TẠO)  

NGUỒN THAM KHẢO:  
- Header/Section: KẾ HOẠCH ĐÀO TẠO, Học kỳ 4  
- Header/Section: NỘI DUNG CHƯƠNG TRÌNH ĐÀO TẠO, Kiến thức chuyên ngành",True,"[683, 716, 597, 682, 686, 605, 715, 693, 713, 609]",10,598,0,0.0,0,0,0.0,True,False
Chương trình đào tạo ngành Logistics xác định học phần Quản trị logistics có khối lượng bao nhiêu tín chỉ?,base line,"Học phần Quản trị logistics có 3 tín chỉ.

GIẢI THÍCH CHI TIẾT:  
1) Bước 1: Học phần Quản trị logistics được liệt kê trong phần ""Logistics và quản lý chuỗi cung ứng > XII. KẾ HOẠCH ĐÀO TẠO > 1.4. HỌC KỲ 4 > Quản trị logistics _(Logistics Management)_"".  
- Căn cứ: ""Logistics và quản lý chuỗi cung ứng > XII. KẾ HOẠCH ĐÀO TẠO > 1.4. HỌC KỲ 4 > Quản trị logistics _(Logistics Management)_ - Mã học phần: 416033 - Số tín chỉ: 3""  

2) Bước 2: Trong cùng phần, thông tin ""Số tín chỉ: 3"" được nêu rõ, xác định khối lượng tín chỉ của học phần.  
- Căn cứ: ""Số tín chỉ: 3"" (vị trí: phần KẾ HOẠCH ĐÀO TẠO, học kỳ 4)  

3) Bước 3: Phần nội dung kiến thức chuyên ngành cũng xác nhận mã học phần và số tín chỉ tương ứng, không có mâu thuẫn.  
- Căn cứ: ""Logistics và quản lý chuỗi cung ứng > XI. NỘI DUNG CHƯƠNG TRÌNH ĐÀO TẠO > Kiến thức chuyên ngành > Quản trị logistics _(Logistics Management)_ - Mã học phần: 416033 - Số tín chỉ: 3""  

NGUỒN THAM KHẢO:  
- Header/Section: Logistics và quản lý chuỗi cung ứng > XII. KẾ HOẠCH ĐÀO TẠO > 1.4. HỌC KỲ 4 > Quản trị logistics _(Logistics Management)_  
- Header/Section: Logistics và quản lý chuỗi cung ứng > XI. NỘI DUNG CHƯƠNG TRÌNH ĐÀO TẠO > Kiến thức chuyên ngành > Quản trị logistics _(Logistics Management)_",True,"[683, 597, 716, 693, 605, 715, 709, 713, 682, 609]",10,598,0,0.0,0,0,0.0,True,False
"Trong kế hoạch đào tạo ngành Logistics, học phần Quản trị logistics có tổng số tín chỉ là bao nhiêu?",base line,"Học phần Quản trị logistics có tổng số tín chỉ là 3.

GIẢI THÍCH CHI TIẾT:  
1) Bước 1: Xác định học phần ""Quản trị logistics"" trong chương trình đào tạo.  
- Căn cứ: ""Logistics và quản lý chuỗi cung ứng > XI. NỘI DUNG CHƯƠNG TRÌNH ĐÀO TẠO > Kiến thức chuyên ngành > Quản trị logistics _(Logistics Management)_"" (header/XI. NỘI DUNG CHƯƠNG TRÌNH ĐÀO TẠO)  

2) Bước 2: Tìm số tín chỉ của học phần này trong nội dung chương trình.  
- Căn cứ: ""Số tín chỉ: 3"" (trong phần nội dung chương trình chuyên ngành)  

3) Bước 3: Xác nhận học phần này không có tín chỉ khác hoặc bị thay đổi trong các học kỳ khác.  
- Căn cứ: Không có thông tin nào khác cho học phần này với tín chỉ khác (không có mâu thuẫn hoặc cập nhật tín chỉ khác).  

NGUỒN THAM KHẢO:  
- Header/Section: Logistics và quản lý chuỗi cung ứng > XI. NỘI DUNG CHƯƠNG TRÌNH ĐÀO TẠO > Kiến thức chuyên ngành > Quản trị logistics _(Logistics Management)_",True,"[683, 716, 597, 682, 713, 709, 715, 656, 620, 609]",10,598,0,0.0,0,0,0.0,True,False
Học phần Quản trị logistics thuộc ngành Logistics có bao nhiêu tín chỉ theo chương trình đào tạo?,base line,"Học phần Quản trị logistics có 3 tín chỉ.

GIẢI THÍCH CHI TIẾT:  
1) Bước 1: Học phần Quản trị logistics được liệt kê với số tín chỉ 3 trong chương trình đào tạo.  
- Căn cứ: ""Số tín chỉ: 3"" (Logistics và quản lý chuỗi cung ứng > XI. NỘI DUNG CHƯƠNG TRÌNH ĐÀO TẠO > Kiến thức chuyên ngành > Quản trị logistics _(Logistics Management)_)

2) Bước 2: Thông tin này được xác nhận ở cả hai mục liên quan (học kỳ 4 và học kỳ 7), nhưng đều ghi rõ số tín chỉ là 3.  
- Căn cứ: ""Số tín chỉ: 3"" (Logistics và quản lý chuỗi cung ứng > XII. KẾ HOẠCH ĐÀO TẠO > 1.4. HỌC KỲ 4 > Quản trị logistics _(Logistics Management)_)

NGUỒN THAM KHẢO:  
- Header/Section: Logistics và quản lý chuỗi cung ứng > XI. NỘI DUNG CHƯƠNG TRÌNH ĐÀO TẠO > Kiến thức chuyên ngành > Quản trị logistics _(Logistics Management)_  
- Header/Section: Logistics và quản lý chuỗi cung ứng > XII. KẾ HOẠCH ĐÀO TẠO > 1.4. HỌC KỲ 4 > Quản trị logistics _(Logistics Management)_",True,"[683, 716, 597, 682, 686, 715, 713, 605, 693, 609]",10,715,6,0.16666666666666666,1,1,1.0,True,True
Môn Quản trị kho hàng và tồn kho trong chương trình Logistics có bao nhiêu tín chỉ?,base line,"Môn Quản trị kho hàng và tồn kho có 3 tín chỉ.

GIẢI THÍCH CHI TIẾT:  
1) Bước 1: Xác định học phần ""Quản trị kho hàng và tồn kho"" trong chương trình Logistics.  
- Căn cứ: ""Logistics và quản lý chuỗi cung ứng > XII. KẾ HOẠCH ĐÀO TẠO > 1.6. HỌC KỲ 6 > Học phần bắt buộc học kỳ 6 > Quản trị kho hàng và tồn kho _(Inventory & Warehousing Management)_"" (Kế hoạch đào tạo – Học kỳ 6)  

2) Bước 2: Tìm số tín chỉ của học phần này trong thông tin được cung cấp.  
- Căn cứ: ""Mã học phần: 416038 - Số tín chỉ: 3"" (Kế hoạch đào tạo – Học kỳ 6)  

3) Bước 3: Xác nhận thông tin này không mâu thuẫn với các thông tin khác.  
- Căn cứ: ""Logistics và quản lý chuỗi cung ứng > XI. NỘI DUNG CHƯƠNG TRÌNH ĐÀO TẠO > Kiến thức chuyên ngành > Quản trị kho hàng và tồn kho _(Inventory & Warehousing Management)_"" có ghi rõ ""Số tín chỉ: 3"" (Nội dung chương trình đào tạo – Kiến thức chuyên ngành)  

NGUỒN THAM KHẢO:  
- Kế hoạch đào tạo – Học kỳ 6  
- Nội dung chương trình đào tạo – Kiến thức chuyên ngành",True,"[686, 683, 703, 604, 682, 716, 610, 647, 597, 632]",10,704,0,0.0,0,0,0.0,True,False
"Theo chương trình đào tạo ngành Logistics, học phần Quản trị kho hàng và tồn kho có số tín chỉ là bao nhiêu?",base line,"Học phần Quản trị kho hàng và tồn kho có số tín chỉ là 3.

GIẢI THÍCH CHI TIẾT:  
1) Bước 1: Học phần ""Quản trị kho hàng và tồn kho"" được liệt kê với số tín chỉ 3 trong phần nội dung chương trình đào tạo.  
- Căn cứ: ""Mã học phần: 416038 - Số tín chỉ: 3"" (XII. KẾ HOẠCH ĐÀO TẠO > 1.6. HỌC KỲ 6 > Học phần bắt buộc học kỳ 6)  

2) Bước 2: Thông tin này được xác nhận ở phần nội dung chương trình đào tạo chuyên ngành, nơi ghi rõ số tín chỉ của học phần này là 3.  
- Căn cứ: ""Mã học phần: 416038 - Số tín chỉ: 3"" (XI. NỘI DUNG CHƯƠNG TRÌNH ĐÀO TẠO > Kiến thức chuyên ngành > Quản trị kho hàng và tồn kho)  

3) Bước 3: Không có thông tin mâu thuẫn hoặc khác biệt về số tín chỉ giữa các lần xuất hiện của học phần này.  
- Căn cứ: Cả hai lần xuất hiện đều ghi rõ ""Số tín chỉ: 3"" (cùng mã học phần 416038)  

NGUỒN THAM KHẢO:  
- Header/Section: XII. KẾ HOẠCH ĐÀO TẠO > 1.6. HỌC KỲ 6 > Học phần bắt buộc học kỳ 6  
- Header/Section: XI. NỘI DUNG CHƯƠNG TRÌNH ĐÀO TẠO > Kiến thức chuyên ngành > Quản trị kho hàng và tồn kho",True,"[683, 604, 686, 703, 716, 682, 597, 642, 605, 678]",10,605,9,0.1111111111111111,1,1,1.0,True,True
Học phần Quản trị kho hàng và tồn kho trong chương trình Logistics được quy định bao nhiêu tín chỉ?,base line,"Học phần Quản trị kho hàng và tồn kho được quy định là 3 tín chỉ.

GIẢI THÍCH CHI TIẾT:  
1) Bước 1: Học phần ""Quản trị kho hàng và tồn kho"" có số tín chỉ được nêu rõ trong nội dung chương trình đào tạo.  
- Căn cứ: ""Số tín chỉ: 3"" (phần ""Kiến thức chuyên ngành > Quản trị kho hàng và tồn kho"")  

2) Bước 2: Thông tin này được xác nhận ở cả hai vị trí liên quan đến học phần này: trong nội dung chương trình và kế hoạch học kỳ, đều ghi rõ số tín chỉ là 3.  
- Căn cứ: ""Số tín chỉ: 3"" (phần ""Học phần bắt buộc học kỳ 6 > Quản trị kho hàng và tồn kho"")  

3) Bước 3: Không có bất kỳ thông tin mâu thuẫn hay khác biệt nào về số tín chỉ giữa các nguồn, nên kết luận là 3 tín chỉ là chính xác.  

NGUỒN THAM KHẢO:  
- Header/Section: ""Logistics và quản lý chuỗi cung ứng > XI. NỘI DUNG CHƯƠNG TRÌNH ĐÀO TẠO > Kiến thức chuyên ngành > Quản trị kho hàng và tồn kho""  
- Header/Section: ""Logistics và quản lý chuỗi cung ứng > XII. KẾ HOẠCH ĐÀO TẠO > 1.6. HỌC KỲ 6 > Học phần bắt buộc học kỳ 6 > Quản trị kho hàng và tồn kho""",True,"[604, 703, 683, 686, 682, 716, 605, 597, 610, 670]",10,605,7,0.14285714285714285,1,1,1.0,True,True
Chương trình đào tạo ngành Logistics xác định học phần Quản trị kho hàng và tồn kho có khối lượng bao nhiêu tín chỉ?,base line,"Học phần Quản trị kho hàng và tồn kho có 3 tín chỉ.

GIẢI THÍCH CHI TIẾT:  
1) Bước 1: Học phần ""Quản trị kho hàng và tồn kho"" được xác định có số tín chỉ là 3.  
- Căn cứ: ""Số tín chỉ: 3"" (phần ""Kiến thức chuyên ngành > Quản trị kho hàng và tồn kho"")  

2) Bước 2: Thông tin này được xác nhận ở cả hai vị trí liên quan đến học phần này trong chương trình đào tạo, bao gồm phần nội dung chương trình và kế hoạch học kỳ.  
- Căn cứ: ""Số tín chỉ: 3"" (phần ""Học phần bắt buộc học kỳ 6 > Quản trị kho hàng và tồn kho"")  

NGUỒN THAM KHẢO:  
- Header/Section: ""Kiến thức chuyên ngành > Quản trị kho hàng và tồn kho""  
- Header/Section: ""Học phần bắt buộc học kỳ 6 > Quản trị kho hàng và tồn kho""",True,"[604, 703, 683, 686, 716, 605, 597, 682, 610, 693]",10,605,6,0.16666666666666666,1,1,1.0,True,True
"Trong kế hoạch đào tạo ngành Logistics, môn Quản trị kho hàng và tồn kho có tổng số tín chỉ là bao nhiêu?",base line,"Môn Quản trị kho hàng và tồn kho có tổng số tín chỉ là 3 tín chỉ.

GIẢI THÍCH CHI TIẾT:  
1) Bước 1: Xác định thông tin về môn Quản trị kho hàng và tồn kho trong nội dung chương trình đào tạo.  
- Căn cứ: ""Mã học phần: 416038 - Số tín chỉ: 3"" (phần ""Kiến thức chuyên ngành > Quản trị kho hàng và tồn kho"")  

2) Bước 2: Xác minh thông tin này xuất hiện trong kế hoạch đào tạo học kỳ 6.  
- Căn cứ: ""Học kỳ: 6"" (phần ""Học kỳ: 6"" trong mục ""Học phần bắt buộc học kỳ 6"")  

3) Bước 3: Đảm bảo không có thông tin mâu thuẫn hoặc thay đổi số tín chỉ trong các học phần khác.  
- Căn cứ: Không có thông tin nào trong CONTEXT cho thấy số tín chỉ thay đổi hoặc bổ sung.  

NGUỒN THAM KHẢO:  
- Header/Section: ""Kiến thức chuyên ngành > Quản trị kho hàng và tồn kho""  
- Header/Section: ""Học phần bắt buộc học kỳ 6""",True,"[604, 703, 683, 686, 682, 716, 587, 597, 642, 632]",10,704,0,0.0,0,0,0.0,True,False
Học phần Quản trị kho hàng và tồn kho thuộc chương trình Logistics có bao nhiêu tín chỉ theo quy định?,base line,"Học phần Quản trị kho hàng và tồn kho có 3 tín chỉ theo quy định.

GIẢI THÍCH CHI TIẾT:  
1) Bước 1: Học phần ""Quản trị kho hàng và tồn kho"" được liệt kê với số tín chỉ rõ ràng trong nội dung chương trình đào tạo.  
- Căn cứ: ""Số tín chỉ: 3"" (phần ""Quản trị kho hàng và tồn kho"" trong XI. NỘI DUNG CHƯƠNG TRÌNH ĐÀO TẠO)  

2) Bước 2: Thông tin này được xác nhận ở cả hai vị trí liên quan đến học phần này (học kỳ 6 và chương trình chuyên ngành), đảm bảo tính nhất quán.  
- Căn cứ: ""Số tín chỉ: 3"" (phần ""Học phần bắt buộc học kỳ 6 > Quản trị kho hàng và tồn kho"")  

3) Bước 3: Không có thông tin mâu thuẫn hoặc khác biệt về tín chỉ giữa các phiên bản học phần.  
- Căn cứ: ""Số tín chỉ: 3"" (trong phần ""Kiến thức chuyên ngành > Quản trị kho hàng và tồn kho"")  

NGUỒN THAM KHẢO:  
- Header/Section: XI. NỘI DUNG CHƯƠNG TRÌNH ĐÀO TẠO > Kiến thức chuyên ngành > Quản trị kho hàng và tồn kho  
- Header/Section: XII. KẾ HOẠCH ĐÀO TẠO > 1.6. HỌC KỲ 6 > Học phần bắt buộc học kỳ 6 > Quản trị kho hàng và tồn kho  
- Header/Section: Logistics và quản lý chuỗi cung ứng > XI. NỘI DUNG CHƯƠNG TRÌNH ĐÀO TẠO > Kiến thức chuyên ngành > Quản trị kho hàng và tồn kho",True,"[604, 683, 703, 686, 682, 716, 597, 605, 610, 670]",10,605,8,0.125,1,1,1.0,True,True
Học phần Thực tập tốt nghiệp thuộc học kỳ mấy và có bao nhiêu tín chỉ trong chương trình Logistics?,base line,"Học phần Thực tập tốt nghiệp thuộc học kỳ 8 và có 3 tín chỉ.  

GIẢI THÍCH CHI TIẾT:  
1) Bước 1: Học phần Thực tập tốt nghiệp thuộc học kỳ 8 vì trong CONTEXT có ghi rõ: ""Học kỳ 8 > Học phần bắt buộc kỳ 8 > Thực tập tốt nghiệp"".  
- Căn cứ: ""Logistics và quản lý chuỗi cung ứng > XII. KẾ HOẠCH ĐÀO TẠO > 1.8. HỌC KỲ 8 > Học phần bắt buộc kỳ 8 > Thực tập tốt nghiệp _(Final Internship)_""  

2) Bước 2: Học phần này có 3 tín chỉ vì trong CONTEXT ghi rõ: ""Số tín chỉ: 3"" cho học phần Thực tập tốt nghiệp.  
- Căn cứ: ""Logistics và quản lý chuỗi cung ứng > XII. KẾ HOẠCH ĐÀO TẠO > 1.8. HỌC KỲ 8 > Học phần bắt buộc kỳ 8 > Thực tập tốt nghiệp _(Final Internship)_ - Số tín chỉ: 3""  

NGUỒN THAM KHẢO:  
- Header/Section: Logistics và quản lý chuỗi cung ứng > XII. KẾ HOẠCH ĐÀO TẠO > 1.8. HỌC KỲ 8 > Học phần bắt buộc kỳ 8 > Thực tập tốt nghiệp _(Final Internship)_",True,"[719, 721, 614, 704, 630, 722, 716, 613, 631, 664]",10,720,0,0.0,0,0,0.0,True,False
"Trong chương trình đào tạo ngành Logistics, học phần Thực tập tốt nghiệp được bố trí ở học kỳ nào và có bao nhiêu tín chỉ?",base line,"Học phần Thực tập tốt nghiệp được bố trí ở học kỳ 8 và có 3 tín chỉ.  

GIẢI THÍCH CHI TIẾT:  
1) Bước 1: Học kỳ của học phần Thực tập tốt nghiệp được xác định từ thông tin trong phần ""Học kỳ 8"" của học phần bắt buộc kỳ 8.  
- Căn cứ: ""Logistics và quản lý chuỗi cung ứng > XII. KẾ HOẠCH ĐÀO TẠO > 1.8. HỌC KỲ 8 > Học phần bắt buộc kỳ 8 > Thực tập tốt nghiệp _(Final Internship)_""  

2) Bước 2: Số tín chỉ của học phần Thực tập tốt nghiệp được nêu rõ trong phần ""Số tín chỉ: 3"" của học phần này.  
- Căn cứ: ""Mã học phần: 419011 - Số tín chỉ: 3"" (vị trí: Học phần bắt buộc kỳ 8)  

3) Bước 3: Thông tin về học phần Thực tập tốt nghiệp cũng được xác nhận ở phần nội dung chương trình đào tạo, với cùng mã học phần và học kỳ 8.  
- Căn cứ: ""Logistics và quản lý chuỗi cung ứng > XI. NỘI DUNG CHƯƠNG TRÌNH ĐÀO TẠO > Kiến thức chuyên ngành > Thực tập tốt nghiệp _(Final Internship)_ - Học kỳ: 8""  

NGUỒN THAM KHẢO:  
- Header/Section: Logistics và quản lý chuỗi cung ứng > XII. KẾ HOẠCH ĐÀO TẠO > 1.8. HỌC KỲ 8 > Học phần bắt buộc kỳ 8 > Thực tập tốt nghiệp  
- Header/Section: Logistics và quản lý chuỗi cung ứng > XI. NỘI DUNG CHƯƠNG TRÌNH ĐÀO TẠO > Kiến thức chuyên ngành > Thực tập tốt nghiệp _(Final Internship)_",True,"[719, 614, 721, 704, 630, 613, 722, 716, 484, 631]",10,720,0,0.0,0,0,0.0,True,False
"Theo kế hoạch đào tạo ngành Logistics, học phần Thực tập tốt nghiệp thuộc học kỳ mấy và có số tín chỉ là bao nhiêu?",base line,"Học phần Thực tập tốt nghiệp thuộc học kỳ 8 và có số tín chỉ là 3.

GIẢI THÍCH CHI TIẾT:  
1) Bước 1: Học phần Thực tập tốt nghiệp thuộc học kỳ 8 vì trong phần ""Logistics và quản lý chuỗi cung ứng > XII. KẾ HOẠCH ĐÀO TẠO > 1.8. HỌC KỲ 8 > Học phần bắt buộc kỳ 8 > Thực tập tốt nghiệp"" ghi rõ học kỳ 8.  
- Căn cứ: ""Logistics và quản lý chuỗi cung ứng > XII. KẾ HOẠCH ĐÀO TẠO > 1.8. HỌC KỲ 8 > Học phần bắt buộc kỳ 8 > Thực tập tốt nghiệp _(Final Internship)_""  

2) Bước 2: Học phần này có số tín chỉ là 3 vì trong cùng mục trên ghi rõ ""Số tín chỉ: 3"".  
- Căn cứ: ""Số tín chỉ: 3"" (vị trí: Học phần Thực tập tốt nghiệp trong học kỳ 8)  

3) Bước 3: Thông tin này được xác nhận ở phần ""XI. NỘI DUNG CHƯƠNG TRÌNH ĐÀO TẠO > Kiến thức chuyên ngành > Thực tập tốt nghiệp"" với mã học phần 419011, số tín chỉ 3, học kỳ 8.  
- Căn cứ: ""Số tín chỉ: 3"" (vị trí: Nội dung chương trình đào tạo > Kiến thức chuyên ngành > Thực tập tốt nghiệp)  

NGUỒN THAM KHẢO:  
- Header/Section: Logistics và quản lý chuỗi cung ứng > XII. KẾ HOẠCH ĐÀO TẠO > 1.8. HỌC KỲ 8 > Học phần bắt buộc kỳ 8 > Thực tập tốt nghiệp  
- Header/Section: Logistics và quản lý chuỗi cung ứng > XI. NỘI DUNG CHƯƠNG TRÌNH ĐÀO TẠO > Kiến thức chuyên ngành > Thực tập tốt nghiệp",True,"[719, 721, 704, 614, 630, 468, 722, 716, 656, 613]",10,720,0,0.0,0,0,0.0,True,False
Học phần Thực tập tốt nghiệp trong chương trình Logistics được sắp xếp vào học kỳ nào và có khối lượng bao nhiêu tín chỉ?,base line,"Học phần Thực tập tốt nghiệp được sắp xếp vào học kỳ 8 và có 3 tín chỉ.  

GIẢI THÍCH CHI TIẾT:  
1) Bước 1: Học phần Thực tập tốt nghiệp được ghi nhận trong học kỳ 8.  
- Căn cứ: ""Học kỳ 8 > Học phần bắt buộc kỳ 8 > Thực tập tốt nghiệp"" (phần ""Logistics và quản lý chuỗi cung ứng > XII. KẾ HOẠCH ĐÀO TẠO > 1.8. HỌC KỲ 8"")  

2) Bước 2: Học phần này có số tín chỉ là 3.  
- Căn cứ: ""Số tín chỉ: 3"" (phần ""Logistics và quản lý chuỗi cung ứng > XII. KẾ HOẠCH ĐÀO TẠO > 1.8. HỌC KỲ 8 > Học phần bắt buộc kỳ 8 > Thực tập tốt nghiệp"")  

NGUỒN THAM KHẢO:  
- Header/Section: Logistics và quản lý chuỗi cung ứng > XII. KẾ HOẠCH ĐÀO TẠO > 1.8. HỌC KỲ 8 > Học phần bắt buộc kỳ 8 > Thực tập tốt nghiệp  
- Header/Section: Logistics và quản lý chuỗi cung ứng > XII. KẾ HOẠCH ĐÀO TẠO > 1.8. HỌC KỲ 8 > Học phần bắt buộc kỳ 8 > Thực tập tốt nghiệp",True,"[719, 721, 614, 704, 630, 722, 716, 613, 720, 656]",10,720,9,0.1111111111111111,1,1,1.0,True,
Chương trình đào tạo ngành Logistics quy định học phần Thực tập tốt nghiệp được học ở học kỳ mấy và có tổng số tín chỉ là bao nhiêu?,base line,"Học phần Thực tập tốt nghiệp được học ở học kỳ 8 và có tổng số tín chỉ là 3.

GIẢI THÍCH CHI TIẾT:  
1) Bước 1: Học kỳ của học phần Thực tập tốt nghiệp được xác định rõ trong phần ""Học kỳ 8"" của chương trình đào tạo.  
- Căn cứ: ""Logistics và quản lý chuỗi cung ứng > XII. KẾ HOẠCH ĐÀO TẠO > 1.8. HỌC KỲ 8 > Học phần bắt buộc kỳ 8 > Thực tập tốt nghiệp _(Final Internship)_""  

2) Bước 2: Số tín chỉ của học phần Thực tập tốt nghiệp được nêu rõ là 3 trong mục học phần bắt buộc kỳ 8.  
- Căn cứ: ""Mã học phần: 419011 - Số tín chỉ: 3"" (vị trí: Học phần bắt buộc kỳ 8)  

3) Bước 3: Thông tin về học phần Thực tập tốt nghiệp trong nội dung chương trình đào tạo cũng xác nhận học kỳ và tín chỉ, phù hợp với thông tin ở trên.  
- Căn cứ: ""Số tín chỉ: 3 - Học kỳ: 8"" (vị trí: Nội dung chương trình đào tạo > Thực tập tốt nghiệp)  

NGUỒN THAM KHẢO:  
- Header/Section: Logistics và quản lý chuỗi cung ứng > XII. KẾ HOẠCH ĐÀO TẠO > 1.8. HỌC KỲ 8 > Học phần bắt buộc kỳ 8 > Thực tập tốt nghiệp  
- Header/Section: Logistics và quản lý chuỗi cung ứng > XI. NỘI DUNG CHƯƠNG TRÌNH ĐÀO TẠO > Kiến thức chuyên ngành > Thực tập tốt nghiệp",True,"[719, 614, 721, 704, 613, 630, 716, 656, 722, 455]",10,720,0,0.0,0,0,0.0,True,False
Học phần Thực tập tốt nghiệp của ngành Logistics được giảng dạy ở học kỳ nào và có bao nhiêu tín chỉ theo chương trình đào tạo?,base line,"Học phần Thực tập tốt nghiệp được giảng dạy ở học kỳ 8 và có 3 tín chỉ.  

GIẢI THÍCH CHI TIẾT:  
1) Bước 1: Học kỳ của học phần Thực tập tốt nghiệp được xác định từ mục ""HỌC KỲ 8"" trong phần ""HỌC KỲ 8 > Học phần bắt buộc kỳ 8 > Thực tập tốt nghiệp"".  
- Căn cứ: ""Logistics và quản lý chuỗi cung ứng > XII. KẾ HOẠCH ĐÀO TẠO > 1.8. HỌC KỲ 8 > Học phần bắt buộc kỳ 8 > Thực tập tốt nghiệp _(Final Internship)_""  

2) Bước 2: Số tín chỉ của học phần Thực tập tốt nghiệp được nêu rõ trong mục cùng trên: ""Số tín chỉ: 3"".  
- Căn cứ: ""Logistics và quản lý chuỗi cung ứng > XII. KẾ HOẠCH ĐÀO TẠO > 1.8. HỌC KỲ 8 > Học phần bắt buộc kỳ 8 > Thực tập tốt nghiệp _(Final Internship)_""  

NGUỒN THAM KHẢO:  
- Header/Section: Logistics và quản lý chuỗi cung ứng > XII. KẾ HOẠCH ĐÀO TẠO > 1.8. HỌC KỲ 8 > Học phần bắt buộc kỳ 8 > Thực tập tốt nghiệp _(Final Internship)_",True,"[719, 721, 614, 704, 630, 722, 716, 613, 720, 656]",10,720,9,0.1111111111111111,1,1,1.0,True,
Học phần Logistics vận tải biển có mấy tín chỉ?,base line,"Tôi không tìm thấy thông tin đủ để trả lời câu hỏi này.

GIẢI THÍCH CHI TIẾT:  
1) Bước 1: Không có thông tin nào trong CONTEXT đề cập đến học phần ""Logistics vận tải biển"" hoặc tương tự.  
- Căn cứ: ""Logistics và quản lý chuỗi cung ứng > XII. KẾ HOẠCH ĐÀO TẠO > 1.3. HỌC KỲ 3 > Kinh tế vận tải và Logistics _(Transport Economics and Logistics)_"" (học phần liên quan đến kinh tế vận tải, không phải vận tải biển).  
2) Bước 2: Không có học phần nào trong CONTEXT có tên hoặc nội dung liên quan đến ""vận tải biển"".  
- Căn cứ: Không có dòng nào trong CONTEXT chứa từ ""biển"", ""vận tải biển"", hoặc học phần tương tự.  
3) Bước 3: Không có số tín chỉ nào được gán cho học phần vận tải biển.  
- Căn cứ: Tất cả các học phần được liệt kê đều không đề cập đến ""vận tải biển"".  

NGUỒN THAM KHẢO:  
- Header/Section: Logistics và quản lý chuỗi cung ứng > XII. KẾ HOẠCH ĐÀO TẠO > 1.3. HỌC KỲ 3 > Kinh tế vận tải và Logistics _(Transport Economics and Logistics)_",False,"[642, 632, 710, 687, 678, 647, 664, 656, 679, 718]",10,628,0,0.0,0,0,0.0,True,False
Học phần Logistics vận tải biển được quy định bao nhiêu tín chỉ trong chương trình đào tạo?,base line,"Học phần Logistics vận tải biển được quy định là 2 tín chỉ.  

GIẢI THÍCH CHI TIẾT:  
1) Bước 1: Xác định học phần ""Logistics vận tải biển"" trong chương trình đào tạo.  
- Căn cứ: ""Logistics và quản lý chuỗi cung ứng > XI. NỘI DUNG CHƯƠNG TRÌNH ĐÀO TẠO > Nhóm chuyên ngành tự chọn chuyên sâu > Logistics vận tải biển _(Shipping Logistics)_"" (phần nội dung chương trình đào tạo).  

2) Bước 2: Tìm số tín chỉ của học phần này trong nội dung được cung cấp.  
- Căn cứ: ""Mã học phần: 416026 - Số tín chỉ: 2"" (phần nội dung chương trình đào tạo).  

NGUỒN THAM KHẢO:  
- Header/Section: Logistics và quản lý chuỗi cung ứng > XI. NỘI DUNG CHƯƠNG TRÌNH ĐÀO TẠO > Nhóm chuyên ngành tự chọn chuyên sâu > Logistics vận tải biển _(Shipping Logistics)_",True,"[455, 632, 656, 678, 642, 627, 664, 636, 635, 597]",10,628,0,0.0,0,0,0.0,True,False
"Theo chương trình đào tạo, môn Logistics vận tải biển có số tín chỉ là bao nhiêu?",base line,"Môn Logistics vận tải biển có số tín chỉ là 2 tín chỉ.

GIẢI THÍCH CHI TIẾT:  
1) Bước 1: Xác định môn học ""Logistics vận tải biển"" trong chương trình đào tạo.  
- Căn cứ: ""Logistics và quản lý chuỗi cung ứng > Nhóm chuyên ngành tự chọn chuyên sâu > Logistics vận tải biển _(Shipping Logistics)_ - Mã học phần: 416026 - Số tín chỉ: 2"" (phần ""Nhóm chuyên ngành tự chọn chuyên sâu"")  

2) Bước 2: Trích dẫn số tín chỉ cụ thể của môn học này.  
- Căn cứ: ""Số tín chỉ: 2"" (phần ""Logistics vận tải biển"")  

3) Bước 3: Kết luận trực tiếp từ thông tin đã trích dẫn.  
- Căn cứ: ""Số tín chỉ: 2"" (phần ""Logistics vận tải biển"")  

NGUỒN THAM KHẢO:  
- Header/Section: Nhóm chuyên ngành tự chọn chuyên sâu  
- Header/Section: Logistics và quản lý chuỗi cung ứng > XI. NỘI DUNG CHƯƠNG TRÌNH ĐÀO TẠO > Nhóm chuyên ngành tự chọn chuyên sâu > Logistics vận tải biển _(Shipping Logistics)_",True,"[642, 632, 647, 627, 678, 560, 656, 687, 636, 718]",10,628,0,0.0,0,0,0.0,True,False
Học phần Logistics vận tải biển trong chương trình Logistics có khối lượng bao nhiêu tín chỉ?,base line,"Tôi không tìm thấy thông tin đủ để trả lời câu hỏi này.

GIẢI THÍCH CHI TIẾT:  
1) Bước 1: Câu hỏi yêu cầu khối lượng tín chỉ của học phần ""Logistics vận tải biển"", nhưng CONTEXT không có bất kỳ học phần nào mang tên ""Logistics vận tải biển"" hoặc liên quan đến vận tải biển.  
- Căn cứ: ""Logistics và quản lý chuỗi cung ứng > XII. KẾ HOẠCH ĐÀO TẠO > 1.4. HỌC KỲ 4 > Quản trị logistics _(Logistics Management)_"" (học phần liên quan đến quản trị logistics, không phải vận tải biển)  
2) Bước 2: Các học phần liên quan đến vận tải trong CONTEXT là ""Kinh tế vận tải và Logistics _(Transport Economics and Logistics)_"" (mã 414021, 3 tín chỉ), nhưng không phải là ""vận tải biển"" và không được nêu rõ khối lượng tín chỉ cho loại này.  
- Căn cứ: ""Logistics và quản lý chuỗi cung ứng > XII. KẾ HOẠCH ĐÀO TẠO > 1.3. HỌC KỲ 3 > Kinh tế vận tải và Logistics _(Transport Economics and Logistics)_""  
3) Bước 3: Không có học phần nào trong CONTEXT được xác định là ""Logistics vận tải biển"" hay có liên quan cụ thể đến vận tải biển. Do đó, không thể xác định khối lượng tín chỉ.  

NGUỒN THAM KHẢO:  
- Header/Section: Logistics và quản lý chuỗi cung ứng > XII. KẾ HOẠCH ĐÀO TẠO > 1.4. HỌC KỲ 4 > Quản trị logistics _(Logistics Management)_  
- Header/Section: Logistics và quản lý chuỗi cung ứng > XII. KẾ HOẠCH ĐÀO TẠO > 1.3. HỌC KỲ 3 > Kinh tế vận tải và Logistics _(Transport Economics and Logistics)_",False,"[632, 687, 647, 635, 710, 683, 656, 678, 636, 716]",10,628,0,0.0,0,0,0.0,True,False
Chương trình đào tạo ngành Logistics xác định học phần Logistics vận tải biển có tổng số tín chỉ là bao nhiêu?,base line,"Học phần Logistics vận tải biển có tổng số tín chỉ là 2 tín chỉ.

GIẢI THÍCH CHI TIẾT:  
1) Bước 1: Học phần Logistics vận tải biển được nêu rõ trong phần ""Nhóm chuyên ngành tự chọn chuyên sâu"" với mã học phần 416026.  
- Căn cứ: ""Mã học phần: 416026 - Số tín chỉ: 2"" (vị trí: Logistics và quản lý chuỗi cung ứng > XI. NỘI DUNG CHƯƠNG TRÌNH ĐÀO TẠO > Nhóm chuyên ngành tự chọn chuyên sâu > Logistics vận tải biển)  

2) Bước 2: Số tín chỉ 2 được ghi rõ trong thông tin học phần, không có bất kỳ thông tin nào cho thấy điều chỉnh hoặc thay đổi tín chỉ theo học kỳ.  
- Căn cứ: ""Số tín chỉ: 2"" (vị trí: Logistics và quản lý chuỗi cung ứng > XI. NỘI DUNG CHƯƠNG TRÌNH ĐÀO TẠO > Nhóm chuyên ngành tự chọn chuyên sâu > Logistics vận tải biển)  

NGUỒN THAM KHẢO:  
- Header/Section: Logistics và quản lý chuỗi cung ứng > XI. NỘI DUNG CHƯƠNG TRÌNH ĐÀO TẠO > Nhóm chuyên ngành tự chọn chuyên sâu > Logistics vận tải biển",True,"[656, 627, 455, 664, 687, 560, 642, 710, 678, 647]",10,628,0,0.0,0,0,0.0,True,False
Môn Logistics vận tải biển thuộc chương trình đào tạo ngành Logistics có bao nhiêu tín chỉ?,base line,"Môn Logistics vận tải biển có 2 tín chỉ.  

GIẢI THÍCH CHI TIẾT:  
1) Bước 1: Môn Logistics vận tải biển được liệt kê trong phần ""Nhóm chuyên ngành tự chọn chuyên sâu"" với mã học phần 416026.  
- Căn cứ: ""Logistics và quản lý chuỗi cung ứng > XI. NỘI DUNG CHƯƠNG TRÌNH ĐÀO TẠO > Nhóm chuyên ngành tự chọn chuyên sâu > Logistics vận tải biển _(Shipping Logistics)_"" (phần Nhóm chuyên ngành tự chọn chuyên sâu)  

2) Bước 2: Trong phần này, rõ ràng ghi rõ ""Số tín chỉ: 2"".  
- Căn cứ: ""Số tín chỉ: 2"" (phần Nhóm chuyên ngành tự chọn chuyên sâu)  

3) Bước 3: Môn này cũng được nhắc đến trong phần ""Học phần theo nhóm chuyên sâu"" với cùng số tín chỉ 2.  
- Căn cứ: ""Logistics và quản lý chuỗi cung ứng > XII. KẾ HOẠCH ĐÀO TẠO > 1.8. HỌC KỲ 8 > Học phần theo nhóm chuyên sâu > Nhóm chuyên sâu 1: Logistics chuyên sâu > Logistics vận tải biển _(Shipping Logistics)_"" (phần Học phần theo nhóm chuyên sâu)  

NGUỒN THAM KHẢO:  
- Header/Section: Nhóm chuyên ngành tự chọn chuyên sâu  
- Header/Section: Học phần theo nhóm chuyên sâu",True,"[627, 632, 642, 647, 683, 724, 687, 710, 678, 587]",10,628,0,0.0,0,0,0.0,True,False
Học phần Luận văn tốt nghiệp trong nghành Logistics và quản lý chuỗi cung ứng có bao nhiêu tín chỉ?,base line,"Học phần Luận văn tốt nghiệp có 6 tín chỉ.  

GIẢI THÍCH CHI TIẾT:  
1) Bước 1: Học phần Luận văn tốt nghiệp được liệt kê với mã học phần 419012 trong phần ""Logistics và quản lý chuỗi cung ứng > XII. KẾ HOẠCH ĐÀO TẠO > 1.8. HỌC KỲ 8 > Học phần tự chọn kỳ 8 > Tự chọn 1 > Luận văn tốt nghiệp _(Thesis)_"".  
- Căn cứ: ""Mã học phần: 419012 - Số tín chỉ: 6"" (phần ""Học phần tự chọn kỳ 8 > Tự chọn 1 > Luận văn tốt nghiệp"")  

2) Bước 2: Trong cùng phần, thông tin ""Số tín chỉ: 6"" được xác định rõ ràng cho học phần này, không có sự thay đổi hoặc mâu thuẫn.  
- Căn cứ: ""Số tín chỉ: 6"" (phần ""Học phần tự chọn kỳ 8 > Tự chọn 1 > Luận văn tốt nghiệp"")  

3) Bước 3: Phần ""Nhóm chuyên ngành tự chọn tốt nghiệp > Luận văn tốt nghiệp"" cũng xác nhận mã học phần 419012 và số tín chỉ 6, bổ sung tính nhất quán.  
- Căn cứ: ""Mã học phần: 419012 - Số tín chỉ: 6"" (phần ""Nhóm chuyên ngành tự chọn tốt nghiệp > Luận văn tốt nghiệp"")  

NGUỒN THAM KHẢO:  
- Header/Section: ""Logistics và quản lý chuỗi cung ứng > XII. KẾ HOẠCH ĐÀO TẠO > 1.8. HỌC KỲ 8 > Học phần tự chọn kỳ 8 > Tự chọn 1 > Luận văn tốt nghiệp _(Thesis)_""  
- Header/Section: ""Logistics và quản lý chuỗi cung ứng > XI. NỘI DUNG CHƯƠNG TRÌNH ĐÀO TẠO > Nhóm chuyên ngành tự chọn tốt nghiệp > Luận văn tốt nghiệp _(Thesis)_""",True,"[721, 630, 631, 722, 716, 719, 683, 605, 614, 686]",10,631,3,0.3333333333333333,1,1,1.0,True,
"Theo chương trình đào tạo ngành Logistics và Quản lý chuỗi cung ứng, học phần Luận văn tốt nghiệp có số tín chỉ là bao nhiêu?",base line,"Học phần Luận văn tốt nghiệp có số tín chỉ là 6.

GIẢI THÍCH CHI TIẾT:  
1) Bước 1: Học phần Luận văn tốt nghiệp được liệt kê trong phần ""Học phần tự chọn kỳ 8"" với mã học phần 419012 và số tín chỉ 6.  
- Căn cứ: ""Luận văn tốt nghiệp _(Thesis)_, - Mã học phần: 419012 - Số tín chỉ: 6"" (vị trí: Logistics và quản lý chuỗi cung ứng > XII. KẾ HOẠCH ĐÀO TẠO > 1.8. HỌC KỲ 8 > Học phần tự chọn kỳ 8 > Tự chọn 1 > Luận văn tốt nghiệp)  

2) Bước 2: Thông tin này được xác nhận lại trong phần ""NỘI DUNG CHƯƠNG TRÌNH ĐÀO TẠO > Nhóm chuyên ngành tự chọn tốt nghiệp > Luận văn tốt nghiệp"" với cùng mã học phần và số tín chỉ 6.  
- Căn cứ: ""Luận văn tốt nghiệp _(Thesis)_, - Mã học phần: 419012 - Số tín chỉ: 6"" (vị trí: Logistics và quản lý chuỗi cung ứng > XI. NỘI DUNG CHƯƠNG TRÌNH ĐÀO TẠO > Nhóm chuyên ngành tự chọn tốt nghiệp > Luận văn tốt nghiệp)  

NGUỒN THAM KHẢO:  
- Header/Section: Logistics và quản lý chuỗi cung ứng > XII. KẾ HOẠCH ĐÀO TẠO > 1.8. HỌC KỲ 8 > Học phần tự chọn kỳ 8 > Tự chọn 1 > Luận văn tốt nghiệp  
- Header/Section: Logistics và quản lý chuỗi cung ứng > XI. NỘI DUNG CHƯƠNG TRÌNH ĐÀO TẠO > Nhóm chuyên ngành tự chọn tốt nghiệp > Luận văn tốt nghiệp",True,"[721, 630, 631, 722, 716, 605, 686, 683, 719, 560]",10,631,3,0.3333333333333333,1,1,1.0,True,
Học phần Luận văn tốt nghiệp trong chương trình đào tạo ngành Logistics và Quản lý chuỗi cung ứng được quy định bao nhiêu tín chỉ?,base line,"Học phần Luận văn tốt nghiệp được quy định là 6 tín chỉ.  

GIẢI THÍCH CHI TIẾT:  
1) Bước 1: Học phần Luận văn tốt nghiệp có mã 419012 và được ghi nhận với số tín chỉ là 6 trong phần ""Logistics và quản lý chuỗi cung ứng > XII. KẾ HOẠCH ĐÀO TẠO > 1.8. HỌC KỲ 8 > Học phần tự chọn kỳ 8 > Tự chọn 1 > Luận văn tốt nghiệp _(Thesis)_"".  
- Căn cứ: ""Mã học phần: 419012 - Số tín chỉ: 6"" (phần ""Học phần tự chọn kỳ 8 > Tự chọn 1 > Luận văn tốt nghiệp"")  

2) Bước 2: Trong phần ""Logistics và quản lý chuỗi cung ứng > XI. NỘI DUNG CHƯƠNG TRÌNH ĐÀO TẠO > Nhóm chuyên ngành tự chọn tốt nghiệp > Luận văn tốt nghiệp _(Thesis)_"", cũng ghi rõ số tín chỉ là 6.  
- Căn cứ: ""Số tín chỉ: 6"" (phần ""Nhóm chuyên ngành tự chọn tốt nghiệp > Luận văn tốt nghiệp"")  

3) Bước 3: Không có thông tin mâu thuẫn hoặc thay đổi tín chỉ cho học phần này trong các phần khác, do đó xác định chính xác là 6 tín chỉ.  

NGUỒN THAM KHẢO:  
- Header/Section: ""Logistics và quản lý chuỗi cung ứng > XII. KẾ HOẠCH ĐÀO TẠO > 1.8. HỌC KỲ 8 > Học phần tự chọn kỳ 8 > Tự chọn 1 > Luận văn tốt nghiệp _(Thesis)_""  
- Header/Section: ""Logistics và quản lý chuỗi cung ứng > XI. NỘI DUNG CHƯƠNG TRÌNH ĐÀO TẠO > Nhóm chuyên ngành tự chọn tốt nghiệp > Luận văn tốt nghiệp _(Thesis)_""",True,"[721, 630, 631, 716, 722, 605, 719, 683, 614, 664]",10,631,3,0.3333333333333333,1,1,1.0,True,
Chương trình đào tạo ngành Logistics và Quản lý chuỗi cung ứng xác định học phần Luận văn tốt nghiệp có khối lượng bao nhiêu tín chỉ?,base line,"Học phần Luận văn tốt nghiệp có 6 tín chỉ.  

GIẢI THÍCH CHI TIẾT:  
1) Bước 1: Học phần Luận văn tốt nghiệp (Thesis) được xác định có số tín chỉ là 6 trong chương trình đào tạo.  
- Căn cứ: ""Luận văn tốt nghiệp _(Thesis)_, - Mã học phần: 419012 - Số tín chỉ: 6"" (Logistics và quản lý chuỗi cung ứng > XII. KẾ HOẠCH ĐÀO TẠO > 1.8. HỌC KỲ 8 > Học phần tự chọn kỳ 8 > Tự chọn 1 > Luận văn tốt nghiệp)  

2) Bước 2: Thông tin này được xác nhận ở cả hai vị trí liên quan đến Luận văn tốt nghiệp trong nội dung chương trình đào tạo.  
- Căn cứ: ""Luận văn tốt nghiệp _(Thesis)_, - Mã học phần: 419012 - Số tín chỉ: 6"" (Logistics và quản lý chuỗi cung ứng > XI. NỘI DUNG CHƯƠNG TRÌNH ĐÀO TẠO > Nhóm chuyên ngành tự chọn tốt nghiệp > Luận văn tốt nghiệp)  

NGUỒN THAM KHẢO:  
- Header/Section: Logistics và quản lý chuỗi cung ứng > XII. KẾ HOẠCH ĐÀO TẠO > 1.8. HỌC KỲ 8 > Học phần tự chọn kỳ 8 > Tự chọn 1 > Luận văn tốt nghiệp  
- Header/Section: Logistics và quản lý chuỗi cung ứng > XI. NỘI DUNG CHƯƠNG TRÌNH ĐÀO TẠO > Nhóm chuyên ngành tự chọn tốt nghiệp > Luận văn tốt nghiệp",True,"[721, 630, 631, 722, 716, 605, 683, 560, 686, 719]",10,631,3,0.3333333333333333,1,1,1.0,True,
"Trong kế hoạch đào tạo ngành Logistics và Quản lý chuỗi cung ứng, học phần Luận văn tốt nghiệp có tổng số tín chỉ là bao nhiêu?",base line,"Học phần Luận văn tốt nghiệp có tổng số tín chỉ là 6.

GIẢI THÍCH CHI TIẾT:  
1) Bước 1: Xác định học phần ""Luận văn tốt nghiệp"" trong chương trình đào tạo.  
- Căn cứ: ""Logistics và quản lý chuỗi cung ứng > XI. NỘI DUNG CHƯƠNG TRÌNH ĐÀO TẠO > Nhóm chuyên ngành tự chọn tốt nghiệp > Luận văn tốt nghiệp _(Thesis)_: - Mã học phần: 419012 - Số tín chỉ: 6"" (phần XI. NỘI DUNG CHƯƠNG TRÌNH ĐÀO TẠO)

2) Bước 2: Xác nhận số tín chỉ của học phần này trong nội dung được cung cấp.  
- Căn cứ: ""Số tín chỉ: 6"" (phần XI. NỘI DUNG CHƯƠNG TRÌNH ĐÀO TẠO)

3) Bước 3: Kiểm tra xem có học phần khác có cùng tên hoặc liên quan không để tránh nhầm lẫn.  
- Căn cứ: Không có học phần khác tên ""Luận văn tốt nghiệp"" với số tín chỉ khác. Học phần ""Chuyên đề tốt nghiệp"" có 2 tín chỉ, nhưng không phải là ""Luận văn tốt nghiệp"".  

NGUỒN THAM KHẢO:  
- Header/Section: XI. NỘI DUNG CHƯƠNG TRÌNH ĐÀO TẠO > Nhóm chuyên ngành tự chọn tốt nghiệp > Luận văn tốt nghiệp _(Thesis)_",True,"[630, 721, 631, 716, 722, 605, 560, 683, 656, 651]",10,631,3,0.3333333333333333,1,1,1.0,True,
Học phần Luận văn tốt nghiệp thuộc ngành Logistics và Quản lý chuỗi cung ứng có bao nhiêu tín chỉ theo chương trình đào tạo?,base line,"Học phần Luận văn tốt nghiệp có 6 tín chỉ.  

GIẢI THÍCH CHI TIẾT:  
1) Bước 1: Học phần Luận văn tốt nghiệp được liệt kê với mã học phần 419012 trong chương trình đào tạo.  
- Căn cứ: ""Luận văn tốt nghiệp _(Thesis)_, - Mã học phần: 419012, - Số tín chỉ: 6"" (Logistics và quản lý chuỗi cung ứng > XII. KẾ HOẠCH ĐÀO TẠO > 1.8. HỌC KỲ 8 > Học phần tự chọn kỳ 8 > Tự chọn 1 > Luận văn tốt nghiệp)  

2) Bước 2: Trong phần nội dung chương trình đào tạo, học phần này cũng được xác định có 6 tín chỉ ở nhóm chuyên ngành tự chọn tốt nghiệp.  
- Căn cứ: ""Luận văn tốt nghiệp _(Thesis)_, - Mã học phần: 419012, - Số tín chỉ: 6"" (Logistics và quản lý chuỗi cung ứng > XI. NỘI DUNG CHƯƠNG TRÌNH ĐÀO TẠO > Nhóm chuyên ngành tự chọn tốt nghiệp > Luận văn tốt nghiệp)  

NGUỒN THAM KHẢO:  
- Header/Section: Logistics và quản lý chuỗi cung ứng > XII. KẾ HOẠCH ĐÀO TẠO > 1.8. HỌC KỲ 8 > Học phần tự chọn kỳ 8 > Tự chọn 1 > Luận văn tốt nghiệp  
- Header/Section: Logistics và quản lý chuỗi cung ứng > XI. NỘI DUNG CHƯƠNG TRÌNH ĐÀO TẠO > Nhóm chuyên ngành tự chọn tốt nghiệp > Luận văn tốt nghiệp",True,"[721, 630, 631, 722, 716, 605, 686, 683, 719, 560]",10,631,3,0.3333333333333333,1,1,1.0,True,
"Thời gian tổ chức hoạt động giảng dạy trong tuần là từ ngày nào đến ngày nào, khung giờ nào?",base line,"Thời gian tổ chức hoạt động giảng dạy trong tuần是从 thứ hai đến thứ bảy, từ 06 giờ đến 20 giờ, trừ ngày lễ, Tết theo quy định hiện hành.  
Khung giờ học được chia thành các ca học, tiết học theo các buổi trong ngày theo quy định hiện hành của Trường.

GIẢI THÍCH CHI TIẾT:  
1) Bước 1: Thời gian tổ chức hoạt động giảng dạy được quy định là từ 06 giờ đến 20 giờ các ngày trong tuần từ thứ hai đến thứ bảy.  
- Căn cứ: ""Thời gian tổ chức hoạt động giảng dạy trong khoảng từ 06 giờ đến 20 giờ các ngày trong tuần từ thứ 2 đến thứ 7 (trừ ngày lễ, tết theo quy định hiện hành)"" (Qui_dinh > Chương I. NHỮNG QUY ĐỊNH CHUNG > Điều 3).  

2) Bước 2: Thời gian này bao gồm cả các buổi học được chia thành các ca học, tiết học theo các buổi trong ngày, theo quy định hiện hành của Trường.  
- Căn cứ: ""được 4 chia thành các ca học, tiết học theo các buổi trong ngày theo quy định hiện hành của Trường."" (Qui_dinh > Chương I. NHỮNG QUY ĐỊNH CHUNG > Điều 3).  

NGUỒN THAM KHẢO:  
- Qui_dinh > Chương I. NHỮNG QUY ĐỊNH CHUNG > Điều 3",True,"[461, 467, 466, 469, 732, 468, 720, 458, 470, 714]",10,461,1,1.0,1,1,1.0,True,True
Hoạt động giảng dạy trong tuần được tổ chức từ ngày nào đến ngày nào và trong khung giờ nào?,base line,"Hoạt động giảng dạy được tổ chức từ thứ Hai đến thứ Bảy, từ 06 giờ đến 20 giờ mỗi ngày.  
Số tiết học mỗi ngày không vượt quá 04 tiết.  

GIẢI THÍCH CHI TIẾT:  
1) Bước 1: Thời gian tổ chức hoạt động giảng dạy được quy định là từ 06 giờ đến 20 giờ các ngày trong tuần từ thứ Hai đến thứ Bảy.  
- Căn cứ: ""Thời gian tổ chức hoạt động giảng dạy trong khoảng từ 06 giờ đến 20 giờ các ngày trong tuần từ thứ 2 đến thứ 7 (trừ ngày lễ, tết theo quy định hiện hành)"" (Qui_dinh > Chương I. NHỮNG QUY ĐỊNH CHUNG > Điều 3).  

2) Bước 2: Số tiết học mỗi ngày không vượt quá 04 tiết, được nêu trong điều kiện tổ chức giảng dạy khi phải xếp lịch học tập trung.  
- Căn cứ: ""trong trường hợp do thực tế đòi hỏi phải xếp lịch học tập trung trong một thời gian ngắn thì số giờ học đối với một lớp học phần không vượt quá 04 tiết/ngày"" (Qui_dinh > Chương II. LẬP KẾ HOẠCH VÀ TỔ CHỨC GIẢNG DẠY > Điều 7).  

NGUỒN THAM KHẢO:  
- Qui_dinh > Chương I. NHỮNG QUY ĐỊNH CHUNG > Điều 3  
- Qui_dinh > Chương II. LẬP KẾ HOẠCH VÀ TỔ CHỨC GIẢNG DẠY > Điều 7",True,"[461, 467, 466, 469, 732, 720, 714, 694, 470, 468]",10,461,1,1.0,1,1,1.0,True,True
"Theo quy định của nhà trường, thời gian tổ chức giảng dạy trong tuần diễn ra từ ngày nào đến ngày nào và vào khung giờ nào?",base line,"Thời gian tổ chức giảng dạy từ thứ Hai đến thứ Bảy, từ 06 giờ đến 20 giờ mỗi ngày. Không có quy định cụ thể về khung giờ theo ngày trong tuần.  

GIẢI THÍCH CHI TIẾT:  
1) Bước 1: Thời gian tổ chức giảng dạy được quy định là từ 06 giờ đến 20 giờ các ngày trong tuần từ thứ Hai đến thứ Bảy.  
- Căn cứ: ""Thời gian tổ chức hoạt động giảng dạy trong khoảng từ 06 giờ đến 20 giờ các ngày trong tuần từ thứ 2 đến thứ 7 (trừ ngày lễ, tết theo quy định hiện hành)"" (Qui_dinh > Chương I. NHỮNG QUY ĐỊNH CHUNG > Điều 3).  

2) Bước 2: Không có thông tin cụ thể về khung giờ theo ngày (ví dụ: buổi sáng, buổi chiều) hoặc thời gian bắt đầu – kết thúc theo tuần.  
- Căn cứ: Không có đoạn văn nào nêu rõ khung giờ cụ thể theo ngày hoặc phân chia buổi trong ngày.  

3) Bước 3: Thời gian tổ chức giảng dạy không bao gồm ngày lễ, Tết theo quy định hiện hành, nhưng không được nêu rõ ngày cụ thể.  
- Căn cứ: ""trừ ngày lễ, tết theo quy định hiện hành"" (Qui_dinh > Chương I. NHỮNG QUY ĐỊNH CHUNG > Điều 3).  

NGUỒN THAM KHẢO:  
- Chương I. NHỮNG QUY ĐỊNH CHUNG > Điều 3  
- Chương I. NHỮNG QUY ĐỊNH CHUNG > Điều 3 (phần trừ ngày lễ, tết)",True,"[461, 467, 466, 469, 470, 468, 458, 465, 456, 462]",10,462,10,0.1,1,1,1.0,True,
"Thời gian giảng dạy trong tuần được bố trí từ ngày nào đến ngày nào, trong khoảng thời gian nào?",base line,"Thời gian giảng dạy trong tuần từ 06 giờ đến 20 giờ, từ thứ Hai đến thứ Bảy (trừ ngày lễ, Tết theo quy định hiện hành).  

GIẢI THÍCH CHI TIẾT:  
1) Bước 1: Thời gian tổ chức hoạt động giảng dạy được quy định từ 06 giờ đến 20 giờ các ngày trong tuần từ thứ Hai đến thứ Bảy.  
- Căn cứ: ""Thời gian tổ chức hoạt động giảng dạy trong khoảng từ 06 giờ đến 20 giờ các ngày trong tuần từ thứ 2 đến thứ 7 (trừ ngày lễ, tết theo quy định hiện hành)"" (Qui_dinh > Chương I. NHỮNG QUY ĐỊNH CHUNG > Điều 3).  

2) Bước 2: Thời gian này áp dụng cho các ngày trong tuần, không bao gồm ngày lễ, Tết, và được chia thành các ca học theo buổi trong ngày.  
- Căn cứ: ""được 4 chia thành các ca học, tiết học theo các buổi trong ngày theo quy định hiện hành của Trường"" (Qui_dinh > Chương I. NHỮNG QUY ĐỊNH CHUNG > Điều 3).  

NGUỒN THAM KHẢO:  
- Qui_dinh > Chương I. NHỮNG QUY ĐỊNH CHUNG > Điều 3",True,"[461, 467, 466, 469, 468, 458, 462, 732, 474, 720]",10,462,7,0.14285714285714285,1,1,1.0,True,
Nhà trường quy định hoạt động giảng dạy trong tuần diễn ra vào những ngày nào và trong khung giờ nào?,base line,"Hoạt động giảng dạy diễn ra từ thứ Hai đến thứ Bảy, trong khung giờ từ 06 giờ đến 20 giờ mỗi ngày.  
Không có quy định về ngày nghỉ lễ, trừ theo quy định hiện hành.  

GIẢI THÍCH CHI TIẾT:  
1) Bước 1: Nhà trường quy định thời gian tổ chức hoạt động giảng dạy từ 06 giờ đến 20 giờ các ngày trong tuần từ thứ Hai đến thứ Bảy.  
- Căn cứ: ""Thời gian tổ chức hoạt động giảng dạy trong khoảng từ 06 giờ đến 20 giờ các ngày trong tuần từ thứ 2 đến thứ 7 (trừ ngày lễ, tết theo quy định hiện hành)"" (Qui_dinh > Chương I. NHỮNG QUY ĐỊNH CHUNG > Điều 3).  

2) Bước 2: Thời gian này bao gồm cả các ngày từ thứ Hai đến thứ Bảy, không đề cập đến ngày lễ, tết, do đó được hiểu là diễn ra trong tuần từ thứ Hai đến thứ Bảy.  
- Căn cứ: ""các ngày trong tuần từ thứ 2 đến thứ 7 (trừ ngày lễ, tết theo quy định hiện hành)"" (Qui_dinh > Chương I. NHỮNG QUY ĐỊNH CHUNG > Điều 3).  

NGUỒN THAM KHẢO:  
- Qui_dinh > Chương I. NHỮNG QUY ĐỊNH CHUNG > Điều 3",True,"[461, 469, 467, 466, 468, 470, 465, 462, 458, 720]",10,462,8,0.125,1,1,1.0,True,
Lịch tổ chức hoạt động giảng dạy trong tuần được xác định từ ngày nào đến ngày nào và theo khung giờ nào?,base line,"Lịch tổ chức hoạt động giảng dạy trong tuần từ thứ Hai đến thứ Bảy, từ 06 giờ đến 20 giờ, trừ ngày lễ, Tết theo quy định hiện hành.  

GIẢI THÍCH CHI TIẾT:  
1) Bước 1: Thời gian tổ chức hoạt động giảng dạy được quy định là từ 06 giờ đến 20 giờ các ngày trong tuần từ thứ Hai đến thứ Bảy.  
- Căn cứ: ""Thời gian tổ chức hoạt động giảng dạy trong khoảng từ 06 giờ đến 20 giờ các ngày trong tuần từ thứ 2 đến thứ 7 (trừ ngày lễ, tết theo quy định hiện hành)"" (Qui_dinh > Chương I. NHỮNG QUY ĐỊNH CHUNG > Điều 3).  

2) Bước 2: Thời gian này áp dụng cho các ngày trong tuần từ thứ Hai đến thứ Bảy, không bao gồm ngày lễ, Tết theo quy định hiện hành.  
- Căn cứ: ""thứ 2 đến thứ 7 (trừ ngày lễ, tết theo quy định hiện hành)"" (Qui_dinh > Chương I. NHỮNG QUY ĐỊNH CHUNG > Điều 3).  

NGUỒN THAM KHẢO:  
- Qui_dinh > Chương I. NHỮNG QUY ĐỊNH CHUNG > Điều 3",True,"[461, 467, 466, 469, 732, 468, 720, 493, 694, 470]",10,461,1,1.0,1,1,1.0,True,True
Khối lượng tín chỉ tối thiểu của một chương trình đào tạo bậc đại học là bao nhiêu?,base line,"Khối lượng tín chỉ tối thiểu của một chương trình đào tạo bậc đại học là 120 tín chỉ.

GIẢI THÍCH CHI TIẾT:  
1) Bước 1: Chương trình đào tạo phải tích lũy tối thiểu 120 tín chỉ đối với người có bằng tốt nghiệp trung học phổ thông hoặc tương đương.  
- Căn cứ: ""Chương trình đào tạo có khối lượng tín chỉ cần phải tích lũy tối thiểu 120 tín chỉ đối với người có bằng tốt nghiệp trung học phổ thông hoặc tương đương"" (Điều 2, Chương I, Qui_dinh).  

2) Bước 2: Điều này được quy định rõ trong phần ""Điều 2. Chương trình đào tạo và thời gian học tập"" của Qui_dinh, xác định khối lượng tín chỉ là tiêu chuẩn bắt buộc cho tất cả chương trình đào tạo bậc đại học.  
- Căn cứ: ""Chương trình đào tạo được xây dựng theo đơn vị tín chỉ, cấu trúc từ các học phần và môn học... phải có đủ các môn học và học phần bắt buộc để đáp ứng chuẩn chương trình đào tạo..."" (Điều 2, Chương I, Qui_dinh).  

NGUỒN THAM KHẢO:  
- Header/Section: Điều 2, Chương I, Qui_dinh",True,"[457, 459, 458, 472, 455, 418, 215, 350, 147, 349]",10,457,1,1.0,1,1,1.0,True,
"Theo quy định chung, một chương trình đào tạo bậc đại học phải có tối thiểu bao nhiêu tín chỉ?",base line,"Một chương trình đào tạo bậc đại học phải có tối thiểu 120 tín chỉ.

GIẢI THÍCH CHI TIẾT:  
1) Bước 1: Quy định nêu rõ rằng chương trình đào tạo phải tích lũy tối thiểu 120 tín chỉ đối với người có bằng tốt nghiệp trung học phổ thông hoặc tương đương.  
- Căn cứ: ""Chương trình đào tạo có khối lượng tín chỉ cần phải tích lũy tối thiểu 120 tín chỉ đối với người có bằng tốt nghiệp trung học phổ thông hoặc tương đương"" (Điều 2, Chương I).  

2) Bước 2: Điều này được xác định là yêu cầu chung cho tất cả chương trình đào tạo bậc đại học, không phân biệt hình thức đào tạo.  
- Căn cứ: ""Chương trình đào tạo được xây dựng theo đơn vị tín chỉ, cấu trúc từ các học phần và môn học... phải có đủ các môn học và học phần bắt buộc để đáp ứng chuẩn chương trình đào tạo"" (Điều 2, Chương I).  

3) Bước 3: Mạng máy tính và truyền thông dữ liệu cũng nêu tổng số tín chỉ là 120 tín chỉ (không bao gồm các môn học điều kiện), xác nhận mức tối thiểu này.  
- Căn cứ: ""Tổng số tín chỉ: 120 tín chỉ (Không bao gồm: Giáo dục Quốc phòng và An ninh, Giáo dục thể chất, kỹ năng mềm, kiến thức bổ trợ khác)"" (Giới thiệu chung, Mạng máy tính và truyền thông dữ liệu).  

NGUỒN THAM KHẢO:  
- Điều 2, Chương I  
- Giới thiệu chung, Mạng máy tính và truyền thông dữ liệu",True,"[457, 458, 459, 455, 7, 462, 472, 460, 564, 350]",10,457,1,1.0,1,1,1.0,True,
Khối lượng tín chỉ tối thiểu được yêu cầu đối với một chương trình đào tạo trình độ đại học là bao nhiêu?,base line,"Khối lượng tín chỉ tối thiểu được yêu cầu là 120 tín chỉ.

GIẢI THÍCH CHI TIẾT:  
1) Bước 1: Chương trình đào tạo phải tích lũy tối thiểu 120 tín chỉ đối với người có bằng tốt nghiệp trung học phổ thông hoặc tương đương.  
- Căn cứ: ""Chương trình đào tạo có khối lượng tín chỉ cần phải tích lũy tối thiểu 120 tín chỉ đối với người có bằng tốt nghiệp trung học phổ thông hoặc tương đương"" (Điều 2, Chương I).  

2) Bước 2: Điều này được quy định rõ trong phần ""Điều 2. Chương trình đào tạo và thời gian học tập"" của Qui_dinh, cụ thể là khối lượng tín chỉ cần phải tích lũy được tính từ đầu khóa học và được sử dụng để đánh giá kết quả học tập.  
- Căn cứ: ""Khối lượng tín chỉ cần phải tích lũy của chương trình đào tạo là khối lượng tính bằng tổng số tín chỉ của những học phần cần phải tích lũy trong chương trình đào tạo"" (Điều 2, Chương I).  

NGUỒN THAM KHẢO:  
- Header/Section: Điều 2, Chương I. NHỮNG QUY ĐỊNH CHUNG > Chương trình đào tạo và thời gian học tập",True,"[457, 459, 458, 472, 455, 418, 215, 471, 350, 349]",10,457,1,1.0,1,1,1.0,True,
Một chương trình đào tạo bậc đại học cần đảm bảo số tín chỉ tối thiểu là bao nhiêu theo quy định?,base line,"Một chương trình đào tạo bậc đại học cần đảm bảo số tín chỉ tối thiểu là 120 tín chỉ.

GIẢI THÍCH CHI TIẾT:  
1) Bước 1: Theo Điều 2, Khoản 3 của Chương I, chương trình đào tạo phải tích lũy tối thiểu 120 tín chỉ đối với người có bằng tốt nghiệp trung học phổ thông hoặc tương đương.  
- Căn cứ: ""Chương trình đào tạo có khối lượng tín chỉ cần phải tích lũy tối thiểu 120 tín chỉ đối với người có bằng tốt nghiệp trung học phổ thông hoặc tương đương và phải được quy định cụ thể trong mỗi chương trình đào tạo."" (Điều 2, Khoản 3, Chương I)

2) Bước 2: Điều này được xác định rõ trong phần quy định chung về khối lượng tín chỉ, không có thông tin nào cho thấy mức tối thiểu thấp hơn hoặc khác biệt theo hình thức đào tạo.  
- Căn cứ: ""Khối lượng tín chỉ cần phải tích lũy của chương trình đào tạo là khối lượng tính bằng tổng số tín chỉ của những học phần cần phải tích lũy trong chương trình đào tạo..."" (Điều 2, Khoản 3, Chương I)

3) Bước 3: Không có thông tin nào trong CONTEXT cho thấy điều chỉnh tín chỉ theo hình thức liên thông hoặc loại học phần, nên mức 120 tín chỉ vẫn là chuẩn chung.  
- Căn cứ: ""Đối với sinh viên liên thông khối lượng tín chỉ cần phải tích lũy còn phải học... nhưng không thấp hơn 50% khối lượng tín chỉ cần phải tích lũy của chương trình đào tạo."" (Điều 2, Khoản 3, Chương I)

NGUỒN THAM KHẢO:  
- Điều 2, Khoản 3, Chương I  
- Điều 2, Khoản 3, Chương I  
- Điều 2, Khoản 3, Chương I",True,"[457, 458, 459, 455, 472, 350, 471, 418, 349, 462]",10,457,1,1.0,1,1,1.0,True,
Quy định về đào tạo đại học yêu cầu chương trình phải có tối thiểu bao nhiêu tín chỉ?,base line,"Chương trình đào tạo phải có tối thiểu 120 tín chỉ.

GIẢI THÍCH CHI TIẾT:  
1) Bước 1: Quy định yêu cầu chương trình đào tạo phải tích lũy tối thiểu 120 tín chỉ đối với người có bằng tốt nghiệp trung học phổ thông hoặc tương đương.  
- Căn cứ: ""Chương trình đào tạo có khối lượng tín chỉ cần phải tích lũy tối thiểu 120 tín chỉ đối với người có bằng tốt nghiệp trung học phổ thông hoặc tương đương"" (Điều 2, Chương I).  

2) Bước 2: Điều này được xác định rõ trong phần quy định chung về chương trình đào tạo và thời gian học tập, không chỉ áp dụng cho sinh viên chính quy mà còn là yêu cầu bắt buộc.  
- Căn cứ: ""Chương trình đào tạo được xây dựng theo đơn vị tín chỉ, cấu trúc từ các học phần và môn học... phải có đủ các môn học và học phần bắt buộc để đáp ứng chuẩn chương trình đào tạo"" (Điều 2, Chương I).  

3) Bước 3: Trong thông tin về chương trình Công nghệ thông tin, tổng số tín chỉ được nêu là 120 tín chỉ (không bao gồm các môn học bổ trợ), xác nhận mức tối thiểu được quy định.  
- Căn cứ: ""Tổng số tín chỉ: 120 tín chỉ (Không bao gồm: Giáo dục Quốc phòng và An ninh, Giáo dục thể chất, kỹ năng mềm, kiến thức bổ trợ khác)"" (Công nghệ thông tin > I. GIỚI THIỆU CHƯƠNG TRÌNH).  

NGUỒN THAM KHẢO:  
- Điều 2, Chương I  
- Công nghệ thông tin > I. GIỚI THIỆU CHƯƠNG TRÌNH",True,"[457, 458, 455, 459, 460, 472, 454, 456, 272, 463]",10,457,1,1.0,1,1,1.0,True,
"Theo quy định hiện hành, khối lượng tín chỉ tối thiểu của một chương trình đào tạo trình độ đại học là bao nhiêu?",base line,"Khối lượng tín chỉ tối thiểu của một chương trình đào tạo trình độ đại học là 120 tín chỉ.

GIẢI THÍCH CHI TIẾT:  
1) Bước 1: Theo quy định, chương trình đào tạo phải tích lũy tối thiểu 120 tín chỉ đối với người có bằng tốt nghiệp trung học phổ thông hoặc tương đương.  
- Căn cứ: ""Chương trình đào tạo có khối lượng tín chỉ cần phải tích lũy tối thiểu 120 tín chỉ đối với người có bằng tốt nghiệp trung học phổ thông hoặc tương đương"" (Điều 2, Chương I).  

2) Bước 2: Điều này được nêu rõ trong phần quy định chung về chương trình đào tạo, không có thông tin nào cho thấy mức tín chỉ thấp hơn hoặc khác biệt theo hình thức đào tạo.  
- Căn cứ: ""Khối lượng tín chỉ cần phải tích lũy của chương trình đào tạo là khối lượng tính bằng tổng số tín chỉ của những học phần cần phải tích lũy trong chương trình đào tạo"" (Điều 2, Chương I).  

3) Bước 3: Không có quy định nào trong CONTEXT cho thấy khối lượng tín chỉ tối thiểu thấp hơn 120 tín chỉ, nên 120 tín chỉ là mức tối thiểu được quy định.  
- Căn cứ: ""phải tích lũy tối thiểu 120 tín chỉ"" (Điều 2, Chương I).  

NGUỒN THAM KHẢO:  
- Điều 2, Chương I. NHỮNG QUY ĐỊNH CHUNG",True,"[457, 459, 472, 458, 455, 418, 350, 326, 147, 349]",10,457,1,1.0,1,1,1.0,True,
Thời gian tối đa để hoàn thành chương trình (tính theo lần của kế hoạch học tập chuẩn) là bao lâu?,base line,"Thời gian tối đa để hoàn thành chương trình là 02 lần thời gian theo kế hoạch học tập chuẩn toàn khóa.  

GIẢI THÍCH CHI TIẾT:  
1) Bước 1: Theo Điều 2, Khoản 5 của Qui_dinh, thời gian tối đa để hoàn thành việc tích lũy khối lượng tín chỉ không vượt quá 02 lần thời gian theo kế hoạch học tập chuẩn toàn khóa.  
- Căn cứ: ""Thời gian tối đa để hoàn thành việc tích lũy khối lượng tín chỉ cần phải tích lũy của chương trình đào tạo không vượt quá 02 lần thời gian theo kế hoạch học tập chuẩn toàn khóa đối với mỗi hình thức đào tạo."" (Qui_dinh > Chương I. NHỮNG QUY ĐỊNH CHUNG > Điều 2. Chương trình đào tạo và thời gian học tập > 5)  

2) Bước 2: Kế hoạch học tập chuẩn toàn khóa được quy định là 04 năm (tương đương 4 lần học kỳ), nên 02 lần thời gian đó là 8 năm. Tuy nhiên, câu hỏi hỏi về ""thời gian tối đa"" theo ""lần của kế hoạch học tập chuẩn"", nên câu trả lời là 02 lần.  
- Căn cứ: ""Thời gian hoàn thành khóa học của kế hoạch học tập chuẩn trong chương trình đào tạo là 04 năm"" (Qui_dinh > Chương I. NHỮNG QUY ĐỊNH CHUNG > Điều 2. Chương trình đào tạo và thời gian học tập > 4)  

NGUỒN THAM KHẢO:  
- Qui_dinh > Chương I. NHỮNG QUY ĐỊNH CHUNG > Điều 2. Chương trình đào tạo và thời gian học tập > 5  
- Qui_dinh > Chương I. NHỮNG QUY ĐỊNH CHUNG > Điều 2. Chương trình đào tạo và thời gian học tập > 4",True,"[458, 459, 455, 472, 457, 488, 466, 156, 470, 474]",10,459,2,0.5,1,1,1.0,True,
"Thời hạn tối đa cho phép để hoàn thành chương trình đào tạo, tính theo số lần của kế hoạch học tập chuẩn, là bao lâu?",base line,"Thời hạn tối đa là 02 lần thời gian theo kế hoạch học tập chuẩn toàn khóa.  

GIẢI THÍCH CHI TIẾT:  
1) Bước 1: Theo Điều 5, thời gian tối đa để hoàn thành việc tích lũy khối lượng tín chỉ không vượt quá 02 lần thời gian theo kế hoạch học tập chuẩn toàn khóa.  
- Căn cứ: ""Thời gian tối đa để hoàn thành việc tích lũy khối lượng tín chỉ cần phải tích lũy của chương trình đào tạo không vượt quá 02 lần thời gian theo kế hoạch học tập chuẩn toàn khóa đối với mỗi hình thức đào tạo."" (Điều 5, Chương I)  

2) Bước 2: Kế hoạch học tập chuẩn toàn khóa được quy định là 04 năm (theo Điều 2, khoản 4).  
- Căn cứ: ""Thời gian hoàn thành khóa học của kế hoạch học tập chuẩn trong chương trình đào tạo là 04 năm"" (Điều 2, Chương I).  

3) Bước 3: Nhân 04 năm với 2 lần, ta được 8 năm – tuy nhiên, câu hỏi yêu cầu thời hạn theo số lần của kế hoạch học tập chuẩn, không phải số năm. Do đó, câu trả lời là ""02 lần"" thời gian kế hoạch chuẩn.  

NGUỒN THAM KHẢO:  
- Điều 5, Chương I  
- Điều 2, Chương I",True,"[458, 459, 455, 472, 457, 466, 456, 470, 534, 462]",10,459,2,0.5,1,1,1.0,True,
"Theo quy định, sinh viên được phép hoàn thành chương trình đào tạo trong thời gian tối đa bao lâu, xét theo kế hoạch học tập chuẩn?",base line,"Sinh viên được phép hoàn thành chương trình đào tạo trong thời gian tối đa là 02 lần thời gian theo kế hoạch học tập chuẩn toàn khóa.  
Đối với sinh viên liên thông, thời gian tối đa là 2 lần thời gian hoàn thành khóa học.  

GIẢI THÍCH CHI TIẾT:  
1) Bước 1: Thời gian tối đa để hoàn thành chương trình đào tạo được quy định là không vượt quá 02 lần thời gian theo kế hoạch học tập chuẩn toàn khóa.  
- Căn cứ: ""Thời gian tối đa để hoàn thành việc tích lũy khối lượng tín chỉ cần phải tích lũy của chương trình đào tạo không vượt quá 02 lần thời gian theo kế hoạch học tập chuẩn toàn khóa đối với mỗi hình thức đào tạo."" (Điều 5, Chương I)  

2) Bước 2: Kế hoạch học tập chuẩn toàn khóa được xác định là 04 năm học. Do đó, 02 lần thời gian này là 08 năm.  
- Căn cứ: ""Thời gian hoàn thành khóa học của kế hoạch học tập chuẩn trong chương trình đào tạo là 04 năm"" (Điều 2, Chương I)  

3) Bước 3: Đối với sinh viên liên thông, thời gian tối đa được xác định là 2 lần thời gian hoàn thành khóa học, điều này phù hợp với quy định tổng quát.  
- Căn cứ: ""Đối với sinh viên liên thông, thời gian tối đa để hoàn thành việc tích lũy khối lượng tín chỉ cần phải tích lũy còn phải học bằng 02 lần thời gian hoàn thành khóa học."" (Điều 5, Chương I)  

NGUỒN THAM KHẢO:  
- Điều 5, Chương I  
- Điều 2, Chương I",True,"[458, 459, 455, 470, 466, 472, 469, 457, 460, 534]",10,459,2,0.5,1,1,1.0,True,
"Thời gian tối đa để sinh viên hoàn tất chương trình đào tạo, căn cứ vào số lần của kế hoạch học tập chuẩn, được quy định là bao lâu?",base line,"Thời gian tối đa để hoàn thành chương trình đào tạo là 02 lần thời gian theo kế hoạch học tập chuẩn toàn khóa.  
Đối với sinh viên liên thông, thời gian tối đa là 2 lần thời gian hoàn thành khóa học.  

GIẢI THÍCH CHI TIẾT:  
1) Bước 1: Thời gian tối đa để hoàn thành chương trình đào tạo được quy định là 02 lần thời gian theo kế hoạch học tập chuẩn toàn khóa.  
- Căn cứ: ""Thời gian tối đa để hoàn thành việc tích lũy khối lượng tín chỉ cần phải tích lũy của chương trình đào tạo không vượt quá 02 lần thời gian theo kế hoạch học tập chuẩn toàn khóa đối với mỗi hình thức đào tạo."" (Điều 5, Chương I)  

2) Bước 2: Đối với sinh viên liên thông, thời gian tối đa được xác định là 2 lần thời gian hoàn thành khóa học.  
- Căn cứ: ""Đối với sinh viên liên thông, thời gian tối đa để hoàn thành việc tích lũy khối lượng tín chỉ cần phải tích lũy còn phải học bằng 02 lần thời gian hoàn thành khóa học."" (Điều 5, Chương I)  

NGUỒN THAM KHẢO:  
- Điều 5, Chương I  
- Điều 5, Chương I",True,"[458, 459, 472, 455, 466, 470, 457, 534, 469, 147]",10,459,2,0.5,1,1,1.0,True,
"Chương trình đào tạo quy định thời gian hoàn thành tối đa, tính theo kế hoạch học tập chuẩn, là bao lâu?",base line,"4 năm  

GIẢI THÍCH CHI TIẾT:  
1) Bước 1: Thời gian hoàn thành khóa học của kế hoạch học tập chuẩn trong chương trình đào tạo được quy định là 04 năm.  
- Căn cứ: ""Thời gian hoàn thành khóa học của kế hoạch học tập chuẩn trong chương trình đào tạo là 04 năm"" (Điều 2, Chương I).  

2) Bước 2: Câu hỏi yêu cầu thời gian hoàn thành tối đa theo kế hoạch học tập chuẩn, không đề cập đến trường hợp học vượt hay liên thông, nên chỉ cần trích dẫn quy định chuẩn.  
- Căn cứ: ""Thời gian hoàn thành khóa học của kế hoạch học tập chuẩn trong chương trình đào tạo là 04 năm"" (Điều 2, Chương I).  

3) Bước 3: Không có thông tin nào trong CONTEXT nói về thời gian tối đa vượt quá 4 năm theo kế hoạch học tập chuẩn, nên không cần điều chỉnh.  
- Căn cứ: ""Thời gian hoàn thành khóa học không ít hơn 03 năm"" (Điều 2, Chương I) – chỉ là giới hạn tối thiểu, không ảnh hưởng đến thời gian chuẩn.  

NGUỒN THAM KHẢO:  
- Header/Section: Điều 2, Chương I. NHỮNG QUY ĐỊNH CHUNG",True,"[458, 459, 455, 456, 457, 460, 466, 272, 472, 462]",10,459,2,0.5,1,1,1.0,True,
Sinh viên có tối đa bao nhiêu thời gian để hoàn thành chương trình đào tạo khi tính theo lần của kế hoạch học tập chuẩn?,base line,"Sinh viên có tối đa 02 lần thời gian theo kế hoạch học tập chuẩn để hoàn thành chương trình đào tạo.  

GIẢI THÍCH CHI TIẾT:  
1) Bước 1: Theo Điều 5 của Chương I, thời gian tối đa để hoàn thành việc tích lũy khối lượng tín chỉ không vượt quá 02 lần thời gian theo kế hoạch học tập chuẩn toàn khóa đối với mỗi hình thức đào tạo.  
- Căn cứ: ""Thời gian tối đa để hoàn thành việc tích lũy khối lượng tín chỉ cần phải tích lũy của chương trình đào tạo không vượt quá 02 lần thời gian theo kế hoạch học tập chuẩn toàn khóa đối với mỗi hình thức đào tạo."" (Điều 5, Chương I)  

2) Bước 2: Kế hoạch học tập chuẩn toàn khóa được quy định là 04 năm (theo Điều 2, Chương I), do đó 02 lần thời gian này là 02 × 4 = 8 năm. Tuy nhiên, câu hỏi yêu cầu thời gian ""theo lần của kế hoạch học tập chuẩn"", nên trả lời là ""02 lần"" – tức là số lần, không phải số năm.  
- Căn cứ: ""Thời gian tối đa để hoàn thành việc tích lũy khối lượng tín chỉ cần phải tích lũy của chương trình đào tạo không vượt quá 02 lần thời gian theo kế hoạch học tập chuẩn toàn khóa..."" (Điều 5, Chương I)  

NGUỒN THAM KHẢO:  
- Điều 5, Chương I  
- Điều 2, Chương I",True,"[458, 459, 472, 470, 466, 455, 534, 457, 469, 520]",10,459,2,0.5,1,1,1.0,True,
Trọng số tối thiểu của điểm thi kết thúc học phần trong điểm học phần là bao nhiêu phần trăm?,base line,"Trọng số tối thiểu của điểm thi kết thúc học phần là 50%.

GIẢI THÍCH CHI TIẾT:  
1) Bước 1: Điều kiện trọng số của điểm thi kết thúc học phần được quy định rõ trong Điều 12, khoản 4: ""Điểm thi kết thúc học phần có trọng số không vượt quá 50% trong điểm học phần"".  
- Căn cứ: ""Điểm thi kết thúc học phần có trọng số không vượt quá 50% trong điểm học phần"" (Chương III, Điều 12, khoản 4)  

2) Bước 2: Vì trọng số không vượt quá 50%, nên trọng số tối đa là 50%, và do đó trọng số tối thiểu (giá trị nhỏ nhất có thể) sẽ là 0% (vì không có giới hạn dưới trong văn bản). Tuy nhiên, câu hỏi hỏi ""tối thiểu"", nên cần xem xét nếu có giới hạn dưới.  
- Căn cứ: Không có thông tin về giới hạn dưới của trọng số (vẫn giữ nguyên câu hỏi về ""tối thiểu"" trong bối cảnh không có giới hạn dưới).  

3) Bước 3: Trong bối cảnh, trọng số tối đa là 50%, và không có thông tin nào nói về giá trị tối thiểu. Tuy nhiên, nếu hiểu ""tối thiểu"" theo nghĩa giá trị thấp nhất có thể (trong phạm vi hợp lệ), thì giá trị thấp nhất có thể là 0%. Nhưng vì câu hỏi yêu cầu trọng số ""tối thiểu"" và không có thông tin về giới hạn dưới, nên không thể xác định chính xác.  
- Căn cứ: Không có thông tin về trọng số tối thiểu (vẫn giữ nguyên câu hỏi về ""tối thiểu"" trong bối cảnh không có giới hạn dưới).  

→ Tuy nhiên, do câu hỏi yêu cầu trọng số ""tối thiểu"" và không có thông tin về giới hạn dưới, nên không thể xác định chính xác. Nhưng nếu hiểu ""tối thiểu"" theo nghĩa giá trị thấp nhất có thể trong điều kiện cho phép, thì vẫn không có dữ kiện.  

→ Do đó, cần điều chỉnh: Câu hỏi hỏi ""trọng số tối thiểu"", nhưng trong văn bản chỉ có giới hạn trên (không vượt quá 50%), không có giới hạn dưới.  

→ Vì vậy, không thể xác định trọng số tối thiểu chính xác.  

→ Suy ra: Tôi không tìm thấy thông tin đủ để trả lời câu hỏi này.  

NGUỒN THAM KHẢO:  
- Chương III, Điều 12, khoản 4  
- Chương III, Điều 13, khoản 2  
- Điều 17, khoản 2  
- Điều 17, khoản 6  

⚠️ Sửa lại: Sau khi phân tích kỹ, nhận thấy câu hỏi ""trọng số tối thiểu"" không được định nghĩa rõ trong văn bản. Văn bản chỉ nói ""không vượt quá 50%"", tức là tối đa 50%, nhưng không nói về giá trị tối thiểu. Do đó, không có căn cứ để xác định trọng số tối thiểu.  

→ Câu trả lời ban đầu sai.  

**Sửa lại chính xác:**  

ANSWER:  
Tôi không tìm thấy thông tin đủ để trả lời câu hỏi này.  

GIẢI THÍCH CHI TIẾT:  
1) Bước 1: Văn bản chỉ quy định trọng số của điểm thi kết thúc học phần ""không vượt quá 50%"", tức là giá trị tối đa là 50%, nhưng không có thông tin về giá trị tối thiểu.  
- Căn cứ: ""Điểm thi kết thúc học phần có trọng số không vượt quá 50% trong điểm học phần"" (Chương III, Điều 12, khoản 4)  

2) Bước 2: Không có bất kỳ thông tin nào trong CONTEXT về giới hạn dưới (tức là trọng số tối thiểu) của điểm thi kết thúc học phần.  
- Căn cứ: Không có đoạn văn nào nêu trọng số tối thiểu (vẫn giữ nguyên câu hỏi về ""tối thiểu"" trong bối cảnh không có giới hạn dưới).  

→ Do đó, không thể xác định trọng số tối thiểu.  

NGUỒN THAM KHẢO:  
- Chương III, Điều 12, khoản 4",False,"[478, 506, 479, 481, 490, 488, 480, 477, 469, 489]",10,478,1,1.0,1,1,1.0,True,
Trọng số thấp nhất của điểm thi kết thúc học phần trong cơ cấu điểm học phần được quy định là bao nhiêu phần trăm?,base line,"Trọng số thấp nhất của điểm thi kết thúc học phần là 50%.  

GIẢI THÍCH CHI TIẾT:  
1) Bước 1: Điều kiện về trọng số của điểm thi kết thúc học phần được quy định rõ trong Điều 12, cụ thể là ""điểm thi kết thúc học phần có trọng số không vượt quá 50% trong điểm học phần"".  
- Căn cứ: ""điểm thi kết thúc học phần có trọng số không vượt quá 50% trong điểm học phần"" (Chương III, Điều 12)  

2) Bước 2: Vì trọng số không vượt quá 50%, nên trọng số thấp nhất được hiểu là 50% (vì không có thông tin nào nói về mức thấp hơn). Trong bối cảnh này, ""không vượt quá"" nghĩa là tối đa 50%, và không có giới hạn dưới được nêu.  
- Căn cứ: ""điểm thi kết thúc học phần có trọng số không vượt quá 50%"" (Chương III, Điều 12)  

3) Bước 3: Không có thông tin nào trong CONTEXT cho thấy trọng số thấp hơn 50%, do đó mức thấp nhất được hiểu là 50% là giá trị tối thiểu có thể được quy định.  
- Căn cứ: ""điểm thi kết thúc học phần có trọng số không vượt quá 50%"" (Chương III, Điều 12)  

NGUỒN THAM KHẢO:  
- Chương III, Điều 12",True,"[478, 506, 479, 488, 480, 490, 511, 481, 502, 507]",10,478,1,1.0,1,1,1.0,True,
"Theo quy định, điểm thi kết thúc học phần phải chiếm tối thiểu bao nhiêu phần trăm trong tổng điểm học phần?",base line,"Điểm thi kết thúc học phần không được vượt quá 50% trong tổng điểm học phần.  

GIẢI THÍCH CHI TIẾT:  
1) Bước 1: Quy định nêu rõ rằng khi thi kết thúc học phần theo hình thức trực tuyến, điểm thi kết thúc học phần có trọng số không vượt quá 50%.  
- Căn cứ: ""Điểm thi kết thúc học phần có trọng số không vượt quá 50% trong điểm học phần."" (Điều 12, Chương III)  

2) Bước 2: Câu hỏi yêu cầu phần trăm tối thiểu, nhưng quy định chỉ cung cấp giới hạn trên (không vượt quá 50%), không nêu phần trăm tối thiểu.  
- Căn cứ: Không có thông tin về phần trăm tối thiểu trong CONTEXT.  

3) Bước 3: Vì không có thông tin về phần trăm tối thiểu được quy định, nên không thể xác định giá trị tối thiểu.  
- Căn cứ: Không có đoạn văn nào nêu phần trăm tối thiểu cho điểm thi kết thúc học phần.  

NGUỒN THAM KHẢO:  
- Điều 12, Chương III: ""Điểm thi kết thúc học phần có trọng số không vượt quá 50% trong điểm học phần.""",True,"[478, 506, 479, 490, 488, 481, 489, 482, 480, 507]",10,478,1,1.0,1,1,1.0,True,
Tỷ trọng tối thiểu của điểm thi cuối kỳ trong điểm học phần là bao nhiêu phần trăm?,base line,"50%  

GIẢI THÍCH CHI TIẾT:  
1) Bước 1: Theo Điều 12 của Chương III, điểm thi kết thúc học phần trực tuyến có trọng số không vượt quá 50% trong điểm học phần.  
- Căn cứ: ""Điểm thi kết thúc học phần có trọng số không vượt quá 50% trong điểm học phần."" (Điều 12, Chương III)  

2) Bước 2: Không có thông tin nào cho thấy trọng số thấp hơn 50%, do đó 50% là trọng số tối đa, và được coi là tỷ trọng tối thiểu được phép.  
- Căn cứ: Không có thông tin về trọng số thấp hơn 50%, nên không thể xác định tỷ trọng thấp hơn.  

3) Bước 3: Vì điều kiện chỉ quy định giới hạn trên (không vượt quá 50%), nên tỷ trọng tối thiểu được phép là 50% (vì không có giới hạn dưới).  
- Căn cứ: ""Điểm thi kết thúc học phần có trọng số không vượt quá 50% trong điểm học phần."" (Điều 12, Chương III)  

NGUỒN THAM KHẢO:  
- Điều 12, Chương III: ""Điểm thi kết thúc học phần có trọng số không vượt quá 50% trong điểm học phần.""",True,"[478, 506, 479, 481, 490, 488, 517, 489, 514, 480]",10,478,1,1.0,1,1,1.0,True,
Quy định về đánh giá học phần xác định trọng số tối thiểu của điểm thi kết thúc học phần là bao nhiêu phần trăm?,base line,"Quy định không xác định trọng số tối thiểu của điểm thi kết thúc học phần.  

GIẢI THÍCH CHI TIẾT:  
1) Bước 1: Quy định chỉ nêu rõ điểm thi kết thúc học phần có trọng số **không vượt quá 50%**, nhưng không cung cấp trọng số tối thiểu.  
- Căn cứ: ""Điểm thi kết thúc học phần có trọng số không vượt quá 50% trong điểm học phần."" (Điều 12, Chương III)  

2) Bước 2: Không có thông tin nào trong CONTEXT nói về trọng số tối thiểu (ví dụ: ít nhất bao nhiêu phần trăm). Chỉ có giới hạn trên (không quá 50%), không có giới hạn dưới.  
- Căn cứ: Không có đoạn văn nào đề cập đến trọng số tối thiểu.  

3) Bước 3: Vì vậy, không thể xác định trọng số tối thiểu từ thông tin đã cho.  
- Căn cứ: Không có dữ kiện về trọng số tối thiểu trong toàn bộ CONTEXT.  

NGUỒN THAM KHẢO:  
- Điều 12, Chương III  
- Điều 13, Chương III  
- Điều 23, Thi và Tổ chức thi kết thúc học phần  
- Điều 17, Thi kết thúc học phần",True,"[478, 477, 479, 469, 506, 488, 481, 476, 480, 482]",10,478,1,1.0,1,1,1.0,True,
"Trong cơ cấu tính điểm học phần, điểm thi kết thúc học phần phải chiếm ít nhất bao nhiêu phần trăm?",base line,"Điểm thi kết thúc học phần không được vượt quá 50%.  

GIẢI THÍCH CHI TIẾT:  
1) Bước 1: Theo Điều 12 của Chương III, điểm thi kết thúc học phần có trọng số không vượt quá 50% trong điểm học phần.  
- Căn cứ: ""Điểm thi kết thúc học phần có trọng số không vượt quá 50% trong điểm học phần."" (Điều 12)  

2) Bước 2: Câu hỏi yêu cầu ""ít nhất bao nhiêu phần trăm"", nhưng điều kiện chỉ quy định giới hạn trên (không vượt quá 50%), không nói rõ giá trị tối thiểu.  
- Căn cứ: Không có thông tin về giá trị tối thiểu của trọng số điểm thi.  

3) Bước 3: Vì vậy, trọng số tối đa là 50%, nhưng không có thông tin về giá trị tối thiểu. Do đó, không thể xác định ""ít nhất"" là bao nhiêu phần trăm.  
- Căn cứ: Không có đoạn văn nào nêu rõ giá trị tối thiểu của trọng số điểm thi.  

NGUỒN THAM KHẢO:  
- Điều 12: ""Điểm thi kết thúc học phần có trọng số không vượt quá 50% trong điểm học phần.""",True,"[478, 479, 506, 482, 481, 480, 490, 476, 477, 488]",10,478,1,1.0,1,1,1.0,True,
Những trường hợp nào khiến sinh viên bị “cấm thi” học phần?,base line,"Sinh viên bị cấm thi khi:  
- Vắng mặt quá 20% số giờ lên lớp;  
- Vắng từ 50% trở lên số kỳ kiểm tra thường kỳ;  
- Không thực hiện đầy đủ các phần bắt buộc của học phần;  
- Vi phạm nghiêm trọng kỷ luật học tập hoặc gian dối trong học tập và bị giảng viên đề nghị bằng văn bản.  

GIẢI THÍCH CHI TIẾT:  
1) Bước 1: Sinh viên bị cấm thi khi vắng mặt quá 20% số giờ lên lớp.  
- Căn cứ: ""Vắng mặt quá 20% số giờ lên lớp của học phần"" (Qui_dinh > Thi và tổ chức thi kết thúc học phần > Điều 8, mục ""Sinh viên bị cấm thi"").  

2) Bước 2: Sinh viên bị cấm thi khi vắng từ 50% trở lên số kỳ kiểm tra thường kỳ.  
- Căn cứ: ""Vắng từ 50% trở lên số kỳ kiểm tra thường kỳ của điểm quá trình"" (Qui_dinh > Thi và tổ chức thi kết thúc học phần > Điều 8, mục ""Sinh viên bị cấm thi"").  

3) Bước 3: Sinh viên bị cấm thi khi không thực hiện đầy đủ các phần bắt buộc của học phần.  
- Căn cứ: ""Không thực hiện đầy đủ các phần bắt buộc của học phần theo quy định trong đề cương chi tiết học phần như thí nghiệm, bài tập lớn, báo cáo tiểu luận…"" (Qui_dinh > Thi và tổ chức thi kết thúc học phần > Điều 8, mục ""Sinh viên bị cấm thi"").  

4) Bước 4: Sinh viên bị cấm thi khi vi phạm nghiêm trọng kỷ luật học tập, nội quy học đường, gian dối trong học tập và bị giảng viên đề nghị bằng văn bản.  
- Căn cứ: ""Vi phạm nghiêm trọng kỷ luật học tập, nội quy học đường, gian dối trong học tập và bị giảng viên phụ trách học phần đề nghị bằng văn bản"" (Qui_dinh > Thi và tổ chức thi kết thúc học phần > Điều 8, mục ""Sinh viên bị cấm thi"").  

NGUỒN THAM KHẢO:  
- Qui_dinh > Thi và tổ chức thi kết thúc học phần > Điều 17  
- Qui_dinh > Thi và tổ chức thi kết thúc học phần > Điều 8  
- Qui_dinh > Thi và tổ chức thi kết thúc học phần > Điều 28  
- Qui_dinh > Chương II. Lập kế hoạch và tổ chức giảng dạy > Điều 8",True,"[490, 469, 517, 481, 518, 483, 489, 526, 519, 516]",10,469,2,0.5,1,1,1.0,True,
Những trường hợp nào theo quy định dẫn đến việc sinh viên không được dự thi kết thúc học phần?,base line,"Sinh viên bị cấm thi khi vi phạm một trong các điều kiện sau: vắng mặt quá 20% giờ lên lớp, vắng từ 50% trở lên kỳ kiểm tra thường kỳ, không thực hiện đầy đủ các phần bắt buộc của học phần, hoặc bị giảng viên đề nghị bằng văn bản do vi phạm nghiêm trọng kỷ luật học tập, gian dối trong học tập.

GIẢI THÍCH CHI TIẾT:  
1) Bước 1: Sinh viên bị cấm thi khi vắng mặt quá 20% số giờ lên lớp.  
- Căn cứ: ""Vắng mặt quá 20% số giờ lên lớp của học phần"" (Qui_dinh > Thi và Tổ chức thi kết thúc học phần > Điều 17, mục ""Sinh viên bị cấm thi"").  

2) Bước 2: Sinh viên bị cấm thi khi vắng từ 50% trở lên số kỳ kiểm tra thường kỳ của điểm quá trình.  
- Căn cứ: ""Vắng từ 50% trở lên số kỳ kiểm tra thường kỳ của điểm quá trình"" (Qui_dinh > Thi và Tổ chức thi kết thúc học phần > Điều 17, mục ""Sinh viên bị cấm thi"").  

3) Bước 3: Sinh viên bị cấm thi khi không thực hiện đầy đủ các phần bắt buộc của học phần hoặc bị giảng viên đề nghị bằng văn bản do vi phạm nghiêm trọng kỷ luật học tập, gian dối trong học tập.  
- Căn cứ: ""Không thực hiện đầy đủ các phần bắt buộc của học phần... hoặc vi phạm nghiêm trọng kỷ luật học tập, nội quy học đường, gian dối trong học tập và bị giảng viên phụ trách học phần đề nghị bằng văn bản"" (Qui_dinh > Thi và Tổ chức thi kết thúc học phần > Điều 17, mục ""Sinh viên bị cấm thi"").  

NGUỒN THAM KHẢO:  
- Qui_dinh > THI VÀ TỔ CHỨC THI KẾT THÚC HỌC PHẦN > Điều 17. Thi kết thúc học phần > 6. Sinh viên bị cấm thi sẽ phải nhận điểm học phần là F.",True,"[490, 489, 504, 469, 481, 483, 517, 518, 526, 529]",10,469,4,0.25,1,1,1.0,True,
Sinh viên sẽ bị cấm thi học phần trong những trường hợp nào theo quy chế đào tạo?,base line,"Sinh viên bị cấm thi khi vi phạm một trong các điều kiện sau: vắng mặt quá 20% giờ lên lớp, vắng từ 50% trở lên kỳ kiểm tra thường kỳ, không thực hiện đầy đủ các phần bắt buộc của học phần, hoặc bị giảng viên đề nghị bằng văn bản do vi phạm nghiêm trọng kỷ luật học tập hoặc gian dối trong học tập.  

GIẢI THÍCH CHI TIẾT:  
1) Bước 1: Sinh viên bị cấm thi khi vắng mặt quá 20% số giờ lên lớp.  
- Căn cứ: ""Vắng mặt quá 20% số giờ lên lớp của học phần"" (Qui_dinh > Sinh viên bị cấm thi khi vi phạm một trong các quy định sau:).  

2) Bước 2: Sinh viên bị cấm thi khi vắng từ 50% trở lên số kỳ kiểm tra thường kỳ của điểm quá trình.  
- Căn cứ: ""Vắng từ 50% trở lên số kỳ kiểm tra thường kỳ của điểm quá trình"" (Qui_dinh > Sinh viên bị cấm thi khi vi phạm một trong các quy định sau:).  

3) Bước 3: Sinh viên bị cấm thi khi không thực hiện đầy đủ các phần bắt buộc của học phần hoặc vi phạm nghiêm trọng kỷ luật học tập, gian dối trong học tập và bị giảng viên đề nghị bằng văn bản.  
- Căn cứ: ""Không thực hiện đầy đủ các phần bắt buộc của học phần... vi phạm nghiêm trọng kỷ luật học tập, nội quy học đường, gian dối trong học tập và bị giảng viên phụ trách học phần đề nghị bằng văn bản"" (Qui_dinh > Sinh viên bị cấm thi khi vi phạm một trong các quy định sau:).  

NGUỒN THAM KHẢO:  
- Qui_dinh > Sinh viên bị cấm thi khi vi phạm một trong các quy định sau:",True,"[469, 490, 516, 517, 518, 519, 472, 483, 520, 468]",10,469,1,1.0,1,1,1.0,True,
"Theo quy định hiện hành, các trường hợp nào khiến sinh viên không đủ điều kiện dự thi học phần?",base line,"Sinh viên không đủ điều kiện dự thi khi:  
- Vắng mặt quá 20% giờ lên lớp;  
- Vắng từ 50% trở lên kỳ kiểm tra thường kỳ;  
- Không thực hiện đầy đủ các phần bắt buộc của học phần;  
- Vi phạm nghiêm trọng kỷ luật học tập hoặc gian dối trong học tập và bị giảng viên đề nghị bằng văn bản.  

GIẢI THÍCH CHI TIẾT:  
1) Bước 1: Sinh viên bị cấm thi khi vắng mặt quá 20% số giờ lên lớp.  
- Căn cứ: ""Vắng mặt quá 20% số giờ lên lớp của học phần"" (Qui_dinh - Chương II, Điều 8)  

2) Bước 2: Vắng từ 50% trở lên số kỳ kiểm tra thường kỳ của điểm quá trình khiến sinh viên bị cấm thi.  
- Căn cứ: ""Vắng từ 50% trở lên số kỳ kiểm tra thường kỳ của điểm quá trình"" (Qui_dinh - Chương II, Điều 8)  

3) Bước 3: Không thực hiện đầy đủ các phần bắt buộc (thí nghiệm, bài tập lớn, báo cáo...) làm căn cứ để bị cấm thi.  
- Căn cứ: ""Không thực hiện đầy đủ các phần bắt buộc của học phần theo quy định trong đề cương chi tiết học phần"" (Qui_dinh - Chương II, Điều 8)  

4) Bước 4: Vi phạm nghiêm trọng kỷ luật học tập hoặc gian dối học tập và bị giảng viên đề nghị bằng văn bản dẫn đến bị cấm thi.  
- Căn cứ: ""Vi phạm nghiêm trọng kỷ luật học tập, nội quy học đường, gian dối trong học tập và bị giảng viên phụ trách học phần đề nghị bằng văn bản"" (Qui_dinh - Chương II, Điều 8)  

NGUỒN THAM KHẢO:  
- Chương II, Điều 8: ""Sinh viên bị cấm thi khi vi phạm một trong các quy định sau: ...""",True,"[469, 481, 489, 490, 504, 517, 518, 483, 472, 473]",10,469,1,1.0,1,1,1.0,True,
Những điều kiện nào khiến sinh viên bị áp dụng hình thức cấm thi đối với học phần?,base line,"Sinh viên bị cấm thi khi:  
- Vắng mặt quá 20% số giờ lên lớp;  
- Vắng từ 50% trở lên số kỳ kiểm tra thường kỳ;  
- Không thực hiện đầy đủ các phần bắt buộc của học phần;  
- Vi phạm nghiêm trọng kỷ luật học tập hoặc gian dối trong học tập và bị giảng viên đề nghị bằng văn bản.  

GIẢI THÍCH CHI TIẾT:  
1) Bước 1: Sinh viên bị cấm thi khi vắng mặt quá 20% số giờ lên lớp.  
- Căn cứ: ""Vắng mặt quá 20% số giờ lên lớp của học phần"" (Qui_dinh > Thi và tổ chức thi kết thúc học phần > Điều 17).  

2) Bước 2: Sinh viên bị cấm thi khi vắng từ 50% trở lên số kỳ kiểm tra thường kỳ.  
- Căn cứ: ""Vắng từ 50% trở lên số kỳ kiểm tra thường kỳ của điểm quá trình"" (Qui_dinh > Thi và tổ chức thi kết thúc học phần > Điều 17).  

3) Bước 3: Sinh viên bị cấm thi khi không thực hiện đầy đủ các phần bắt buộc của học phần.  
- Căn cứ: ""Không thực hiện đầy đủ các phần bắt buộc của học phần theo quy định trong đề cương chi tiết học phần như thí nghiệm, bài tập lớn, báo cáo tiểu luận…"" (Qui_dinh > Thi và tổ chức thi kết thúc học phần > Điều 17).  

4) Bước 4: Sinh viên bị cấm thi khi vi phạm nghiêm trọng kỷ luật học tập hoặc gian dối trong học tập và bị giảng viên đề nghị bằng văn bản.  
- Căn cứ: ""Vi phạm nghiêm trọng kỷ luật học tập, nội quy học đường, gian dối trong học tập và bị giảng viên phụ trách học phần đề nghị bằng văn bản"" (Qui_dinh > Thi và tổ chức thi kết thúc học phần > Điều 17).  

NGUỒN THAM KHẢO:  
- Qui_dinh > Thi và tổ chức thi kết thúc học phần > Điều 17",True,"[490, 469, 517, 519, 518, 483, 481, 526, 516, 543]",10,469,2,0.5,1,1,1.0,True,
Trường hợp nào sinh viên bị xác định là không đủ điều kiện dự thi học phần theo quy định?,base line,"Sinh viên bị cấm thi khi vi phạm một trong các điều kiện: vắng mặt quá 20% giờ lên lớp, vắng từ 50% trở lên kỳ kiểm tra thường kỳ, không thực hiện đầy đủ phần bắt buộc của học phần hoặc vi phạm nghiêm trọng kỷ luật học tập và bị giảng viên đề nghị bằng văn bản.  

GIẢI THÍCH CHI TIẾT:  
1) Bước 1: Sinh viên bị cấm thi khi vắng mặt quá 20% số giờ lên lớp.  
- Căn cứ: ""Vắng mặt quá 20% số giờ lên lớp của học phần"" (Qui_dinh > Thi và tổ chức thi kết thúc học phần > Điều 17, mục ""Sinh viên bị cấm thi"").  

2) Bước 2: Sinh viên bị cấm thi khi vắng từ 50% trở lên số kỳ kiểm tra thường kỳ.  
- Căn cứ: ""Vắng từ 50% trở lên số kỳ kiểm tra thường kỳ của điểm quá trình"" (Qui_dinh > Thi và tổ chức thi kết thúc học phần > Điều 17, mục ""Sinh viên bị cấm thi"").  

3) Bước 3: Sinh viên bị cấm thi khi không thực hiện đầy đủ các phần bắt buộc của học phần hoặc vi phạm nghiêm trọng kỷ luật học tập và bị giảng viên đề nghị bằng văn bản.  
- Căn cứ: ""Không thực hiện đầy đủ các phần bắt buộc của học phần...; Vi phạm nghiêm trọng kỷ luật học tập, nội quy học đường, gian dối trong học tập và bị giảng viên phụ trách học phần đề nghị bằng văn bản"" (Qui_dinh > Thi và tổ chức thi kết thúc học phần > Điều 17, mục ""Sinh viên bị cấm thi"").  

NGUỒN THAM KHẢO:  
- Qui_dinh > Thi và tổ chức thi kết thúc học phần > Điều 17, mục ""Sinh viên bị cấm thi""",True,"[489, 481, 469, 490, 504, 517, 518, 483, 472, 473]",10,469,3,0.3333333333333333,1,1,1.0,True,
Tiêu chí xếp loại tốt nghiệp “Khá” yêu cầu điểm trung bình tích lũy tối thiểu bao nhiêu?,base line,"Tiêu chí xếp loại ""Khá"" yêu cầu điểm trung bình chung tích lũy từ 2.50 đến 3.19.

GIẢI THÍCH CHI TIẾT:  
1) Bước 1: Xác định tiêu chí xếp loại ""Khá"" trong bảng xếp loại học tập.  
- Căn cứ: ""Loại khá: điểm trung bình chung tích lũy từ 2.50 đến 3.19"" (Điều 27, Qui_dinh > THI VÀ TỔ CHỨC THI KẾT THÚC HỌC PHẦN).  

2) Bước 2: Xác minh rằng tiêu chí này áp dụng cho xếp loại học tập theo khóa học, phù hợp với yêu cầu tốt nghiệp.  
- Căn cứ: ""Hạng tốt nghiệp của sinh viên có xếp loại học tập khóa học loại xuất sắc hoặc giỏi sẽ bị giảm một mức nếu thuộc một trong các trường hợp..."" (Điều 30, Qui_dinh > THI VÀ TỔ CHỨC THI KẾT THÚC HỌC PHẦN), cho thấy xếp loại học tập được căn cứ trên điểm trung bình tích lũy theo khóa học.  

3) Bước 3: Kết luận rằng tiêu chí ""Khá"" yêu cầu điểm tối thiểu là 2.50, vì đây là giới hạn dưới của khoảng từ 2.50 đến 3.19.  
- Căn cứ: ""Loại khá: điểm trung bình chung tích lũy từ 2.50 đến 3.19"" (Điều 27, Qui_dinh > THI VÀ TỔ CHỨC THI KẾT THÚC HỌC PHẦN).  

NGUỒN THAM KHẢO:  
- Qui_dinh > THI VÀ TỔ CHỨC THI KẾT THÚC HỌC PHẦN > Điều 27",True,"[515, 564, 526, 508, 479, 509, 485, 525, 457, 518]",10,515,1,1.0,1,1,1.0,True,
"Theo tiêu chí xếp loại tốt nghiệp, mức điểm trung bình tích lũy tối thiểu để đạt loại “Khá” là bao nhiêu?",base line,"Mức điểm trung bình tích lũy tối thiểu để đạt loại “Khá” là 2,50.

GIẢI THÍCH CHI TIẾT:  
1) Bước 1: Theo quy định về xếp loại học tập, loại “khá” được định nghĩa là điểm trung bình chung tích lũy từ 2,50 đến 3,19.  
- Căn cứ: ""Loại khá: điểm trung bình chung tích lũy từ 2,50 đến 3,19"" (Điều 27, Qui_dinh > THI VÀ TỔ CHỨC THI KẾT THÚC HỌC PHẦN).  

2) Bước 2: Mức điểm 2,50 là ngưỡng thấp nhất để được xếp loại “khá” theo quy định, vì loại “trung bình” bắt đầu từ 2,00 đến 2,49, và loại “khá” bắt đầu từ 2,50.  
- Căn cứ: ""Loại trung bình: điểm trung bình chung tích lũy từ 2,00 đến 2,49; Loại khá: điểm trung bình chung tích lũy từ 2,50 đến 3,19"" (Điều 27, Qui_dinh > THI VÀ TỔ CHỨC THI KẾT THÚC HỌC PHẦN).  

NGUỒN THAM KHẢO:  
- Header/Section: Điều 27, Qui_dinh > THI VÀ TỔ CHỨC THI KẾT THÚC HỌC PHẦN",True,"[515, 564, 526, 479, 508, 525, 509, 485, 457, 455]",10,515,1,1.0,1,1,1.0,True,
Xếp loại tốt nghiệp “Khá” yêu cầu sinh viên phải đạt điểm trung bình tích lũy tối thiểu là bao nhiêu?,base line,"Xếp loại tốt nghiệp ""Khá"" yêu cầu sinh viên đạt điểm trung bình chung tích lũy từ 2.50 đến 3.19.

GIẢI THÍCH CHI TIẾT:  
1) Bước 1: Xếp loại ""Khá"" được định nghĩa rõ trong điều kiện xếp loại học tập theo điểm trung bình chung tích lũy.  
- Căn cứ: ""Loại khá: điểm trung bình chung tích lũy từ 2.50 đến 3.19"" (Điều 27, Qui_dinh > THI VÀ TỔ CHỨC THI KẾT THÚC HỌC PHẦN).  

2) Bước 2: Câu hỏi yêu cầu điểm tối thiểu để đạt loại ""Khá"", nên lấy giới hạn dưới của khoảng điểm tương ứng.  
- Căn cứ: ""Loại khá: điểm trung bình chung tích lũy từ 2.50 đến 3.19"" (Điều 27, Qui_dinh > THI VÀ TỔ CHỨC THI KẾT THÚC HỌC PHẦN).  

NGUỒN THAM KHẢO:  
- Header/Section: Điều 27, Qui_dinh > THI VÀ TỔ CHỨC THI KẾT THÚC HỌC PHẦN",True,"[515, 526, 485, 508, 564, 509, 525, 479, 518, 457]",10,515,1,1.0,1,1,1.0,True,
Điểm trung bình tích lũy tối thiểu cần đạt để được xếp loại tốt nghiệp “Khá” là bao nhiêu?,base line,"Điểm trung bình tích lũy tối thiểu để được xếp loại ""Khá"" là 2,50.

GIẢI THÍCH CHI TIẾT:  
1) Bước 1: Xác định mức điểm cho loại ""Khá"" trong quy định xếp loại học tập.  
- Căn cứ: ""Loại khá: điểm trung bình chung tích lũy từ 2.50 đến 3.19"" (Điều 27, Qui_dinh > THI VÀ TỔ CHỨC THI KẾT THÚC HỌC PHẦN).  

2) Bước 2: Xác minh loại ""tốt nghiệp Khá"" không được quy định riêng, nên mức điểm ""Khá"" được dùng để xác định xếp loại học tập theo khóa học.  
- Căn cứ: ""Hạng tốt nghiệp của sinh viên có xếp loại học tập khóa học loại xuất sắc hoặc giỏi sẽ bị giảm một mức nếu thuộc một trong các trường hợp..."" (Điều 30, Qui_dinh > Công nhận tốt nghiệp và cấp bằng tốt nghiệp).  

3) Bước 3: Mức điểm ""Khá"" được sử dụng để xếp loại học tập, và mức điểm tối thiểu để đạt loại này là 2,50.  
- Căn cứ: ""Loại khá: điểm trung bình chung tích lũy từ 2.50 đến 3.19"" (Điều 27, Qui_dinh > THI VÀ TỔ CHỨC THI KẾT THÚC HỌC PHẦN).  

NGUỒN THAM KHẢO:  
- Header/Section: Điều 27, Qui_dinh > THI VÀ TỔ CHỨC THI KẾT THÚC HỌC PHẦN",True,"[515, 564, 526, 479, 508, 509, 485, 525, 457, 518]",10,515,1,1.0,1,1,1.0,True,
Mức điểm trung bình tích lũy (GPA) tối thiểu để được xếp loại tốt nghiệp “Khá” là bao nhiêu?,base line,"Mức điểm trung bình tích lũy tối thiểu để được xếp loại ""Khá"" là 2,50.

GIẢI THÍCH CHI TIẾT:  
1) Bước 1: Xếp loại học tập ""Khá"" được quy định là điểm trung bình chung tích lũy từ 2,50 đến 3,19.  
- Căn cứ: ""Loại khá: điểm trung bình chung tích lũy từ 2.50 đến 3.19"" (Điều 27, Qui_dinh > THI VÀ TỔ CHỨC THI KẾT THÚC HỌC PHẦN).  

2) Bước 2: Loại ""Khá"" là tiêu chí để xét tốt nghiệp theo khóa học, nhưng không có quy định giảm hạng hoặc điều kiện khác ảnh hưởng đến mức điểm này.  
- Căn cứ: ""Hạng tốt nghiệp là kết quả xếp loại học tập theo khóa học của sinh viên"" (Điều 30, Qui_dinh > THI VÀ TỔ CHỨC THI KẾT THÚC HỌC PHẦN).  

3) Bước 3: Không có thông tin nào cho thấy mức điểm ""Khá"" bị điều chỉnh hoặc thay đổi theo các điều kiện khác như học lại hoặc kỷ luật.  
- Căn cứ: Không có đoạn văn nào nói đến việc điều chỉnh điểm ""Khá"" do học lại hoặc kỷ luật.  

NGUỒN THAM KHẢO:  
- Header/Section: Điều 27, Qui_dinh > THI VÀ TỔ CHỨC THI KẾT THÚC HỌC PHẦN  
- Header/Section: Điều 30, Qui_dinh > THI VÀ TỔ CHỨC THI KẾT THÚC HỌC PHẦN",True,"[515, 526, 564, 479, 525, 508, 485, 455, 509, 350]",10,515,1,1.0,1,1,1.0,True,
"Theo quy định xếp loại tốt nghiệp, sinh viên cần có điểm trung bình tích lũy tối thiểu bao nhiêu để đạt loại “Khá”?",base line,"Sinh viên cần có điểm trung bình chung tích lũy từ 2.50 đến 3.19 để đạt loại ""Khá"".

GIẢI THÍCH CHI TIẾT:  
1) Bước 1: Theo quy định về xếp loại học tập, loại ""khá"" được định nghĩa là điểm trung bình chung tích lũy từ 2.50 đến 3.19.  
- Căn cứ: ""Loại khá: điểm trung bình chung tích lũy từ 2.50 đến 3.19"" (Điều 27, Qui_dinh > THI VÀ TỔ CHỨC THI KẾT THÚC HỌC PHẦN).  

2) Bước 2: Đây là mức điểm tối thiểu để đạt loại ""Khá"" theo quy định xếp loại học tập theo khóa học.  
- Căn cứ: ""Loại khá: điểm trung bình chung tích lũy từ 2.50 đến 3.19"" (Điều 27, Qui_dinh > THI VÀ TỔ CHỨC THI KẾT THÚC HỌC PHẦN).  

NGUỒN THAM KHẢO:  
- Header/Section: Điều 27, Qui_dinh > THI VÀ TỔ CHỨC THI KẾT THÚC HỌC PHẦN",True,"[515, 526, 525, 485, 479, 508, 509, 564, 475, 481]",10,515,1,1.0,1,1,1.0,True,
Thời gian đào tạo chuẩn của ngành Công nghệ thông tin là bao nhiêu năm?,base line,"Thời gian đào tạo chuẩn của ngành Công nghệ thông tin là 4 năm.

GIẢI THÍCH CHI TIẾT:  
1) Bước 1: Trong phần ""Công nghệ thông tin > I. GIỚI THIỆU CHƯƠNG TRÌNH"", rõ ràng ghi rằng ""Thời gian đào tạo: 4 năm"".  
- Căn cứ: ""Thời gian đào tạo: 4 năm"" (phần Giới thiệu chương trình)  

2) Bước 2: Trong phần ""Qui_dinh > Điều 2. Chương trình đào tạo và thời gian học tập"", nêu rõ ""Thời gian hoàn thành khóa học của kế hoạch học tập chuẩn trong chương trình đào tạo là 04 năm"".  
- Căn cứ: ""Thời gian hoàn thành khóa học của kế hoạch học tập chuẩn trong chương trình đào tạo là 04 năm"" (Điều 2, Chương I)  

3) Bước 3: Các thông tin khác như thời gian học vượt hoặc liên thông không thay đổi thời gian chuẩn, chỉ là điều kiện bổ sung.  
- Căn cứ: ""sinh viên có quyền được học vượt nhằm rút ngắn thời gian học tập nhưng thời gian hoàn thành khóa học không ít hơn 03 năm"" (Điều 2, Chương I)  

NGUỒN THAM KHẢO:  
- Giới thiệu chương trình  
- Điều 2. Chương trình đào tạo và thời gian học tập (Chương I)",True,"[272, 6, 458, 371, 368, 455, 571, 309, 434, 275]",10,272,1,1.0,1,1,1.0,True,
"Theo chương trình đào tạo, thời gian học tiêu chuẩn của ngành Công nghệ thông tin được quy định là bao nhiêu năm?",base line,"Thời gian học tiêu chuẩn của ngành Công nghệ thông tin là 4 năm.

GIẢI THÍCH CHI TIẾT:  
1) Bước 1: Chương trình đào tạo Công nghệ thông tin quy định thời gian đào tạo là 4 năm.  
- Căn cứ: ""Thời gian đào tạo: 4 năm"" (Mạng máy tính và truyền thông dữ liệu > I. GIỚI THIỆU CHƯƠNG TRÌNH > 1. Giới thiệu chung)  

2) Bước 2: Điều này được xác nhận bởi quy định về thời gian học tập trong Chương I, Điều 2, Khoản 4, quy định rằng thời gian hoàn thành khóa học của kế hoạch học tập chuẩn là 04 năm.  
- Căn cứ: ""Thời gian hoàn thành khóa học của kế hoạch học tập chuẩn trong chương trình đào tạo là 04 năm"" (Qui_dinh > Chương I. NHỮNG QUY ĐỊNH CHUNG > Điều 2. Chương trình đào tạo và thời gian học tập > 4)  

NGUỒN THAM KHẢO:  
- Mạng máy tính và truyền thông dữ liệu > I. GIỚI THIỆU CHƯƠNG TRÌNH > 1. Giới thiệu chung  
- Qui_dinh > Chương I. NHỮNG QUY ĐỊNH CHUNG > Điều 2. Chương trình đào tạo và thời gian học tập > 4",True,"[272, 458, 455, 6, 278, 275, 457, 387, 420, 367]",10,272,1,1.0,1,1,1.0,True,
Ngành Công nghệ thông tin có thời gian đào tạo theo chuẩn kéo dài trong bao nhiêu năm học?,base line,"Ngành Công nghệ thông tin có thời gian đào tạo kéo dài trong 4 năm học.  

GIẢI THÍCH CHI TIẾT:  
1) Bước 1: Thời gian đào tạo của chương trình Công nghệ thông tin được nêu rõ là 4 năm trong phần giới thiệu chương trình.  
- Căn cứ: ""Thời gian đào tạo: 4 năm"" (phần ""I. GIỚI THIỆU CHƯƠNG TRÌNH"")  

2) Bước 2: Điều 2 trong ""Qui_dinh > Chương I. NHỮNG QUY ĐỊNH CHUNG"" cũng xác định thời gian hoàn thành khóa học là 04 năm, cho thấy thời gian đào tạo chuẩn là 4 năm.  
- Căn cứ: ""Thời gian hoàn thành khóa học của kế hoạch học tập chuẩn trong chương trình đào tạo là 04 năm"" (phần ""Điều 2. Chương trình đào tạo và thời gian học tập"")  

3) Bước 3: Mặc dù sinh viên có thể học vượt để rút ngắn thời gian, nhưng thời gian hoàn thành tối thiểu là 3 năm, và thời gian chuẩn vẫn là 4 năm.  
- Căn cứ: ""thời gian hoàn thành khóa học không ít hơn 03 năm"" (phần ""Điều 2. Chương trình đào tạo và thời gian học tập"")  

NGUỒN THAM KHẢO:  
- I. GIỚI THIỆU CHƯƠNG TRÌNH  
- Qui_dinh > Chương I. NHỮNG QUY ĐỊNH CHUNG > Điều 2. Chương trình đào tạo và thời gian học tập",True,"[272, 6, 458, 368, 371, 420, 138, 387, 275, 406]",10,272,1,1.0,1,1,1.0,True,
Thời lượng đào tạo chuẩn (tính theo năm) của chương trình ngành Công nghệ thông tin là bao nhiêu?,base line,"Thời lượng đào tạo chuẩn của chương trình ngành Công nghệ thông tin là 4 năm.

GIẢI THÍCH CHI TIẾT:  
1) Bước 1: Chương trình đào tạo Công nghệ thông tin có thời gian đào tạo là 4 năm, được nêu rõ trong phần Giới thiệu chương trình.  
- Căn cứ: ""Thời gian đào tạo: 4 năm"" (Công nghệ thông tin > I. GIỚI THIỆU CHƯƠNG TRÌNH)  

2) Bước 2: Điều 2 của Chương I – Những quy định chung nêu rõ thời gian hoàn thành khóa học của kế hoạch học tập chuẩn là 04 năm.  
- Căn cứ: ""Thời gian hoàn thành khóa học của kế hoạch học tập chuẩn trong chương trình đào tạo là 04 năm"" (Qui_dinh > Chương I. NHỮNG QUY ĐỊNH CHUNG > Điều 2. Chương trình đào tạo và thời gian học tập > 4)  

3) Bước 3: Không có thông tin nào cho thấy thời lượng đào tạo được điều chỉnh hoặc thay đổi theo hình thức đào tạo khác (như liên thông), nên thời lượng chuẩn vẫn là 4 năm.  
- Căn cứ: ""Đối với sinh viên liên thông, thời gian hoàn thành khóa học được xác định cho từng sinh viên căn cứ khối lượng tín chỉ cần phải tích lũy còn phải học với cách xác định là 30 tín chỉ tương ứng với 01 năm."" (Qui_dinh > Điều 2 > 4)  

NGUỒN THAM KHẢO:  
- Công nghệ thông tin > I. GIỚI THIỆU CHƯƠNG TRÌNH  
- Qui_dinh > Chương I. NHỮNG QUY ĐỊNH CHUNG > Điều 2. Chương trình đào tạo và thời gian học tập > 4",True,"[272, 458, 6, 455, 387, 371, 375, 293, 368, 367]",10,272,1,1.0,1,1,1.0,True,
"Theo kế hoạch đào tạo chính thức, ngành Công nghệ thông tin được thiết kế với thời gian học chuẩn là bao nhiêu năm?",base line,"Thời gian học chuẩn của ngành Công nghệ thông tin là 4 năm.

GIẢI THÍCH CHI TIẾT:  
1) Bước 1: Chương trình đào tạo ngành Công nghệ thông tin được quy định thời gian đào tạo là 4 năm.  
- Căn cứ: ""Thời gian đào tạo: 4 năm"" (Phần I. GIỚI THIỆU CHƯƠNG TRÌNH – Công nghệ thông tin)  

2) Bước 2: Điều này được xác nhận bởi quy định chung về thời gian hoàn thành khóa học là 04 năm, và không có thông tin nào cho thấy thời gian này được điều chỉnh cho các định hướng khác.  
- Căn cứ: ""Thời gian hoàn thành khóa học của kế hoạch học tập chuẩn trong chương trình đào tạo là 04 năm"" (Điều 2 – Qui_dinh)  

NGUỒN THAM KHẢO:  
- Phần I. GIỚI THIỆU CHƯƠNG TRÌNH – Công nghệ thông tin  
- Điều 2 – Qui_dinh",True,"[458, 272, 6, 273, 317, 455, 327, 278, 162, 311]",10,272,2,0.5,1,1,1.0,True,
Chương trình đào tạo ngành Công nghệ thông tin quy định thời gian đào tạo chuẩn là bao nhiêu năm?,base line,"Chương trình đào tạo ngành Công nghệ thông tin quy định thời gian đào tạo chuẩn là 4 năm.

GIẢI THÍCH CHI TIẾT:  
1) Bước 1: Thời gian đào tạo chuẩn của chương trình được nêu rõ trong phần ""Thời gian đào tạo"" của chương trình Công nghệ thông tin.  
- Căn cứ: ""Thời gian đào tạo: 4 năm"" (Công nghệ thông tin > I. GIỚI THIỆU CHƯƠNG TRÌNH)  

2) Bước 2: Điều này được xác nhận thêm trong phần ""Điều 2. Chương trình đào tạo và thời gian học tập"" quy định thời gian hoàn thành khóa học của kế hoạch học tập chuẩn là 04 năm.  
- Căn cứ: ""Thời gian hoàn thành khóa học của kế hoạch học tập chuẩn trong chương trình đào tạo là 04 năm"" (Qui_dinh > Điều 2 > 4)  

3) Bước 3: Mặc dù có thông tin về việc sinh viên có thể học vượt để rút ngắn thời gian, nhưng thời gian chuẩn vẫn được quy định là 4 năm, không ít hơn 3 năm.  
- Căn cứ: ""thời gian hoàn thành khóa học không ít hơn 03 năm"" (Qui_dinh > Điều 2 > 4)  

NGUỒN THAM KHẢO:  
- Công nghệ thông tin > I. GIỚI THIỆU CHƯƠNG TRÌNH  
- Qui_dinh > Chương I. NHỮNG QUY ĐỊNH CHUNG > Điều 2. Chương trình đào tạo và thời gian học tập > 4",True,"[272, 458, 6, 455, 275, 273, 278, 456, 387, 365]",10,272,1,1.0,1,1,1.0,True,
Ngành Công nghệ thông tin có mã ngành là?,base line,"Tôi không tìm thấy thông tin đủ để trả lời câu hỏi này.

GIẢI THÍCH CHI TIẾT:  
1) Bước 1: Câu hỏi yêu cầu mã ngành của ngành Công nghệ thông tin, nhưng trong toàn bộ CONTEXT không có đoạn nào đề cập đến ""mã ngành"" hoặc ""mã ngành Công nghệ thông tin"".  
- Căn cứ: ""Công nghệ thông tin > III. CHƯƠNG TRÌNH CHI TIẾT > 2. Kiến thức giáo dục chuyên nghiệp: > 2.2. Kiến thức ngành: > Luật công nghệ thông tin"" (phần đầu tiên của CONTEXT)  
2) Bước 2: Các phần trong CONTEXT chỉ liệt kê mã học phần (ví dụ: 124005, 123033), không có mã ngành nào được nêu.  
- Căn cứ: ""Mã học phần: 124005"" (trong phần Luật công nghệ thông tin)  
3) Bước 3: Không có thông tin nào trong CONTEXT liên quan đến mã ngành, chỉ có thông tin về học phần, tín chỉ, nội dung, và các nhóm chuyên ngành.  
- Căn cứ: ""Mạng máy tính và truyền thông dữ liệu > PHỤ LỤC 2: BẢNG MÔ TẢ CÁC HỌC PHẦN MMT&TTDL"" (phần mô tả học phần ngành MMT&TTDL)  

NGUỒN THAM KHẢO:  
- Header/Section: Công nghệ thông tin > III. CHƯƠNG TRÌNH CHI TIẾT > 2. Kiến thức giáo dục chuyên nghiệp: > 2.2. Kiến thức ngành: > Luật công nghệ thông tin  
- Header/Section: Công nghệ thông tin > IV. CHƯƠNG TRÌNH KHUNG (KẾ HOẠCH THỰC HIỆN) > HỌC KỲ 7 > Luật Công nghệ thông tin  
- Header/Section: Mạng máy tính và truyền thông dữ liệu > PHỤ LỤC 2: BẢNG MÔ TẢ CÁC HỌC PHẦN MMT&TTDL",False,"[320, 420, 231, 368, 315, 327, 77, 211, 80, 245]",10,272,0,0.0,0,0,0.0,True,False
Mã ngành được quy định cho ngành Công nghệ thông tin là gì?,base line,"Tôi không tìm thấy thông tin đủ để trả lời câu hỏi này.

GIẢI THÍCH CHI TIẾT:  
1) Bước 1: Context cung cấp chi tiết về các học phần, mã học phần, nội dung và lịch học cho các ngành như ""Công nghệ thông tin"" và ""Mạng máy tính và truyền thông dữ liệu"", nhưng không đề cập đến mã ngành được quy định cho ngành Công nghệ thông tin.  
- Căn cứ: ""Công nghệ thông tin > III. CHƯƠNG TRÌNH CHI TIẾT > 2. Kiến thức giáo dục chuyên nghiệp: > 2.2. Kiến thức ngành: > Luật công nghệ thông tin"" (header/section)  

2) Bước 2: Không có đoạn nào trong context nêu rõ mã ngành (mã ngành học) được quy định cho ngành Công nghệ thông tin. Các thông tin về học phần đều chỉ định mã học phần (ví dụ: 124005), không phải mã ngành.  
- Căn cứ: ""Mã học phần: 124005"" (trong phần mô tả học phần)  

3) Bước 3: Do đó, không có dữ liệu nào trong context liên quan trực tiếp đến mã ngành của ngành Công nghệ thông tin.  
- Căn cứ: Không có đoạn nào đề cập đến ""mã ngành"" hoặc ""mã ngành Công nghệ thông tin""  

NGUỒN THAM KHẢO:  
- Header/Section: Công nghệ thông tin > III. CHƯƠNG TRÌNH CHI TIẾT > 2. Kiến thức giáo dục chuyên nghiệp: > 2.2. Kiến thức ngành: > Luật công nghệ thông tin  
- Header/Section: Mã học phần: 124005",False,"[320, 420, 368, 231, 315, 327, 197, 211, 138, 222]",10,272,0,0.0,0,0,0.0,True,False
"Theo danh mục ngành đào tạo, ngành Công nghệ thông tin có mã ngành tương ứng là bao nhiêu?",base line,"Mã ngành đào tạo là 7480201.

GIẢI THÍCH CHI TIẾT:  
1) Bước 1: Trong phần ""Công nghệ thông tin > I. GIỚI THIỆU CHƯƠNG TRÌNH"", có ghi rõ mã ngành đào tạo là 7480201.  
- Căn cứ: ""Mã ngành đào tạo: 7480201"" (phần I. GIỚI THIỆU CHƯƠNG TRÌNH)  

2) Bước 2: Đây là thông tin trực tiếp liên quan đến mã ngành của chương trình đào tạo ngành Công nghệ thông tin, được nêu rõ trong phần giới thiệu chương trình.  
- Căn cứ: ""Mã ngành đào tạo: 7480201"" (phần I. GIỚI THIỆU CHƯƠNG TRÌNH)  

NGUỒN THAM KHẢO:  
- Header/Section: I. GIỚI THIỆU CHƯƠNG TRÌNH",True,"[272, 420, 77, 368, 320, 214, 327, 315, 365, 235]",10,272,1,1.0,1,1,1.0,True,
Ngành Công nghệ thông tin được xác định bằng mã ngành nào trong hệ thống mã ngành?,base line,"Tôi không tìm thấy thông tin đủ để trả lời câu hỏi này.

GIẢI THÍCH CHI TIẾT:  
1) Bước 1: Câu hỏi yêu cầu mã ngành của ngành Công nghệ thông tin, nhưng toàn bộ CONTEXT chỉ liệt kê các mã học phần (ví dụ: 124005, 122042, 125006) và các nhóm học phần, không có mã ngành nào được nêu.  
- Căn cứ: ""Công nghệ thông tin > III. CHƯƠNG TRÌNH CHI TIẾT > 2. Kiến thức giáo dục chuyên nghiệp: > 2.2. Kiến thức ngành: > Luật công nghệ thông tin"" (header/section)  
2) Bước 2: Không có đoạn nào trong CONTEXT đề cập đến mã ngành cụ thể của ngành Công nghệ thông tin, chỉ có các mã học phần thuộc ngành đó.  
- Căn cứ: ""Mã học phần: 124005"" (trong phần nội dung học phần)  
3) Bước 3: Các mã học phần như 124005, 122042, 125006 là mã học phần, không phải mã ngành. Không có thông tin nào liên kết mã học phần với mã ngành.  

NGUỒN THAM KHẢO:  
- Header/Section: ""Công nghệ thông tin > III. CHƯƠNG TRÌNH CHI TIẾT > 2. Kiến thức giáo dục chuyên nghiệp: > 2.2. Kiến thức ngành: > Luật công nghệ thông tin""  
- Header/Section: ""Mã học phần: 124005"" (trong phần nội dung học phần)",False,"[320, 368, 222, 231, 327, 315, 420, 249, 322, 245]",10,272,0,0.0,0,0,0.0,True,False
"Trong hồ sơ/chương trình đào tạo, mã ngành của ngành Công nghệ thông tin được ghi nhận là gì?",base line,"Mã ngành của ngành Công nghệ thông tin là 7480201.

GIẢI THÍCH CHI TIẾT:  
1) Bước 1: Xác định mã ngành từ phần giới thiệu chương trình đào tạo ngành Công nghệ thông tin.  
- Căn cứ: ""Mã ngành đào tạo: 7480201"" (phần ""Công nghệ thông tin > I. GIỚI THIỆU CHƯƠNG TRÌNH"")  

2) Bước 2: Kiểm tra tính nhất quán giữa mã ngành và tên ngành để đảm bảo không nhầm lẫn với các ngành khác.  
- Căn cứ: ""Công nghệ thông tin > I. GIỚI THIỆU CHƯƠNG TRÌNH"" chỉ rõ tên chương trình và mã ngành tương ứng.  

NGUỒN THAM KHẢO:  
- Header/Section: Công nghệ thông tin > I. GIỚI THIỆU CHƯƠNG TRÌNH",True,"[272, 197, 293, 204, 549, 245, 320, 327, 214, 375]",10,272,1,1.0,1,1,1.0,True,
Mã số ngành (mã ngành) của ngành Công nghệ thông tin là gì theo quy định hiện hành?,base line,"Tôi không tìm thấy thông tin đủ để trả lời câu hỏi này.

GIẢI THÍCH CHI TIẾT:  
1) Bước 1: Context cung cấp chi tiết về các học phần, mã học phần, số tín chỉ và loại học phần thuộc ngành Công nghệ thông tin và Mạng máy tính và truyền thông dữ liệu, nhưng không có thông tin nào về ""mã số ngành"" theo quy định hiện hành.  
- Căn cứ: ""Công nghệ thông tin > IV. CHƯƠNG TRÌNH KHUNG (KẾ HOẠCH THỰC HIỆN) > HỌC KỲ 1 > Nhập môn ngành CNTT"" (header/section: Công nghệ thông tin > IV. CHƯƠNG TRÌNH KHUNG)  
2) Bước 2: Không có đoạn văn nào đề cập đến mã số ngành (mã ngành) của ngành Công nghệ thông tin, cũng như không có thông tin về quy định hiện hành về mã ngành.  
- Căn cứ: ""Công nghệ thông tin > III. CHƯƠNG TRÌNH CHI TIẾT > 2. Kiến thức giáo dục chuyên nghiệp: > 2.2. Kiến thức ngành: > Luật công nghệ thông tin"" (header/section: Công nghệ thông tin > III. CHƯƠNG TRÌNH CHI TIẾT)  
3) Bước 3: Việc xác định mã số ngành cần thông tin rõ ràng về hệ thống mã ngành của ngành, mà không có trong nội dung được cung cấp.  
- Căn cứ: ""Tổng số tín chỉ: 31 tín chỉ"" (dòng nội dung trong phần III. CHƯƠNG TRÌNH CHI TIẾT)  

NGUỒN THAM KHẢO:  
- Header/Section: Công nghệ thông tin > IV. CHƯƠNG TRÌNH KHUNG (KẾ HOẠCH THỰC HIỆN)  
- Header/Section: Công nghệ thông tin > III. CHƯƠNG TRÌNH CHI TIẾT  
- Header/Section: Mạng máy tính và truyền thông dữ liệu > PHỤ LỤC 2: BẢNG MÔ TẢ CÁC HỌC PHẦN MMT&TTDL",False,"[368, 320, 420, 371, 315, 81, 231, 308, 382, 302]",10,272,0,0.0,0,0,0.0,True,False
Số lượng tín chỉ của chương trình đào tạo ngành Công nghệ thông tin được xác định là bao nhiêu?,metadata,"Số lượng tín chỉ của chương trình đào tạo ngành Công nghệ thông tin là 120 tín chỉ.

GIẢI THÍCH CHI TIẾT:  
1) Bước 1: Chương trình đào tạo ngành Công nghệ thông tin có tổng số tín chỉ được nêu rõ trong phần giới thiệu chương trình.  
- Căn cứ: ""Tổng số tín chỉ: 120 tín chỉ (Không bao gồm: Giáo dục Quốc phòng và An ninh, Giáo dục thể chất, kỹ năng mềm, kiến thức bổ trợ khác)"" (Phần ""I. GIỚI THIỆU CHƯƠNG TRÌNH"")  

2) Bước 2: Thông tin này được xác định rõ ràng và không bị trừ đi các học phần khác như giáo dục quốc phòng, thể chất, kỹ năng mềm, hay kiến thức bổ trợ khác, do được nêu cụ thể trong phần tổng số tín chỉ.  
- Căn cứ: ""Tổng số tín chỉ: 120 tín chỉ (Không bao gồm: Giáo dục Quốc phòng và An ninh, Giáo dục thể chất, kỹ năng mềm, kiến thức bổ trợ khác)"" (Phần ""I. GIỚI THIỆU CHƯƠNG TRÌNH"")  

NGUỒN THAM KHẢO:  
- Header/Section: I. GIỚI THIỆU CHƯƠNG TRÌNH
2025-12-27 20:50:22,922 - rag_pipeline - INFO - [main.py:75] - ANSWER:  
Số lượng tín chỉ của chương trình đào tạo ngành Công nghệ thông tin là 120 tín chỉ.

GIẢI THÍCH CHI TIẾT:  
1) Bước 1: Chương trình đào tạo ngành Công nghệ thông tin có tổng số tín chỉ được nêu rõ trong phần giới thiệu chương trình.  
- Căn cứ: ""Tổng số tín chỉ: 120 tín chỉ (Không bao gồm: Giáo dục Quốc phòng và An ninh, Giáo dục thể chất, kỹ năng mềm, kiến thức bổ trợ khác)"" (Phần ""I. GIỚI THIỆU CHƯƠNG TRÌNH"")  

2) Bước 2: Thông tin này được xác định rõ ràng và không bị trừ đi các học phần khác như giáo dục quốc phòng, thể chất, kỹ năng mềm, hay kiến thức bổ trợ khác, do được nêu cụ thể trong phần tổng số tín chỉ.  
- Căn cứ: ""Tổng số tín chỉ: 120 tín chỉ (Không bao gồm: Giáo dục Quốc phòng và An ninh, Giáo dục thể chất, kỹ năng mềm, kiến thức bổ trợ khác)"" (Phần ""I. GIỚI THIỆU CHƯƠNG TRÌNH"")  

NGUỒN THAM KHẢO:  
- Header/Section: I. GIỚI THIỆU CHƯƠNG TRÌNH",True,"[320, 272, 342, 327, 329, 338, 293, 311, 344, 336]",10,272,2,0.5,1,1,1.0,True,
Tổng số tín chỉ của chương trình đào tạo ngành Công nghệ thông tin là bao nhiêu?,metadata,"Tổng số tín chỉ của chương trình đào tạo ngành Công nghệ thông tin là 120 tín chỉ.  

GIẢI THÍCH CHI TIẾT:  
1) Bước 1: Chương trình đào tạo ngành Công nghệ thông tin có tổng số tín chỉ được nêu rõ trong phần giới thiệu chung của môn Mạng máy tính và truyền thông dữ liệu.  
- Căn cứ: ""Công nghệ thông tin > III. CHƯƠNG TRÌNH CHI TIẾT > 2. Kiến thức giáo dục chuyên nghiệp: > Mạng máy tính và truyền thông dữ liệu > I. GIỚI THIỆU CHƯƠNG TRÌNH > 1. Giới thiệu chung > Tổng số tín chỉ: 120 tín chỉ (Không bao gồm: Giáo dục Quốc phòng và An ninh, Giáo dục thể chất, kỹ năng mềm, kiến thức bổ trợ khác)""  

2) Bước 2: Phần này xác định tổng số tín chỉ của chương trình, không bao gồm các môn học bổ trợ, nên tổng tín chỉ chính thức của chương trình là 120 tín chỉ.  
- Căn cứ: ""Tổng số tín chỉ: 120 tín chỉ (Không bao gồm: Giáo dục Quốc phòng và An ninh, Giáo dục thể chất, kỹ năng mềm, kiến thức bổ trợ khác)"" (vị trí: Giới thiệu chung – Mạng máy tính và truyền thông dữ liệu)  

NGUỒN THAM KHẢO:  
- Header/Section: Công nghệ thông tin > III. CHƯƠNG TRÌNH CHI TIẾT > 2. Kiến thức giáo dục chuyên nghiệp: > Mạng máy tính và truyền thông dữ liệu > I. GIỚI THIỆU CHƯƠNG TRÌNH > 1. Giới thiệu chung > Tổng số tín chỉ
2025-12-28 18:29:04,252 - rag_pipeline - INFO - [main.py:75] - ANSWER:  
Tổng số tín chỉ của chương trình đào tạo ngành Công nghệ thông tin là 120 tín chỉ.  

GIẢI THÍCH CHI TIẾT:  
1) Bước 1: Chương trình đào tạo ngành Công nghệ thông tin có tổng số tín chỉ được nêu rõ trong phần giới thiệu chung của môn Mạng máy tính và truyền thông dữ liệu.  
- Căn cứ: ""Công nghệ thông tin > III. CHƯƠNG TRÌNH CHI TIẾT > 2. Kiến thức giáo dục chuyên nghiệp: > Mạng máy tính và truyền thông dữ liệu > I. GIỚI THIỆU CHƯƠNG TRÌNH > 1. Giới thiệu chung > Tổng số tín chỉ: 120 tín chỉ (Không bao gồm: Giáo dục Quốc phòng và An ninh, Giáo dục thể chất, kỹ năng mềm, kiến thức bổ trợ khác)""  

2) Bước 2: Phần này xác định tổng số tín chỉ của chương trình, không bao gồm các môn học bổ trợ, nên tổng tín chỉ chính thức của chương trình là 120 tín chỉ.  
- Căn cứ: ""Tổng số tín chỉ: 120 tín chỉ (Không bao gồm: Giáo dục Quốc phòng và An ninh, Giáo dục thể chất, kỹ năng mềm, kiến thức bổ trợ khác)"" (vị trí: Giới thiệu chung – Mạng máy tính và truyền thông dữ liệu)  

NGUỒN THAM KHẢO:  
- Header/Section: Công nghệ thông tin > III. CHƯƠNG TRÌNH CHI TIẾT > 2. Kiến thức giáo dục chuyên nghiệp: > Mạng máy tính và truyền thông dữ liệu > I. GIỚI THIỆU CHƯƠNG TRÌNH > 1. Giới thiệu chung > Tổng số tín chỉ",True,"[320, 295, 308, 311, 325, 7, 336, 318, 309, 338]",10,7,6,0.16666666666666666,1,1,1.0,True,True
Chương trình đào tạo ngành Công nghệ thông tin có tổng cộng bao nhiêu tín chỉ?,metadata,"Chương trình đào tạo ngành Công nghệ thông tin có tổng cộng 120 tín chỉ.  

GIẢI THÍCH CHI TIẾT:  
1) Bước 1: Chương trình đào tạo ngành Công nghệ thông tin có tổng số tín chỉ được nêu rõ là 120 tín chỉ.  
- Căn cứ: ""Tổng số tín chỉ: 120 tín chỉ (Không bao gồm: Giáo dục Quốc phòng và An ninh, Giáo dục thể chất, kỹ năng mềm, kiến thức bổ trợ khác)"" (phần ""I. GIỚI THIỆU CHƯƠNG TRÌNH"")  

2) Bước 2: Các học phần thuộc các khối kiến thức (khoa học cơ bản, kiến thức chuyên ngành, tự chọn, luận văn) đều được liệt kê với số tín chỉ cụ thể, nhưng tổng số tín chỉ của các khối này không vượt quá 120 tín chỉ, và không có thông tin cho thấy có thêm tín chỉ ngoài 120.  
- Căn cứ: ""Tổng số tín chỉ: 120 tín chỉ (Không bao gồm: Giáo dục Quốc phòng và An ninh, Giáo dục thể chất, kỹ năng mềm, kiến thức bổ trợ khác)"" (phần ""I. GIỚI THIỆU CHƯƠNG TRÌNH"")  

3) Bước 3: Các khối kiến thức như kiến thức khoa học cơ bản (2 tín chỉ), kiến thức cơ sở ngành (29 tín chỉ), kiến thức ngành (31 tín chỉ), học phần tự chọn (28 tín chỉ), và luận văn (6 tín chỉ) cộng lại là 2+29+31+28+6 = 96 tín chỉ, vẫn nhỏ hơn 120 tín chỉ, điều này phù hợp với thông tin tổng quát về tổng tín chỉ.  
- Căn cứ: ""Tổng số tín chỉ: 29 tín chỉ"" (phần ""2.1. Kiến thức cơ sở ngành""), ""Tổng số tín chỉ: 31 tín chỉ"" (phần ""2.2. Kiến thức ngành""), ""Sinh viên có thể chọn 28 tín chỉ và 6 tín chỉ luận văn tốt nghiệp"" (phần ""Sinh viên có thể chọn 28 tín chỉ và 6 tín chỉ luận văn tốt nghiệp"")  

NGUỒN THAM KHẢO:  
- Header/Section: I. GIỚI THIỆU CHƯƠNG TRÌNH  
- Header/Section: III. CHƯƠNG TRÌNH CHI TIẾT > 2. Kiến thức giáo dục chuyên nghiệp: > 2.1. Kiến thức cơ sở ngành  
- Header/Section: III. CHƯƠNG TRÌNH CHI TIẾT > 2. Kiến thức giáo dục chuyên nghiệp: > 2.2. Kiến thức ngành  
- Header/Section: III. CHƯƠNG TRÌNH CHI TIẾT > 2. Kiến thức giáo dục chuyên nghiệp: > Sinh viên có thể chọn 28 tín chỉ và 6 tín chỉ luận văn tốt nghiệp
2025-12-28 18:31:40,255 - rag_pipeline - INFO - [main.py:75] - ANSWER:  
Chương trình đào tạo ngành Công nghệ thông tin có tổng cộng 120 tín chỉ.  

GIẢI THÍCH CHI TIẾT:  
1) Bước 1: Chương trình đào tạo ngành Công nghệ thông tin có tổng số tín chỉ được nêu rõ là 120 tín chỉ.  
- Căn cứ: ""Tổng số tín chỉ: 120 tín chỉ (Không bao gồm: Giáo dục Quốc phòng và An ninh, Giáo dục thể chất, kỹ năng mềm, kiến thức bổ trợ khác)"" (phần ""I. GIỚI THIỆU CHƯƠNG TRÌNH"")  

2) Bước 2: Các học phần thuộc các khối kiến thức (khoa học cơ bản, kiến thức chuyên ngành, tự chọn, luận văn) đều được liệt kê với số tín chỉ cụ thể, nhưng tổng số tín chỉ của các khối này không vượt quá 120 tín chỉ, và không có thông tin cho thấy có thêm tín chỉ ngoài 120.  
- Căn cứ: ""Tổng số tín chỉ: 120 tín chỉ (Không bao gồm: Giáo dục Quốc phòng và An ninh, Giáo dục thể chất, kỹ năng mềm, kiến thức bổ trợ khác)"" (phần ""I. GIỚI THIỆU CHƯƠNG TRÌNH"")  

3) Bước 3: Các khối kiến thức như kiến thức khoa học cơ bản (2 tín chỉ), kiến thức cơ sở ngành (29 tín chỉ), kiến thức ngành (31 tín chỉ), học phần tự chọn (28 tín chỉ), và luận văn (6 tín chỉ) cộng lại là 2+29+31+28+6 = 96 tín chỉ, vẫn nhỏ hơn 120 tín chỉ, điều này phù hợp với thông tin tổng quát về tổng tín chỉ.  
- Căn cứ: ""Tổng số tín chỉ: 29 tín chỉ"" (phần ""2.1. Kiến thức cơ sở ngành""), ""Tổng số tín chỉ: 31 tín chỉ"" (phần ""2.2. Kiến thức ngành""), ""Sinh viên có thể chọn 28 tín chỉ và 6 tín chỉ luận văn tốt nghiệp"" (phần ""Sinh viên có thể chọn 28 tín chỉ và 6 tín chỉ luận văn tốt nghiệp"")  

NGUỒN THAM KHẢO:  
- Header/Section: I. GIỚI THIỆU CHƯƠNG TRÌNH  
- Header/Section: III. CHƯƠNG TRÌNH CHI TIẾT > 2. Kiến thức giáo dục chuyên nghiệp: > 2.1. Kiến thức cơ sở ngành  
- Header/Section: III. CHƯƠNG TRÌNH CHI TIẾT > 2. Kiến thức giáo dục chuyên nghiệp: > 2.2. Kiến thức ngành  
- Header/Section: III. CHƯƠNG TRÌNH CHI TIẾT > 2. Kiến thức giáo dục chuyên nghiệp: > Sinh viên có thể chọn 28 tín chỉ và 6 tín chỉ luận văn tốt nghiệp",True,"[272, 320, 338, 311, 293, 295, 344, 336, 308, 318]",10,272,1,1.0,1,1,1.0,True,
Tổng số tín chỉ mà sinh viên ngành Công nghệ thông tin cần tích lũy là bao nhiêu?,metadata,"Tổng số tín chỉ mà sinh viên cần tích lũy là 28 tín chỉ tự chọn và 6 tín chỉ luận văn tốt nghiệp, tổng cộng 34 tín chỉ.

GIẢI THÍCH CHI TIẾT:  
1) Bước 1: Sinh viên có thể chọn 28 tín chỉ và 6 tín chỉ luận văn tốt nghiệp trong chương trình đào tạo.  
- Căn cứ: ""Sinh viên có thể chọn 28 tín chỉ và 6 tín chỉ luận văn tốt nghiệp"" (phần ""Kiến thức giáo dục chuyên nghiệp"" trong CONTEXT)  

2) Bước 2: Tổng số tín chỉ được tính bằng cách cộng 28 tín chỉ tự chọn và 6 tín chỉ luận văn tốt nghiệp.  
- Căn cứ: ""Sinh viên có thể chọn 28 tín chỉ và 6 tín chỉ luận văn tốt nghiệp"" (phần ""Kiến thức giáo dục chuyên nghiệp"")  

NGUỒN THAM KHẢO:  
- Header/Section: Công nghệ thông tin > III. CHƯƠNG TRÌNH CHI TIẾT > 2. Kiến thức giáo dục chuyên nghiệp
2025-12-28 18:39:41,074 - rag_pipeline - INFO - [main.py:75] - ANSWER:  
Tổng số tín chỉ mà sinh viên cần tích lũy là 28 tín chỉ tự chọn và 6 tín chỉ luận văn tốt nghiệp, tổng cộng 34 tín chỉ.

GIẢI THÍCH CHI TIẾT:  
1) Bước 1: Sinh viên có thể chọn 28 tín chỉ và 6 tín chỉ luận văn tốt nghiệp trong chương trình đào tạo.  
- Căn cứ: ""Sinh viên có thể chọn 28 tín chỉ và 6 tín chỉ luận văn tốt nghiệp"" (phần ""Kiến thức giáo dục chuyên nghiệp"" trong CONTEXT)  

2) Bước 2: Tổng số tín chỉ được tính bằng cách cộng 28 tín chỉ tự chọn và 6 tín chỉ luận văn tốt nghiệp.  
- Căn cứ: ""Sinh viên có thể chọn 28 tín chỉ và 6 tín chỉ luận văn tốt nghiệp"" (phần ""Kiến thức giáo dục chuyên nghiệp"")  

NGUỒN THAM KHẢO:  
- Header/Section: Công nghệ thông tin > III. CHƯƠNG TRÌNH CHI TIẾT > 2. Kiến thức giáo dục chuyên nghiệp",True,"[339, 344, 331, 342, 326, 338, 349, 336, 328, 329]",10,344,2,0.5,1,1,1.0,True,True
Ngành Công nghệ thông tin quy định sinh viên phải hoàn thành bao nhiêu tín chỉ?,metadata,"Sinh viên phải hoàn thành 28 tín chỉ tự chọn và 6 tín chỉ luận văn tốt nghiệp, tổng cộng 34 tín chỉ.  

GIẢI THÍCH CHI TIẾT:  
1) Bước 1: Chương trình quy định sinh viên có thể chọn 28 tín chỉ và 6 tín chỉ luận văn tốt nghiệp.  
- Căn cứ: ""Sinh viên có thể chọn 28 tín chỉ và 6 tín chỉ luận văn tốt nghiệp"" (Công nghệ thông tin > III. CHƯƠNG TRÌNH CHI TIẾT > 2. Kiến thức giáo dục chuyên nghiệp)  

2) Bước 2: Tổng số tín chỉ được tính là tổng của 28 tín chỉ tự chọn và 6 tín chỉ luận văn tốt nghiệp.  
- Căn cứ: ""Sinh viên có thể chọn 28 tín chỉ và 6 tín chỉ luận văn tốt nghiệp"" (Công nghệ thông tin > III. CHƯƠNG TRÌNH CHI TIẾT > 2. Kiến thức giáo dục chuyên nghiệp)  

NGUỒN THAM KHẢO:  
- Header/Section: Công nghệ thông tin > III. CHƯƠNG TRÌNH CHI TIẾT > 2. Kiến thức giáo dục chuyên nghiệp
2025-12-28 18:44:41,661 - rag_pipeline - INFO - [main.py:75] - ANSWER:  
Sinh viên phải hoàn thành 28 tín chỉ tự chọn và 6 tín chỉ luận văn tốt nghiệp, tổng cộng 34 tín chỉ.  

GIẢI THÍCH CHI TIẾT:  
1) Bước 1: Chương trình quy định sinh viên có thể chọn 28 tín chỉ và 6 tín chỉ luận văn tốt nghiệp.  
- Căn cứ: ""Sinh viên có thể chọn 28 tín chỉ và 6 tín chỉ luận văn tốt nghiệp"" (Công nghệ thông tin > III. CHƯƠNG TRÌNH CHI TIẾT > 2. Kiến thức giáo dục chuyên nghiệp)  

2) Bước 2: Tổng số tín chỉ được tính là tổng của 28 tín chỉ tự chọn và 6 tín chỉ luận văn tốt nghiệp.  
- Căn cứ: ""Sinh viên có thể chọn 28 tín chỉ và 6 tín chỉ luận văn tốt nghiệp"" (Công nghệ thông tin > III. CHƯƠNG TRÌNH CHI TIẾT > 2. Kiến thức giáo dục chuyên nghiệp)  

NGUỒN THAM KHẢO:  
- Header/Section: Công nghệ thông tin > III. CHƯƠNG TRÌNH CHI TIẾT > 2. Kiến thức giáo dục chuyên nghiệp",True,"[333, 342, 338, 327, 328, 329, 341, 349, 344, 326]",10,344,9,0.1111111111111111,1,1,1.0,True,True
Toàn bộ chương trình đào tạo ngành Công nghệ thông tin bao gồm bao nhiêu tín chỉ?,metadata,"Tôi không tìm thấy thông tin đủ để trả lời câu hỏi này.

GIẢI THÍCH CHI TIẾT:  
1) Bước 1: Chương trình đào tạo ngành Công nghệ thông tin không cung cấp tổng số tín chỉ cần thiết để hoàn thành chương trình.  
- Căn cứ: ""Sinh viên có thể chọn 28 tín chỉ và 6 tín chỉ luận văn tốt nghiệp"" (phần ""Kiến thức giáo dục chuyên nghiệp"")  
2) Bước 2: Các học phần được liệt kê đều chỉ nêu số tín chỉ riêng lẻ (ví dụ: 3 tín chỉ cho một học phần), nhưng không có tổng cộng các học phần bắt buộc và tự chọn.  
- Căn cứ: ""Số tín chỉ: 3"" (đối với nhiều học phần như Nhập môn ngành CNTT, Kiến trúc máy tính, v.v.)  
3) Bước 3: Không có thông tin tổng hợp về tổng tín chỉ bắt buộc và tự chọn trong chương trình.  
- Căn cứ: Không có dòng nào tổng hợp tổng số tín chỉ của toàn bộ chương trình.  

NGUỒN THAM KHẢO:  
- Header/Section: Công nghệ thông tin > III. CHƯƠNG TRÌNH CHI TIẾT > 2. Kiến thức giáo dục chuyên nghiệp: > Sinh viên có thể chọn 28 tín chỉ và 6 tín chỉ luận văn tốt nghiệp
2025-12-28 18:50:53,576 - rag_pipeline - INFO - [main.py:75] - ANSWER:  
Tôi không tìm thấy thông tin đủ để trả lời câu hỏi này.

GIẢI THÍCH CHI TIẾT:  
1) Bước 1: Chương trình đào tạo ngành Công nghệ thông tin không cung cấp tổng số tín chỉ cần thiết để hoàn thành chương trình.  
- Căn cứ: ""Sinh viên có thể chọn 28 tín chỉ và 6 tín chỉ luận văn tốt nghiệp"" (phần ""Kiến thức giáo dục chuyên nghiệp"")  
2) Bước 2: Các học phần được liệt kê đều chỉ nêu số tín chỉ riêng lẻ (ví dụ: 3 tín chỉ cho một học phần), nhưng không có tổng cộng các học phần bắt buộc và tự chọn.  
- Căn cứ: ""Số tín chỉ: 3"" (đối với nhiều học phần như Nhập môn ngành CNTT, Kiến trúc máy tính, v.v.)  
3) Bước 3: Không có thông tin tổng hợp về tổng tín chỉ bắt buộc và tự chọn trong chương trình.  
- Căn cứ: Không có dòng nào tổng hợp tổng số tín chỉ của toàn bộ chương trình.  

NGUỒN THAM KHẢO:  
- Header/Section: Công nghệ thông tin > III. CHƯƠNG TRÌNH CHI TIẾT > 2. Kiến thức giáo dục chuyên nghiệp: > Sinh viên có thể chọn 28 tín chỉ và 6 tín chỉ luận văn tốt nghiệp",False,"[342, 284, 320, 327, 344, 311, 329, 306, 338, 336]",10,272,0,0.0,0,0,0.0,True,False
Mã số ngành (mã ngành) của ngành Công nghệ thông tin là gì theo quy định hiện hành?,metadata,"Tôi không tìm thấy thông tin đủ để trả lời câu hỏi này.

GIẢI THÍCH CHI TIẾT:  
1) Bước 1: CONTEXT cung cấp chi tiết về các học phần, mã học phần, số tín chỉ, nội dung học phần và trình tự học phần, nhưng không có thông tin nào về ""mã số ngành"" (mã ngành) của ngành Công nghệ thông tin.  
- Căn cứ: ""Công nghệ thông tin > III. CHƯƠNG TRÌNH CHI TIẾT > 1. Kiến thức khoa học cơ bản: > 1.1 Toán và Khoa học tự nhiên > Nhập môn ngành công nghệ thông tin"" (header/section)  
2) Bước 2: Không có đoạn văn nào đề cập đến mã ngành, mã chương trình, hoặc quy định về mã số ngành theo hiện hành.  
- Căn cứ: Không có đoạn văn nào chứa thông tin về ""mã số ngành"" hoặc ""quy định hiện hành"" liên quan đến mã ngành.  

NGUỒN THAM KHẢO:  
- Header/Section: Công nghệ thông tin > III. CHƯƠNG TRÌNH CHI TIẾT > 1. Kiến thức khoa học cơ bản: > 1.1 Toán và Khoa học tự nhiên > Nhập môn ngành công nghệ thông tin
2025-12-29 09:36:26,762 - rag_pipeline - INFO - [main.py:75] - ANSWER:  
Tôi không tìm thấy thông tin đủ để trả lời câu hỏi này.

GIẢI THÍCH CHI TIẾT:  
1) Bước 1: CONTEXT cung cấp chi tiết về các học phần, mã học phần, số tín chỉ, nội dung học phần và trình tự học phần, nhưng không có thông tin nào về ""mã số ngành"" (mã ngành) của ngành Công nghệ thông tin.  
- Căn cứ: ""Công nghệ thông tin > III. CHƯƠNG TRÌNH CHI TIẾT > 1. Kiến thức khoa học cơ bản: > 1.1 Toán và Khoa học tự nhiên > Nhập môn ngành công nghệ thông tin"" (header/section)  
2) Bước 2: Không có đoạn văn nào đề cập đến mã ngành, mã chương trình, hoặc quy định về mã số ngành theo hiện hành.  
- Căn cứ: Không có đoạn văn nào chứa thông tin về ""mã số ngành"" hoặc ""quy định hiện hành"" liên quan đến mã ngành.  

NGUỒN THAM KHẢO:  
- Header/Section: Công nghệ thông tin > III. CHƯƠNG TRÌNH CHI TIẾT > 1. Kiến thức khoa học cơ bản: > 1.1 Toán và Khoa học tự nhiên > Nhập môn ngành công nghệ thông tin",False,"[284, 312, 305, 320, 311, 302, 315, 321, 368, 420]",10,272,0,0.0,0,0,0.0,True,False
"Dạ, em muốn hỏi là theo quy định thì sinh viên CNTT sẽ học mấy năm là kết thúc chương trình đào tạo ạ?",metadata,"Tôi không tìm thấy thông tin đủ để trả lời câu hỏi này.

GIẢI THÍCH CHI TIẾT:  
1) Bước 1: Context cung cấp chi tiết về các học phần, yêu cầu học tập, định hướng nghề nghiệp và điều kiện tốt nghiệp, nhưng không nêu rõ thời gian học tập (số năm) để hoàn thành chương trình đào tạo.  
- Căn cứ: ""Sinh viên được Trường xét và công nhận tốt nghiệp khi có đầy đủ các điều kiện sau"" (Điều 30. Công nhận tốt nghiệp và cấp bằng tốt nghiệp)  
2) Bước 2: Không có đoạn nào trong CONTEXT đề cập đến thời gian đào tạo (ví dụ: 4 năm, 3 năm, v.v.) cho ngành Công nghệ thông tin hoặc Mạng máy tính và Truyền thông dữ liệu.  
- Căn cứ: ""Sinh viên có thể chọn 28 tín chỉ và 6 tín chỉ luận văn tốt nghiệp"" (Công nghệ thông tin > III. CHƯƠNG TRÌNH CHI TIẾT > 2. Kiến thức giáo dục chuyên nghiệp)  
3) Bước 3: Các thông tin về học phần, nội dung, học phần học trước, hoặc chuẩn đầu ra không liên quan đến thời gian học tập cụ thể.  
- Căn cứ: ""Học phần nhằm cung cấp cho sinh viên các kiến thức về nền tảng lập trình Java"" (Lập trình Java - Mã học phần: 122036)  

NGUỒN THAM KHẢO:  
- Điều 30. Công nhận tốt nghiệp và cấp bằng tốt nghiệp  
- Công nghệ thông tin > III. CHƯƠNG TRÌNH CHI TIẾT > 2. Kiến thức giáo dục chuyên nghiệp  
- Lập trình Java - Mã học phần: 122036
2025-12-29 11:36:56,602 - rag_pipeline - INFO - [main.py:75] - ANSWER:  
Tôi không tìm thấy thông tin đủ để trả lời câu hỏi này.

GIẢI THÍCH CHI TIẾT:  
1) Bước 1: Context cung cấp chi tiết về các học phần, yêu cầu học tập, định hướng nghề nghiệp và điều kiện tốt nghiệp, nhưng không nêu rõ thời gian học tập (số năm) để hoàn thành chương trình đào tạo.  
- Căn cứ: ""Sinh viên được Trường xét và công nhận tốt nghiệp khi có đầy đủ các điều kiện sau"" (Điều 30. Công nhận tốt nghiệp và cấp bằng tốt nghiệp)  
2) Bước 2: Không có đoạn nào trong CONTEXT đề cập đến thời gian đào tạo (ví dụ: 4 năm, 3 năm, v.v.) cho ngành Công nghệ thông tin hoặc Mạng máy tính và Truyền thông dữ liệu.  
- Căn cứ: ""Sinh viên có thể chọn 28 tín chỉ và 6 tín chỉ luận văn tốt nghiệp"" (Công nghệ thông tin > III. CHƯƠNG TRÌNH CHI TIẾT > 2. Kiến thức giáo dục chuyên nghiệp)  
3) Bước 3: Các thông tin về học phần, nội dung, học phần học trước, hoặc chuẩn đầu ra không liên quan đến thời gian học tập cụ thể.  
- Căn cứ: ""Học phần nhằm cung cấp cho sinh viên các kiến thức về nền tảng lập trình Java"" (Lập trình Java - Mã học phần: 122036)  

NGUỒN THAM KHẢO:  
- Điều 30. Công nhận tốt nghiệp và cấp bằng tốt nghiệp  
- Công nghệ thông tin > III. CHƯƠNG TRÌNH CHI TIẾT > 2. Kiến thức giáo dục chuyên nghiệp  
- Lập trình Java - Mã học phần: 122036",False,"[332, 525, 10, 336, 66, 331, 276, 329, 328, 326]",10,272,0,0.0,0,0,0.0,True,False
"Cho em hỏi thời gian học chuẩn của ngành Công nghệ thông tin là bao nhiêu năm vậy ạ, để em còn tính lộ trình học tập nữa ạ.",metadata,"Tôi không tìm thấy thông tin đủ để trả lời câu hỏi này.

GIẢI THÍCH CHI TIẾT:  
1) Bước 1: Phần CONTEXT cung cấp chi tiết về các học phần, mã học phần, số tín chỉ, loại học phần (bắt buộc/tự chọn), nội dung học phần và chuẩn đầu ra, nhưng không nêu rõ thời gian học chương trình (số năm).  
- Căn cứ: ""Công nghệ thông tin > II. CHUẨN ĐẦU RA CỦA CHƯƠNG TRÌNH > 3. Đối tượng tuyển sinh: Theo Quy chế tuyển sinh đại học của Bộ Giáo dục và Đào tạo."" (đối tượng tuyển sinh, không liên quan đến thời gian học).  

2) Bước 2: Không có thông tin nào trong CONTEXT đề cập đến thời gian học (ví dụ: 4 năm, 3 năm, v.v.) hoặc lịch học kỳ, số học kỳ, hoặc tổng số học phần theo năm học.  
- Căn cứ: ""Công nghệ thông tin > III. CHƯƠNG TRÌNH CHI TIẾT > 2. Kiến thức giáo dục chuyên nghiệp: > 2.2. Kiến thức ngành: > Luật công nghệ thông tin"" (chỉ cung cấp học phần, không liên quan đến thời gian học).  

3) Bước 3: Các học phần được liệt kê theo học kỳ (ví dụ: Học kỳ 3), nhưng không có thông tin về tổng số học kỳ, lịch trình học theo năm, hoặc thời gian học tổng thể.  
- Căn cứ: ""Công nghệ thông tin > IV. CHƯƠNG TRÌNH KHUNG (KẾ HOẠCH THỰC HIỆN) > HỌC KỲ 3 > Chủ nghĩa xã hội khoa học"" (chỉ nói đến học kỳ 3, không nói đến tổng thời gian chương trình).  

NGUỒN THAM KHẢO:  
- Header/Section: Công nghệ thông tin > II. CHUẨN ĐẦU RA CỦA CHƯƠNG TRÌNH > 3. Đối tượng tuyển sinh  
- Header/Section: Công nghệ thông tin > III. CHƯƠNG TRÌNH CHI TIẾT > 2. Kiến thức giáo dục chuyên nghiệp: > 2.2. Kiến thức ngành: > Luật công nghệ thông tin  
- Header/Section: Công nghệ thông tin > IV. CHƯƠNG TRÌNH KHUNG (KẾ HOẠCH THỰC HIỆN) > HỌC KỲ 3 > Chủ nghĩa xã hội khoa học
2025-12-29 11:41:43,242 - rag_pipeline - INFO - [main.py:75] - ANSWER:  
Tôi không tìm thấy thông tin đủ để trả lời câu hỏi này.

GIẢI THÍCH CHI TIẾT:  
1) Bước 1: Phần CONTEXT cung cấp chi tiết về các học phần, mã học phần, số tín chỉ, loại học phần (bắt buộc/tự chọn), nội dung học phần và chuẩn đầu ra, nhưng không nêu rõ thời gian học chương trình (số năm).  
- Căn cứ: ""Công nghệ thông tin > II. CHUẨN ĐẦU RA CỦA CHƯƠNG TRÌNH > 3. Đối tượng tuyển sinh: Theo Quy chế tuyển sinh đại học của Bộ Giáo dục và Đào tạo."" (đối tượng tuyển sinh, không liên quan đến thời gian học).  

2) Bước 2: Không có thông tin nào trong CONTEXT đề cập đến thời gian học (ví dụ: 4 năm, 3 năm, v.v.) hoặc lịch học kỳ, số học kỳ, hoặc tổng số học phần theo năm học.  
- Căn cứ: ""Công nghệ thông tin > III. CHƯƠNG TRÌNH CHI TIẾT > 2. Kiến thức giáo dục chuyên nghiệp: > 2.2. Kiến thức ngành: > Luật công nghệ thông tin"" (chỉ cung cấp học phần, không liên quan đến thời gian học).  

3) Bước 3: Các học phần được liệt kê theo học kỳ (ví dụ: Học kỳ 3), nhưng không có thông tin về tổng số học kỳ, lịch trình học theo năm, hoặc thời gian học tổng thể.  
- Căn cứ: ""Công nghệ thông tin > IV. CHƯƠNG TRÌNH KHUNG (KẾ HOẠCH THỰC HIỆN) > HỌC KỲ 3 > Chủ nghĩa xã hội khoa học"" (chỉ nói đến học kỳ 3, không nói đến tổng thời gian chương trình).  

NGUỒN THAM KHẢO:  
- Header/Section: Công nghệ thông tin > II. CHUẨN ĐẦU RA CỦA CHƯƠNG TRÌNH > 3. Đối tượng tuyển sinh  
- Header/Section: Công nghệ thông tin > III. CHƯƠNG TRÌNH CHI TIẾT > 2. Kiến thức giáo dục chuyên nghiệp: > 2.2. Kiến thức ngành: > Luật công nghệ thông tin  
- Header/Section: Công nghệ thông tin > IV. CHƯƠNG TRÌNH KHUNG (KẾ HOẠCH THỰC HIỆN) > HỌC KỲ 3 > Chủ nghĩa xã hội khoa học",False,"[320, 289, 293, 286, 277, 281, 275, 379, 325, 318]",10,272,0,0.0,0,0,0.0,True,False
"Ad cho em xin mã ngành của Công nghệ thông tin với, em tìm để điền hồ sơ mà chưa thấy ạ.",metadata,"Tôi không tìm thấy thông tin đủ để trả lời câu hỏi này.

GIẢI THÍCH CHI TIẾT:  
1) Bước 1: CONTEXT cung cấp chi tiết về các học phần thuộc chương trình đào tạo ngành Công nghệ thông tin, bao gồm mã học phần, tín chỉ, nội dung, nhưng không có thông tin về ""mã ngành"" của ngành Công nghệ thông tin.  
- Căn cứ: ""Công nghệ thông tin > III. CHƯƠNG TRÌNH CHI TIẾT > 2. Kiến thức giáo dục chuyên nghiệp: > 2.2. Kiến thức ngành: > Luật công nghệ thông tin"" (header/section)  
2) Bước 2: Không có đoạn nào trong CONTEXT đề cập đến mã ngành (code of major) hoặc tên ngành được mã hóa cụ thể như ""684301"" hoặc tương tự.  
- Căn cứ: ""Mã học phần: 124005"" (dòng nội dung học phần)  
3) Bước 3: Do đó, không có dữ liệu nào trong CONTEXT cho phép xác định mã ngành của ngành Công nghệ thông tin.  

NGUỒN THAM KHẢO:  
- Header/Section: Công nghệ thông tin > III. CHƯƠNG TRÌNH CHI TIẾT > 2. Kiến thức giáo dục chuyên nghiệp: > 2.2. Kiến thức ngành: > Luật công nghệ thông tin  
- Header/Section: Công nghệ thông tin > III. CHƯƠNG TRÌNH CHI TIẾT > 1. Kiến thức khoa học cơ bản: > 1.1 Toán và Khoa học tự nhiên > Nhập môn ngành công nghệ thông tin
2025-12-29 11:44:09,257 - rag_pipeline - INFO - [main.py:75] - ANSWER:  
Tôi không tìm thấy thông tin đủ để trả lời câu hỏi này.

GIẢI THÍCH CHI TIẾT:  
1) Bước 1: CONTEXT cung cấp chi tiết về các học phần thuộc chương trình đào tạo ngành Công nghệ thông tin, bao gồm mã học phần, tín chỉ, nội dung, nhưng không có thông tin về ""mã ngành"" của ngành Công nghệ thông tin.  
- Căn cứ: ""Công nghệ thông tin > III. CHƯƠNG TRÌNH CHI TIẾT > 2. Kiến thức giáo dục chuyên nghiệp: > 2.2. Kiến thức ngành: > Luật công nghệ thông tin"" (header/section)  
2) Bước 2: Không có đoạn nào trong CONTEXT đề cập đến mã ngành (code of major) hoặc tên ngành được mã hóa cụ thể như ""684301"" hoặc tương tự.  
- Căn cứ: ""Mã học phần: 124005"" (dòng nội dung học phần)  
3) Bước 3: Do đó, không có dữ liệu nào trong CONTEXT cho phép xác định mã ngành của ngành Công nghệ thông tin.  

NGUỒN THAM KHẢO:  
- Header/Section: Công nghệ thông tin > III. CHƯƠNG TRÌNH CHI TIẾT > 2. Kiến thức giáo dục chuyên nghiệp: > 2.2. Kiến thức ngành: > Luật công nghệ thông tin  
- Header/Section: Công nghệ thông tin > III. CHƯƠNG TRÌNH CHI TIẾT > 1. Kiến thức khoa học cơ bản: > 1.1 Toán và Khoa học tự nhiên > Nhập môn ngành công nghệ thông tin",False,"[320, 284, 319, 312, 311, 321, 304, 315, 293, 420]",10,272,0,0.0,0,0,0.0,True,False
"Ad ơi, cho em hỏi là ngành CNTT bên mình thường thì học mấy năm là ra trường vậy ạ?",metadata,"Ngành CNTT thường học 4 năm để ra trường.  

GIẢI THÍCH CHI TIẾT:  
1) Bước 1: Chương trình đào tạo ngành Công nghệ thông tin được cấu trúc theo các học kỳ cụ thể, bao gồm học kỳ 1 đến học kỳ 8, điều này cho thấy tổng cộng 8 học kỳ.  
- Căn cứ: ""Mạng máy tính và truyền thông dữ liệu > IV. KẾ HOẠCH HỌC TẬP > Học kỳ 8 > Luận văn tốt nghiệp"" (phần IV. KẾ HOẠCH HỌC TẬP)  

2) Bước 2: Trong hệ thống giáo dục đại học Việt Nam, mỗi học kỳ thường tương ứng với một học năm, và 8 học kỳ thường được chia thành 4 năm học.  
- Căn cứ: ""Học kỳ 1 > Quản trị doanh nghiệp CNTT"", ""Học kỳ 2 > Quản trị doanh nghiệp CNTT"", ""Học kỳ 6 > Học phần tự chọn > Quản trị dự án CNTT"", ""Học kỳ 7 > Học phần tự chọn (chọn tối thiểu 12 tín chỉ)"", ""Học kỳ 8 > Luận văn tốt nghiệp"" (phần IV. KẾ HOẠCH HỌC TẬP)  

3) Bước 3: Các học phần bắt buộc như ""Nhập môn ngành CNTT"" (học kỳ 1), ""Quản trị doanh nghiệp CNTT"" (học kỳ 1 và 2) được phân bố đều trong 2 học kỳ đầu, cho thấy cấu trúc học phần theo năm học.  
- Căn cứ: ""Công nghệ thông tin > IV. CHƯƠNG TRÌNH KHUNG (KẾ HOẠCH THỰC HIỆN) > HỌC KỲ 1 > Nhập môn ngành CNTT"", ""Công nghệ thông tin > IV. CHƯƠNG TRÌNH KHUNG > HỌC KỲ 2 > Quản trị doanh nghiệp CNTT""  

NGUỒN THAM KHẢO:  
- Header/Section: IV. KẾ HOẠCH HỌC TẬP  
- Header/Section: CHƯƠNG TRÌNH KHUNG (KẾ HOẠCH THỰC HIỆN)
2025-12-29 13:27:03,325 - rag_pipeline - INFO - [main.py:75] - ANSWER:  
Ngành CNTT thường học 4 năm để ra trường.  

GIẢI THÍCH CHI TIẾT:  
1) Bước 1: Chương trình đào tạo ngành Công nghệ thông tin được cấu trúc theo các học kỳ cụ thể, bao gồm học kỳ 1 đến học kỳ 8, điều này cho thấy tổng cộng 8 học kỳ.  
- Căn cứ: ""Mạng máy tính và truyền thông dữ liệu > IV. KẾ HOẠCH HỌC TẬP > Học kỳ 8 > Luận văn tốt nghiệp"" (phần IV. KẾ HOẠCH HỌC TẬP)  

2) Bước 2: Trong hệ thống giáo dục đại học Việt Nam, mỗi học kỳ thường tương ứng với một học năm, và 8 học kỳ thường được chia thành 4 năm học.  
- Căn cứ: ""Học kỳ 1 > Quản trị doanh nghiệp CNTT"", ""Học kỳ 2 > Quản trị doanh nghiệp CNTT"", ""Học kỳ 6 > Học phần tự chọn > Quản trị dự án CNTT"", ""Học kỳ 7 > Học phần tự chọn (chọn tối thiểu 12 tín chỉ)"", ""Học kỳ 8 > Luận văn tốt nghiệp"" (phần IV. KẾ HOẠCH HỌC TẬP)  

3) Bước 3: Các học phần bắt buộc như ""Nhập môn ngành CNTT"" (học kỳ 1), ""Quản trị doanh nghiệp CNTT"" (học kỳ 1 và 2) được phân bố đều trong 2 học kỳ đầu, cho thấy cấu trúc học phần theo năm học.  
- Căn cứ: ""Công nghệ thông tin > IV. CHƯƠNG TRÌNH KHUNG (KẾ HOẠCH THỰC HIỆN) > HỌC KỲ 1 > Nhập môn ngành CNTT"", ""Công nghệ thông tin > IV. CHƯƠNG TRÌNH KHUNG > HỌC KỲ 2 > Quản trị doanh nghiệp CNTT""  

NGUỒN THAM KHẢO:  
- Header/Section: IV. KẾ HOẠCH HỌC TẬP  
- Header/Section: CHƯƠNG TRÌNH KHUNG (KẾ HOẠCH THỰC HIỆN)",True,"[297, 241, 197, 102, 320, 151, 156, 368, 166, 377]",10,272,0,0.0,0,0,0.0,True,False
Anh/chị cho em check lại xíu là thời gian đào tạo chuẩn của ngành IT là 4 năm hay 4 năm rưỡi thế ạ?,metadata,"Thời gian đào tạo chuẩn của ngành IT là 4 năm.  

GIẢI THÍCH CHI TIẾT:  
1) Bước 1: Trong phần ""Mạng máy tính và truyền thông dữ liệu > I. GIỚI THIỆU CHƯƠNG TRÌNH > 1. Giới thiệu chung > Thời gian đào tạo:"", ghi rõ ""4 năm"".  
- Căn cứ: ""4 năm"" (vị trí: Mạng máy tính và truyền thông dữ liệu > I. GIỚI THIỆU CHƯƠNG TRÌNH > 1. Giới thiệu chung > Thời gian đào tạo)  

2) Bước 2: Trong phần ""Qui_dinh > Điều 2. Chương trình đào tạo và thời gian học tập"", quy định thời gian hoàn thành khóa học là 04 năm, và sinh viên có thể học vượt nhưng không ít hơn 03 năm.  
- Căn cứ: ""Thời gian hoàn thành khóa học của kế hoạch học tập chuẩn trong chương trình đào tạo là 04 năm"" (vị trí: Qui_dinh > Điều 2. Chương trình đào tạo và thời gian học tập)  

3) Bước 3: Không có thông tin nào trong CONTEXT nói về thời gian đào tạo là 4 năm rưỡi hoặc bất kỳ thời gian khác. Không có trích dẫn nào hỗ trợ việc thời gian đào tạo là 4 năm rưỡi.  
- Căn cứ: Không có đoạn văn nào nói đến 4 năm rưỡi (vị trí: không có)  

NGUỒN THAM KHẢO:  
- Mạng máy tính và truyền thông dữ liệu > I. GIỚI THIỆU CHƯƠNG TRÌNH > 1. Giới thiệu chung > Thời gian đào tạo  
- Qui_dinh > Điều 2. Chương trình đào tạo và thời gian học tập
2025-12-29 13:31:53,211 - rag_pipeline - INFO - [main.py:75] - ANSWER:  
Thời gian đào tạo chuẩn của ngành IT là 4 năm.  

GIẢI THÍCH CHI TIẾT:  
1) Bước 1: Trong phần ""Mạng máy tính và truyền thông dữ liệu > I. GIỚI THIỆU CHƯƠNG TRÌNH > 1. Giới thiệu chung > Thời gian đào tạo:"", ghi rõ ""4 năm"".  
- Căn cứ: ""4 năm"" (vị trí: Mạng máy tính và truyền thông dữ liệu > I. GIỚI THIỆU CHƯƠNG TRÌNH > 1. Giới thiệu chung > Thời gian đào tạo)  

2) Bước 2: Trong phần ""Qui_dinh > Điều 2. Chương trình đào tạo và thời gian học tập"", quy định thời gian hoàn thành khóa học là 04 năm, và sinh viên có thể học vượt nhưng không ít hơn 03 năm.  
- Căn cứ: ""Thời gian hoàn thành khóa học của kế hoạch học tập chuẩn trong chương trình đào tạo là 04 năm"" (vị trí: Qui_dinh > Điều 2. Chương trình đào tạo và thời gian học tập)  

3) Bước 3: Không có thông tin nào trong CONTEXT nói về thời gian đào tạo là 4 năm rưỡi hoặc bất kỳ thời gian khác. Không có trích dẫn nào hỗ trợ việc thời gian đào tạo là 4 năm rưỡi.  
- Căn cứ: Không có đoạn văn nào nói đến 4 năm rưỡi (vị trí: không có)  

NGUỒN THAM KHẢO:  
- Mạng máy tính và truyền thông dữ liệu > I. GIỚI THIỆU CHƯƠNG TRÌNH > 1. Giới thiệu chung > Thời gian đào tạo  
- Qui_dinh > Điều 2. Chương trình đào tạo và thời gian học tập",True,"[458, 6, 197, 439, 3, 5, 436, 391, 122, 133]",10,458,1,1.0,1,1,1.0,True,True
Mọi người cho mình hỏi ngành Công nghệ thông tin thì học trong bao lâu là xong chương trình nhỉ?,metadata,"Chương trình ngành Công nghệ thông tin thường kéo dài 4 năm để hoàn thành.  

GIẢI THÍCH CHI TIẾT:  
1) Bước 1: Chương trình đào tạo ngành Công nghệ thông tin được chia thành các học phần theo học kỳ, bao gồm cả học phần bắt buộc và tự chọn, được phân bố trong các học kỳ từ 1 đến 7.  
- Căn cứ: ""Công nghệ thông tin > IV. CHƯƠNG TRÌNH KHUNG (KẾ HOẠCH THỰC HIỆN) > HỌC KỲ 7 > Thực tập tốt nghiệp"" (học kỳ 7)  
2) Bước 2: Các học phần được phân bổ theo học kỳ cụ thể (học kỳ 1, 4, 5, 7), cho thấy lộ trình học tập kéo dài qua nhiều năm học, thường là 4 năm học chính quy.  
- Căn cứ: ""Học phần học trước: Tất cả các học phần bắt buộc"" (học kỳ 7)  
3) Bước 3: Không có thông tin cụ thể về thời gian học trong CONTEXT, nhưng cấu trúc chương trình (học kỳ 1 đến 7) và phân bổ học phần theo từng học kỳ cho thấy thời gian học dài hơn 3 năm, phù hợp với chương trình 4 năm.  
- Căn cứ: ""Công nghệ thông tin > III. CHƯƠNG TRÌNH CHI TIẾT > 2. Kiến thức giáo dục chuyên nghiệp: > 2.2. Kiến thức ngành"" (các học phần chuyên ngành)  

NGUỒN THAM KHẢO:  
- Header/Section: Công nghệ thông tin > IV. CHƯƠNG TRÌNH KHUNG (KẾ HOẠCH THỰC HIỆN) > HỌC KỲ 7 > Thực tập tốt nghiệp  
- Header/Section: Công nghệ thông tin > III. CHƯƠNG TRÌNH CHI TIẾT > 2. Kiến thức giáo dục chuyên nghiệp: > 2.2. Kiến thức ngành
2025-12-29 13:34:43,847 - rag_pipeline - INFO - [main.py:75] - ANSWER:  
Chương trình ngành Công nghệ thông tin thường kéo dài 4 năm để hoàn thành.  

GIẢI THÍCH CHI TIẾT:  
1) Bước 1: Chương trình đào tạo ngành Công nghệ thông tin được chia thành các học phần theo học kỳ, bao gồm cả học phần bắt buộc và tự chọn, được phân bố trong các học kỳ từ 1 đến 7.  
- Căn cứ: ""Công nghệ thông tin > IV. CHƯƠNG TRÌNH KHUNG (KẾ HOẠCH THỰC HIỆN) > HỌC KỲ 7 > Thực tập tốt nghiệp"" (học kỳ 7)  
2) Bước 2: Các học phần được phân bổ theo học kỳ cụ thể (học kỳ 1, 4, 5, 7), cho thấy lộ trình học tập kéo dài qua nhiều năm học, thường là 4 năm học chính quy.  
- Căn cứ: ""Học phần học trước: Tất cả các học phần bắt buộc"" (học kỳ 7)  
3) Bước 3: Không có thông tin cụ thể về thời gian học trong CONTEXT, nhưng cấu trúc chương trình (học kỳ 1 đến 7) và phân bổ học phần theo từng học kỳ cho thấy thời gian học dài hơn 3 năm, phù hợp với chương trình 4 năm.  
- Căn cứ: ""Công nghệ thông tin > III. CHƯƠNG TRÌNH CHI TIẾT > 2. Kiến thức giáo dục chuyên nghiệp: > 2.2. Kiến thức ngành"" (các học phần chuyên ngành)  

NGUỒN THAM KHẢO:  
- Header/Section: Công nghệ thông tin > IV. CHƯƠNG TRÌNH KHUNG (KẾ HOẠCH THỰC HIỆN) > HỌC KỲ 7 > Thực tập tốt nghiệp  
- Header/Section: Công nghệ thông tin > III. CHƯƠNG TRÌNH CHI TIẾT > 2. Kiến thức giáo dục chuyên nghiệp: > 2.2. Kiến thức ngành",True,"[320, 284, 311, 415, 420, 387, 368, 318, 403, 325]",10,272,0,0.0,0,0,0.0,True,False
